path,name,msa_num_seqs,iptms,ptms,best_model,iptm_best_model,ptm_best_model,num_seeds,num_protein_chains,num_proteins
/home/prichter/Documents/banfield/betazoid/data/genes/colabfold/bz_0/orfm.bz_0.1_5,orfm.bz_0.1_5,2,"[None, None, None, None, None]","[0.54, 0.54, 0.52, 0.47, 0.5]",model_1_seed_000,,0.54,1,1,1
/home/prichter/Documents/banfield/betazoid/data/genes/colabfold/bz_0/orfm.bz_0.1_6,orfm.bz_0.1_6,2,"[None, None, None, None, None]","[0.32, 0.25, 0.27, 0.31, 0.27]",model_1_seed_000,,0.32,1,1,1
/home/prichter/Documents/banfield/betazoid/data/genes/colabfold/bz_0/orfm.bz_0.1_7,orfm.bz_0.1_7,164,"[None, None, None, None, None]","[0.46, 0.43, 0.44, 0.42, 0.47]",model_1_seed_000,,0.47,1,1,1
/home/prichter/Documents/banfield/betazoid/data/genes/colabfold/bz_0/orfm.bz_0.1_8,orfm.bz_0.1_8,2,"[None, None, None, None, None]","[0.33, 0.26, 0.3, 0.36, 0.28]",model_5_seed_000,,0.36,1,1,1
/home/prichter/Documents/banfield/betazoid/data/genes/colabfold/bz_0/orfm.bz_0.1_9,orfm.bz_0.1_9,2,"[None, None, None, None, None]","[0.48, 0.48, 0.49, 0.47, 0.5]",model_5_seed_000,,0.5,1,1,1
/home/prichter/Documents/banfield/betazoid/data/genes/colabfold/bz_0/orfm.bz_0.1_10,orfm.bz_0.1_10,2,"[None, None, None, None, None]","[0.35, 0.29, 0.34, 0.29, 0.37]",model_5_seed_000,,0.34,1,1,1
/home/prichter/Documents/banfield/betazoid/data/genes/colabfold/bz_0/orfm.bz_0.1_12,orfm.bz_0.1_12,2,"[None, None, None, None, None]","[0.13, 0.09, 0.09, 0.11, 0.1]",model_5_seed_000,,0.13,1,1,1
/home/prichter/Documents/banfield/betazoid/data/genes/colabfold/bz_0/orfm.bz_0.1_13,orfm.bz_0.1_13,2,"[None, None, None, None, None]","[0.3, 0.36, 0.37, 0.34, 0.32]",model_4_seed_000,,0.37,1,1,1
/home/prichter/Documents/banfield/betazoid/data/genes/colabfold/bz_0/orfm.bz_0.1_14,orfm.bz_0.1_14,2,"[None, None, None, None, None]","[0.18, 0.1, 0.19, 0.13, 0.14]",model_4_seed_000,,0.19,1,1,1
/home/prichter/Documents/banfield/betazoid/data/genes/colabfold/bz_0/orfm.bz_0.1_15,orfm.bz_0.1_15,2770,"[None, None, None, None, None]","[0.62, 0.62, 0.63, 0.63, 0.61]",model_5_seed_000,,0.63,1,1,1
/home/prichter/Documents/banfield/betazoid/data/genes/colabfold/bz_0/orfm.bz_0.1_16,orfm.bz_0.1_16,2,"[None, None, None, None, None]","[0.23, 0.25, 0.26, 0.28, 0.32]",model_1_seed_000,,0.32,1,1,1
/home/prichter/Documents/banfield/betazoid/data/genes/colabfold/bz_0/orfm.bz_0.1_17,orfm.bz_0.1_17,2,"[None, None, None, None, None]","[0.36, 0.37, 0.36, 0.35, 0.35]",model_5_seed_000,,0.37,1,1,1
/home/prichter/Documents/banfield/betazoid/data/genes/colabfold/bz_0/orfm.bz_0.1_18,orfm.bz_0.1_18,2,"[None, None, None, None, None]","[0.04, 0.04, 0.04, 0.04, 0.04]",model_5_seed_000,,0.04,1,1,1
/home/prichter/Documents/banfield/betazoid/data/genes/colabfold/bz_0/orfm.bz_0.1_20,orfm.bz_0.1_20,2,"[None, None, None, None, None]","[0.45, 0.39, 0.44, 0.41, 0.41]",model_5_seed_000,,0.44,1,1,1
/home/prichter/Documents/banfield/betazoid/data/genes/colabfold/bz_0/orfm.bz_0.1_21,orfm.bz_0.1_21,8,"[None, None, None, None, None]","[0.19, 0.19, 0.17, 0.19, 0.17]",model_1_seed_000,,0.19,1,1,1
/home/prichter/Documents/banfield/betazoid/data/genes/colabfold/bz_0/orfm.bz_0.1_23,orfm.bz_0.1_23,2,"[None, None, None, None, None]","[0.47, 0.38, 0.41, 0.38, 0.37]",model_1_seed_000,,0.47,1,1,1
/home/prichter/Documents/banfield/betazoid/data/genes/colabfold/bz_0/orfm.bz_0.1_24,orfm.bz_0.1_24,2,"[None, None, None, None, None]","[0.26, 0.23, 0.24, 0.25, 0.23]",model_5_seed_000,,0.25,1,1,1
/home/prichter/Documents/banfield/betazoid/data/genes/colabfold/bz_0/orfm.bz_0.1_25,orfm.bz_0.1_25,2,"[None, None, None, None, None]","[0.25, 0.36, 0.5, 0.58, 0.27]",model_5_seed_000,,0.58,1,1,1
/home/prichter/Documents/banfield/betazoid/data/genes/colabfold/bz_0/orfm.bz_0.1_26,orfm.bz_0.1_26,2,"[None, None, None, None, None]","[0.04, 0.04, 0.04, 0.04, 0.04]",model_5_seed_000,,0.04,1,1,1
/home/prichter/Documents/banfield/betazoid/data/genes/colabfold/bz_0/orfm.bz_0.1_27,orfm.bz_0.1_27,2,"[None, None, None, None, None]","[0.48, 0.35, 0.5, 0.39, 0.5]",model_5_seed_000,,0.5,1,1,1
/home/prichter/Documents/banfield/betazoid/data/genes/colabfold/bz_0/orfm.bz_0.1_28,orfm.bz_0.1_28,2,"[None, None, None, None, None]","[0.33, 0.32, 0.28, 0.36, 0.36]",model_4_seed_000,,0.36,1,1,1
/home/prichter/Documents/banfield/betazoid/data/genes/colabfold/bz_0/orfm.bz_0.1_29,orfm.bz_0.1_29,2,"[None, None, None, None, None]","[0.38, 0.44, 0.43, 0.4, 0.42]",model_5_seed_000,,0.43,1,1,1
/home/prichter/Documents/banfield/betazoid/data/genes/colabfold/bz_0/orfm.bz_0.1_30,orfm.bz_0.1_30,2,"[None, None, None, None, None]","[0.04, 0.05, 0.05, 0.05, 0.05]",model_5_seed_000,,0.05,1,1,1
/home/prichter/Documents/banfield/betazoid/data/genes/colabfold/bz_0/orfm.bz_0.1_31,orfm.bz_0.1_31,2,"[None, None, None, None, None]","[0.4, 0.43, 0.41, 0.43, 0.4]",model_3_seed_000,,0.41,1,1,1
/home/prichter/Documents/banfield/betazoid/data/genes/colabfold/bz_0/orfm.bz_0.1_32,orfm.bz_0.1_32,2,"[None, None, None, None, None]","[0.05, 0.05, 0.05, 0.05, 0.05]",model_5_seed_000,,0.05,1,1,1
/home/prichter/Documents/banfield/betazoid/data/genes/colabfold/bz_0/orfm.bz_0.1_33,orfm.bz_0.1_33,2,"[None, None, None, None, None]","[0.3, 0.36, 0.32, 0.26, 0.33]",model_1_seed_000,,0.36,1,1,1
/home/prichter/Documents/banfield/betazoid/data/genes/colabfold/bz_0/orfm.bz_0.1_34,orfm.bz_0.1_34,2,"[None, None, None, None, None]","[0.05, 0.05, 0.05, 0.05, 0.05]",model_5_seed_000,,0.05,1,1,1
/home/prichter/Documents/banfield/betazoid/data/genes/colabfold/bz_0/orfm.bz_0.1_35,orfm.bz_0.1_35,2,"[None, None, None, None, None]","[0.48, 0.44, 0.5, 0.49, 0.5]",model_4_seed_000,,0.49,1,1,1
/home/prichter/Documents/banfield/betazoid/data/genes/colabfold/bz_0/orfm.bz_0.1_36,orfm.bz_0.1_36,2,"[None, None, None, None, None]","[0.15, 0.23, 0.18, 0.15, 0.25]",model_1_seed_000,,0.25,1,1,1
/home/prichter/Documents/banfield/betazoid/data/genes/colabfold/bz_0/orfm.bz_0.1_39,orfm.bz_0.1_39,2,"[None, None, None, None, None]","[0.42, 0.46, 0.34, 0.36, 0.49]",model_1_seed_000,,0.49,1,1,1
/home/prichter/Documents/banfield/betazoid/data/genes/colabfold/bz_0/orfm.bz_0.1_40,orfm.bz_0.1_40,2,"[None, None, None, None, None]","[0.26, 0.3, 0.28, 0.25, 0.23]",model_4_seed_000,,0.3,1,1,1
/home/prichter/Documents/banfield/betazoid/data/genes/colabfold/bz_0/orfm.bz_0.1_41,orfm.bz_0.1_41,2,"[None, None, None, None, None]","[0.41, 0.45, 0.39, 0.37, 0.43]",model_1_seed_000,,0.43,1,1,1
/home/prichter/Documents/banfield/betazoid/data/genes/colabfold/bz_0/orfm.bz_0.1_42,orfm.bz_0.1_42,2,"[None, None, None, None, None]","[0.38, 0.39, 0.38, 0.38, 0.36]",model_3_seed_000,,0.38,1,1,1
/home/prichter/Documents/banfield/betazoid/data/genes/colabfold/bz_0/orfm.bz_0.1_45,orfm.bz_0.1_45,2,"[None, None, None, None, None]","[0.45, 0.42, 0.42, 0.39, 0.35]",model_5_seed_000,,0.42,1,1,1
/home/prichter/Documents/banfield/betazoid/data/genes/colabfold/bz_0/orfm.bz_0.1_46,orfm.bz_0.1_46,2,"[None, None, None, None, None]","[0.46, 0.4, 0.49, 0.51, 0.52]",model_1_seed_000,,0.51,1,1,1
/home/prichter/Documents/banfield/betazoid/data/genes/colabfold/bz_0/orfm.bz_0.1_49,orfm.bz_0.1_49,2,"[None, None, None, None, None]","[0.35, 0.38, 0.28, 0.28, 0.29]",model_2_seed_000,,0.38,1,1,1
/home/prichter/Documents/banfield/betazoid/data/genes/colabfold/bz_0/orfm.bz_0.1_50,orfm.bz_0.1_50,2,"[None, None, None, None, None]","[0.26, 0.33, 0.25, 0.16, 0.14]",model_1_seed_000,,0.33,1,1,1
/home/prichter/Documents/banfield/betazoid/data/genes/colabfold/bz_0/orfm.bz_0.1_52,orfm.bz_0.1_52,2,"[None, None, None, None, None]","[0.16, 0.26, 0.17, 0.29, 0.24]",model_4_seed_000,,0.29,1,1,1
/home/prichter/Documents/banfield/betazoid/data/genes/colabfold/bz_0/orfm.bz_0.1_54,orfm.bz_0.1_54,2,"[None, None, None, None, None]","[0.25, 0.28, 0.5, 0.26, 0.28]",model_1_seed_000,,0.5,1,1,1
/home/prichter/Documents/banfield/betazoid/data/genes/colabfold/bz_0/orfm.bz_0.1_55,orfm.bz_0.1_55,2,"[None, None, None, None, None]","[0.28, 0.2, 0.32, 0.27, 0.27]",model_1_seed_000,,0.32,1,1,1
/home/prichter/Documents/banfield/betazoid/data/genes/colabfold/bz_0/orfm.bz_0.1_56,orfm.bz_0.1_56,2,"[None, None, None, None, None]","[0.44, 0.41, 0.38, 0.45, 0.38]",model_5_seed_000,,0.45,1,1,1
/home/prichter/Documents/banfield/betazoid/data/genes/colabfold/bz_0/orfm.bz_0.1_57,orfm.bz_0.1_57,2,"[None, None, None, None, None]","[0.39, 0.13, 0.44, 0.13, 0.12]",model_3_seed_000,,0.44,1,1,1
/home/prichter/Documents/banfield/betazoid/data/genes/colabfold/bz_0/orfm.bz_0.1_58,orfm.bz_0.1_58,2,"[None, None, None, None, None]","[0.42, 0.37, 0.38, 0.41, 0.43]",model_4_seed_000,,0.43,1,1,1
/home/prichter/Documents/banfield/betazoid/data/genes/colabfold/bz_0/orfm.bz_0.1_59,orfm.bz_0.1_59,2,"[None, None, None, None, None]","[0.37, 0.37, 0.38, 0.41, 0.37]",model_3_seed_000,,0.38,1,1,1
/home/prichter/Documents/banfield/betazoid/data/genes/colabfold/bz_0/orfm.bz_0.1_61,orfm.bz_0.1_61,2,"[None, None, None, None, None]","[0.33, 0.36, 0.35, 0.31, 0.33]",model_3_seed_000,,0.33,1,1,1
/home/prichter/Documents/banfield/betazoid/data/genes/colabfold/bz_0/orfm.bz_0.1_62,orfm.bz_0.1_62,2,"[None, None, None, None, None]","[0.27, 0.28, 0.27, 0.28, 0.28]",model_3_seed_000,,0.27,1,1,1
/home/prichter/Documents/banfield/betazoid/data/genes/colabfold/bz_0/orfm.bz_0.1_63,orfm.bz_0.1_63,2,"[None, None, None, None, None]","[0.32, 0.53, 0.64, 0.32, 0.56]",model_4_seed_000,,0.64,1,1,1
/home/prichter/Documents/banfield/betazoid/data/genes/colabfold/bz_0/orfm.bz_0.1_64,orfm.bz_0.1_64,2,"[None, None, None, None, None]","[0.4, 0.42, 0.41, 0.4, 0.41]",model_3_seed_000,,0.4,1,1,1
/home/prichter/Documents/banfield/betazoid/data/genes/colabfold/bz_0/orfm.bz_0.1_65,orfm.bz_0.1_65,2,"[None, None, None, None, None]","[0.42, 0.41, 0.46, 0.5, 0.44]",model_1_seed_000,,0.5,1,1,1
/home/prichter/Documents/banfield/betazoid/data/genes/colabfold/bz_0/orfm.bz_0.1_66,orfm.bz_0.1_66,2,"[None, None, None, None, None]","[0.36, 0.32, 0.36, 0.36, 0.37]",model_3_seed_000,,0.37,1,1,1
/home/prichter/Documents/banfield/betazoid/data/genes/colabfold/bz_0/orfm.bz_0.1_68,orfm.bz_0.1_68,2,"[None, None, None, None, None]","[0.46, 0.45, 0.45, 0.44, 0.46]",model_3_seed_000,,0.46,1,1,1
/home/prichter/Documents/banfield/betazoid/data/genes/colabfold/bz_0/orfm.bz_0.1_69,orfm.bz_0.1_69,2,"[None, None, None, None, None]","[0.26, 0.31, 0.29, 0.35, 0.36]",model_1_seed_000,,0.36,1,1,1
/home/prichter/Documents/banfield/betazoid/data/genes/colabfold/bz_0/orfm.bz_0.1_70,orfm.bz_0.1_70,117,"[None, None, None, None, None]","[0.77, 0.76, 0.72, 0.77, 0.74]",model_5_seed_000,,0.76,1,1,1
/home/prichter/Documents/banfield/betazoid/data/genes/colabfold/bz_0/orfm.bz_0.1_73,orfm.bz_0.1_73,2,"[None, None, None, None, None]","[0.52, 0.51, 0.46, 0.42, 0.49]",model_1_seed_000,,0.51,1,1,1
/home/prichter/Documents/banfield/betazoid/data/genes/colabfold/bz_0/orfm.bz_0.1_74,orfm.bz_0.1_74,2,"[None, None, None, None, None]","[0.36, 0.32, 0.37, 0.36, 0.34]",model_5_seed_000,,0.37,1,1,1
/home/prichter/Documents/banfield/betazoid/data/genes/colabfold/bz_0/orfm.bz_0.1_75,orfm.bz_0.1_75,2,"[None, None, None, None, None]","[0.09, 0.12, 0.08, 0.09, 0.08]",model_3_seed_000,,0.08,1,1,1
/home/prichter/Documents/banfield/betazoid/data/genes/colabfold/bz_0/orfm.bz_0.1_76,orfm.bz_0.1_76,2,"[None, None, None, None, None]","[0.27, 0.26, 0.27, 0.43, 0.26]",model_2_seed_000,,0.43,1,1,1
/home/prichter/Documents/banfield/betazoid/data/genes/colabfold/bz_0/orfm.bz_0.1_77,orfm.bz_0.1_77,2,"[None, None, None, None, None]","[0.4, 0.43, 0.41, 0.43, 0.38]",model_1_seed_000,,0.41,1,1,1
/home/prichter/Documents/banfield/betazoid/data/genes/colabfold/bz_0/orfm.bz_0.1_79,orfm.bz_0.1_79,2,"[None, None, None, None, None]","[0.45, 0.51, 0.54, 0.49, 0.44]",model_1_seed_000,,0.54,1,1,1
/home/prichter/Documents/banfield/betazoid/data/genes/colabfold/bz_0/orfm.bz_0.1_80,orfm.bz_0.1_80,2,"[None, None, None, None, None]","[0.54, 0.49, 0.52, 0.52, 0.53]",model_3_seed_000,,0.54,1,1,1
/home/prichter/Documents/banfield/betazoid/data/genes/colabfold/bz_0/orfm.bz_0.1_81,orfm.bz_0.1_81,2,"[None, None, None, None, None]","[0.23, 0.22, 0.21, 0.21, 0.2]",model_5_seed_000,,0.23,1,1,1
/home/prichter/Documents/banfield/betazoid/data/genes/colabfold/bz_0/orfm.bz_0.1_82,orfm.bz_0.1_82,2,"[None, None, None, None, None]","[0.2, 0.24, 0.2, 0.26, 0.2]",model_3_seed_000,,0.26,1,1,1
/home/prichter/Documents/banfield/betazoid/data/genes/colabfold/bz_0/orfm.bz_0.1_83,orfm.bz_0.1_83,2,"[None, None, None, None, None]","[0.46, 0.45, 0.43, 0.48, 0.44]",model_5_seed_000,,0.45,1,1,1
/home/prichter/Documents/banfield/betazoid/data/genes/colabfold/bz_0/orfm.bz_0.1_85,orfm.bz_0.1_85,2,"[None, None, None, None, None]","[0.03, 0.03, 0.03, 0.03, 0.03]",model_5_seed_000,,0.03,1,1,1
/home/prichter/Documents/banfield/betazoid/data/genes/colabfold/bz_0/orfm.bz_0.1_86,orfm.bz_0.1_86,2,"[None, None, None, None, None]","[0.37, 0.37, 0.37, 0.42, 0.42]",model_3_seed_000,,0.42,1,1,1
/home/prichter/Documents/banfield/betazoid/data/genes/colabfold/bz_0/orfm.bz_0.1_87,orfm.bz_0.1_87,2,"[None, None, None, None, None]","[0.5, 0.56, 0.55, 0.56, 0.55]",model_3_seed_000,,0.56,1,1,1
/home/prichter/Documents/banfield/betazoid/data/genes/colabfold/bz_0/orfm.bz_0.1_88,orfm.bz_0.1_88,2,"[None, None, None, None, None]","[0.45, 0.42, 0.44, 0.4, 0.45]",model_5_seed_000,,0.44,1,1,1
/home/prichter/Documents/banfield/betazoid/data/genes/colabfold/bz_0/orfm.bz_0.1_89,orfm.bz_0.1_89,2,"[None, None, None, None, None]","[0.25, 0.23, 0.24, 0.26, 0.24]",model_4_seed_000,,0.24,1,1,1
/home/prichter/Documents/banfield/betazoid/data/genes/colabfold/bz_0/orfm.bz_0.1_91,orfm.bz_0.1_91,2,"[None, None, None, None, None]","[0.47, 0.52, 0.53, 0.52, 0.55]",model_4_seed_000,,0.52,1,1,1
/home/prichter/Documents/banfield/betazoid/data/genes/colabfold/bz_0/orfm.bz_0.1_97,orfm.bz_0.1_97,2,"[None, None, None, None, None]","[0.37, 0.37, 0.35, 0.37, 0.38]",model_3_seed_000,,0.35,1,1,1
/home/prichter/Documents/banfield/betazoid/data/genes/colabfold/bz_0/orfm.bz_0.1_98,orfm.bz_0.1_98,1778,"[None, None, None, None, None]","[0.9, 0.9, 0.89, 0.9, 0.9]",model_3_seed_000,,0.9,1,1,1
/home/prichter/Documents/banfield/betazoid/data/genes/colabfold/bz_0/orfm.bz_0.1_100,orfm.bz_0.1_100,2,"[None, None, None, None, None]","[0.4, 0.4, 0.35, 0.38, 0.39]",model_4_seed_000,,0.38,1,1,1
/home/prichter/Documents/banfield/betazoid/data/genes/colabfold/bz_0/orfm.bz_0.1_101,orfm.bz_0.1_101,261,"[None, None, None, None, None]","[0.66, 0.62, 0.63, 0.65, 0.67]",model_3_seed_000,,0.67,1,1,1
/home/prichter/Documents/banfield/betazoid/data/genes/colabfold/bz_0/orfm.bz_0.1_102,orfm.bz_0.1_102,2,"[None, None, None, None, None]","[0.47, 0.45, 0.45, 0.45, 0.47]",model_4_seed_000,,0.45,1,1,1
/home/prichter/Documents/banfield/betazoid/data/genes/colabfold/bz_0/orfm.bz_0.1_103,orfm.bz_0.1_103,2,"[None, None, None, None, None]","[0.32, 0.42, 0.39, 0.41, 0.35]",model_3_seed_000,,0.42,1,1,1
/home/prichter/Documents/banfield/betazoid/data/genes/colabfold/bz_0/orfm.bz_0.1_105,orfm.bz_0.1_105,2,"[None, None, None, None, None]","[0.29, 0.31, 0.3, 0.29, 0.32]",model_3_seed_000,,0.29,1,1,1
/home/prichter/Documents/banfield/betazoid/data/genes/colabfold/bz_0/orfm.bz_0.1_106,orfm.bz_0.1_106,2,"[None, None, None, None, None]","[0.19, 0.22, 0.19, 0.24, 0.14]",model_1_seed_000,,0.24,1,1,1
/home/prichter/Documents/banfield/betazoid/data/genes/colabfold/bz_0/orfm.bz_0.1_107,orfm.bz_0.1_107,2,"[None, None, None, None, None]","[0.27, 0.27, 0.29, 0.32, 0.28]",model_5_seed_000,,0.32,1,1,1
/home/prichter/Documents/banfield/betazoid/data/genes/colabfold/bz_0/orfm.bz_0.1_108,orfm.bz_0.1_108,2,"[None, None, None, None, None]","[0.04, 0.04, 0.03, 0.04, 0.03]",model_5_seed_000,,0.04,1,1,1
/home/prichter/Documents/banfield/betazoid/data/genes/colabfold/bz_0/orfm.bz_0.1_109,orfm.bz_0.1_109,2,"[None, None, None, None, None]","[0.03, 0.03, 0.03, 0.03, 0.03]",model_3_seed_000,,0.03,1,1,1
/home/prichter/Documents/banfield/betazoid/data/genes/colabfold/bz_0/orfm.bz_0.1_110,orfm.bz_0.1_110,2,"[None, None, None, None, None]","[0.03, 0.03, 0.03, 0.03, 0.04]",model_1_seed_000,,0.03,1,1,1
/home/prichter/Documents/banfield/betazoid/data/genes/colabfold/bz_0/orfm.bz_0.1_112,orfm.bz_0.1_112,2,"[None, None, None, None, None]","[0.04, 0.04, 0.04, 0.03, 0.04]",model_1_seed_000,,0.04,1,1,1
/home/prichter/Documents/banfield/betazoid/data/genes/colabfold/bz_0/orfm.bz_0.1_114,orfm.bz_0.1_114,2,"[None, None, None, None, None]","[0.42, 0.29, 0.39, 0.33, 0.44]",model_5_seed_000,,0.44,1,1,1
/home/prichter/Documents/banfield/betazoid/data/genes/colabfold/bz_0/orfm.bz_0.1_115,orfm.bz_0.1_115,2,"[None, None, None, None, None]","[0.21, 0.21, 0.21, 0.17, 0.2]",model_5_seed_000,,0.21,1,1,1
/home/prichter/Documents/banfield/betazoid/data/genes/colabfold/bz_0/orfm.bz_0.1_116,orfm.bz_0.1_116,2,"[None, None, None, None, None]","[0.03, 0.03, 0.03, 0.03, 0.03]",model_3_seed_000,,0.03,1,1,1
/home/prichter/Documents/banfield/betazoid/data/genes/colabfold/bz_0/orfm.bz_0.1_117,orfm.bz_0.1_117,2,"[None, None, None, None, None]","[0.35, 0.34, 0.33, 0.33, 0.32]",model_4_seed_000,,0.34,1,1,1
/home/prichter/Documents/banfield/betazoid/data/genes/colabfold/bz_0/orfm.bz_0.1_118,orfm.bz_0.1_118,2,"[None, None, None, None, None]","[0.28, 0.32, 0.25, 0.29, 0.28]",model_1_seed_000,,0.32,1,1,1
/home/prichter/Documents/banfield/betazoid/data/genes/colabfold/bz_0/orfm.bz_0.1_119,orfm.bz_0.1_119,2,"[None, None, None, None, None]","[0.39, 0.39, 0.45, 0.37, 0.46]",model_1_seed_000,,0.45,1,1,1
/home/prichter/Documents/banfield/betazoid/data/genes/colabfold/bz_0/orfm.bz_0.1_120,orfm.bz_0.1_120,2,"[None, None, None, None, None]","[0.42, 0.45, 0.46, 0.47, 0.45]",model_5_seed_000,,0.47,1,1,1
/home/prichter/Documents/banfield/betazoid/data/genes/colabfold/bz_0/orfm.bz_0.1_121,orfm.bz_0.1_121,2,"[None, None, None, None, None]","[0.26, 0.29, 0.28, 0.24, 0.29]",model_1_seed_000,,0.29,1,1,1
/home/prichter/Documents/banfield/betazoid/data/genes/colabfold/bz_0/orfm.bz_0.1_122,orfm.bz_0.1_122,2,"[None, None, None, None, None]","[0.27, 0.29, 0.24, 0.23, 0.22]",model_5_seed_000,,0.29,1,1,1
/home/prichter/Documents/banfield/betazoid/data/genes/colabfold/bz_0/orfm.bz_0.1_124,orfm.bz_0.1_124,2,"[None, None, None, None, None]","[0.03, 0.03, 0.03, 0.02, 0.03]",model_3_seed_000,,0.03,1,1,1
/home/prichter/Documents/banfield/betazoid/data/genes/colabfold/bz_0/orfm.bz_0.1_125,orfm.bz_0.1_125,2,"[None, None, None, None, None]","[0.41, 0.35, 0.41, 0.32, 0.32]",model_1_seed_000,,0.41,1,1,1
/home/prichter/Documents/banfield/betazoid/data/genes/colabfold/bz_0/orfm.bz_0.1_126,orfm.bz_0.1_126,2,"[None, None, None, None, None]","[0.25, 0.19, 0.28, 0.25, 0.29]",model_5_seed_000,,0.29,1,1,1
/home/prichter/Documents/banfield/betazoid/data/genes/colabfold/bz_0/orfm.bz_0.1_127,orfm.bz_0.1_127,2,"[None, None, None, None, None]","[0.47, 0.49, 0.49, 0.48, 0.44]",model_1_seed_000,,0.49,1,1,1
/home/prichter/Documents/banfield/betazoid/data/genes/colabfold/bz_0/orfm.bz_0.1_129,orfm.bz_0.1_129,2,"[None, None, None, None, None]","[0.32, 0.34, 0.29, 0.33, 0.34]",model_5_seed_000,,0.33,1,1,1
/home/prichter/Documents/banfield/betazoid/data/genes/colabfold/bz_0/orfm.bz_0.1_130,orfm.bz_0.1_130,2,"[None, None, None, None, None]","[0.44, 0.48, 0.5, 0.46, 0.46]",model_5_seed_000,,0.5,1,1,1
/home/prichter/Documents/banfield/betazoid/data/genes/colabfold/bz_0/orfm.bz_0.1_132,orfm.bz_0.1_132,4567,"[None, None, None, None, None]","[0.28, 0.28, 0.3, 0.26, 0.28]",model_1_seed_000,,0.3,1,1,1
/home/prichter/Documents/banfield/betazoid/data/genes/colabfold/bz_0/orfm.bz_0.1_133,orfm.bz_0.1_133,2,"[None, None, None, None, None]","[0.23, 0.22, 0.22, 0.22, 0.24]",model_4_seed_000,,0.24,1,1,1
/home/prichter/Documents/banfield/betazoid/data/genes/colabfold/bz_0/orfm.bz_0.1_134,orfm.bz_0.1_134,2,"[None, None, None, None, None]","[0.47, 0.46, 0.42, 0.47, 0.43]",model_1_seed_000,,0.47,1,1,1
/home/prichter/Documents/banfield/betazoid/data/genes/colabfold/bz_0/orfm.bz_0.1_135,orfm.bz_0.1_135,2,"[None, None, None, None, None]","[0.11, 0.12, 0.11, 0.1, 0.11]",model_5_seed_000,,0.12,1,1,1
/home/prichter/Documents/banfield/betazoid/data/genes/colabfold/bz_0/orfm.bz_0.1_136,orfm.bz_0.1_136,2,"[None, None, None, None, None]","[0.41, 0.4, 0.36, 0.43, 0.42]",model_5_seed_000,,0.42,1,1,1
/home/prichter/Documents/banfield/betazoid/data/genes/colabfold/bz_0/orfm.bz_0.1_137,orfm.bz_0.1_137,2,"[None, None, None, None, None]","[0.05, 0.05, 0.05, 0.05, 0.05]",model_3_seed_000,,0.05,1,1,1
/home/prichter/Documents/banfield/betazoid/data/genes/colabfold/bz_0/orfm.bz_0.1_138,orfm.bz_0.1_138,8,"[None, None, None, None, None]","[0.32, 0.34, 0.36, 0.34, 0.33]",model_2_seed_000,,0.36,1,1,1
/home/prichter/Documents/banfield/betazoid/data/genes/colabfold/bz_0/orfm.bz_0.1_139,orfm.bz_0.1_139,2,"[None, None, None, None, None]","[0.43, 0.47, 0.48, 0.43, 0.49]",model_5_seed_000,,0.47,1,1,1
/home/prichter/Documents/banfield/betazoid/data/genes/colabfold/bz_0/orfm.bz_0.1_140,orfm.bz_0.1_140,2,"[None, None, None, None, None]","[0.04, 0.04, 0.04, 0.04, 0.04]",model_3_seed_000,,0.04,1,1,1
/home/prichter/Documents/banfield/betazoid/data/genes/colabfold/bz_0/orfm.bz_0.1_142,orfm.bz_0.1_142,2,"[None, None, None, None, None]","[0.46, 0.39, 0.34, 0.4, 0.46]",model_4_seed_000,,0.46,1,1,1
/home/prichter/Documents/banfield/betazoid/data/genes/colabfold/bz_0/orfm.bz_0.1_143,orfm.bz_0.1_143,2,"[None, None, None, None, None]","[0.28, 0.34, 0.3, 0.33, 0.37]",model_2_seed_000,,0.37,1,1,1
/home/prichter/Documents/banfield/betazoid/data/genes/colabfold/bz_0/orfm.bz_0.1_144,orfm.bz_0.1_144,2,"[None, None, None, None, None]","[0.2, 0.23, 0.21, 0.23, 0.24]",model_3_seed_000,,0.23,1,1,1
/home/prichter/Documents/banfield/betazoid/data/genes/colabfold/bz_0/orfm.bz_0.1_145,orfm.bz_0.1_145,2,"[None, None, None, None, None]","[0.03, 0.03, 0.03, 0.02, 0.02]",model_5_seed_000,,0.03,1,1,1
/home/prichter/Documents/banfield/betazoid/data/genes/colabfold/bz_0/orfm.bz_0.1_147,orfm.bz_0.1_147,2,"[None, None, None, None, None]","[0.47, 0.38, 0.44, 0.49, 0.47]",model_1_seed_000,,0.49,1,1,1
/home/prichter/Documents/banfield/betazoid/data/genes/colabfold/bz_0/orfm.bz_0.1_148,orfm.bz_0.1_148,2,"[None, None, None, None, None]","[0.04, 0.04, 0.04, 0.04, 0.04]",model_5_seed_000,,0.04,1,1,1
/home/prichter/Documents/banfield/betazoid/data/genes/colabfold/bz_0/orfm.bz_0.1_150,orfm.bz_0.1_150,2,"[None, None, None, None, None]","[0.17, 0.15, 0.18, 0.22, 0.2]",model_1_seed_000,,0.22,1,1,1
/home/prichter/Documents/banfield/betazoid/data/genes/colabfold/bz_0/orfm.bz_0.1_151,orfm.bz_0.1_151,3,"[None, None, None, None, None]","[0.16, 0.16, 0.18, 0.17, 0.23]",model_2_seed_000,,0.17,1,1,1
/home/prichter/Documents/banfield/betazoid/data/genes/colabfold/bz_0/orfm.bz_0.1_152,orfm.bz_0.1_152,2,"[None, None, None, None, None]","[0.03, 0.03, 0.03, 0.03, 0.03]",model_1_seed_000,,0.03,1,1,1
/home/prichter/Documents/banfield/betazoid/data/genes/colabfold/bz_0/orfm.bz_0.1_153,orfm.bz_0.1_153,2,"[None, None, None, None, None]","[0.05, 0.05, 0.05, 0.05, 0.05]",model_5_seed_000,,0.05,1,1,1
/home/prichter/Documents/banfield/betazoid/data/genes/colabfold/bz_0/orfm.bz_0.1_154,orfm.bz_0.1_154,2,"[None, None, None, None, None]","[0.03, 0.03, 0.03, 0.03, 0.03]",model_3_seed_000,,0.03,1,1,1
/home/prichter/Documents/banfield/betazoid/data/genes/colabfold/bz_0/orfm.bz_0.1_155,orfm.bz_0.1_155,2,"[None, None, None, None, None]","[0.04, 0.05, 0.04, 0.04, 0.03]",model_3_seed_000,,0.05,1,1,1
/home/prichter/Documents/banfield/betazoid/data/genes/colabfold/bz_0/orfm.bz_0.1_156,orfm.bz_0.1_156,9,"[None, None, None, None, None]","[0.33, 0.43, 0.43, 0.49, 0.33]",model_5_seed_000,,0.49,1,1,1
/home/prichter/Documents/banfield/betazoid/data/genes/colabfold/bz_0/orfm.bz_0.1_157,orfm.bz_0.1_157,2,"[None, None, None, None, None]","[0.37, 0.43, 0.42, 0.39, 0.39]",model_5_seed_000,,0.39,1,1,1
/home/prichter/Documents/banfield/betazoid/data/genes/colabfold/bz_0/orfm.bz_0.1_159,orfm.bz_0.1_159,2,"[None, None, None, None, None]","[0.19, 0.18, 0.22, 0.26, 0.28]",model_3_seed_000,,0.26,1,1,1
/home/prichter/Documents/banfield/betazoid/data/genes/colabfold/bz_0/orfm.bz_0.1_162,orfm.bz_0.1_162,2,"[None, None, None, None, None]","[0.29, 0.25, 0.27, 0.3, 0.28]",model_3_seed_000,,0.28,1,1,1
/home/prichter/Documents/banfield/betazoid/data/genes/colabfold/bz_0/orfm.bz_0.1_165,orfm.bz_0.1_165,2,"[None, None, None, None, None]","[0.41, 0.4, 0.37, 0.41, 0.39]",model_5_seed_000,,0.4,1,1,1
/home/prichter/Documents/banfield/betazoid/data/genes/colabfold/bz_0/orfm.bz_0.1_166,orfm.bz_0.1_166,2,"[None, None, None, None, None]","[0.43, 0.42, 0.46, 0.46, 0.45]",model_5_seed_000,,0.46,1,1,1
/home/prichter/Documents/banfield/betazoid/data/genes/colabfold/bz_0/orfm.bz_0.1_168,orfm.bz_0.1_168,2,"[None, None, None, None, None]","[0.5, 0.47, 0.51, 0.52, 0.51]",model_5_seed_000,,0.52,1,1,1
/home/prichter/Documents/banfield/betazoid/data/genes/colabfold/bz_0/orfm.bz_0.1_169,orfm.bz_0.1_169,4,"[None, None, None, None, None]","[0.22, 0.24, 0.29, 0.24, 0.25]",model_1_seed_000,,0.29,1,1,1
/home/prichter/Documents/banfield/betazoid/data/genes/colabfold/bz_0/orfm.bz_0.1_170,orfm.bz_0.1_170,2,"[None, None, None, None, None]","[0.13, 0.19, 0.11, 0.12, 0.19]",model_1_seed_000,,0.19,1,1,1
/home/prichter/Documents/banfield/betazoid/data/genes/colabfold/bz_0/orfm.bz_0.1_171,orfm.bz_0.1_171,2,"[None, None, None, None, None]","[0.56, 0.56, 0.55, 0.56, 0.56]",model_3_seed_000,,0.56,1,1,1
/home/prichter/Documents/banfield/betazoid/data/genes/colabfold/bz_0/orfm.bz_0.1_172,orfm.bz_0.1_172,2,"[None, None, None, None, None]","[0.28, 0.25, 0.22, 0.28, 0.26]",model_4_seed_000,,0.28,1,1,1
/home/prichter/Documents/banfield/betazoid/data/genes/colabfold/bz_0/orfm.bz_0.1_174,orfm.bz_0.1_174,2,"[None, None, None, None, None]","[0.05, 0.05, 0.05, 0.05, 0.05]",model_5_seed_000,,0.05,1,1,1
/home/prichter/Documents/banfield/betazoid/data/genes/colabfold/bz_0/orfm.bz_0.1_175,orfm.bz_0.1_175,6,"[None, None, None, None, None]","[0.28, 0.22, 0.3, 0.29, 0.36]",model_4_seed_000,,0.3,1,1,1
/home/prichter/Documents/banfield/betazoid/data/genes/colabfold/bz_0/orfm.bz_0.1_177,orfm.bz_0.1_177,2,"[None, None, None, None, None]","[0.28, 0.32, 0.24, 0.18, 0.23]",model_1_seed_000,,0.28,1,1,1
/home/prichter/Documents/banfield/betazoid/data/genes/colabfold/bz_0/orfm.bz_0.1_178,orfm.bz_0.1_178,2,"[None, None, None, None, None]","[0.44, 0.41, 0.43, 0.42, 0.48]",model_1_seed_000,,0.48,1,1,1
/home/prichter/Documents/banfield/betazoid/data/genes/colabfold/bz_0/orfm.bz_0.1_179,orfm.bz_0.1_179,2,"[None, None, None, None, None]","[0.34, 0.44, 0.4, 0.43, 0.39]",model_1_seed_000,,0.43,1,1,1
/home/prichter/Documents/banfield/betazoid/data/genes/colabfold/bz_0/orfm.bz_0.1_180,orfm.bz_0.1_180,2,"[None, None, None, None, None]","[0.62, 0.62, 0.59, 0.62, 0.63]",model_3_seed_000,,0.62,1,1,1
/home/prichter/Documents/banfield/betazoid/data/genes/colabfold/bz_0/orfm.bz_0.1_181,orfm.bz_0.1_181,2,"[None, None, None, None, None]","[0.43, 0.47, 0.47, 0.48, 0.47]",model_4_seed_000,,0.47,1,1,1
/home/prichter/Documents/banfield/betazoid/data/genes/colabfold/bz_0/orfm.bz_0.1_183,orfm.bz_0.1_183,2,"[None, None, None, None, None]","[0.39, 0.41, 0.48, 0.34, 0.32]",model_4_seed_000,,0.48,1,1,1
/home/prichter/Documents/banfield/betazoid/data/genes/colabfold/bz_0/orfm.bz_0.1_184,orfm.bz_0.1_184,2,"[None, None, None, None, None]","[0.26, 0.33, 0.31, 0.28, 0.26]",model_4_seed_000,,0.31,1,1,1
/home/prichter/Documents/banfield/betazoid/data/genes/colabfold/bz_0/orfm.bz_0.1_185,orfm.bz_0.1_185,2,"[None, None, None, None, None]","[0.49, 0.46, 0.48, 0.5, 0.51]",model_5_seed_000,,0.51,1,1,1
/home/prichter/Documents/banfield/betazoid/data/genes/colabfold/bz_0/orfm.bz_0.1_186,orfm.bz_0.1_186,2,"[None, None, None, None, None]","[0.34, 0.34, 0.31, 0.29, 0.32]",model_3_seed_000,,0.34,1,1,1
/home/prichter/Documents/banfield/betazoid/data/genes/colabfold/bz_0/orfm.bz_0.1_191,orfm.bz_0.1_191,25,"[None, None, None, None, None]","[0.86, 0.87, 0.86, 0.82, 0.84]",model_4_seed_000,,0.87,1,1,1
/home/prichter/Documents/banfield/betazoid/data/genes/colabfold/bz_0/orfm.bz_0.1_192,orfm.bz_0.1_192,2,"[None, None, None, None, None]","[0.05, 0.06, 0.05, 0.05, 0.05]",model_5_seed_000,,0.06,1,1,1
/home/prichter/Documents/banfield/betazoid/data/genes/colabfold/bz_0/orfm.bz_0.1_194,orfm.bz_0.1_194,2,"[None, None, None, None, None]","[0.44, 0.38, 0.4, 0.44, 0.41]",model_1_seed_000,,0.44,1,1,1
/home/prichter/Documents/banfield/betazoid/data/genes/colabfold/bz_0/orfm.bz_0.1_195,orfm.bz_0.1_195,2,"[None, None, None, None, None]","[0.3, 0.33, 0.27, 0.32, 0.27]",model_5_seed_000,,0.33,1,1,1
/home/prichter/Documents/banfield/betazoid/data/genes/colabfold/bz_0/orfm.bz_0.1_196,orfm.bz_0.1_196,2,"[None, None, None, None, None]","[0.02, 0.02, 0.02, 0.03, 0.04]",model_5_seed_000,,0.04,1,1,1
/home/prichter/Documents/banfield/betazoid/data/genes/colabfold/bz_0/orfm.bz_0.1_197,orfm.bz_0.1_197,2,"[None, None, None, None, None]","[0.04, 0.03, 0.04, 0.04, 0.04]",model_5_seed_000,,0.04,1,1,1
/home/prichter/Documents/banfield/betazoid/data/genes/colabfold/bz_0/orfm.bz_0.1_198,orfm.bz_0.1_198,9,"[None, None, None, None, None]","[0.31, 0.44, 0.44, 0.41, 0.44]",model_3_seed_000,,0.44,1,1,1
/home/prichter/Documents/banfield/betazoid/data/genes/colabfold/bz_0/orfm.bz_0.1_199,orfm.bz_0.1_199,2,"[None, None, None, None, None]","[0.44, 0.41, 0.44, 0.42, 0.44]",model_4_seed_000,,0.44,1,1,1
/home/prichter/Documents/banfield/betazoid/data/genes/colabfold/bz_0/orfm.bz_0.1_200,orfm.bz_0.1_200,8,"[None, None, None, None, None]","[0.2, 0.19, 0.25, 0.25, 0.21]",model_1_seed_000,,0.25,1,1,1
/home/prichter/Documents/banfield/betazoid/data/genes/colabfold/bz_0/orfm.bz_0.1_201,orfm.bz_0.1_201,2,"[None, None, None, None, None]","[0.15, 0.2, 0.21, 0.17, 0.26]",model_1_seed_000,,0.26,1,1,1
/home/prichter/Documents/banfield/betazoid/data/genes/colabfold/bz_0/orfm.bz_0.1_202,orfm.bz_0.1_202,2,"[None, None, None, None, None]","[0.29, 0.3, 0.33, 0.32, 0.29]",model_2_seed_000,,0.33,1,1,1
/home/prichter/Documents/banfield/betazoid/data/genes/colabfold/bz_0/orfm.bz_0.1_203,orfm.bz_0.1_203,2,"[None, None, None, None, None]","[0.13, 0.17, 0.15, 0.13, 0.13]",model_5_seed_000,,0.13,1,1,1
/home/prichter/Documents/banfield/betazoid/data/genes/colabfold/bz_0/orfm.bz_0.1_204,orfm.bz_0.1_204,2,"[None, None, None, None, None]","[0.04, 0.05, 0.05, 0.04, 0.04]",model_4_seed_000,,0.05,1,1,1
/home/prichter/Documents/banfield/betazoid/data/genes/colabfold/bz_0/orfm.bz_0.1_206,orfm.bz_0.1_206,2,"[None, None, None, None, None]","[0.34, 0.33, 0.34, 0.33, 0.34]",model_3_seed_000,,0.33,1,1,1
/home/prichter/Documents/banfield/betazoid/data/genes/colabfold/bz_0/orfm.bz_0.1_207,orfm.bz_0.1_207,2,"[None, None, None, None, None]","[0.06, 0.06, 0.05, 0.05, 0.05]",model_5_seed_000,,0.06,1,1,1
/home/prichter/Documents/banfield/betazoid/data/genes/colabfold/bz_0/orfm.bz_0.1_208,orfm.bz_0.1_208,6,"[None, None, None, None, None]","[0.74, 0.74, 0.62, 0.63, 0.74]",model_1_seed_000,,0.74,1,1,1
/home/prichter/Documents/banfield/betazoid/data/genes/colabfold/bz_0/orfm.bz_0.1_209,orfm.bz_0.1_209,2,"[None, None, None, None, None]","[0.41, 0.4, 0.37, 0.41, 0.4]",model_5_seed_000,,0.41,1,1,1
/home/prichter/Documents/banfield/betazoid/data/genes/colabfold/bz_0/orfm.bz_0.1_210,orfm.bz_0.1_210,2,"[None, None, None, None, None]","[0.4, 0.31, 0.34, 0.36, 0.37]",model_5_seed_000,,0.4,1,1,1
/home/prichter/Documents/banfield/betazoid/data/genes/colabfold/bz_0/orfm.bz_0.1_211,orfm.bz_0.1_211,2,"[None, None, None, None, None]","[0.27, 0.31, 0.25, 0.32, 0.27]",model_1_seed_000,,0.32,1,1,1
/home/prichter/Documents/banfield/betazoid/data/genes/colabfold/bz_0/orfm.bz_0.1_212,orfm.bz_0.1_212,2,"[None, None, None, None, None]","[0.54, 0.52, 0.5, 0.47, 0.54]",model_1_seed_000,,0.54,1,1,1
/home/prichter/Documents/banfield/betazoid/data/genes/colabfold/bz_0/orfm.bz_0.1_213,orfm.bz_0.1_213,164,"[None, None, None, None, None]","[0.42, 0.44, 0.46, 0.47, 0.43]",model_1_seed_000,,0.47,1,1,1
/home/prichter/Documents/banfield/betazoid/data/genes/colabfold/bz_1/orfm.bz_1.1_3,orfm.bz_1.1_3,2,"[None, None, None, None, None]","[0.11, 0.12, 0.14, 0.14, 0.22]",model_5_seed_000,,0.22,1,1,1
/home/prichter/Documents/banfield/betazoid/data/genes/colabfold/bz_1/orfm.bz_1.1_4,orfm.bz_1.1_4,2,"[None, None, None, None, None]","[0.27, 0.31, 0.26, 0.31, 0.33]",model_5_seed_000,,0.31,1,1,1
/home/prichter/Documents/banfield/betazoid/data/genes/colabfold/bz_1/orfm.bz_1.1_5,orfm.bz_1.1_5,2,"[None, None, None, None, None]","[0.25, 0.19, 0.46, 0.25, 0.28]",model_2_seed_000,,0.46,1,1,1
/home/prichter/Documents/banfield/betazoid/data/genes/colabfold/bz_1/orfm.bz_1.1_6,orfm.bz_1.1_6,2,"[None, None, None, None, None]","[0.28, 0.32, 0.32, 0.29, 0.34]",model_2_seed_000,,0.34,1,1,1
/home/prichter/Documents/banfield/betazoid/data/genes/colabfold/bz_1/orfm.bz_1.1_7,orfm.bz_1.1_7,2,"[None, None, None, None, None]","[0.46, 0.46, 0.48, 0.45, 0.46]",model_3_seed_000,,0.45,1,1,1
/home/prichter/Documents/banfield/betazoid/data/genes/colabfold/bz_1/orfm.bz_1.1_8,orfm.bz_1.1_8,2,"[None, None, None, None, None]","[0.45, 0.41, 0.41, 0.4, 0.37]",model_3_seed_000,,0.45,1,1,1
/home/prichter/Documents/banfield/betazoid/data/genes/colabfold/bz_1/orfm.bz_1.1_10,orfm.bz_1.1_10,2,"[None, None, None, None, None]","[0.41, 0.45, 0.43, 0.43, 0.45]",model_4_seed_000,,0.45,1,1,1
/home/prichter/Documents/banfield/betazoid/data/genes/colabfold/bz_1/orfm.bz_1.1_11,orfm.bz_1.1_11,2,"[None, None, None, None, None]","[0.5, 0.43, 0.49, 0.48, 0.43]",model_5_seed_000,,0.5,1,1,1
/home/prichter/Documents/banfield/betazoid/data/genes/colabfold/bz_1/orfm.bz_1.1_12,orfm.bz_1.1_12,2758,"[None, None, None, None, None]","[0.43, 0.45, 0.44, 0.46, 0.48]",model_4_seed_000,,0.46,1,1,1
/home/prichter/Documents/banfield/betazoid/data/genes/colabfold/bz_1/orfm.bz_1.1_13,orfm.bz_1.1_13,2,"[None, None, None, None, None]","[0.3, 0.32, 0.38, 0.33, 0.33]",model_1_seed_000,,0.38,1,1,1
/home/prichter/Documents/banfield/betazoid/data/genes/colabfold/bz_1/orfm.bz_1.1_14,orfm.bz_1.1_14,2,"[None, None, None, None, None]","[0.04, 0.04, 0.04, 0.04, 0.04]",model_3_seed_000,,0.04,1,1,1
/home/prichter/Documents/banfield/betazoid/data/genes/colabfold/bz_1/orfm.bz_1.1_15,orfm.bz_1.1_15,2,"[None, None, None, None, None]","[0.14, 0.14, 0.13, 0.15, 0.16]",model_1_seed_000,,0.16,1,1,1
/home/prichter/Documents/banfield/betazoid/data/genes/colabfold/bz_1/orfm.bz_1.1_17,orfm.bz_1.1_17,2,"[None, None, None, None, None]","[0.37, 0.39, 0.35, 0.33, 0.38]",model_5_seed_000,,0.38,1,1,1
/home/prichter/Documents/banfield/betazoid/data/genes/colabfold/bz_1/orfm.bz_1.1_18,orfm.bz_1.1_18,2,"[None, None, None, None, None]","[0.38, 0.38, 0.35, 0.38, 0.35]",model_3_seed_000,,0.38,1,1,1
/home/prichter/Documents/banfield/betazoid/data/genes/colabfold/bz_1/orfm.bz_1.1_19,orfm.bz_1.1_19,2,"[None, None, None, None, None]","[0.47, 0.47, 0.49, 0.42, 0.45]",model_1_seed_000,,0.49,1,1,1
/home/prichter/Documents/banfield/betazoid/data/genes/colabfold/bz_1/orfm.bz_1.1_20,orfm.bz_1.1_20,2,"[None, None, None, None, None]","[0.46, 0.44, 0.42, 0.43, 0.44]",model_5_seed_000,,0.44,1,1,1
/home/prichter/Documents/banfield/betazoid/data/genes/colabfold/bz_1/orfm.bz_1.1_21,orfm.bz_1.1_21,2,"[None, None, None, None, None]","[0.51, 0.51, 0.54, 0.45, 0.56]",model_3_seed_000,,0.54,1,1,1
/home/prichter/Documents/banfield/betazoid/data/genes/colabfold/bz_1/orfm.bz_1.1_22,orfm.bz_1.1_22,2,"[None, None, None, None, None]","[0.32, 0.2, 0.34, 0.49, 0.29]",model_4_seed_000,,0.49,1,1,1
/home/prichter/Documents/banfield/betazoid/data/genes/colabfold/bz_1/orfm.bz_1.1_24,orfm.bz_1.1_24,2,"[None, None, None, None, None]","[0.56, 0.59, 0.57, 0.53, 0.61]",model_5_seed_000,,0.61,1,1,1
/home/prichter/Documents/banfield/betazoid/data/genes/colabfold/bz_1/orfm.bz_1.1_26,orfm.bz_1.1_26,2,"[None, None, None, None, None]","[0.46, 0.35, 0.48, 0.39, 0.33]",model_1_seed_000,,0.48,1,1,1
/home/prichter/Documents/banfield/betazoid/data/genes/colabfold/bz_1/orfm.bz_1.1_27,orfm.bz_1.1_27,2,"[None, None, None, None, None]","[0.46, 0.44, 0.49, 0.46, 0.4]",model_5_seed_000,,0.49,1,1,1
/home/prichter/Documents/banfield/betazoid/data/genes/colabfold/bz_1/orfm.bz_1.1_28,orfm.bz_1.1_28,2,"[None, None, None, None, None]","[0.43, 0.47, 0.45, 0.46, 0.47]",model_4_seed_000,,0.47,1,1,1
/home/prichter/Documents/banfield/betazoid/data/genes/colabfold/bz_1/orfm.bz_1.1_30,orfm.bz_1.1_30,2,"[None, None, None, None, None]","[0.29, 0.35, 0.27, 0.34, 0.29]",model_5_seed_000,,0.34,1,1,1
/home/prichter/Documents/banfield/betazoid/data/genes/colabfold/bz_1/orfm.bz_1.1_31,orfm.bz_1.1_31,2,"[None, None, None, None, None]","[0.32, 0.35, 0.33, 0.33, 0.33]",model_5_seed_000,,0.35,1,1,1
/home/prichter/Documents/banfield/betazoid/data/genes/colabfold/bz_1/orfm.bz_1.1_32,orfm.bz_1.1_32,2,"[None, None, None, None, None]","[0.04, 0.04, 0.04, 0.04, 0.04]",model_5_seed_000,,0.04,1,1,1
/home/prichter/Documents/banfield/betazoid/data/genes/colabfold/bz_1/orfm.bz_1.1_34,orfm.bz_1.1_34,2,"[None, None, None, None, None]","[0.36, 0.34, 0.32, 0.31, 0.36]",model_5_seed_000,,0.34,1,1,1
/home/prichter/Documents/banfield/betazoid/data/genes/colabfold/bz_1/orfm.bz_1.1_35,orfm.bz_1.1_35,2,"[None, None, None, None, None]","[0.14, 0.16, 0.17, 0.17, 0.15]",model_3_seed_000,,0.17,1,1,1
/home/prichter/Documents/banfield/betazoid/data/genes/colabfold/bz_1/orfm.bz_1.1_36,orfm.bz_1.1_36,2,"[None, None, None, None, None]","[0.41, 0.39, 0.3, 0.36, 0.33]",model_1_seed_000,,0.39,1,1,1
/home/prichter/Documents/banfield/betazoid/data/genes/colabfold/bz_1/orfm.bz_1.1_37,orfm.bz_1.1_37,2,"[None, None, None, None, None]","[0.29, 0.26, 0.21, 0.21, 0.33]",model_4_seed_000,,0.33,1,1,1
/home/prichter/Documents/banfield/betazoid/data/genes/colabfold/bz_1/orfm.bz_1.1_38,orfm.bz_1.1_38,2,"[None, None, None, None, None]","[0.49, 0.48, 0.25, 0.41, 0.49]",model_1_seed_000,,0.49,1,1,1
/home/prichter/Documents/banfield/betazoid/data/genes/colabfold/bz_1/orfm.bz_1.1_40,orfm.bz_1.1_40,2,"[None, None, None, None, None]","[0.02, 0.02, 0.02, 0.02, 0.02]",model_3_seed_000,,0.02,1,1,1
/home/prichter/Documents/banfield/betazoid/data/genes/colabfold/bz_1/orfm.bz_1.1_41,orfm.bz_1.1_41,2,"[None, None, None, None, None]","[0.46, 0.42, 0.45, 0.45, 0.46]",model_4_seed_000,,0.45,1,1,1
/home/prichter/Documents/banfield/betazoid/data/genes/colabfold/bz_1/orfm.bz_1.1_43,orfm.bz_1.1_43,2,"[None, None, None, None, None]","[0.24, 0.32, 0.26, 0.19, 0.23]",model_1_seed_000,,0.32,1,1,1
/home/prichter/Documents/banfield/betazoid/data/genes/colabfold/bz_1/orfm.bz_1.1_44,orfm.bz_1.1_44,2,"[None, None, None, None, None]","[0.48, 0.43, 0.37, 0.41, 0.46]",model_1_seed_000,,0.46,1,1,1
/home/prichter/Documents/banfield/betazoid/data/genes/colabfold/bz_1/orfm.bz_1.1_45,orfm.bz_1.1_45,2,"[None, None, None, None, None]","[0.3, 0.26, 0.29, 0.29, 0.29]",model_5_seed_000,,0.29,1,1,1
/home/prichter/Documents/banfield/betazoid/data/genes/colabfold/bz_1/orfm.bz_1.1_47,orfm.bz_1.1_47,2,"[None, None, None, None, None]","[0.38, 0.34, 0.31, 0.31, 0.32]",model_1_seed_000,,0.38,1,1,1
/home/prichter/Documents/banfield/betazoid/data/genes/colabfold/bz_1/orfm.bz_1.1_48,orfm.bz_1.1_48,2,"[None, None, None, None, None]","[0.25, 0.22, 0.31, 0.24, 0.3]",model_3_seed_000,,0.3,1,1,1
/home/prichter/Documents/banfield/betazoid/data/genes/colabfold/bz_1/orfm.bz_1.1_49,orfm.bz_1.1_49,2,"[None, None, None, None, None]","[0.31, 0.31, 0.31, 0.31, 0.29]",model_3_seed_000,,0.29,1,1,1
/home/prichter/Documents/banfield/betazoid/data/genes/colabfold/bz_1/orfm.bz_1.1_51,orfm.bz_1.1_51,2,"[None, None, None, None, None]","[0.53, 0.53, 0.52, 0.42, 0.49]",model_1_seed_000,,0.53,1,1,1
/home/prichter/Documents/banfield/betazoid/data/genes/colabfold/bz_1/orfm.bz_1.1_54,orfm.bz_1.1_54,2,"[None, None, None, None, None]","[0.53, 0.53, 0.54, 0.56, 0.53]",model_5_seed_000,,0.56,1,1,1
/home/prichter/Documents/banfield/betazoid/data/genes/colabfold/bz_1/orfm.bz_1.1_56,orfm.bz_1.1_56,2,"[None, None, None, None, None]","[0.5, 0.49, 0.47, 0.46, 0.44]",model_1_seed_000,,0.49,1,1,1
/home/prichter/Documents/banfield/betazoid/data/genes/colabfold/bz_1/orfm.bz_1.1_58,orfm.bz_1.1_58,2,"[None, None, None, None, None]","[0.03, 0.04, 0.04, 0.04, 0.03]",model_5_seed_000,,0.04,1,1,1
/home/prichter/Documents/banfield/betazoid/data/genes/colabfold/bz_1/orfm.bz_1.1_59,orfm.bz_1.1_59,1677,"[None, None, None, None, None]","[0.88, 0.89, 0.89, 0.88, 0.88]",model_3_seed_000,,0.89,1,1,1
/home/prichter/Documents/banfield/betazoid/data/genes/colabfold/bz_1/orfm.bz_1.1_60,orfm.bz_1.1_60,2,"[None, None, None, None, None]","[0.46, 0.48, 0.41, 0.48, 0.47]",model_5_seed_000,,0.48,1,1,1
/home/prichter/Documents/banfield/betazoid/data/genes/colabfold/bz_1/orfm.bz_1.1_62,orfm.bz_1.1_62,2,"[None, None, None, None, None]","[0.03, 0.04, 0.03, 0.03, 0.03]",model_5_seed_000,,0.04,1,1,1
/home/prichter/Documents/banfield/betazoid/data/genes/colabfold/bz_1/orfm.bz_1.1_63,orfm.bz_1.1_63,2,"[None, None, None, None, None]","[0.36, 0.28, 0.58, 0.29, 0.66]",model_5_seed_000,,0.66,1,1,1
/home/prichter/Documents/banfield/betazoid/data/genes/colabfold/bz_1/orfm.bz_1.1_64,orfm.bz_1.1_64,2,"[None, None, None, None, None]","[0.49, 0.45, 0.41, 0.48, 0.46]",model_5_seed_000,,0.48,1,1,1
/home/prichter/Documents/banfield/betazoid/data/genes/colabfold/bz_1/orfm.bz_1.1_65,orfm.bz_1.1_65,2,"[None, None, None, None, None]","[0.31, 0.37, 0.49, 0.49, 0.54]",model_5_seed_000,,0.54,1,1,1
/home/prichter/Documents/banfield/betazoid/data/genes/colabfold/bz_1/orfm.bz_1.1_66,orfm.bz_1.1_66,2,"[None, None, None, None, None]","[0.36, 0.23, 0.38, 0.4, 0.38]",model_5_seed_000,,0.38,1,1,1
/home/prichter/Documents/banfield/betazoid/data/genes/colabfold/bz_1/orfm.bz_1.1_67,orfm.bz_1.1_67,2,"[None, None, None, None, None]","[0.51, 0.48, 0.47, 0.49, 0.5]",model_5_seed_000,,0.51,1,1,1
/home/prichter/Documents/banfield/betazoid/data/genes/colabfold/bz_1/orfm.bz_1.1_68,orfm.bz_1.1_68,2,"[None, None, None, None, None]","[0.65, 0.67, 0.63, 0.67, 0.66]",model_3_seed_000,,0.67,1,1,1
/home/prichter/Documents/banfield/betazoid/data/genes/colabfold/bz_1/orfm.bz_1.1_70,orfm.bz_1.1_70,2,"[None, None, None, None, None]","[0.39, 0.43, 0.39, 0.42, 0.43]",model_1_seed_000,,0.43,1,1,1
/home/prichter/Documents/banfield/betazoid/data/genes/colabfold/bz_1/orfm.bz_1.1_71,orfm.bz_1.1_71,2,"[None, None, None, None, None]","[0.13, 0.14, 0.15, 0.16, 0.14]",model_1_seed_000,,0.16,1,1,1
/home/prichter/Documents/banfield/betazoid/data/genes/colabfold/bz_1/orfm.bz_1.1_72,orfm.bz_1.1_72,2,"[None, None, None, None, None]","[0.37, 0.33, 0.37, 0.34, 0.34]",model_4_seed_000,,0.37,1,1,1
/home/prichter/Documents/banfield/betazoid/data/genes/colabfold/bz_1/orfm.bz_1.1_73,orfm.bz_1.1_73,2,"[None, None, None, None, None]","[0.11, 0.14, 0.11, 0.2, 0.14]",model_2_seed_000,,0.2,1,1,1
/home/prichter/Documents/banfield/betazoid/data/genes/colabfold/bz_1/orfm.bz_1.1_74,orfm.bz_1.1_74,2,"[None, None, None, None, None]","[0.22, 0.29, 0.31, 0.21, 0.26]",model_3_seed_000,,0.31,1,1,1
/home/prichter/Documents/banfield/betazoid/data/genes/colabfold/bz_1/orfm.bz_1.1_75,orfm.bz_1.1_75,2,"[None, None, None, None, None]","[0.39, 0.35, 0.37, 0.31, 0.31]",model_5_seed_000,,0.39,1,1,1
/home/prichter/Documents/banfield/betazoid/data/genes/colabfold/bz_1/orfm.bz_1.1_76,orfm.bz_1.1_76,2,"[None, None, None, None, None]","[0.37, 0.4, 0.45, 0.39, 0.45]",model_5_seed_000,,0.45,1,1,1
/home/prichter/Documents/banfield/betazoid/data/genes/colabfold/bz_1/orfm.bz_1.1_77,orfm.bz_1.1_77,2,"[None, None, None, None, None]","[0.13, 0.3, 0.16, 0.14, 0.16]",model_1_seed_000,,0.3,1,1,1
/home/prichter/Documents/banfield/betazoid/data/genes/colabfold/bz_1/orfm.bz_1.1_79,orfm.bz_1.1_79,2,"[None, None, None, None, None]","[0.28, 0.3, 0.32, 0.24, 0.31]",model_2_seed_000,,0.31,1,1,1
/home/prichter/Documents/banfield/betazoid/data/genes/colabfold/bz_1/orfm.bz_1.1_82,orfm.bz_1.1_82,2,"[None, None, None, None, None]","[0.31, 0.3, 0.33, 0.28, 0.34]",model_4_seed_000,,0.31,1,1,1
/home/prichter/Documents/banfield/betazoid/data/genes/colabfold/bz_1/orfm.bz_1.1_84,orfm.bz_1.1_84,2,"[None, None, None, None, None]","[0.3, 0.27, 0.34, 0.33, 0.27]",model_1_seed_000,,0.34,1,1,1
/home/prichter/Documents/banfield/betazoid/data/genes/colabfold/bz_1/orfm.bz_1.1_85,orfm.bz_1.1_85,2,"[None, None, None, None, None]","[0.42, 0.39, 0.41, 0.45, 0.46]",model_1_seed_000,,0.45,1,1,1
/home/prichter/Documents/banfield/betazoid/data/genes/colabfold/bz_1/orfm.bz_1.1_88,orfm.bz_1.1_88,2,"[None, None, None, None, None]","[0.04, 0.04, 0.04, 0.04, 0.04]",model_5_seed_000,,0.04,1,1,1
/home/prichter/Documents/banfield/betazoid/data/genes/colabfold/bz_1/orfm.bz_1.1_89,orfm.bz_1.1_89,2,"[None, None, None, None, None]","[0.04, 0.04, 0.04, 0.04, 0.04]",model_5_seed_000,,0.04,1,1,1
/home/prichter/Documents/banfield/betazoid/data/genes/colabfold/bz_1/orfm.bz_1.1_91,orfm.bz_1.1_91,3529,"[None, None, None, None, None]","[0.74, 0.71, 0.72, 0.66, 0.64]",model_3_seed_000,,0.74,1,1,1
/home/prichter/Documents/banfield/betazoid/data/genes/colabfold/bz_1/orfm.bz_1.1_95,orfm.bz_1.1_95,8,"[None, None, None, None, None]","[0.35, 0.34, 0.34, 0.33, 0.36]",model_5_seed_000,,0.33,1,1,1
/home/prichter/Documents/banfield/betazoid/data/genes/colabfold/bz_1/orfm.bz_1.1_98,orfm.bz_1.1_98,2,"[None, None, None, None, None]","[0.04, 0.04, 0.04, 0.04, 0.04]",model_5_seed_000,,0.04,1,1,1
/home/prichter/Documents/banfield/betazoid/data/genes/colabfold/bz_1/orfm.bz_1.1_99,orfm.bz_1.1_99,2,"[None, None, None, None, None]","[0.36, 0.45, 0.42, 0.38, 0.46]",model_5_seed_000,,0.46,1,1,1
/home/prichter/Documents/banfield/betazoid/data/genes/colabfold/bz_1/orfm.bz_1.1_101,orfm.bz_1.1_101,2,"[None, None, None, None, None]","[0.03, 0.04, 0.04, 0.03, 0.03]",model_4_seed_000,,0.03,1,1,1
/home/prichter/Documents/banfield/betazoid/data/genes/colabfold/bz_1/orfm.bz_1.1_102,orfm.bz_1.1_102,2,"[None, None, None, None, None]","[0.46, 0.44, 0.51, 0.5, 0.51]",model_5_seed_000,,0.5,1,1,1
/home/prichter/Documents/banfield/betazoid/data/genes/colabfold/bz_1/orfm.bz_1.1_103,orfm.bz_1.1_103,2,"[None, None, None, None, None]","[0.42, 0.43, 0.46, 0.44, 0.4]",model_5_seed_000,,0.46,1,1,1
/home/prichter/Documents/banfield/betazoid/data/genes/colabfold/bz_1/orfm.bz_1.1_104,orfm.bz_1.1_104,2,"[None, None, None, None, None]","[0.36, 0.4, 0.42, 0.4, 0.36]",model_5_seed_000,,0.42,1,1,1
/home/prichter/Documents/banfield/betazoid/data/genes/colabfold/bz_1/orfm.bz_1.1_105,orfm.bz_1.1_105,2,"[None, None, None, None, None]","[0.42, 0.48, 0.41, 0.48, 0.48]",model_5_seed_000,,0.48,1,1,1
/home/prichter/Documents/banfield/betazoid/data/genes/colabfold/bz_1/orfm.bz_1.1_107,orfm.bz_1.1_107,105,"[None, None, None, None, None]","[0.45, 0.43, 0.43, 0.44, 0.41]",model_4_seed_000,,0.44,1,1,1
/home/prichter/Documents/banfield/betazoid/data/genes/colabfold/bz_1/orfm.bz_1.1_110,orfm.bz_1.1_110,2,"[None, None, None, None, None]","[0.06, 0.05, 0.05, 0.06, 0.05]",model_5_seed_000,,0.06,1,1,1
/home/prichter/Documents/banfield/betazoid/data/genes/colabfold/bz_1/orfm.bz_1.1_111,orfm.bz_1.1_111,2,"[None, None, None, None, None]","[0.36, 0.33, 0.34, 0.32, 0.35]",model_3_seed_000,,0.33,1,1,1
/home/prichter/Documents/banfield/betazoid/data/genes/colabfold/bz_1/orfm.bz_1.1_113,orfm.bz_1.1_113,2,"[None, None, None, None, None]","[0.28, 0.32, 0.34, 0.36, 0.34]",model_5_seed_000,,0.36,1,1,1
/home/prichter/Documents/banfield/betazoid/data/genes/colabfold/bz_1/orfm.bz_1.1_114,orfm.bz_1.1_114,2,"[None, None, None, None, None]","[0.05, 0.05, 0.05, 0.05, 0.05]",model_5_seed_000,,0.05,1,1,1
/home/prichter/Documents/banfield/betazoid/data/genes/colabfold/bz_1/orfm.bz_1.1_116,orfm.bz_1.1_116,2,"[None, None, None, None, None]","[0.4, 0.42, 0.42, 0.46, 0.46]",model_5_seed_000,,0.46,1,1,1
/home/prichter/Documents/banfield/betazoid/data/genes/colabfold/bz_1/orfm.bz_1.1_117,orfm.bz_1.1_117,2,"[None, None, None, None, None]","[0.38, 0.4, 0.32, 0.37, 0.29]",model_5_seed_000,,0.37,1,1,1
/home/prichter/Documents/banfield/betazoid/data/genes/colabfold/bz_1/orfm.bz_1.1_118,orfm.bz_1.1_118,2,"[None, None, None, None, None]","[0.44, 0.42, 0.45, 0.32, 0.48]",model_5_seed_000,,0.48,1,1,1
/home/prichter/Documents/banfield/betazoid/data/genes/colabfold/bz_1/orfm.bz_1.1_120,orfm.bz_1.1_120,2,"[None, None, None, None, None]","[0.29, 0.3, 0.3, 0.32, 0.28]",model_2_seed_000,,0.32,1,1,1
/home/prichter/Documents/banfield/betazoid/data/genes/colabfold/bz_1/orfm.bz_1.1_121,orfm.bz_1.1_121,2,"[None, None, None, None, None]","[0.37, 0.15, 0.34, 0.24, 0.18]",model_5_seed_000,,0.34,1,1,1
/home/prichter/Documents/banfield/betazoid/data/genes/colabfold/bz_1/orfm.bz_1.1_122,orfm.bz_1.1_122,3,"[None, None, None, None, None]","[0.27, 0.28, 0.32, 0.31, 0.27]",model_5_seed_000,,0.31,1,1,1
/home/prichter/Documents/banfield/betazoid/data/genes/colabfold/bz_1/orfm.bz_1.1_123,orfm.bz_1.1_123,2,"[None, None, None, None, None]","[0.39, 0.38, 0.35, 0.42, 0.25]",model_5_seed_000,,0.35,1,1,1
/home/prichter/Documents/banfield/betazoid/data/genes/colabfold/bz_1/orfm.bz_1.1_124,orfm.bz_1.1_124,2,"[None, None, None, None, None]","[0.04, 0.04, 0.04, 0.04, 0.04]",model_4_seed_000,,0.04,1,1,1
/home/prichter/Documents/banfield/betazoid/data/genes/colabfold/bz_1/orfm.bz_1.1_126,orfm.bz_1.1_126,2,"[None, None, None, None, None]","[0.19, 0.25, 0.17, 0.31, 0.14]",model_4_seed_000,,0.31,1,1,1
/home/prichter/Documents/banfield/betazoid/data/genes/colabfold/bz_1/orfm.bz_1.1_127,orfm.bz_1.1_127,2,"[None, None, None, None, None]","[0.38, 0.36, 0.35, 0.37, 0.37]",model_5_seed_000,,0.38,1,1,1
/home/prichter/Documents/banfield/betazoid/data/genes/colabfold/bz_1/orfm.bz_1.1_128,orfm.bz_1.1_128,2,"[None, None, None, None, None]","[0.26, 0.25, 0.26, 0.25, 0.23]",model_4_seed_000,,0.25,1,1,1
/home/prichter/Documents/banfield/betazoid/data/genes/colabfold/bz_1/orfm.bz_1.1_129,orfm.bz_1.1_129,2,"[None, None, None, None, None]","[0.05, 0.05, 0.05, 0.05, 0.05]",model_5_seed_000,,0.05,1,1,1
/home/prichter/Documents/banfield/betazoid/data/genes/colabfold/bz_1/orfm.bz_1.1_130,orfm.bz_1.1_130,2,"[None, None, None, None, None]","[0.38, 0.37, 0.41, 0.47, 0.36]",model_1_seed_000,,0.47,1,1,1
/home/prichter/Documents/banfield/betazoid/data/genes/colabfold/bz_1/orfm.bz_1.1_132,orfm.bz_1.1_132,2,"[None, None, None, None, None]","[0.51, 0.28, 0.31, 0.31, 0.33]",model_2_seed_000,,0.51,1,1,1
/home/prichter/Documents/banfield/betazoid/data/genes/colabfold/bz_1/orfm.bz_1.1_133,orfm.bz_1.1_133,2,"[None, None, None, None, None]","[0.5, 0.49, 0.49, 0.5, 0.48]",model_3_seed_000,,0.48,1,1,1
/home/prichter/Documents/banfield/betazoid/data/genes/colabfold/bz_1/orfm.bz_1.1_135,orfm.bz_1.1_135,2,"[None, None, None, None, None]","[0.32, 0.33, 0.33, 0.36, 0.36]",model_3_seed_000,,0.32,1,1,1
/home/prichter/Documents/banfield/betazoid/data/genes/colabfold/bz_1/orfm.bz_1.1_137,orfm.bz_1.1_137,2,"[None, None, None, None, None]","[0.41, 0.41, 0.37, 0.38, 0.38]",model_3_seed_000,,0.37,1,1,1
/home/prichter/Documents/banfield/betazoid/data/genes/colabfold/bz_1/orfm.bz_1.1_138,orfm.bz_1.1_138,2,"[None, None, None, None, None]","[0.04, 0.04, 0.04, 0.04, 0.05]",model_5_seed_000,,0.05,1,1,1
/home/prichter/Documents/banfield/betazoid/data/genes/colabfold/bz_1/orfm.bz_1.1_142,orfm.bz_1.1_142,2,"[None, None, None, None, None]","[0.44, 0.46, 0.46, 0.45, 0.44]",model_5_seed_000,,0.44,1,1,1
/home/prichter/Documents/banfield/betazoid/data/genes/colabfold/bz_1/orfm.bz_1.1_143,orfm.bz_1.1_143,5,"[None, None, None, None, None]","[0.26, 0.27, 0.22, 0.3, 0.21]",model_4_seed_000,,0.3,1,1,1
/home/prichter/Documents/banfield/betazoid/data/genes/colabfold/bz_1/orfm.bz_1.1_144,orfm.bz_1.1_144,2,"[None, None, None, None, None]","[0.19, 0.21, 0.41, 0.35, 0.11]",model_1_seed_000,,0.41,1,1,1
/home/prichter/Documents/banfield/betazoid/data/genes/colabfold/bz_1/orfm.bz_1.1_145,orfm.bz_1.1_145,2,"[None, None, None, None, None]","[0.35, 0.34, 0.32, 0.34, 0.34]",model_3_seed_000,,0.34,1,1,1
/home/prichter/Documents/banfield/betazoid/data/genes/colabfold/bz_1/orfm.bz_1.1_146,orfm.bz_1.1_146,2,"[None, None, None, None, None]","[0.17, 0.17, 0.18, 0.17, 0.17]",model_1_seed_000,,0.18,1,1,1
/home/prichter/Documents/banfield/betazoid/data/genes/colabfold/bz_1/orfm.bz_1.1_147,orfm.bz_1.1_147,2,"[None, None, None, None, None]","[0.48, 0.47, 0.49, 0.48, 0.49]",model_5_seed_000,,0.49,1,1,1
/home/prichter/Documents/banfield/betazoid/data/genes/colabfold/bz_1/orfm.bz_1.1_148,orfm.bz_1.1_148,2,"[None, None, None, None, None]","[0.26, 0.24, 0.27, 0.29, 0.25]",model_4_seed_000,,0.29,1,1,1
/home/prichter/Documents/banfield/betazoid/data/genes/colabfold/bz_1/orfm.bz_1.1_150,orfm.bz_1.1_150,2,"[None, None, None, None, None]","[0.59, 0.6, 0.58, 0.36, 0.55]",model_4_seed_000,,0.6,1,1,1
/home/prichter/Documents/banfield/betazoid/data/genes/colabfold/bz_1/orfm.bz_1.1_151,orfm.bz_1.1_151,2,"[None, None, None, None, None]","[0.36, 0.41, 0.37, 0.38, 0.38]",model_5_seed_000,,0.38,1,1,1
/home/prichter/Documents/banfield/betazoid/data/genes/colabfold/bz_1/orfm.bz_1.1_152,orfm.bz_1.1_152,2,"[None, None, None, None, None]","[0.3, 0.4, 0.37, 0.31, 0.34]",model_2_seed_000,,0.4,1,1,1
/home/prichter/Documents/banfield/betazoid/data/genes/colabfold/bz_1/orfm.bz_1.1_153,orfm.bz_1.1_153,2,"[None, None, None, None, None]","[0.33, 0.3, 0.38, 0.35, 0.4]",model_1_seed_000,,0.4,1,1,1
/home/prichter/Documents/banfield/betazoid/data/genes/colabfold/bz_1/orfm.bz_1.1_154,orfm.bz_1.1_154,2,"[None, None, None, None, None]","[0.27, 0.26, 0.3, 0.35, 0.37]",model_1_seed_000,,0.37,1,1,1
/home/prichter/Documents/banfield/betazoid/data/genes/colabfold/bz_1/orfm.bz_1.1_155,orfm.bz_1.1_155,27,"[None, None, None, None, None]","[0.86, 0.87, 0.86, 0.84, 0.86]",model_3_seed_000,,0.86,1,1,1
/home/prichter/Documents/banfield/betazoid/data/genes/colabfold/bz_1/orfm.bz_1.1_157,orfm.bz_1.1_157,2,"[None, None, None, None, None]","[0.42, 0.4, 0.44, 0.45, 0.43]",model_3_seed_000,,0.4,1,1,1
/home/prichter/Documents/banfield/betazoid/data/genes/colabfold/bz_1/orfm.bz_1.1_158,orfm.bz_1.1_158,2,"[None, None, None, None, None]","[0.42, 0.42, 0.43, 0.4, 0.39]",model_5_seed_000,,0.42,1,1,1
/home/prichter/Documents/banfield/betazoid/data/genes/colabfold/bz_1/orfm.bz_1.1_159,orfm.bz_1.1_159,2,"[None, None, None, None, None]","[0.52, 0.57, 0.53, 0.53, 0.54]",model_2_seed_000,,0.57,1,1,1
/home/prichter/Documents/banfield/betazoid/data/genes/colabfold/bz_1/orfm.bz_1.1_160,orfm.bz_1.1_160,2,"[None, None, None, None, None]","[0.47, 0.37, 0.48, 0.41, 0.45]",model_5_seed_000,,0.48,1,1,1
/home/prichter/Documents/banfield/betazoid/data/genes/colabfold/bz_1/orfm.bz_1.1_165,orfm.bz_1.1_165,2,"[None, None, None, None, None]","[0.34, 0.53, 0.34, 0.28, 0.35]",model_5_seed_000,,0.53,1,1,1
/home/prichter/Documents/banfield/betazoid/data/genes/colabfold/bz_1/orfm.bz_1.1_168,orfm.bz_1.1_168,2,"[None, None, None, None, None]","[0.25, 0.27, 0.21, 0.23, 0.14]",model_1_seed_000,,0.27,1,1,1
/home/prichter/Documents/banfield/betazoid/data/genes/colabfold/bz_1/orfm.bz_1.1_170,orfm.bz_1.1_170,9,"[None, None, None, None, None]","[0.42, 0.31, 0.4, 0.32, 0.41]",model_3_seed_000,,0.4,1,1,1
/home/prichter/Documents/banfield/betazoid/data/genes/colabfold/bz_1/orfm.bz_1.1_171,orfm.bz_1.1_171,2,"[None, None, None, None, None]","[0.04, 0.04, 0.04, 0.04, 0.04]",model_5_seed_000,,0.04,1,1,1
/home/prichter/Documents/banfield/betazoid/data/genes/colabfold/bz_1/orfm.bz_1.1_172,orfm.bz_1.1_172,2,"[None, None, None, None, None]","[0.47, 0.49, 0.47, 0.38, 0.41]",model_2_seed_000,,0.49,1,1,1
/home/prichter/Documents/banfield/betazoid/data/genes/colabfold/bz_1/orfm.bz_1.1_173,orfm.bz_1.1_173,2,"[None, None, None, None, None]","[0.28, 0.46, 0.38, 0.42, 0.41]",model_5_seed_000,,0.41,1,1,1
/home/prichter/Documents/banfield/betazoid/data/genes/colabfold/bz_1/orfm.bz_1.1_174,orfm.bz_1.1_174,2,"[None, None, None, None, None]","[0.5, 0.53, 0.55, 0.54, 0.53]",model_4_seed_000,,0.55,1,1,1
/home/prichter/Documents/banfield/betazoid/data/genes/colabfold/bz_1/orfm.bz_1.1_175,orfm.bz_1.1_175,2,"[None, None, None, None, None]","[0.3, 0.29, 0.26, 0.3, 0.31]",model_5_seed_000,,0.3,1,1,1
/home/prichter/Documents/banfield/betazoid/data/genes/colabfold/bz_1/orfm.bz_1.1_176,orfm.bz_1.1_176,2,"[None, None, None, None, None]","[0.34, 0.33, 0.35, 0.33, 0.37]",model_3_seed_000,,0.33,1,1,1
/home/prichter/Documents/banfield/betazoid/data/genes/colabfold/bz_1/orfm.bz_1.1_177,orfm.bz_1.1_177,2,"[None, None, None, None, None]","[0.38, 0.43, 0.39, 0.41, 0.43]",model_5_seed_000,,0.43,1,1,1
/home/prichter/Documents/banfield/betazoid/data/genes/colabfold/bz_1/orfm.bz_1.1_178,orfm.bz_1.1_178,2,"[None, None, None, None, None]","[0.31, 0.33, 0.35, 0.35, 0.34]",model_4_seed_000,,0.33,1,1,1
/home/prichter/Documents/banfield/betazoid/data/genes/colabfold/bz_1/orfm.bz_1.1_179,orfm.bz_1.1_179,2,"[None, None, None, None, None]","[0.55, 0.53, 0.55, 0.57, 0.6]",model_5_seed_000,,0.6,1,1,1
/home/prichter/Documents/banfield/betazoid/data/genes/colabfold/bz_1/orfm.bz_1.1_180,orfm.bz_1.1_180,2,"[None, None, None, None, None]","[0.49, 0.48, 0.47, 0.51, 0.44]",model_5_seed_000,,0.51,1,1,1
/home/prichter/Documents/banfield/betazoid/data/genes/colabfold/bz_1/orfm.bz_1.1_182,orfm.bz_1.1_182,2,"[None, None, None, None, None]","[0.17, 0.22, 0.32, 0.29, 0.29]",model_5_seed_000,,0.29,1,1,1
/home/prichter/Documents/banfield/betazoid/data/genes/colabfold/bz_1/orfm.bz_1.1_183,orfm.bz_1.1_183,2,"[None, None, None, None, None]","[0.39, 0.42, 0.4, 0.43, 0.44]",model_5_seed_000,,0.44,1,1,1
/home/prichter/Documents/banfield/betazoid/data/genes/colabfold/bz_1/orfm.bz_1.1_184,orfm.bz_1.1_184,4,"[None, None, None, None, None]","[0.71, 0.7, 0.72, 0.72, 0.7]",model_3_seed_000,,0.72,1,1,1
/home/prichter/Documents/banfield/betazoid/data/genes/colabfold/bz_1/orfm.bz_1.1_185,orfm.bz_1.1_185,2,"[None, None, None, None, None]","[0.35, 0.34, 0.37, 0.32, 0.33]",model_5_seed_000,,0.34,1,1,1
/home/prichter/Documents/banfield/betazoid/data/genes/colabfold/bz_1/orfm.bz_1.1_186,orfm.bz_1.1_186,2,"[None, None, None, None, None]","[0.41, 0.47, 0.49, 0.46, 0.47]",model_5_seed_000,,0.47,1,1,1
/home/prichter/Documents/banfield/betazoid/data/genes/colabfold/bz_1/orfm.bz_1.1_187,orfm.bz_1.1_187,2,"[None, None, None, None, None]","[0.41, 0.36, 0.34, 0.4, 0.35]",model_3_seed_000,,0.4,1,1,1
/home/prichter/Documents/banfield/betazoid/data/genes/colabfold/bz_1/orfm.bz_1.1_188,orfm.bz_1.1_188,2,"[None, None, None, None, None]","[0.35, 0.31, 0.33, 0.34, 0.34]",model_3_seed_000,,0.35,1,1,1
/home/prichter/Documents/banfield/betazoid/data/genes/colabfold/bz_2/orfm.bz_2.1_2,orfm.bz_2.1_2,2,"[None, None, None, None, None]","[0.29, 0.28, 0.25, 0.18, 0.32]",model_5_seed_000,,0.28,1,1,1
/home/prichter/Documents/banfield/betazoid/data/genes/colabfold/bz_2/orfm.bz_2.1_3,orfm.bz_2.1_3,2,"[None, None, None, None, None]","[0.44, 0.45, 0.44, 0.42, 0.42]",model_3_seed_000,,0.42,1,1,1
/home/prichter/Documents/banfield/betazoid/data/genes/colabfold/bz_2/orfm.bz_2.1_5,orfm.bz_2.1_5,2,"[None, None, None, None, None]","[0.5, 0.52, 0.49, 0.51, 0.45]",model_5_seed_000,,0.52,1,1,1
/home/prichter/Documents/banfield/betazoid/data/genes/colabfold/bz_2/orfm.bz_2.1_6,orfm.bz_2.1_6,2,"[None, None, None, None, None]","[0.5, 0.28, 0.26, 0.49, 0.35]",model_4_seed_000,,0.5,1,1,1
/home/prichter/Documents/banfield/betazoid/data/genes/colabfold/bz_2/orfm.bz_2.1_7,orfm.bz_2.1_7,2,"[None, None, None, None, None]","[0.38, 0.4, 0.39, 0.39, 0.34]",model_5_seed_000,,0.38,1,1,1
/home/prichter/Documents/banfield/betazoid/data/genes/colabfold/bz_2/orfm.bz_2.1_9,orfm.bz_2.1_9,2,"[None, None, None, None, None]","[0.49, 0.54, 0.56, 0.56, 0.53]",model_5_seed_000,,0.56,1,1,1
/home/prichter/Documents/banfield/betazoid/data/genes/colabfold/bz_2/orfm.bz_2.1_10,orfm.bz_2.1_10,2,"[None, None, None, None, None]","[0.27, 0.24, 0.28, 0.33, 0.26]",model_4_seed_000,,0.33,1,1,1
/home/prichter/Documents/banfield/betazoid/data/genes/colabfold/bz_2/orfm.bz_2.1_11,orfm.bz_2.1_11,2,"[None, None, None, None, None]","[0.47, 0.48, 0.4, 0.41, 0.46]",model_5_seed_000,,0.48,1,1,1
/home/prichter/Documents/banfield/betazoid/data/genes/colabfold/bz_2/orfm.bz_2.1_13,orfm.bz_2.1_13,9,"[None, None, None, None, None]","[0.41, 0.49, 0.45, 0.37, 0.39]",model_3_seed_000,,0.45,1,1,1
/home/prichter/Documents/banfield/betazoid/data/genes/colabfold/bz_2/orfm.bz_2.1_15,orfm.bz_2.1_15,2,"[None, None, None, None, None]","[0.05, 0.05, 0.05, 0.04, 0.05]",model_5_seed_000,,0.05,1,1,1
/home/prichter/Documents/banfield/betazoid/data/genes/colabfold/bz_2/orfm.bz_2.1_17,orfm.bz_2.1_17,2,"[None, None, None, None, None]","[0.2, 0.19, 0.21, 0.2, 0.2]",model_5_seed_000,,0.21,1,1,1
/home/prichter/Documents/banfield/betazoid/data/genes/colabfold/bz_2/orfm.bz_2.1_18,orfm.bz_2.1_18,2,"[None, None, None, None, None]","[0.33, 0.27, 0.23, 0.34, 0.24]",model_1_seed_000,,0.33,1,1,1
/home/prichter/Documents/banfield/betazoid/data/genes/colabfold/bz_2/orfm.bz_2.1_19,orfm.bz_2.1_19,2,"[None, None, None, None, None]","[0.46, 0.5, 0.52, 0.49, 0.48]",model_5_seed_000,,0.52,1,1,1
/home/prichter/Documents/banfield/betazoid/data/genes/colabfold/bz_2/orfm.bz_2.1_21,orfm.bz_2.1_21,2,"[None, None, None, None, None]","[0.39, 0.38, 0.4, 0.33, 0.38]",model_4_seed_000,,0.4,1,1,1
/home/prichter/Documents/banfield/betazoid/data/genes/colabfold/bz_2/orfm.bz_2.1_22,orfm.bz_2.1_22,20,"[None, None, None, None, None]","[0.85, 0.85, 0.85, 0.85, 0.85]",model_4_seed_000,,0.85,1,1,1
/home/prichter/Documents/banfield/betazoid/data/genes/colabfold/bz_2/orfm.bz_2.1_23,orfm.bz_2.1_23,2,"[None, None, None, None, None]","[0.34, 0.38, 0.35, 0.33, 0.32]",model_5_seed_000,,0.34,1,1,1
/home/prichter/Documents/banfield/betazoid/data/genes/colabfold/bz_2/orfm.bz_2.1_25,orfm.bz_2.1_25,2,"[None, None, None, None, None]","[0.53, 0.57, 0.56, 0.59, 0.57]",model_3_seed_000,,0.59,1,1,1
/home/prichter/Documents/banfield/betazoid/data/genes/colabfold/bz_2/orfm.bz_2.1_26,orfm.bz_2.1_26,2,"[None, None, None, None, None]","[0.49, 0.48, 0.47, 0.46, 0.48]",model_5_seed_000,,0.49,1,1,1
/home/prichter/Documents/banfield/betazoid/data/genes/colabfold/bz_2/orfm.bz_2.1_27,orfm.bz_2.1_27,2,"[None, None, None, None, None]","[0.38, 0.31, 0.38, 0.36, 0.33]",model_4_seed_000,,0.38,1,1,1
/home/prichter/Documents/banfield/betazoid/data/genes/colabfold/bz_2/orfm.bz_2.1_29,orfm.bz_2.1_29,2,"[None, None, None, None, None]","[0.05, 0.04, 0.05, 0.05, 0.04]",model_5_seed_000,,0.05,1,1,1
/home/prichter/Documents/banfield/betazoid/data/genes/colabfold/bz_2/orfm.bz_2.1_30,orfm.bz_2.1_30,760,"[None, None, None, None, None]","[0.59, 0.6, 0.61, 0.6, 0.68]",model_4_seed_000,,0.68,1,1,1
/home/prichter/Documents/banfield/betazoid/data/genes/colabfold/bz_2/orfm.bz_2.1_31,orfm.bz_2.1_31,2,"[None, None, None, None, None]","[0.42, 0.45, 0.46, 0.41, 0.42]",model_1_seed_000,,0.45,1,1,1
/home/prichter/Documents/banfield/betazoid/data/genes/colabfold/bz_2/orfm.bz_2.1_33,orfm.bz_2.1_33,2,"[None, None, None, None, None]","[0.46, 0.44, 0.42, 0.46, 0.44]",model_1_seed_000,,0.46,1,1,1
/home/prichter/Documents/banfield/betazoid/data/genes/colabfold/bz_2/orfm.bz_2.1_34,orfm.bz_2.1_34,2,"[None, None, None, None, None]","[0.24, 0.25, 0.25, 0.25, 0.25]",model_3_seed_000,,0.25,1,1,1
/home/prichter/Documents/banfield/betazoid/data/genes/colabfold/bz_2/orfm.bz_2.1_36,orfm.bz_2.1_36,2,"[None, None, None, None, None]","[0.46, 0.46, 0.44, 0.46, 0.46]",model_3_seed_000,,0.46,1,1,1
/home/prichter/Documents/banfield/betazoid/data/genes/colabfold/bz_2/orfm.bz_2.1_37,orfm.bz_2.1_37,2,"[None, None, None, None, None]","[0.37, 0.42, 0.39, 0.38, 0.4]",model_5_seed_000,,0.42,1,1,1
/home/prichter/Documents/banfield/betazoid/data/genes/colabfold/bz_2/orfm.bz_2.1_38,orfm.bz_2.1_38,4,"[None, None, None, None, None]","[0.29, 0.32, 0.26, 0.24, 0.3]",model_2_seed_000,,0.3,1,1,1
/home/prichter/Documents/banfield/betazoid/data/genes/colabfold/bz_2/orfm.bz_2.1_40,orfm.bz_2.1_40,2,"[None, None, None, None, None]","[0.47, 0.49, 0.48, 0.42, 0.46]",model_5_seed_000,,0.49,1,1,1
/home/prichter/Documents/banfield/betazoid/data/genes/colabfold/bz_2/orfm.bz_2.1_42,orfm.bz_2.1_42,2,"[None, None, None, None, None]","[0.42, 0.41, 0.41, 0.4, 0.43]",model_4_seed_000,,0.41,1,1,1
/home/prichter/Documents/banfield/betazoid/data/genes/colabfold/bz_2/orfm.bz_2.1_43,orfm.bz_2.1_43,2,"[None, None, None, None, None]","[0.24, 0.36, 0.28, 0.3, 0.34]",model_1_seed_000,,0.36,1,1,1
/home/prichter/Documents/banfield/betazoid/data/genes/colabfold/bz_2/orfm.bz_2.1_44,orfm.bz_2.1_44,2,"[None, None, None, None, None]","[0.38, 0.31, 0.28, 0.36, 0.32]",model_1_seed_000,,0.38,1,1,1
/home/prichter/Documents/banfield/betazoid/data/genes/colabfold/bz_2/orfm.bz_2.1_45,orfm.bz_2.1_45,2,"[None, None, None, None, None]","[0.45, 0.44, 0.44, 0.45, 0.43]",model_3_seed_000,,0.43,1,1,1
/home/prichter/Documents/banfield/betazoid/data/genes/colabfold/bz_2/orfm.bz_2.1_46,orfm.bz_2.1_46,2,"[None, None, None, None, None]","[0.36, 0.36, 0.31, 0.29, 0.28]",model_5_seed_000,,0.28,1,1,1
/home/prichter/Documents/banfield/betazoid/data/genes/colabfold/bz_2/orfm.bz_2.1_47,orfm.bz_2.1_47,2,"[None, None, None, None, None]","[0.37, 0.28, 0.35, 0.3, 0.37]",model_1_seed_000,,0.37,1,1,1
/home/prichter/Documents/banfield/betazoid/data/genes/colabfold/bz_2/orfm.bz_2.1_48,orfm.bz_2.1_48,2,"[None, None, None, None, None]","[0.04, 0.04, 0.04, 0.03, 0.03]",model_5_seed_000,,0.04,1,1,1
/home/prichter/Documents/banfield/betazoid/data/genes/colabfold/bz_2/orfm.bz_2.1_49,orfm.bz_2.1_49,2,"[None, None, None, None, None]","[0.24, 0.29, 0.34, 0.23, 0.27]",model_1_seed_000,,0.34,1,1,1
/home/prichter/Documents/banfield/betazoid/data/genes/colabfold/bz_2/orfm.bz_2.1_53,orfm.bz_2.1_53,2,"[None, None, None, None, None]","[0.39, 0.4, 0.38, 0.37, 0.39]",model_1_seed_000,,0.4,1,1,1
/home/prichter/Documents/banfield/betazoid/data/genes/colabfold/bz_2/orfm.bz_2.1_54,orfm.bz_2.1_54,2,"[None, None, None, None, None]","[0.43, 0.44, 0.44, 0.44, 0.4]",model_5_seed_000,,0.44,1,1,1
/home/prichter/Documents/banfield/betazoid/data/genes/colabfold/bz_2/orfm.bz_2.1_55,orfm.bz_2.1_55,11,"[None, None, None, None, None]","[0.34, 0.35, 0.33, 0.39, 0.36]",model_2_seed_000,,0.39,1,1,1
/home/prichter/Documents/banfield/betazoid/data/genes/colabfold/bz_2/orfm.bz_2.1_57,orfm.bz_2.1_57,2,"[None, None, None, None, None]","[0.52, 0.53, 0.51, 0.5, 0.52]",model_4_seed_000,,0.52,1,1,1
/home/prichter/Documents/banfield/betazoid/data/genes/colabfold/bz_2/orfm.bz_2.1_61,orfm.bz_2.1_61,2,"[None, None, None, None, None]","[0.57, 0.55, 0.52, 0.53, 0.55]",model_5_seed_000,,0.57,1,1,1
/home/prichter/Documents/banfield/betazoid/data/genes/colabfold/bz_2/orfm.bz_2.1_62,orfm.bz_2.1_62,2,"[None, None, None, None, None]","[0.04, 0.04, 0.04, 0.03, 0.04]",model_1_seed_000,,0.04,1,1,1
/home/prichter/Documents/banfield/betazoid/data/genes/colabfold/bz_2/orfm.bz_2.1_63,orfm.bz_2.1_63,2,"[None, None, None, None, None]","[0.03, 0.03, 0.03, 0.03, 0.03]",model_3_seed_000,,0.03,1,1,1
/home/prichter/Documents/banfield/betazoid/data/genes/colabfold/bz_2/orfm.bz_2.1_64,orfm.bz_2.1_64,2,"[None, None, None, None, None]","[0.39, 0.41, 0.4, 0.42, 0.41]",model_5_seed_000,,0.42,1,1,1
/home/prichter/Documents/banfield/betazoid/data/genes/colabfold/bz_2/orfm.bz_2.1_67,orfm.bz_2.1_67,9,"[None, None, None, None, None]","[0.22, 0.18, 0.22, 0.23, 0.21]",model_5_seed_000,,0.22,1,1,1
/home/prichter/Documents/banfield/betazoid/data/genes/colabfold/bz_2/orfm.bz_2.1_68,orfm.bz_2.1_68,2,"[None, None, None, None, None]","[0.47, 0.42, 0.43, 0.47, 0.4]",model_1_seed_000,,0.47,1,1,1
/home/prichter/Documents/banfield/betazoid/data/genes/colabfold/bz_2/orfm.bz_2.1_69,orfm.bz_2.1_69,2,"[None, None, None, None, None]","[0.44, 0.42, 0.48, 0.42, 0.39]",model_4_seed_000,,0.42,1,1,1
/home/prichter/Documents/banfield/betazoid/data/genes/colabfold/bz_2/orfm.bz_2.1_71,orfm.bz_2.1_71,2,"[None, None, None, None, None]","[0.32, 0.31, 0.32, 0.31, 0.32]",model_3_seed_000,,0.31,1,1,1
/home/prichter/Documents/banfield/betazoid/data/genes/colabfold/bz_2/orfm.bz_2.1_72,orfm.bz_2.1_72,8,"[None, None, None, None, None]","[0.38, 0.4, 0.41, 0.39, 0.38]",model_4_seed_000,,0.4,1,1,1
/home/prichter/Documents/banfield/betazoid/data/genes/colabfold/bz_2/orfm.bz_2.1_74,orfm.bz_2.1_74,2,"[None, None, None, None, None]","[0.5, 0.33, 0.34, 0.32, 0.45]",model_4_seed_000,,0.5,1,1,1
/home/prichter/Documents/banfield/betazoid/data/genes/colabfold/bz_2/orfm.bz_2.1_75,orfm.bz_2.1_75,2,"[None, None, None, None, None]","[0.28, 0.27, 0.26, 0.28, 0.27]",model_3_seed_000,,0.27,1,1,1
/home/prichter/Documents/banfield/betazoid/data/genes/colabfold/bz_2/orfm.bz_2.1_76,orfm.bz_2.1_76,2,"[None, None, None, None, None]","[0.44, 0.38, 0.42, 0.41, 0.43]",model_5_seed_000,,0.43,1,1,1
/home/prichter/Documents/banfield/betazoid/data/genes/colabfold/bz_2/orfm.bz_2.1_77,orfm.bz_2.1_77,2,"[None, None, None, None, None]","[0.19, 0.16, 0.19, 0.16, 0.19]",model_1_seed_000,,0.19,1,1,1
/home/prichter/Documents/banfield/betazoid/data/genes/colabfold/bz_2/orfm.bz_2.1_79,orfm.bz_2.1_79,2,"[None, None, None, None, None]","[0.33, 0.24, 0.28, 0.28, 0.33]",model_1_seed_000,,0.28,1,1,1
/home/prichter/Documents/banfield/betazoid/data/genes/colabfold/bz_2/orfm.bz_2.1_80,orfm.bz_2.1_80,2,"[None, None, None, None, None]","[0.19, 0.19, 0.19, 0.19, 0.2]",model_1_seed_000,,0.2,1,1,1
/home/prichter/Documents/banfield/betazoid/data/genes/colabfold/bz_2/orfm.bz_2.1_81,orfm.bz_2.1_81,2,"[None, None, None, None, None]","[0.46, 0.52, 0.54, 0.49, 0.44]",model_5_seed_000,,0.54,1,1,1
/home/prichter/Documents/banfield/betazoid/data/genes/colabfold/bz_2/orfm.bz_2.1_82,orfm.bz_2.1_82,2,"[None, None, None, None, None]","[0.16, 0.13, 0.12, 0.11, 0.11]",model_3_seed_000,,0.11,1,1,1
/home/prichter/Documents/banfield/betazoid/data/genes/colabfold/bz_2/orfm.bz_2.1_83,orfm.bz_2.1_83,2,"[None, None, None, None, None]","[0.16, 0.16, 0.16, 0.16, 0.17]",model_3_seed_000,,0.17,1,1,1
/home/prichter/Documents/banfield/betazoid/data/genes/colabfold/bz_2/orfm.bz_2.1_84,orfm.bz_2.1_84,2,"[None, None, None, None, None]","[0.18, 0.17, 0.22, 0.25, 0.24]",model_1_seed_000,,0.25,1,1,1
/home/prichter/Documents/banfield/betazoid/data/genes/colabfold/bz_2/orfm.bz_2.1_85,orfm.bz_2.1_85,2,"[None, None, None, None, None]","[0.47, 0.49, 0.47, 0.5, 0.49]",model_5_seed_000,,0.49,1,1,1
/home/prichter/Documents/banfield/betazoid/data/genes/colabfold/bz_2/orfm.bz_2.1_87,orfm.bz_2.1_87,1132,"[None, None, None, None, None]","[0.27, 0.28, 0.24, 0.32, 0.28]",model_5_seed_000,,0.28,1,1,1
/home/prichter/Documents/banfield/betazoid/data/genes/colabfold/bz_2/orfm.bz_2.1_88,orfm.bz_2.1_88,2,"[None, None, None, None, None]","[0.05, 0.04, 0.05, 0.04, 0.05]",model_5_seed_000,,0.05,1,1,1
/home/prichter/Documents/banfield/betazoid/data/genes/colabfold/bz_2/orfm.bz_2.1_90,orfm.bz_2.1_90,2,"[None, None, None, None, None]","[0.6, 0.54, 0.58, 0.57, 0.56]",model_5_seed_000,,0.6,1,1,1
/home/prichter/Documents/banfield/betazoid/data/genes/colabfold/bz_2/orfm.bz_2.1_92,orfm.bz_2.1_92,2,"[None, None, None, None, None]","[0.3, 0.28, 0.27, 0.28, 0.29]",model_1_seed_000,,0.29,1,1,1
/home/prichter/Documents/banfield/betazoid/data/genes/colabfold/bz_2/orfm.bz_2.1_93,orfm.bz_2.1_93,2,"[None, None, None, None, None]","[0.33, 0.3, 0.33, 0.27, 0.28]",model_5_seed_000,,0.33,1,1,1
/home/prichter/Documents/banfield/betazoid/data/genes/colabfold/bz_2/orfm.bz_2.1_95,orfm.bz_2.1_95,2,"[None, None, None, None, None]","[0.32, 0.37, 0.32, 0.34, 0.32]",model_4_seed_000,,0.32,1,1,1
/home/prichter/Documents/banfield/betazoid/data/genes/colabfold/bz_2/orfm.bz_2.1_96,orfm.bz_2.1_96,2,"[None, None, None, None, None]","[0.42, 0.36, 0.36, 0.4, 0.41]",model_5_seed_000,,0.36,1,1,1
/home/prichter/Documents/banfield/betazoid/data/genes/colabfold/bz_2/orfm.bz_2.1_97,orfm.bz_2.1_97,2,"[None, None, None, None, None]","[0.32, 0.31, 0.33, 0.31, 0.33]",model_3_seed_000,,0.31,1,1,1
/home/prichter/Documents/banfield/betazoid/data/genes/colabfold/bz_2/orfm.bz_2.1_103,orfm.bz_2.1_103,2,"[None, None, None, None, None]","[0.56, 0.55, 0.56, 0.55, 0.55]",model_3_seed_000,,0.55,1,1,1
/home/prichter/Documents/banfield/betazoid/data/genes/colabfold/bz_2/orfm.bz_2.1_105,orfm.bz_2.1_105,2,"[None, None, None, None, None]","[0.03, 0.04, 0.04, 0.04, 0.04]",model_5_seed_000,,0.04,1,1,1
/home/prichter/Documents/banfield/betazoid/data/genes/colabfold/bz_2/orfm.bz_2.1_106,orfm.bz_2.1_106,2,"[None, None, None, None, None]","[0.51, 0.49, 0.5, 0.54, 0.53]",model_3_seed_000,,0.51,1,1,1
/home/prichter/Documents/banfield/betazoid/data/genes/colabfold/bz_2/orfm.bz_2.1_107,orfm.bz_2.1_107,2,"[None, None, None, None, None]","[0.03, 0.03, 0.04, 0.03, 0.04]",model_3_seed_000,,0.03,1,1,1
/home/prichter/Documents/banfield/betazoid/data/genes/colabfold/bz_2/orfm.bz_2.1_109,orfm.bz_2.1_109,2,"[None, None, None, None, None]","[0.03, 0.03, 0.03, 0.03, 0.03]",model_3_seed_000,,0.03,1,1,1
/home/prichter/Documents/banfield/betazoid/data/genes/colabfold/bz_2/orfm.bz_2.1_112,orfm.bz_2.1_112,1613,"[None, None, None, None, None]","[0.87, 0.89, 0.89, 0.88, 0.87]",model_3_seed_000,,0.89,1,1,1
/home/prichter/Documents/banfield/betazoid/data/genes/colabfold/bz_2/orfm.bz_2.1_113,orfm.bz_2.1_113,2,"[None, None, None, None, None]","[0.48, 0.48, 0.47, 0.42, 0.45]",model_1_seed_000,,0.48,1,1,1
/home/prichter/Documents/banfield/betazoid/data/genes/colabfold/bz_2/orfm.bz_2.1_115,orfm.bz_2.1_115,2,"[None, None, None, None, None]","[0.5, 0.59, 0.57, 0.57, 0.58]",model_4_seed_000,,0.59,1,1,1
/home/prichter/Documents/banfield/betazoid/data/genes/colabfold/bz_2/orfm.bz_2.1_117,orfm.bz_2.1_117,2,"[None, None, None, None, None]","[0.22, 0.22, 0.23, 0.22, 0.25]",model_3_seed_000,,0.22,1,1,1
/home/prichter/Documents/banfield/betazoid/data/genes/colabfold/bz_2/orfm.bz_2.1_120,orfm.bz_2.1_120,2,"[None, None, None, None, None]","[0.29, 0.37, 0.32, 0.31, 0.28]",model_2_seed_000,,0.37,1,1,1
/home/prichter/Documents/banfield/betazoid/data/genes/colabfold/bz_2/orfm.bz_2.1_122,orfm.bz_2.1_122,2,"[None, None, None, None, None]","[0.47, 0.5, 0.5, 0.49, 0.5]",model_5_seed_000,,0.5,1,1,1
/home/prichter/Documents/banfield/betazoid/data/genes/colabfold/bz_2/orfm.bz_2.1_124,orfm.bz_2.1_124,4,"[None, None, None, None, None]","[0.27, 0.31, 0.34, 0.25, 0.33]",model_1_seed_000,,0.34,1,1,1
/home/prichter/Documents/banfield/betazoid/data/genes/colabfold/bz_2/orfm.bz_2.1_125,orfm.bz_2.1_125,2,"[None, None, None, None, None]","[0.5, 0.46, 0.46, 0.45, 0.46]",model_5_seed_000,,0.5,1,1,1
/home/prichter/Documents/banfield/betazoid/data/genes/colabfold/bz_2/orfm.bz_2.1_126,orfm.bz_2.1_126,2,"[None, None, None, None, None]","[0.37, 0.38, 0.39, 0.39, 0.42]",model_4_seed_000,,0.38,1,1,1
/home/prichter/Documents/banfield/betazoid/data/genes/colabfold/bz_2/orfm.bz_2.1_127,orfm.bz_2.1_127,2,"[None, None, None, None, None]","[0.48, 0.53, 0.44, 0.45, 0.51]",model_5_seed_000,,0.53,1,1,1
/home/prichter/Documents/banfield/betazoid/data/genes/colabfold/bz_2/orfm.bz_2.1_128,orfm.bz_2.1_128,2,"[None, None, None, None, None]","[0.3, 0.32, 0.43, 0.33, 0.28]",model_3_seed_000,,0.43,1,1,1
/home/prichter/Documents/banfield/betazoid/data/genes/colabfold/bz_2/orfm.bz_2.1_129,orfm.bz_2.1_129,2,"[None, None, None, None, None]","[0.28, 0.28, 0.27, 0.29, 0.29]",model_5_seed_000,,0.29,1,1,1
/home/prichter/Documents/banfield/betazoid/data/genes/colabfold/bz_2/orfm.bz_2.1_130,orfm.bz_2.1_130,2,"[None, None, None, None, None]","[0.32, 0.34, 0.34, 0.3, 0.32]",model_5_seed_000,,0.34,1,1,1
/home/prichter/Documents/banfield/betazoid/data/genes/colabfold/bz_2/orfm.bz_2.1_132,orfm.bz_2.1_132,2,"[None, None, None, None, None]","[0.19, 0.26, 0.27, 0.26, 0.28]",model_3_seed_000,,0.26,1,1,1
/home/prichter/Documents/banfield/betazoid/data/genes/colabfold/bz_2/orfm.bz_2.1_133,orfm.bz_2.1_133,2,"[None, None, None, None, None]","[0.45, 0.42, 0.41, 0.44, 0.44]",model_3_seed_000,,0.42,1,1,1
/home/prichter/Documents/banfield/betazoid/data/genes/colabfold/bz_2/orfm.bz_2.1_134,orfm.bz_2.1_134,2,"[None, None, None, None, None]","[0.27, 0.36, 0.37, 0.38, 0.33]",model_1_seed_000,,0.37,1,1,1
/home/prichter/Documents/banfield/betazoid/data/genes/colabfold/bz_2/orfm.bz_2.1_136,orfm.bz_2.1_136,2,"[None, None, None, None, None]","[0.35, 0.33, 0.39, 0.32, 0.3]",model_2_seed_000,,0.39,1,1,1
/home/prichter/Documents/banfield/betazoid/data/genes/colabfold/bz_2/orfm.bz_2.1_137,orfm.bz_2.1_137,2,"[None, None, None, None, None]","[0.54, 0.52, 0.58, 0.51, 0.46]",model_5_seed_000,,0.58,1,1,1
/home/prichter/Documents/banfield/betazoid/data/genes/colabfold/bz_2/orfm.bz_2.1_138,orfm.bz_2.1_138,78,"[None, None, None, None, None]","[0.74, 0.74, 0.73, 0.74, 0.74]",model_2_seed_000,,0.74,1,1,1
/home/prichter/Documents/banfield/betazoid/data/genes/colabfold/bz_2/orfm.bz_2.1_139,orfm.bz_2.1_139,2,"[None, None, None, None, None]","[0.41, 0.38, 0.44, 0.42, 0.43]",model_1_seed_000,,0.44,1,1,1
/home/prichter/Documents/banfield/betazoid/data/genes/colabfold/bz_2/orfm.bz_2.1_140,orfm.bz_2.1_140,2,"[None, None, None, None, None]","[0.46, 0.48, 0.33, 0.39, 0.46]",model_1_seed_000,,0.48,1,1,1
/home/prichter/Documents/banfield/betazoid/data/genes/colabfold/bz_2/orfm.bz_2.1_141,orfm.bz_2.1_141,2,"[None, None, None, None, None]","[0.43, 0.46, 0.46, 0.52, 0.54]",model_4_seed_000,,0.52,1,1,1
/home/prichter/Documents/banfield/betazoid/data/genes/colabfold/bz_2/orfm.bz_2.1_142,orfm.bz_2.1_142,2,"[None, None, None, None, None]","[0.66, 0.66, 0.66, 0.66, 0.66]",model_1_seed_000,,0.66,1,1,1
/home/prichter/Documents/banfield/betazoid/data/genes/colabfold/bz_2/orfm.bz_2.1_143,orfm.bz_2.1_143,2,"[None, None, None, None, None]","[0.35, 0.35, 0.33, 0.32, 0.34]",model_3_seed_000,,0.33,1,1,1
/home/prichter/Documents/banfield/betazoid/data/genes/colabfold/bz_2/orfm.bz_2.1_144,orfm.bz_2.1_144,2,"[None, None, None, None, None]","[0.26, 0.2, 0.28, 0.24, 0.27]",model_5_seed_000,,0.28,1,1,1
/home/prichter/Documents/banfield/betazoid/data/genes/colabfold/bz_2/orfm.bz_2.1_145,orfm.bz_2.1_145,2,"[None, None, None, None, None]","[0.12, 0.11, 0.12, 0.12, 0.11]",model_1_seed_000,,0.12,1,1,1
/home/prichter/Documents/banfield/betazoid/data/genes/colabfold/bz_2/orfm.bz_2.1_146,orfm.bz_2.1_146,2,"[None, None, None, None, None]","[0.21, 0.2, 0.2, 0.21, 0.22]",model_2_seed_000,,0.22,1,1,1
/home/prichter/Documents/banfield/betazoid/data/genes/colabfold/bz_2/orfm.bz_2.1_147,orfm.bz_2.1_147,2,"[None, None, None, None, None]","[0.39, 0.41, 0.37, 0.45, 0.33]",model_2_seed_000,,0.45,1,1,1
/home/prichter/Documents/banfield/betazoid/data/genes/colabfold/bz_2/orfm.bz_2.1_149,orfm.bz_2.1_149,2,"[None, None, None, None, None]","[0.15, 0.13, 0.15, 0.16, 0.17]",model_3_seed_000,,0.15,1,1,1
/home/prichter/Documents/banfield/betazoid/data/genes/colabfold/bz_2/orfm.bz_2.1_150,orfm.bz_2.1_150,2,"[None, None, None, None, None]","[0.45, 0.43, 0.4, 0.43, 0.43]",model_3_seed_000,,0.43,1,1,1
/home/prichter/Documents/banfield/betazoid/data/genes/colabfold/bz_2/orfm.bz_2.1_151,orfm.bz_2.1_151,2,"[None, None, None, None, None]","[0.31, 0.37, 0.45, 0.44, 0.27]",model_1_seed_000,,0.45,1,1,1
/home/prichter/Documents/banfield/betazoid/data/genes/colabfold/bz_2/orfm.bz_2.1_152,orfm.bz_2.1_152,2,"[None, None, None, None, None]","[0.39, 0.35, 0.37, 0.37, 0.36]",model_5_seed_000,,0.37,1,1,1
/home/prichter/Documents/banfield/betazoid/data/genes/colabfold/bz_2/orfm.bz_2.1_153,orfm.bz_2.1_153,2,"[None, None, None, None, None]","[0.15, 0.21, 0.2, 0.21, 0.2]",model_5_seed_000,,0.21,1,1,1
/home/prichter/Documents/banfield/betazoid/data/genes/colabfold/bz_2/orfm.bz_2.1_154,orfm.bz_2.1_154,2047,"[None, None, None, None, None]","[0.59, 0.59, 0.62, 0.59, 0.55]",model_5_seed_000,,0.62,1,1,1
/home/prichter/Documents/banfield/betazoid/data/genes/colabfold/bz_2/orfm.bz_2.1_155,orfm.bz_2.1_155,2,"[None, None, None, None, None]","[0.03, 0.03, 0.03, 0.03, 0.03]",model_3_seed_000,,0.03,1,1,1
/home/prichter/Documents/banfield/betazoid/data/genes/colabfold/bz_2/orfm.bz_2.1_156,orfm.bz_2.1_156,2,"[None, None, None, None, None]","[0.16, 0.16, 0.17, 0.15, 0.16]",model_1_seed_000,,0.16,1,1,1
/home/prichter/Documents/banfield/betazoid/data/genes/colabfold/bz_2/orfm.bz_2.1_157,orfm.bz_2.1_157,2,"[None, None, None, None, None]","[0.28, 0.22, 0.26, 0.25, 0.2]",model_1_seed_000,,0.25,1,1,1
/home/prichter/Documents/banfield/betazoid/data/genes/colabfold/bz_2/orfm.bz_2.1_158,orfm.bz_2.1_158,2,"[None, None, None, None, None]","[0.53, 0.57, 0.58, 0.6, 0.56]",model_5_seed_000,,0.6,1,1,1
/home/prichter/Documents/banfield/betazoid/data/genes/colabfold/bz_2/orfm.bz_2.1_159,orfm.bz_2.1_159,2,"[None, None, None, None, None]","[0.13, 0.07, 0.06, 0.07, 0.07]",model_1_seed_000,,0.13,1,1,1
/home/prichter/Documents/banfield/betazoid/data/genes/colabfold/bz_2/orfm.bz_2.1_160,orfm.bz_2.1_160,2,"[None, None, None, None, None]","[0.27, 0.26, 0.28, 0.28, 0.28]",model_2_seed_000,,0.28,1,1,1
/home/prichter/Documents/banfield/betazoid/data/genes/colabfold/bz_2/orfm.bz_2.1_161,orfm.bz_2.1_161,2,"[None, None, None, None, None]","[0.46, 0.44, 0.43, 0.49, 0.41]",model_2_seed_000,,0.49,1,1,1
/home/prichter/Documents/banfield/betazoid/data/genes/colabfold/bz_2/orfm.bz_2.1_163,orfm.bz_2.1_163,2,"[None, None, None, None, None]","[0.41, 0.43, 0.46, 0.42, 0.43]",model_5_seed_000,,0.46,1,1,1
/home/prichter/Documents/banfield/betazoid/data/genes/colabfold/bz_2/orfm.bz_2.1_164,orfm.bz_2.1_164,2,"[None, None, None, None, None]","[0.22, 0.34, 0.31, 0.25, 0.35]",model_1_seed_000,,0.34,1,1,1
/home/prichter/Documents/banfield/betazoid/data/genes/colabfold/bz_3/orfm.bz_3.1_3,orfm.bz_3.1_3,2,"[None, None, None, None, None]","[0.03, 0.03, 0.03, 0.04, 0.03]",model_3_seed_000,,0.03,1,1,1
/home/prichter/Documents/banfield/betazoid/data/genes/colabfold/bz_3/orfm.bz_3.1_4,orfm.bz_3.1_4,2,"[None, None, None, None, None]","[0.3, 0.28, 0.27, 0.28, 0.29]",model_1_seed_000,,0.3,1,1,1
/home/prichter/Documents/banfield/betazoid/data/genes/colabfold/bz_3/orfm.bz_3.1_6,orfm.bz_3.1_6,2,"[None, None, None, None, None]","[0.27, 0.29, 0.33, 0.28, 0.31]",model_1_seed_000,,0.33,1,1,1
/home/prichter/Documents/banfield/betazoid/data/genes/colabfold/bz_3/orfm.bz_3.1_7,orfm.bz_3.1_7,2,"[None, None, None, None, None]","[0.34, 0.41, 0.4, 0.41, 0.42]",model_5_seed_000,,0.42,1,1,1
/home/prichter/Documents/banfield/betazoid/data/genes/colabfold/bz_3/orfm.bz_3.1_8,orfm.bz_3.1_8,2,"[None, None, None, None, None]","[0.21, 0.21, 0.21, 0.21, 0.2]",model_4_seed_000,,0.21,1,1,1
/home/prichter/Documents/banfield/betazoid/data/genes/colabfold/bz_3/orfm.bz_3.1_9,orfm.bz_3.1_9,2,"[None, None, None, None, None]","[0.07, 0.08, 0.05, 0.06, 0.06]",model_5_seed_000,,0.08,1,1,1
/home/prichter/Documents/banfield/betazoid/data/genes/colabfold/bz_3/orfm.bz_3.1_11,orfm.bz_3.1_11,2,"[None, None, None, None, None]","[0.45, 0.41, 0.46, 0.45, 0.39]",model_5_seed_000,,0.45,1,1,1
/home/prichter/Documents/banfield/betazoid/data/genes/colabfold/bz_3/orfm.bz_3.1_12,orfm.bz_3.1_12,2,"[None, None, None, None, None]","[0.37, 0.41, 0.37, 0.38, 0.4]",model_3_seed_000,,0.37,1,1,1
/home/prichter/Documents/banfield/betazoid/data/genes/colabfold/bz_3/orfm.bz_3.1_13,orfm.bz_3.1_13,2,"[None, None, None, None, None]","[0.43, 0.47, 0.45, 0.4, 0.44]",model_5_seed_000,,0.47,1,1,1
/home/prichter/Documents/banfield/betazoid/data/genes/colabfold/bz_3/orfm.bz_3.1_14,orfm.bz_3.1_14,2,"[None, None, None, None, None]","[0.39, 0.39, 0.35, 0.38, 0.38]",model_4_seed_000,,0.38,1,1,1
/home/prichter/Documents/banfield/betazoid/data/genes/colabfold/bz_3/orfm.bz_3.1_16,orfm.bz_3.1_16,2,"[None, None, None, None, None]","[0.41, 0.42, 0.42, 0.41, 0.42]",model_5_seed_000,,0.41,1,1,1
/home/prichter/Documents/banfield/betazoid/data/genes/colabfold/bz_3/orfm.bz_3.1_17,orfm.bz_3.1_17,2,"[None, None, None, None, None]","[0.46, 0.42, 0.47, 0.48, 0.47]",model_5_seed_000,,0.48,1,1,1
/home/prichter/Documents/banfield/betazoid/data/genes/colabfold/bz_3/orfm.bz_3.1_18,orfm.bz_3.1_18,2,"[None, None, None, None, None]","[0.49, 0.51, 0.48, 0.49, 0.53]",model_5_seed_000,,0.53,1,1,1
/home/prichter/Documents/banfield/betazoid/data/genes/colabfold/bz_3/orfm.bz_3.1_19,orfm.bz_3.1_19,2,"[None, None, None, None, None]","[0.38, 0.35, 0.39, 0.4, 0.37]",model_3_seed_000,,0.37,1,1,1
/home/prichter/Documents/banfield/betazoid/data/genes/colabfold/bz_3/orfm.bz_3.1_20,orfm.bz_3.1_20,2,"[None, None, None, None, None]","[0.04, 0.04, 0.04, 0.04, 0.04]",model_5_seed_000,,0.04,1,1,1
/home/prichter/Documents/banfield/betazoid/data/genes/colabfold/bz_3/orfm.bz_3.1_21,orfm.bz_3.1_21,2,"[None, None, None, None, None]","[0.44, 0.46, 0.46, 0.64, 0.46]",model_5_seed_000,,0.64,1,1,1
/home/prichter/Documents/banfield/betazoid/data/genes/colabfold/bz_3/orfm.bz_3.1_23,orfm.bz_3.1_23,2,"[None, None, None, None, None]","[0.44, 0.48, 0.45, 0.44, 0.48]",model_3_seed_000,,0.48,1,1,1
/home/prichter/Documents/banfield/betazoid/data/genes/colabfold/bz_3/orfm.bz_3.1_24,orfm.bz_3.1_24,2,"[None, None, None, None, None]","[0.3, 0.28, 0.29, 0.29, 0.27]",model_3_seed_000,,0.29,1,1,1
/home/prichter/Documents/banfield/betazoid/data/genes/colabfold/bz_3/orfm.bz_3.1_25,orfm.bz_3.1_25,17,"[None, None, None, None, None]","[0.28, 0.33, 0.34, 0.29, 0.17]",model_3_seed_000,,0.34,1,1,1
/home/prichter/Documents/banfield/betazoid/data/genes/colabfold/bz_3/orfm.bz_3.1_26,orfm.bz_3.1_26,2,"[None, None, None, None, None]","[0.1, 0.09, 0.1, 0.11, 0.25]",model_4_seed_000,,0.25,1,1,1
/home/prichter/Documents/banfield/betazoid/data/genes/colabfold/bz_3/orfm.bz_3.1_27,orfm.bz_3.1_27,2,"[None, None, None, None, None]","[0.27, 0.29, 0.31, 0.29, 0.27]",model_1_seed_000,,0.29,1,1,1
/home/prichter/Documents/banfield/betazoid/data/genes/colabfold/bz_3/orfm.bz_3.1_28,orfm.bz_3.1_28,2,"[None, None, None, None, None]","[0.3, 0.36, 0.34, 0.35, 0.32]",model_4_seed_000,,0.32,1,1,1
/home/prichter/Documents/banfield/betazoid/data/genes/colabfold/bz_3/orfm.bz_3.1_33,orfm.bz_3.1_33,9,"[None, None, None, None, None]","[0.44, 0.4, 0.4, 0.41, 0.43]",model_1_seed_000,,0.44,1,1,1
/home/prichter/Documents/banfield/betazoid/data/genes/colabfold/bz_3/orfm.bz_3.1_35,orfm.bz_3.1_35,2,"[None, None, None, None, None]","[0.44, 0.44, 0.2, 0.24, 0.4]",model_3_seed_000,,0.44,1,1,1
/home/prichter/Documents/banfield/betazoid/data/genes/colabfold/bz_3/orfm.bz_3.1_37,orfm.bz_3.1_37,2,"[None, None, None, None, None]","[0.58, 0.54, 0.54, 0.47, 0.58]",model_4_seed_000,,0.47,1,1,1
/home/prichter/Documents/banfield/betazoid/data/genes/colabfold/bz_3/orfm.bz_3.1_39,orfm.bz_3.1_39,2,"[None, None, None, None, None]","[0.27, 0.27, 0.26, 0.28, 0.3]",model_5_seed_000,,0.3,1,1,1
/home/prichter/Documents/banfield/betazoid/data/genes/colabfold/bz_3/orfm.bz_3.1_40,orfm.bz_3.1_40,2,"[None, None, None, None, None]","[0.57, 0.57, 0.57, 0.53, 0.59]",model_5_seed_000,,0.59,1,1,1
/home/prichter/Documents/banfield/betazoid/data/genes/colabfold/bz_3/orfm.bz_3.1_43,orfm.bz_3.1_43,16,"[None, None, None, None, None]","[0.84, 0.86, 0.84, 0.84, 0.83]",model_4_seed_000,,0.86,1,1,1
/home/prichter/Documents/banfield/betazoid/data/genes/colabfold/bz_3/orfm.bz_3.1_44,orfm.bz_3.1_44,2,"[None, None, None, None, None]","[0.33, 0.32, 0.34, 0.34, 0.34]",model_4_seed_000,,0.33,1,1,1
/home/prichter/Documents/banfield/betazoid/data/genes/colabfold/bz_3/orfm.bz_3.1_45,orfm.bz_3.1_45,2,"[None, None, None, None, None]","[0.28, 0.27, 0.31, 0.31, 0.33]",model_4_seed_000,,0.31,1,1,1
/home/prichter/Documents/banfield/betazoid/data/genes/colabfold/bz_3/orfm.bz_3.1_46,orfm.bz_3.1_46,2,"[None, None, None, None, None]","[0.41, 0.37, 0.38, 0.42, 0.39]",model_3_seed_000,,0.42,1,1,1
/home/prichter/Documents/banfield/betazoid/data/genes/colabfold/bz_3/orfm.bz_3.1_48,orfm.bz_3.1_48,2,"[None, None, None, None, None]","[0.23, 0.27, 0.19, 0.24, 0.24]",model_3_seed_000,,0.24,1,1,1
/home/prichter/Documents/banfield/betazoid/data/genes/colabfold/bz_3/orfm.bz_3.1_50,orfm.bz_3.1_50,5,"[None, None, None, None, None]","[0.34, 0.51, 0.24, 0.31, 0.35]",model_3_seed_000,,0.51,1,1,1
/home/prichter/Documents/banfield/betazoid/data/genes/colabfold/bz_3/orfm.bz_3.1_53,orfm.bz_3.1_53,2,"[None, None, None, None, None]","[0.34, 0.38, 0.35, 0.39, 0.32]",model_5_seed_000,,0.39,1,1,1
/home/prichter/Documents/banfield/betazoid/data/genes/colabfold/bz_3/orfm.bz_3.1_54,orfm.bz_3.1_54,2,"[None, None, None, None, None]","[0.4, 0.43, 0.43, 0.44, 0.39]",model_3_seed_000,,0.43,1,1,1
/home/prichter/Documents/banfield/betazoid/data/genes/colabfold/bz_3/orfm.bz_3.1_56,orfm.bz_3.1_56,8,"[None, None, None, None, None]","[0.44, 0.4, 0.43, 0.4, 0.38]",model_2_seed_000,,0.43,1,1,1
/home/prichter/Documents/banfield/betazoid/data/genes/colabfold/bz_3/orfm.bz_3.1_59,orfm.bz_3.1_59,2,"[None, None, None, None, None]","[0.36, 0.38, 0.4, 0.44, 0.44]",model_1_seed_000,,0.44,1,1,1
/home/prichter/Documents/banfield/betazoid/data/genes/colabfold/bz_3/orfm.bz_3.1_60,orfm.bz_3.1_60,2,"[None, None, None, None, None]","[0.33, 0.35, 0.31, 0.31, 0.44]",model_1_seed_000,,0.44,1,1,1
/home/prichter/Documents/banfield/betazoid/data/genes/colabfold/bz_3/orfm.bz_3.1_62,orfm.bz_3.1_62,2,"[None, None, None, None, None]","[0.41, 0.44, 0.47, 0.43, 0.45]",model_5_seed_000,,0.47,1,1,1
/home/prichter/Documents/banfield/betazoid/data/genes/colabfold/bz_3/orfm.bz_3.1_64,orfm.bz_3.1_64,2,"[None, None, None, None, None]","[0.36, 0.4, 0.41, 0.32, 0.41]",model_1_seed_000,,0.41,1,1,1
/home/prichter/Documents/banfield/betazoid/data/genes/colabfold/bz_3/orfm.bz_3.1_65,orfm.bz_3.1_65,16,"[None, None, None, None, None]","[0.37, 0.49, 0.36, 0.35, 0.47]",model_3_seed_000,,0.49,1,1,1
/home/prichter/Documents/banfield/betazoid/data/genes/colabfold/bz_3/orfm.bz_3.1_66,orfm.bz_3.1_66,2,"[None, None, None, None, None]","[0.48, 0.49, 0.49, 0.46, 0.54]",model_5_seed_000,,0.54,1,1,1
/home/prichter/Documents/banfield/betazoid/data/genes/colabfold/bz_3/orfm.bz_3.1_67,orfm.bz_3.1_67,2,"[None, None, None, None, None]","[0.46, 0.45, 0.44, 0.48, 0.46]",model_1_seed_000,,0.46,1,1,1
/home/prichter/Documents/banfield/betazoid/data/genes/colabfold/bz_3/orfm.bz_3.1_68,orfm.bz_3.1_68,2,"[None, None, None, None, None]","[0.47, 0.3, 0.29, 0.25, 0.33]",model_3_seed_000,,0.47,1,1,1
/home/prichter/Documents/banfield/betazoid/data/genes/colabfold/bz_3/orfm.bz_3.1_69,orfm.bz_3.1_69,2,"[None, None, None, None, None]","[0.4, 0.41, 0.4, 0.39, 0.36]",model_5_seed_000,,0.4,1,1,1
/home/prichter/Documents/banfield/betazoid/data/genes/colabfold/bz_3/orfm.bz_3.1_70,orfm.bz_3.1_70,2,"[None, None, None, None, None]","[0.04, 0.04, 0.04, 0.04, 0.04]",model_5_seed_000,,0.04,1,1,1
/home/prichter/Documents/banfield/betazoid/data/genes/colabfold/bz_3/orfm.bz_3.1_71,orfm.bz_3.1_71,2,"[None, None, None, None, None]","[0.36, 0.4, 0.37, 0.33, 0.44]",model_2_seed_000,,0.44,1,1,1
/home/prichter/Documents/banfield/betazoid/data/genes/colabfold/bz_3/orfm.bz_3.1_73,orfm.bz_3.1_73,2,"[None, None, None, None, None]","[0.08, 0.11, 0.07, 0.08, 0.09]",model_1_seed_000,,0.11,1,1,1
/home/prichter/Documents/banfield/betazoid/data/genes/colabfold/bz_3/orfm.bz_3.1_74,orfm.bz_3.1_74,2,"[None, None, None, None, None]","[0.39, 0.38, 0.32, 0.4, 0.35]",model_5_seed_000,,0.4,1,1,1
/home/prichter/Documents/banfield/betazoid/data/genes/colabfold/bz_3/orfm.bz_3.1_77,orfm.bz_3.1_77,25,"[None, None, None, None, None]","[0.23, 0.22, 0.25, 0.21, 0.22]",model_3_seed_000,,0.22,1,1,1
/home/prichter/Documents/banfield/betazoid/data/genes/colabfold/bz_3/orfm.bz_3.1_79,orfm.bz_3.1_79,2,"[None, None, None, None, None]","[0.34, 0.35, 0.34, 0.29, 0.34]",model_3_seed_000,,0.35,1,1,1
/home/prichter/Documents/banfield/betazoid/data/genes/colabfold/bz_3/orfm.bz_3.1_80,orfm.bz_3.1_80,2,"[None, None, None, None, None]","[0.48, 0.47, 0.48, 0.43, 0.49]",model_4_seed_000,,0.48,1,1,1
/home/prichter/Documents/banfield/betazoid/data/genes/colabfold/bz_3/orfm.bz_3.1_82,orfm.bz_3.1_82,8,"[None, None, None, None, None]","[0.35, 0.33, 0.36, 0.35, 0.33]",model_5_seed_000,,0.33,1,1,1
/home/prichter/Documents/banfield/betazoid/data/genes/colabfold/bz_3/orfm.bz_3.1_83,orfm.bz_3.1_83,2,"[None, None, None, None, None]","[0.45, 0.41, 0.51, 0.48, 0.41]",model_1_seed_000,,0.51,1,1,1
/home/prichter/Documents/banfield/betazoid/data/genes/colabfold/bz_3/orfm.bz_3.1_85,orfm.bz_3.1_85,2,"[None, None, None, None, None]","[0.47, 0.53, 0.52, 0.49, 0.51]",model_4_seed_000,,0.49,1,1,1
/home/prichter/Documents/banfield/betazoid/data/genes/colabfold/bz_3/orfm.bz_3.1_87,orfm.bz_3.1_87,2,"[None, None, None, None, None]","[0.52, 0.5, 0.53, 0.46, 0.49]",model_3_seed_000,,0.5,1,1,1
/home/prichter/Documents/banfield/betazoid/data/genes/colabfold/bz_3/orfm.bz_3.1_88,orfm.bz_3.1_88,2,"[None, None, None, None, None]","[0.38, 0.4, 0.4, 0.41, 0.43]",model_5_seed_000,,0.43,1,1,1
/home/prichter/Documents/banfield/betazoid/data/genes/colabfold/bz_3/orfm.bz_3.1_90,orfm.bz_3.1_90,2,"[None, None, None, None, None]","[0.46, 0.46, 0.47, 0.48, 0.42]",model_3_seed_000,,0.46,1,1,1
/home/prichter/Documents/banfield/betazoid/data/genes/colabfold/bz_3/orfm.bz_3.1_91,orfm.bz_3.1_91,792,"[None, None, None, None, None]","[0.36, 0.38, 0.38, 0.36, 0.36]",model_2_seed_000,,0.38,1,1,1
/home/prichter/Documents/banfield/betazoid/data/genes/colabfold/bz_3/orfm.bz_3.1_92,orfm.bz_3.1_92,2,"[None, None, None, None, None]","[0.51, 0.49, 0.43, 0.47, 0.47]",model_3_seed_000,,0.49,1,1,1
/home/prichter/Documents/banfield/betazoid/data/genes/colabfold/bz_3/orfm.bz_3.1_94,orfm.bz_3.1_94,3,"[None, None, None, None, None]","[0.29, 0.26, 0.28, 0.27, 0.25]",model_4_seed_000,,0.26,1,1,1
/home/prichter/Documents/banfield/betazoid/data/genes/colabfold/bz_3/orfm.bz_3.1_95,orfm.bz_3.1_95,2,"[None, None, None, None, None]","[0.49, 0.46, 0.44, 0.48, 0.47]",model_5_seed_000,,0.48,1,1,1
/home/prichter/Documents/banfield/betazoid/data/genes/colabfold/bz_3/orfm.bz_3.1_97,orfm.bz_3.1_97,2,"[None, None, None, None, None]","[0.4, 0.38, 0.37, 0.36, 0.41]",model_1_seed_000,,0.41,1,1,1
/home/prichter/Documents/banfield/betazoid/data/genes/colabfold/bz_3/orfm.bz_3.1_99,orfm.bz_3.1_99,2,"[None, None, None, None, None]","[0.37, 0.38, 0.4, 0.41, 0.42]",model_1_seed_000,,0.42,1,1,1
/home/prichter/Documents/banfield/betazoid/data/genes/colabfold/bz_3/orfm.bz_3.1_100,orfm.bz_3.1_100,2,"[None, None, None, None, None]","[0.46, 0.47, 0.42, 0.47, 0.47]",model_5_seed_000,,0.47,1,1,1
/home/prichter/Documents/banfield/betazoid/data/genes/colabfold/bz_3/orfm.bz_3.1_101,orfm.bz_3.1_101,2,"[None, None, None, None, None]","[0.21, 0.21, 0.22, 0.22, 0.21]",model_5_seed_000,,0.22,1,1,1
/home/prichter/Documents/banfield/betazoid/data/genes/colabfold/bz_3/orfm.bz_3.1_103,orfm.bz_3.1_103,2,"[None, None, None, None, None]","[0.43, 0.47, 0.42, 0.44, 0.42]",model_5_seed_000,,0.47,1,1,1
/home/prichter/Documents/banfield/betazoid/data/genes/colabfold/bz_3/orfm.bz_3.1_104,orfm.bz_3.1_104,2,"[None, None, None, None, None]","[0.36, 0.36, 0.26, 0.36, 0.17]",model_1_seed_000,,0.36,1,1,1
/home/prichter/Documents/banfield/betazoid/data/genes/colabfold/bz_3/orfm.bz_3.1_105,orfm.bz_3.1_105,2,"[None, None, None, None, None]","[0.39, 0.39, 0.35, 0.4, 0.41]",model_1_seed_000,,0.41,1,1,1
/home/prichter/Documents/banfield/betazoid/data/genes/colabfold/bz_3/orfm.bz_3.1_106,orfm.bz_3.1_106,2,"[None, None, None, None, None]","[0.65, 0.43, 0.47, 0.72, 0.6]",model_4_seed_000,,0.72,1,1,1
/home/prichter/Documents/banfield/betazoid/data/genes/colabfold/bz_3/orfm.bz_3.1_108,orfm.bz_3.1_108,2,"[None, None, None, None, None]","[0.37, 0.39, 0.4, 0.4, 0.4]",model_5_seed_000,,0.4,1,1,1
/home/prichter/Documents/banfield/betazoid/data/genes/colabfold/bz_3/orfm.bz_3.1_110,orfm.bz_3.1_110,2,"[None, None, None, None, None]","[0.2, 0.19, 0.16, 0.22, 0.17]",model_1_seed_000,,0.22,1,1,1
/home/prichter/Documents/banfield/betazoid/data/genes/colabfold/bz_3/orfm.bz_3.1_111,orfm.bz_3.1_111,2,"[None, None, None, None, None]","[0.51, 0.47, 0.38, 0.4, 0.39]",model_3_seed_000,,0.4,1,1,1
/home/prichter/Documents/banfield/betazoid/data/genes/colabfold/bz_3/orfm.bz_3.1_112,orfm.bz_3.1_112,2,"[None, None, None, None, None]","[0.57, 0.62, 0.56, 0.5, 0.47]",model_1_seed_000,,0.62,1,1,1
/home/prichter/Documents/banfield/betazoid/data/genes/colabfold/bz_3/orfm.bz_3.1_113,orfm.bz_3.1_113,2,"[None, None, None, None, None]","[0.04, 0.04, 0.04, 0.05, 0.04]",model_5_seed_000,,0.04,1,1,1
/home/prichter/Documents/banfield/betazoid/data/genes/colabfold/bz_3/orfm.bz_3.1_114,orfm.bz_3.1_114,2,"[None, None, None, None, None]","[0.58, 0.5, 0.52, 0.56, 0.54]",model_5_seed_000,,0.58,1,1,1
/home/prichter/Documents/banfield/betazoid/data/genes/colabfold/bz_3/orfm.bz_3.1_115,orfm.bz_3.1_115,2,"[None, None, None, None, None]","[0.41, 0.35, 0.39, 0.38, 0.35]",model_2_seed_000,,0.41,1,1,1
/home/prichter/Documents/banfield/betazoid/data/genes/colabfold/bz_3/orfm.bz_3.1_117,orfm.bz_3.1_117,2,"[None, None, None, None, None]","[0.33, 0.44, 0.48, 0.44, 0.39]",model_5_seed_000,,0.48,1,1,1
/home/prichter/Documents/banfield/betazoid/data/genes/colabfold/bz_3/orfm.bz_3.1_118,orfm.bz_3.1_118,2,"[None, None, None, None, None]","[0.44, 0.46, 0.46, 0.47, 0.44]",model_3_seed_000,,0.44,1,1,1
/home/prichter/Documents/banfield/betazoid/data/genes/colabfold/bz_3/orfm.bz_3.1_119,orfm.bz_3.1_119,2,"[None, None, None, None, None]","[0.47, 0.55, 0.55, 0.53, 0.58]",model_1_seed_000,,0.58,1,1,1
/home/prichter/Documents/banfield/betazoid/data/genes/colabfold/bz_3/orfm.bz_3.1_122,orfm.bz_3.1_122,2,"[None, None, None, None, None]","[0.25, 0.21, 0.23, 0.22, 0.24]",model_3_seed_000,,0.21,1,1,1
/home/prichter/Documents/banfield/betazoid/data/genes/colabfold/bz_3/orfm.bz_3.1_126,orfm.bz_3.1_126,2,"[None, None, None, None, None]","[0.36, 0.37, 0.36, 0.33, 0.39]",model_1_seed_000,,0.39,1,1,1
/home/prichter/Documents/banfield/betazoid/data/genes/colabfold/bz_3/orfm.bz_3.1_127,orfm.bz_3.1_127,2,"[None, None, None, None, None]","[0.04, 0.04, 0.04, 0.04, 0.04]",model_3_seed_000,,0.04,1,1,1
/home/prichter/Documents/banfield/betazoid/data/genes/colabfold/bz_3/orfm.bz_3.1_128,orfm.bz_3.1_128,2,"[None, None, None, None, None]","[0.28, 0.3, 0.27, 0.25, 0.28]",model_3_seed_000,,0.28,1,1,1
/home/prichter/Documents/banfield/betazoid/data/genes/colabfold/bz_3/orfm.bz_3.1_129,orfm.bz_3.1_129,2,"[None, None, None, None, None]","[0.46, 0.36, 0.39, 0.41, 0.42]",model_1_seed_000,,0.46,1,1,1
/home/prichter/Documents/banfield/betazoid/data/genes/colabfold/bz_3/orfm.bz_3.1_131,orfm.bz_3.1_131,2,"[None, None, None, None, None]","[0.34, 0.37, 0.33, 0.3, 0.33]",model_3_seed_000,,0.33,1,1,1
/home/prichter/Documents/banfield/betazoid/data/genes/colabfold/bz_3/orfm.bz_3.1_132,orfm.bz_3.1_132,2,"[None, None, None, None, None]","[0.42, 0.41, 0.44, 0.44, 0.39]",model_5_seed_000,,0.44,1,1,1
/home/prichter/Documents/banfield/betazoid/data/genes/colabfold/bz_3/orfm.bz_3.1_133,orfm.bz_3.1_133,2,"[None, None, None, None, None]","[0.25, 0.23, 0.2, 0.29, 0.28]",model_1_seed_000,,0.29,1,1,1
/home/prichter/Documents/banfield/betazoid/data/genes/colabfold/bz_3/orfm.bz_3.1_135,orfm.bz_3.1_135,1700,"[None, None, None, None, None]","[0.89, 0.88, 0.87, 0.88, 0.88]",model_5_seed_000,,0.88,1,1,1
/home/prichter/Documents/banfield/betazoid/data/genes/colabfold/bz_3/orfm.bz_3.1_138,orfm.bz_3.1_138,2,"[None, None, None, None, None]","[0.16, 0.15, 0.1, 0.14, 0.14]",model_5_seed_000,,0.14,1,1,1
/home/prichter/Documents/banfield/betazoid/data/genes/colabfold/bz_3/orfm.bz_3.1_139,orfm.bz_3.1_139,2,"[None, None, None, None, None]","[0.29, 0.28, 0.35, 0.3, 0.35]",model_1_seed_000,,0.35,1,1,1
/home/prichter/Documents/banfield/betazoid/data/genes/colabfold/bz_3/orfm.bz_3.1_142,orfm.bz_3.1_142,4,"[None, None, None, None, None]","[0.21, 0.24, 0.19, 0.18, 0.26]",model_2_seed_000,,0.21,1,1,1
/home/prichter/Documents/banfield/betazoid/data/genes/colabfold/bz_3/orfm.bz_3.1_143,orfm.bz_3.1_143,2,"[None, None, None, None, None]","[0.49, 0.54, 0.55, 0.55, 0.56]",model_5_seed_000,,0.56,1,1,1
/home/prichter/Documents/banfield/betazoid/data/genes/colabfold/bz_3/orfm.bz_3.1_144,orfm.bz_3.1_144,2,"[None, None, None, None, None]","[0.1, 0.08, 0.09, 0.09, 0.07]",model_1_seed_000,,0.1,1,1,1
/home/prichter/Documents/banfield/betazoid/data/genes/colabfold/bz_3/orfm.bz_3.1_145,orfm.bz_3.1_145,2,"[None, None, None, None, None]","[0.38, 0.38, 0.34, 0.37, 0.35]",model_5_seed_000,,0.38,1,1,1
/home/prichter/Documents/banfield/betazoid/data/genes/colabfold/bz_3/orfm.bz_3.1_146,orfm.bz_3.1_146,2,"[None, None, None, None, None]","[0.2, 0.22, 0.2, 0.25, 0.19]",model_2_seed_000,,0.25,1,1,1
/home/prichter/Documents/banfield/betazoid/data/genes/colabfold/bz_3/orfm.bz_3.1_148,orfm.bz_3.1_148,2,"[None, None, None, None, None]","[0.38, 0.41, 0.37, 0.28, 0.33]",model_5_seed_000,,0.38,1,1,1
/home/prichter/Documents/banfield/betazoid/data/genes/colabfold/bz_3/orfm.bz_3.1_150,orfm.bz_3.1_150,2,"[None, None, None, None, None]","[0.42, 0.34, 0.41, 0.48, 0.42]",model_3_seed_000,,0.48,1,1,1
/home/prichter/Documents/banfield/betazoid/data/genes/colabfold/bz_3/orfm.bz_3.1_151,orfm.bz_3.1_151,2,"[None, None, None, None, None]","[0.37, 0.41, 0.4, 0.41, 0.4]",model_3_seed_000,,0.4,1,1,1
/home/prichter/Documents/banfield/betazoid/data/genes/colabfold/bz_3/orfm.bz_3.1_152,orfm.bz_3.1_152,2,"[None, None, None, None, None]","[0.09, 0.09, 0.09, 0.09, 0.09]",model_1_seed_000,,0.09,1,1,1
/home/prichter/Documents/banfield/betazoid/data/genes/colabfold/bz_3/orfm.bz_3.1_153,orfm.bz_3.1_153,2,"[None, None, None, None, None]","[0.22, 0.28, 0.28, 0.21, 0.26]",model_1_seed_000,,0.28,1,1,1
/home/prichter/Documents/banfield/betazoid/data/genes/colabfold/bz_3/orfm.bz_3.1_155,orfm.bz_3.1_155,2,"[None, None, None, None, None]","[0.32, 0.32, 0.32, 0.33, 0.27]",model_3_seed_000,,0.27,1,1,1
/home/prichter/Documents/banfield/betazoid/data/genes/colabfold/bz_3/orfm.bz_3.1_156,orfm.bz_3.1_156,2,"[None, None, None, None, None]","[0.51, 0.45, 0.53, 0.51, 0.5]",model_4_seed_000,,0.51,1,1,1
/home/prichter/Documents/banfield/betazoid/data/genes/colabfold/bz_3/orfm.bz_3.1_157,orfm.bz_3.1_157,2,"[None, None, None, None, None]","[0.04, 0.04, 0.04, 0.04, 0.04]",model_5_seed_000,,0.04,1,1,1
/home/prichter/Documents/banfield/betazoid/data/genes/colabfold/bz_3/orfm.bz_3.1_158,orfm.bz_3.1_158,2,"[None, None, None, None, None]","[0.53, 0.54, 0.52, 0.53, 0.55]",model_3_seed_000,,0.55,1,1,1
/home/prichter/Documents/banfield/betazoid/data/genes/colabfold/bz_3/orfm.bz_3.1_160,orfm.bz_3.1_160,2,"[None, None, None, None, None]","[0.54, 0.53, 0.51, 0.54, 0.54]",model_5_seed_000,,0.54,1,1,1
/home/prichter/Documents/banfield/betazoid/data/genes/colabfold/bz_3/orfm.bz_3.1_161,orfm.bz_3.1_161,2,"[None, None, None, None, None]","[0.28, 0.53, 0.57, 0.34, 0.58]",model_3_seed_000,,0.57,1,1,1
/home/prichter/Documents/banfield/betazoid/data/genes/colabfold/bz_3/orfm.bz_3.1_162,orfm.bz_3.1_162,2,"[None, None, None, None, None]","[0.05, 0.05, 0.05, 0.05, 0.05]",model_5_seed_000,,0.05,1,1,1
/home/prichter/Documents/banfield/betazoid/data/genes/colabfold/bz_3/orfm.bz_3.1_163,orfm.bz_3.1_163,2,"[None, None, None, None, None]","[0.26, 0.31, 0.26, 0.27, 0.29]",model_3_seed_000,,0.27,1,1,1
/home/prichter/Documents/banfield/betazoid/data/genes/colabfold/bz_3/orfm.bz_3.1_164,orfm.bz_3.1_164,2,"[None, None, None, None, None]","[0.48, 0.45, 0.47, 0.45, 0.49]",model_5_seed_000,,0.49,1,1,1
/home/prichter/Documents/banfield/betazoid/data/genes/colabfold/bz_3/orfm.bz_3.1_165,orfm.bz_3.1_165,2,"[None, None, None, None, None]","[0.23, 0.19, 0.35, 0.28, 0.3]",model_3_seed_000,,0.35,1,1,1
/home/prichter/Documents/banfield/betazoid/data/genes/colabfold/bz_3/orfm.bz_3.1_168,orfm.bz_3.1_168,2,"[None, None, None, None, None]","[0.1, 0.1, 0.09, 0.09, 0.1]",model_3_seed_000,,0.09,1,1,1
/home/prichter/Documents/banfield/betazoid/data/genes/colabfold/bz_3/orfm.bz_3.1_169,orfm.bz_3.1_169,2,"[None, None, None, None, None]","[0.6, 0.67, 0.63, 0.61, 0.41]",model_2_seed_000,,0.67,1,1,1
/home/prichter/Documents/banfield/betazoid/data/genes/colabfold/bz_3/orfm.bz_3.1_170,orfm.bz_3.1_170,2,"[None, None, None, None, None]","[0.59, 0.55, 0.56, 0.57, 0.56]",model_5_seed_000,,0.59,1,1,1
/home/prichter/Documents/banfield/betazoid/data/genes/colabfold/bz_3/orfm.bz_3.1_172,orfm.bz_3.1_172,2,"[None, None, None, None, None]","[0.47, 0.4, 0.38, 0.45, 0.45]",model_2_seed_000,,0.45,1,1,1
/home/prichter/Documents/banfield/betazoid/data/genes/colabfold/bz_3/orfm.bz_3.1_173,orfm.bz_3.1_173,2,"[None, None, None, None, None]","[0.51, 0.51, 0.46, 0.51, 0.49]",model_5_seed_000,,0.51,1,1,1
/home/prichter/Documents/banfield/betazoid/data/genes/colabfold/bz_3/orfm.bz_3.1_174,orfm.bz_3.1_174,2,"[None, None, None, None, None]","[0.34, 0.42, 0.43, 0.44, 0.34]",model_1_seed_000,,0.44,1,1,1
/home/prichter/Documents/banfield/betazoid/data/genes/colabfold/bz_3/orfm.bz_3.1_175,orfm.bz_3.1_175,2,"[None, None, None, None, None]","[0.19, 0.34, 0.23, 0.24, 0.19]",model_1_seed_000,,0.34,1,1,1
/home/prichter/Documents/banfield/betazoid/data/genes/colabfold/bz_3/orfm.bz_3.1_176,orfm.bz_3.1_176,2821,"[None, None, None, None, None]","[0.56, 0.59, 0.61, 0.58, 0.58]",model_3_seed_000,,0.59,1,1,1
/home/prichter/Documents/banfield/betazoid/data/genes/colabfold/bz_3/orfm.bz_3.1_177,orfm.bz_3.1_177,2,"[None, None, None, None, None]","[0.04, 0.03, 0.03, 0.03, 0.03]",model_5_seed_000,,0.04,1,1,1
/home/prichter/Documents/banfield/betazoid/data/genes/colabfold/bz_3/orfm.bz_3.1_179,orfm.bz_3.1_179,2,"[None, None, None, None, None]","[0.39, 0.38, 0.38, 0.35, 0.38]",model_5_seed_000,,0.39,1,1,1
/home/prichter/Documents/banfield/betazoid/data/genes/colabfold/bz_3/orfm.bz_3.1_180,orfm.bz_3.1_180,2,"[None, None, None, None, None]","[0.46, 0.46, 0.41, 0.46, 0.47]",model_4_seed_000,,0.46,1,1,1
/home/prichter/Documents/banfield/betazoid/data/genes/colabfold/bz_3/orfm.bz_3.1_181,orfm.bz_3.1_181,2,"[None, None, None, None, None]","[0.3, 0.33, 0.28, 0.39, 0.32]",model_1_seed_000,,0.39,1,1,1
/home/prichter/Documents/banfield/betazoid/data/genes/colabfold/bz_3/orfm.bz_3.1_183,orfm.bz_3.1_183,2,"[None, None, None, None, None]","[0.47, 0.43, 0.47, 0.46, 0.45]",model_4_seed_000,,0.46,1,1,1
/home/prichter/Documents/banfield/betazoid/data/genes/colabfold/bz_3/orfm.bz_3.1_184,orfm.bz_3.1_184,2,"[None, None, None, None, None]","[0.17, 0.22, 0.19, 0.17, 0.17]",model_3_seed_000,,0.17,1,1,1
/home/prichter/Documents/banfield/betazoid/data/genes/colabfold/bz_3/orfm.bz_3.1_185,orfm.bz_3.1_185,2,"[None, None, None, None, None]","[0.5, 0.43, 0.48, 0.47, 0.47]",model_5_seed_000,,0.5,1,1,1
/home/prichter/Documents/banfield/betazoid/data/genes/colabfold/bz_4/orfm.bz_4.1_1,orfm.bz_4.1_1,2,"[None, None, None, None, None]","[0.03, 0.03, 0.03, 0.03, 0.03]",model_5_seed_000,,0.03,1,1,1
/home/prichter/Documents/banfield/betazoid/data/genes/colabfold/bz_4/orfm.bz_4.1_2,orfm.bz_4.1_2,2,"[None, None, None, None, None]","[0.32, 0.28, 0.33, 0.3, 0.33]",model_5_seed_000,,0.32,1,1,1
/home/prichter/Documents/banfield/betazoid/data/genes/colabfold/bz_4/orfm.bz_4.1_4,orfm.bz_4.1_4,2,"[None, None, None, None, None]","[0.32, 0.35, 0.34, 0.34, 0.33]",model_3_seed_000,,0.35,1,1,1
/home/prichter/Documents/banfield/betazoid/data/genes/colabfold/bz_4/orfm.bz_4.1_5,orfm.bz_4.1_5,2,"[None, None, None, None, None]","[0.23, 0.16, 0.2, 0.17, 0.26]",model_3_seed_000,,0.26,1,1,1
/home/prichter/Documents/banfield/betazoid/data/genes/colabfold/bz_4/orfm.bz_4.1_6,orfm.bz_4.1_6,2,"[None, None, None, None, None]","[0.44, 0.24, 0.23, 0.35, 0.26]",model_5_seed_000,,0.44,1,1,1
/home/prichter/Documents/banfield/betazoid/data/genes/colabfold/bz_4/orfm.bz_4.1_7,orfm.bz_4.1_7,2,"[None, None, None, None, None]","[0.51, 0.49, 0.48, 0.52, 0.57]",model_4_seed_000,,0.57,1,1,1
/home/prichter/Documents/banfield/betazoid/data/genes/colabfold/bz_4/orfm.bz_4.1_8,orfm.bz_4.1_8,2,"[None, None, None, None, None]","[0.55, 0.4, 0.33, 0.55, 0.41]",model_5_seed_000,,0.55,1,1,1
/home/prichter/Documents/banfield/betazoid/data/genes/colabfold/bz_4/orfm.bz_4.1_13,orfm.bz_4.1_13,2,"[None, None, None, None, None]","[0.48, 0.4, 0.38, 0.47, 0.4]",model_1_seed_000,,0.48,1,1,1
/home/prichter/Documents/banfield/betazoid/data/genes/colabfold/bz_4/orfm.bz_4.1_16,orfm.bz_4.1_16,2,"[None, None, None, None, None]","[0.33, 0.34, 0.26, 0.31, 0.29]",model_5_seed_000,,0.33,1,1,1
/home/prichter/Documents/banfield/betazoid/data/genes/colabfold/bz_4/orfm.bz_4.1_17,orfm.bz_4.1_17,2,"[None, None, None, None, None]","[0.41, 0.6, 0.61, 0.4, 0.6]",model_4_seed_000,,0.61,1,1,1
/home/prichter/Documents/banfield/betazoid/data/genes/colabfold/bz_4/orfm.bz_4.1_19,orfm.bz_4.1_19,2,"[None, None, None, None, None]","[0.04, 0.04, 0.04, 0.04, 0.04]",model_5_seed_000,,0.04,1,1,1
/home/prichter/Documents/banfield/betazoid/data/genes/colabfold/bz_4/orfm.bz_4.1_20,orfm.bz_4.1_20,2,"[None, None, None, None, None]","[0.44, 0.31, 0.34, 0.34, 0.32]",model_5_seed_000,,0.44,1,1,1
/home/prichter/Documents/banfield/betazoid/data/genes/colabfold/bz_4/orfm.bz_4.1_21,orfm.bz_4.1_21,2,"[None, None, None, None, None]","[0.43, 0.45, 0.42, 0.45, 0.48]",model_5_seed_000,,0.48,1,1,1
/home/prichter/Documents/banfield/betazoid/data/genes/colabfold/bz_4/orfm.bz_4.1_23,orfm.bz_4.1_23,2,"[None, None, None, None, None]","[0.32, 0.39, 0.65, 0.37, 0.29]",model_2_seed_000,,0.65,1,1,1
/home/prichter/Documents/banfield/betazoid/data/genes/colabfold/bz_4/orfm.bz_4.1_24,orfm.bz_4.1_24,2,"[None, None, None, None, None]","[0.52, 0.55, 0.54, 0.58, 0.57]",model_4_seed_000,,0.57,1,1,1
/home/prichter/Documents/banfield/betazoid/data/genes/colabfold/bz_4/orfm.bz_4.1_25,orfm.bz_4.1_25,2,"[None, None, None, None, None]","[0.42, 0.42, 0.41, 0.37, 0.41]",model_4_seed_000,,0.42,1,1,1
/home/prichter/Documents/banfield/betazoid/data/genes/colabfold/bz_4/orfm.bz_4.1_26,orfm.bz_4.1_26,2,"[None, None, None, None, None]","[0.31, 0.31, 0.31, 0.32, 0.3]",model_5_seed_000,,0.31,1,1,1
/home/prichter/Documents/banfield/betazoid/data/genes/colabfold/bz_4/orfm.bz_4.1_27,orfm.bz_4.1_27,2,"[None, None, None, None, None]","[0.37, 0.43, 0.38, 0.42, 0.46]",model_1_seed_000,,0.46,1,1,1
/home/prichter/Documents/banfield/betazoid/data/genes/colabfold/bz_4/orfm.bz_4.1_28,orfm.bz_4.1_28,2,"[None, None, None, None, None]","[0.02, 0.03, 0.03, 0.02, 0.03]",model_5_seed_000,,0.03,1,1,1
/home/prichter/Documents/banfield/betazoid/data/genes/colabfold/bz_4/orfm.bz_4.1_30,orfm.bz_4.1_30,2,"[None, None, None, None, None]","[0.46, 0.44, 0.49, 0.4, 0.48]",model_1_seed_000,,0.49,1,1,1
/home/prichter/Documents/banfield/betazoid/data/genes/colabfold/bz_4/orfm.bz_4.1_31,orfm.bz_4.1_31,2,"[None, None, None, None, None]","[0.15, 0.15, 0.18, 0.16, 0.17]",model_3_seed_000,,0.18,1,1,1
/home/prichter/Documents/banfield/betazoid/data/genes/colabfold/bz_4/orfm.bz_4.1_33,orfm.bz_4.1_33,2,"[None, None, None, None, None]","[0.33, 0.32, 0.32, 0.31, 0.33]",model_4_seed_000,,0.33,1,1,1
/home/prichter/Documents/banfield/betazoid/data/genes/colabfold/bz_4/orfm.bz_4.1_35,orfm.bz_4.1_35,602,"[None, None, None, None, None]","[0.71, 0.72, 0.74, 0.72, 0.72]",model_3_seed_000,,0.74,1,1,1
/home/prichter/Documents/banfield/betazoid/data/genes/colabfold/bz_4/orfm.bz_4.1_38,orfm.bz_4.1_38,2,"[None, None, None, None, None]","[0.42, 0.41, 0.42, 0.38, 0.4]",model_5_seed_000,,0.42,1,1,1
/home/prichter/Documents/banfield/betazoid/data/genes/colabfold/bz_4/orfm.bz_4.1_40,orfm.bz_4.1_40,2,"[None, None, None, None, None]","[0.39, 0.34, 0.37, 0.39, 0.39]",model_3_seed_000,,0.39,1,1,1
/home/prichter/Documents/banfield/betazoid/data/genes/colabfold/bz_4/orfm.bz_4.1_42,orfm.bz_4.1_42,2,"[None, None, None, None, None]","[0.32, 0.37, 0.36, 0.38, 0.33]",model_5_seed_000,,0.38,1,1,1
/home/prichter/Documents/banfield/betazoid/data/genes/colabfold/bz_4/orfm.bz_4.1_45,orfm.bz_4.1_45,2,"[None, None, None, None, None]","[0.49, 0.49, 0.5, 0.51, 0.51]",model_3_seed_000,,0.51,1,1,1
/home/prichter/Documents/banfield/betazoid/data/genes/colabfold/bz_4/orfm.bz_4.1_47,orfm.bz_4.1_47,2,"[None, None, None, None, None]","[0.12, 0.15, 0.13, 0.16, 0.12]",model_1_seed_000,,0.15,1,1,1
/home/prichter/Documents/banfield/betazoid/data/genes/colabfold/bz_4/orfm.bz_4.1_49,orfm.bz_4.1_49,2,"[None, None, None, None, None]","[0.37, 0.4, 0.43, 0.38, 0.44]",model_3_seed_000,,0.44,1,1,1
/home/prichter/Documents/banfield/betazoid/data/genes/colabfold/bz_4/orfm.bz_4.1_50,orfm.bz_4.1_50,2,"[None, None, None, None, None]","[0.46, 0.45, 0.49, 0.47, 0.5]",model_5_seed_000,,0.5,1,1,1
/home/prichter/Documents/banfield/betazoid/data/genes/colabfold/bz_4/orfm.bz_4.1_51,orfm.bz_4.1_51,2,"[None, None, None, None, None]","[0.22, 0.33, 0.27, 0.26, 0.24]",model_1_seed_000,,0.33,1,1,1
/home/prichter/Documents/banfield/betazoid/data/genes/colabfold/bz_4/orfm.bz_4.1_52,orfm.bz_4.1_52,2,"[None, None, None, None, None]","[0.31, 0.29, 0.3, 0.29, 0.34]",model_5_seed_000,,0.34,1,1,1
/home/prichter/Documents/banfield/betazoid/data/genes/colabfold/bz_4/orfm.bz_4.1_54,orfm.bz_4.1_54,2,"[None, None, None, None, None]","[0.03, 0.03, 0.03, 0.03, 0.03]",model_1_seed_000,,0.03,1,1,1
/home/prichter/Documents/banfield/betazoid/data/genes/colabfold/bz_4/orfm.bz_4.1_55,orfm.bz_4.1_55,2,"[None, None, None, None, None]","[0.11, 0.11, 0.12, 0.12, 0.11]",model_5_seed_000,,0.12,1,1,1
/home/prichter/Documents/banfield/betazoid/data/genes/colabfold/bz_4/orfm.bz_4.1_57,orfm.bz_4.1_57,2,"[None, None, None, None, None]","[0.26, 0.26, 0.26, 0.25, 0.27]",model_4_seed_000,,0.26,1,1,1
/home/prichter/Documents/banfield/betazoid/data/genes/colabfold/bz_4/orfm.bz_4.1_58,orfm.bz_4.1_58,2,"[None, None, None, None, None]","[0.41, 0.37, 0.38, 0.33, 0.49]",model_3_seed_000,,0.49,1,1,1
/home/prichter/Documents/banfield/betazoid/data/genes/colabfold/bz_4/orfm.bz_4.1_59,orfm.bz_4.1_59,2,"[None, None, None, None, None]","[0.36, 0.35, 0.33, 0.36, 0.33]",model_5_seed_000,,0.36,1,1,1
/home/prichter/Documents/banfield/betazoid/data/genes/colabfold/bz_4/orfm.bz_4.1_60,orfm.bz_4.1_60,2,"[None, None, None, None, None]","[0.25, 0.22, 0.26, 0.21, 0.24]",model_5_seed_000,,0.26,1,1,1
/home/prichter/Documents/banfield/betazoid/data/genes/colabfold/bz_4/orfm.bz_4.1_61,orfm.bz_4.1_61,2,"[None, None, None, None, None]","[0.38, 0.4, 0.4, 0.37, 0.35]",model_5_seed_000,,0.4,1,1,1
/home/prichter/Documents/banfield/betazoid/data/genes/colabfold/bz_4/orfm.bz_4.1_62,orfm.bz_4.1_62,2,"[None, None, None, None, None]","[0.04, 0.04, 0.04, 0.04, 0.04]",model_5_seed_000,,0.04,1,1,1
/home/prichter/Documents/banfield/betazoid/data/genes/colabfold/bz_4/orfm.bz_4.1_63,orfm.bz_4.1_63,2,"[None, None, None, None, None]","[0.04, 0.04, 0.04, 0.04, 0.04]",model_5_seed_000,,0.04,1,1,1
/home/prichter/Documents/banfield/betazoid/data/genes/colabfold/bz_4/orfm.bz_4.1_64,orfm.bz_4.1_64,2,"[None, None, None, None, None]","[0.26, 0.25, 0.29, 0.25, 0.3]",model_2_seed_000,,0.3,1,1,1
/home/prichter/Documents/banfield/betazoid/data/genes/colabfold/bz_4/orfm.bz_4.1_65,orfm.bz_4.1_65,2,"[None, None, None, None, None]","[0.39, 0.32, 0.31, 0.36, 0.4]",model_1_seed_000,,0.39,1,1,1
/home/prichter/Documents/banfield/betazoid/data/genes/colabfold/bz_4/orfm.bz_4.1_66,orfm.bz_4.1_66,2,"[None, None, None, None, None]","[0.26, 0.28, 0.44, 0.39, 0.29]",model_1_seed_000,,0.44,1,1,1
/home/prichter/Documents/banfield/betazoid/data/genes/colabfold/bz_4/orfm.bz_4.1_68,orfm.bz_4.1_68,2,"[None, None, None, None, None]","[0.62, 0.59, 0.6, 0.55, 0.63]",model_4_seed_000,,0.62,1,1,1
/home/prichter/Documents/banfield/betazoid/data/genes/colabfold/bz_4/orfm.bz_4.1_69,orfm.bz_4.1_69,2,"[None, None, None, None, None]","[0.36, 0.31, 0.32, 0.28, 0.45]",model_3_seed_000,,0.45,1,1,1
/home/prichter/Documents/banfield/betazoid/data/genes/colabfold/bz_4/orfm.bz_4.1_71,orfm.bz_4.1_71,2,"[None, None, None, None, None]","[0.56, 0.53, 0.57, 0.54, 0.57]",model_3_seed_000,,0.54,1,1,1
/home/prichter/Documents/banfield/betazoid/data/genes/colabfold/bz_4/orfm.bz_4.1_73,orfm.bz_4.1_73,2,"[None, None, None, None, None]","[0.59, 0.57, 0.56, 0.59, 0.55]",model_5_seed_000,,0.59,1,1,1
/home/prichter/Documents/banfield/betazoid/data/genes/colabfold/bz_4/orfm.bz_4.1_74,orfm.bz_4.1_74,2,"[None, None, None, None, None]","[0.52, 0.55, 0.56, 0.55, 0.55]",model_1_seed_000,,0.55,1,1,1
/home/prichter/Documents/banfield/betazoid/data/genes/colabfold/bz_4/orfm.bz_4.1_75,orfm.bz_4.1_75,265,"[None, None, None, None, None]","[0.65, 0.56, 0.57, 0.54, 0.55]",model_4_seed_000,,0.65,1,1,1
/home/prichter/Documents/banfield/betazoid/data/genes/colabfold/bz_4/orfm.bz_4.1_78,orfm.bz_4.1_78,2,"[None, None, None, None, None]","[0.52, 0.5, 0.44, 0.51, 0.51]",model_5_seed_000,,0.52,1,1,1
/home/prichter/Documents/banfield/betazoid/data/genes/colabfold/bz_4/orfm.bz_4.1_83,orfm.bz_4.1_83,2,"[None, None, None, None, None]","[0.05, 0.05, 0.05, 0.05, 0.05]",model_5_seed_000,,0.05,1,1,1
/home/prichter/Documents/banfield/betazoid/data/genes/colabfold/bz_4/orfm.bz_4.1_84,orfm.bz_4.1_84,2,"[None, None, None, None, None]","[0.09, 0.08, 0.07, 0.11, 0.08]",model_4_seed_000,,0.08,1,1,1
/home/prichter/Documents/banfield/betazoid/data/genes/colabfold/bz_4/orfm.bz_4.1_85,orfm.bz_4.1_85,5,"[None, None, None, None, None]","[0.28, 0.29, 0.31, 0.33, 0.29]",model_5_seed_000,,0.33,1,1,1
/home/prichter/Documents/banfield/betazoid/data/genes/colabfold/bz_4/orfm.bz_4.1_87,orfm.bz_4.1_87,2,"[None, None, None, None, None]","[0.49, 0.54, 0.56, 0.54, 0.55]",model_4_seed_000,,0.56,1,1,1
/home/prichter/Documents/banfield/betazoid/data/genes/colabfold/bz_4/orfm.bz_4.1_88,orfm.bz_4.1_88,2,"[None, None, None, None, None]","[0.21, 0.19, 0.19, 0.21, 0.17]",model_3_seed_000,,0.21,1,1,1
/home/prichter/Documents/banfield/betazoid/data/genes/colabfold/bz_4/orfm.bz_4.1_89,orfm.bz_4.1_89,2,"[None, None, None, None, None]","[0.42, 0.44, 0.43, 0.46, 0.44]",model_4_seed_000,,0.46,1,1,1
/home/prichter/Documents/banfield/betazoid/data/genes/colabfold/bz_4/orfm.bz_4.1_93,orfm.bz_4.1_93,2,"[None, None, None, None, None]","[0.49, 0.48, 0.47, 0.51, 0.49]",model_5_seed_000,,0.51,1,1,1
/home/prichter/Documents/banfield/betazoid/data/genes/colabfold/bz_4/orfm.bz_4.1_95,orfm.bz_4.1_95,2,"[None, None, None, None, None]","[0.35, 0.36, 0.33, 0.34, 0.38]",model_5_seed_000,,0.38,1,1,1
/home/prichter/Documents/banfield/betazoid/data/genes/colabfold/bz_4/orfm.bz_4.1_99,orfm.bz_4.1_99,2,"[None, None, None, None, None]","[0.38, 0.41, 0.41, 0.36, 0.43]",model_5_seed_000,,0.41,1,1,1
/home/prichter/Documents/banfield/betazoid/data/genes/colabfold/bz_4/orfm.bz_4.1_101,orfm.bz_4.1_101,2,"[None, None, None, None, None]","[0.2, 0.21, 0.21, 0.21, 0.22]",model_1_seed_000,,0.21,1,1,1
/home/prichter/Documents/banfield/betazoid/data/genes/colabfold/bz_4/orfm.bz_4.1_103,orfm.bz_4.1_103,2,"[None, None, None, None, None]","[0.04, 0.04, 0.04, 0.04, 0.04]",model_5_seed_000,,0.04,1,1,1
/home/prichter/Documents/banfield/betazoid/data/genes/colabfold/bz_4/orfm.bz_4.1_105,orfm.bz_4.1_105,2,"[None, None, None, None, None]","[0.05, 0.05, 0.05, 0.06, 0.05]",model_4_seed_000,,0.06,1,1,1
/home/prichter/Documents/banfield/betazoid/data/genes/colabfold/bz_4/orfm.bz_4.1_106,orfm.bz_4.1_106,2,"[None, None, None, None, None]","[0.41, 0.45, 0.44, 0.44, 0.44]",model_4_seed_000,,0.44,1,1,1
/home/prichter/Documents/banfield/betazoid/data/genes/colabfold/bz_4/orfm.bz_4.1_107,orfm.bz_4.1_107,1028,"[None, None, None, None, None]","[0.88, 0.87, 0.88, 0.86, 0.87]",model_2_seed_000,,0.88,1,1,1
/home/prichter/Documents/banfield/betazoid/data/genes/colabfold/bz_4/orfm.bz_4.1_110,orfm.bz_4.1_110,2,"[None, None, None, None, None]","[0.51, 0.56, 0.5, 0.54, 0.52]",model_1_seed_000,,0.54,1,1,1
/home/prichter/Documents/banfield/betazoid/data/genes/colabfold/bz_4/orfm.bz_4.1_113,orfm.bz_4.1_113,2,"[None, None, None, None, None]","[0.29, 0.26, 0.67, 0.67, 0.46]",model_5_seed_000,,0.67,1,1,1
/home/prichter/Documents/banfield/betazoid/data/genes/colabfold/bz_4/orfm.bz_4.1_115,orfm.bz_4.1_115,2,"[None, None, None, None, None]","[0.42, 0.47, 0.42, 0.46, 0.41]",model_5_seed_000,,0.46,1,1,1
/home/prichter/Documents/banfield/betazoid/data/genes/colabfold/bz_4/orfm.bz_4.1_116,orfm.bz_4.1_116,2,"[None, None, None, None, None]","[0.38, 0.35, 0.18, 0.4, 0.36]",model_1_seed_000,,0.4,1,1,1
/home/prichter/Documents/banfield/betazoid/data/genes/colabfold/bz_4/orfm.bz_4.1_118,orfm.bz_4.1_118,2,"[None, None, None, None, None]","[0.18, 0.2, 0.22, 0.19, 0.19]",model_5_seed_000,,0.22,1,1,1
/home/prichter/Documents/banfield/betazoid/data/genes/colabfold/bz_4/orfm.bz_4.1_121,orfm.bz_4.1_121,2,"[None, None, None, None, None]","[0.34, 0.36, 0.33, 0.35, 0.35]",model_4_seed_000,,0.36,1,1,1
/home/prichter/Documents/banfield/betazoid/data/genes/colabfold/bz_4/orfm.bz_4.1_122,orfm.bz_4.1_122,2,"[None, None, None, None, None]","[0.33, 0.29, 0.27, 0.27, 0.28]",model_4_seed_000,,0.33,1,1,1
/home/prichter/Documents/banfield/betazoid/data/genes/colabfold/bz_4/orfm.bz_4.1_123,orfm.bz_4.1_123,2,"[None, None, None, None, None]","[0.41, 0.4, 0.37, 0.4, 0.41]",model_5_seed_000,,0.4,1,1,1
/home/prichter/Documents/banfield/betazoid/data/genes/colabfold/bz_4/orfm.bz_4.1_125,orfm.bz_4.1_125,2,"[None, None, None, None, None]","[0.47, 0.43, 0.39, 0.45, 0.44]",model_5_seed_000,,0.47,1,1,1
/home/prichter/Documents/banfield/betazoid/data/genes/colabfold/bz_4/orfm.bz_4.1_126,orfm.bz_4.1_126,2,"[None, None, None, None, None]","[0.27, 0.3, 0.28, 0.28, 0.28]",model_1_seed_000,,0.3,1,1,1
/home/prichter/Documents/banfield/betazoid/data/genes/colabfold/bz_4/orfm.bz_4.1_128,orfm.bz_4.1_128,8,"[None, None, None, None, None]","[0.37, 0.32, 0.33, 0.34, 0.34]",model_2_seed_000,,0.34,1,1,1
/home/prichter/Documents/banfield/betazoid/data/genes/colabfold/bz_4/orfm.bz_4.1_129,orfm.bz_4.1_129,2,"[None, None, None, None, None]","[0.04, 0.04, 0.04, 0.04, 0.04]",model_5_seed_000,,0.04,1,1,1
/home/prichter/Documents/banfield/betazoid/data/genes/colabfold/bz_4/orfm.bz_4.1_130,orfm.bz_4.1_130,2,"[None, None, None, None, None]","[0.46, 0.48, 0.47, 0.49, 0.5]",model_4_seed_000,,0.47,1,1,1
/home/prichter/Documents/banfield/betazoid/data/genes/colabfold/bz_4/orfm.bz_4.1_132,orfm.bz_4.1_132,2,"[None, None, None, None, None]","[0.49, 0.47, 0.47, 0.48, 0.47]",model_4_seed_000,,0.48,1,1,1
/home/prichter/Documents/banfield/betazoid/data/genes/colabfold/bz_4/orfm.bz_4.1_135,orfm.bz_4.1_135,2,"[None, None, None, None, None]","[0.04, 0.04, 0.04, 0.04, 0.04]",model_4_seed_000,,0.04,1,1,1
/home/prichter/Documents/banfield/betazoid/data/genes/colabfold/bz_4/orfm.bz_4.1_138,orfm.bz_4.1_138,2,"[None, None, None, None, None]","[0.19, 0.17, 0.2, 0.18, 0.18]",model_5_seed_000,,0.2,1,1,1
/home/prichter/Documents/banfield/betazoid/data/genes/colabfold/bz_4/orfm.bz_4.1_139,orfm.bz_4.1_139,2,"[None, None, None, None, None]","[0.45, 0.48, 0.4, 0.46, 0.48]",model_4_seed_000,,0.45,1,1,1
/home/prichter/Documents/banfield/betazoid/data/genes/colabfold/bz_4/orfm.bz_4.1_140,orfm.bz_4.1_140,2,"[None, None, None, None, None]","[0.52, 0.49, 0.49, 0.52, 0.52]",model_5_seed_000,,0.52,1,1,1
/home/prichter/Documents/banfield/betazoid/data/genes/colabfold/bz_4/orfm.bz_4.1_143,orfm.bz_4.1_143,2,"[None, None, None, None, None]","[0.54, 0.55, 0.54, 0.52, 0.55]",model_5_seed_000,,0.55,1,1,1
/home/prichter/Documents/banfield/betazoid/data/genes/colabfold/bz_4/orfm.bz_4.1_144,orfm.bz_4.1_144,2,"[None, None, None, None, None]","[0.03, 0.04, 0.04, 0.04, 0.04]",model_1_seed_000,,0.04,1,1,1
/home/prichter/Documents/banfield/betazoid/data/genes/colabfold/bz_4/orfm.bz_4.1_145,orfm.bz_4.1_145,2,"[None, None, None, None, None]","[0.39, 0.37, 0.42, 0.37, 0.32]",model_5_seed_000,,0.39,1,1,1
/home/prichter/Documents/banfield/betazoid/data/genes/colabfold/bz_4/orfm.bz_4.1_146,orfm.bz_4.1_146,14,"[None, None, None, None, None]","[0.29, 0.28, 0.26, 0.26, 0.38]",model_5_seed_000,,0.38,1,1,1
/home/prichter/Documents/banfield/betazoid/data/genes/colabfold/bz_4/orfm.bz_4.1_147,orfm.bz_4.1_147,2,"[None, None, None, None, None]","[0.55, 0.56, 0.55, 0.56, 0.58]",model_5_seed_000,,0.58,1,1,1
/home/prichter/Documents/banfield/betazoid/data/genes/colabfold/bz_4/orfm.bz_4.1_150,orfm.bz_4.1_150,2,"[None, None, None, None, None]","[0.45, 0.45, 0.45, 0.42, 0.45]",model_4_seed_000,,0.45,1,1,1
/home/prichter/Documents/banfield/betazoid/data/genes/colabfold/bz_4/orfm.bz_4.1_151,orfm.bz_4.1_151,2,"[None, None, None, None, None]","[0.24, 0.22, 0.24, 0.26, 0.24]",model_5_seed_000,,0.26,1,1,1
/home/prichter/Documents/banfield/betazoid/data/genes/colabfold/bz_4/orfm.bz_4.1_153,orfm.bz_4.1_153,10,"[None, None, None, None, None]","[0.31, 0.37, 0.34, 0.34, 0.34]",model_3_seed_000,,0.37,1,1,1
/home/prichter/Documents/banfield/betazoid/data/genes/colabfold/bz_4/orfm.bz_4.1_154,orfm.bz_4.1_154,2,"[None, None, None, None, None]","[0.36, 0.35, 0.37, 0.37, 0.37]",model_4_seed_000,,0.36,1,1,1
/home/prichter/Documents/banfield/betazoid/data/genes/colabfold/bz_4/orfm.bz_4.1_155,orfm.bz_4.1_155,2,"[None, None, None, None, None]","[0.51, 0.49, 0.41, 0.5, 0.47]",model_5_seed_000,,0.5,1,1,1
/home/prichter/Documents/banfield/betazoid/data/genes/colabfold/bz_4/orfm.bz_4.1_156,orfm.bz_4.1_156,2,"[None, None, None, None, None]","[0.43, 0.34, 0.29, 0.32, 0.35]",model_2_seed_000,,0.43,1,1,1
/home/prichter/Documents/banfield/betazoid/data/genes/colabfold/bz_4/orfm.bz_4.1_158,orfm.bz_4.1_158,2,"[None, None, None, None, None]","[0.04, 0.05, 0.05, 0.04, 0.05]",model_5_seed_000,,0.05,1,1,1
/home/prichter/Documents/banfield/betazoid/data/genes/colabfold/bz_4/orfm.bz_4.1_159,orfm.bz_4.1_159,4,"[None, None, None, None, None]","[0.29, 0.22, 0.26, 0.28, 0.27]",model_1_seed_000,,0.29,1,1,1
/home/prichter/Documents/banfield/betazoid/data/genes/colabfold/bz_4/orfm.bz_4.1_161,orfm.bz_4.1_161,2,"[None, None, None, None, None]","[0.37, 0.44, 0.42, 0.44, 0.41]",model_5_seed_000,,0.44,1,1,1
/home/prichter/Documents/banfield/betazoid/data/genes/colabfold/bz_4/orfm.bz_4.1_162,orfm.bz_4.1_162,2,"[None, None, None, None, None]","[0.32, 0.3, 0.28, 0.28, 0.28]",model_1_seed_000,,0.32,1,1,1
/home/prichter/Documents/banfield/betazoid/data/genes/colabfold/bz_4/orfm.bz_4.1_163,orfm.bz_4.1_163,2,"[None, None, None, None, None]","[0.52, 0.49, 0.54, 0.5, 0.49]",model_1_seed_000,,0.54,1,1,1
/home/prichter/Documents/banfield/betazoid/data/genes/colabfold/bz_4/orfm.bz_4.1_164,orfm.bz_4.1_164,5,"[None, None, None, None, None]","[0.27, 0.34, 0.25, 0.26, 0.24]",model_5_seed_000,,0.34,1,1,1
/home/prichter/Documents/banfield/betazoid/data/genes/colabfold/bz_4/orfm.bz_4.1_167,orfm.bz_4.1_167,2,"[None, None, None, None, None]","[0.32, 0.32, 0.32, 0.39, 0.33]",model_2_seed_000,,0.39,1,1,1
/home/prichter/Documents/banfield/betazoid/data/genes/colabfold/bz_4/orfm.bz_4.1_169,orfm.bz_4.1_169,2,"[None, None, None, None, None]","[0.37, 0.39, 0.42, 0.33, 0.42]",model_5_seed_000,,0.39,1,1,1
/home/prichter/Documents/banfield/betazoid/data/genes/colabfold/bz_4/orfm.bz_4.1_171,orfm.bz_4.1_171,2,"[None, None, None, None, None]","[0.45, 0.42, 0.46, 0.46, 0.46]",model_5_seed_000,,0.46,1,1,1
/home/prichter/Documents/banfield/betazoid/data/genes/colabfold/bz_4/orfm.bz_4.1_172,orfm.bz_4.1_172,2,"[None, None, None, None, None]","[0.39, 0.37, 0.35, 0.37, 0.37]",model_5_seed_000,,0.39,1,1,1
/home/prichter/Documents/banfield/betazoid/data/genes/colabfold/bz_4/orfm.bz_4.1_174,orfm.bz_4.1_174,2,"[None, None, None, None, None]","[0.3, 0.32, 0.26, 0.27, 0.29]",model_2_seed_000,,0.29,1,1,1
/home/prichter/Documents/banfield/betazoid/data/genes/colabfold/bz_4/orfm.bz_4.1_175,orfm.bz_4.1_175,2,"[None, None, None, None, None]","[0.04, 0.04, 0.04, 0.04, 0.03]",model_3_seed_000,,0.04,1,1,1
/home/prichter/Documents/banfield/betazoid/data/genes/colabfold/bz_4/orfm.bz_4.1_177,orfm.bz_4.1_177,2,"[None, None, None, None, None]","[0.55, 0.58, 0.5, 0.58, 0.58]",model_5_seed_000,,0.58,1,1,1
/home/prichter/Documents/banfield/betazoid/data/genes/colabfold/bz_4/orfm.bz_4.1_180,orfm.bz_4.1_180,2,"[None, None, None, None, None]","[0.38, 0.4, 0.36, 0.33, 0.37]",model_2_seed_000,,0.37,1,1,1
/home/prichter/Documents/banfield/betazoid/data/genes/colabfold/bz_4/orfm.bz_4.1_181,orfm.bz_4.1_181,2,"[None, None, None, None, None]","[0.33, 0.34, 0.39, 0.39, 0.39]",model_5_seed_000,,0.39,1,1,1
/home/prichter/Documents/banfield/betazoid/data/genes/colabfold/bz_4/orfm.bz_4.1_183,orfm.bz_4.1_183,2,"[None, None, None, None, None]","[0.38, 0.36, 0.39, 0.41, 0.33]",model_1_seed_000,,0.41,1,1,1
/home/prichter/Documents/banfield/betazoid/data/genes/colabfold/bz_4/orfm.bz_4.1_184,orfm.bz_4.1_184,19,"[None, None, None, None, None]","[0.76, 0.84, 0.85, 0.84, 0.84]",model_5_seed_000,,0.85,1,1,1
/home/prichter/Documents/banfield/betazoid/data/genes/colabfold/bz_4/orfm.bz_4.1_185,orfm.bz_4.1_185,2,"[None, None, None, None, None]","[0.35, 0.22, 0.27, 0.19, 0.19]",model_1_seed_000,,0.35,1,1,1
/home/prichter/Documents/banfield/betazoid/data/genes/colabfold/bz_4/orfm.bz_4.1_186,orfm.bz_4.1_186,2,"[None, None, None, None, None]","[0.49, 0.45, 0.31, 0.29, 0.29]",model_1_seed_000,,0.49,1,1,1
/home/prichter/Documents/banfield/betazoid/data/genes/colabfold/bz_4/orfm.bz_4.1_187,orfm.bz_4.1_187,2,"[None, None, None, None, None]","[0.04, 0.04, 0.04, 0.05, 0.04]",model_5_seed_000,,0.05,1,1,1
/home/prichter/Documents/banfield/betazoid/data/genes/colabfold/bz_4/orfm.bz_4.1_189,orfm.bz_4.1_189,2,"[None, None, None, None, None]","[0.38, 0.39, 0.4, 0.41, 0.38]",model_5_seed_000,,0.41,1,1,1
/home/prichter/Documents/banfield/betazoid/data/genes/colabfold/bz_4/orfm.bz_4.1_190,orfm.bz_4.1_190,2,"[None, None, None, None, None]","[0.03, 0.03, 0.03, 0.03, 0.03]",model_5_seed_000,,0.03,1,1,1
/home/prichter/Documents/banfield/betazoid/data/genes/colabfold/bz_4/orfm.bz_4.1_191,orfm.bz_4.1_191,9,"[None, None, None, None, None]","[0.52, 0.46, 0.51, 0.47, 0.54]",model_3_seed_000,,0.54,1,1,1
/home/prichter/Documents/banfield/betazoid/data/genes/colabfold/bz_4/orfm.bz_4.1_192,orfm.bz_4.1_192,2,"[None, None, None, None, None]","[0.33, 0.35, 0.28, 0.14, 0.35]",model_5_seed_000,,0.33,1,1,1
/home/prichter/Documents/banfield/betazoid/data/genes/colabfold/bz_4/orfm.bz_4.1_195,orfm.bz_4.1_195,2,"[None, None, None, None, None]","[0.48, 0.48, 0.47, 0.49, 0.44]",model_5_seed_000,,0.48,1,1,1
/home/prichter/Documents/banfield/betazoid/data/genes/colabfold/bz_4/orfm.bz_4.1_197,orfm.bz_4.1_197,2,"[None, None, None, None, None]","[0.42, 0.35, 0.41, 0.42, 0.41]",model_4_seed_000,,0.42,1,1,1
/home/prichter/Documents/banfield/betazoid/data/genes/colabfold/bz_4/orfm.bz_4.1_198,orfm.bz_4.1_198,2,"[None, None, None, None, None]","[0.46, 0.41, 0.45, 0.45, 0.48]",model_5_seed_000,,0.46,1,1,1
/home/prichter/Documents/banfield/betazoid/data/genes/colabfold/bz_4/orfm.bz_4.1_199,orfm.bz_4.1_199,2,"[None, None, None, None, None]","[0.27, 0.27, 0.25, 0.29, 0.31]",model_1_seed_000,,0.31,1,1,1
/home/prichter/Documents/banfield/betazoid/data/genes/colabfold/bz_4/orfm.bz_4.1_200,orfm.bz_4.1_200,2,"[None, None, None, None, None]","[0.21, 0.23, 0.19, 0.22, 0.21]",model_3_seed_000,,0.23,1,1,1
/home/prichter/Documents/banfield/betazoid/data/genes/colabfold/bz_4/orfm.bz_4.1_201,orfm.bz_4.1_201,2,"[None, None, None, None, None]","[0.48, 0.47, 0.43, 0.45, 0.46]",model_5_seed_000,,0.48,1,1,1
/home/prichter/Documents/banfield/betazoid/data/genes/colabfold/bz_4/orfm.bz_4.1_203,orfm.bz_4.1_203,338,"[None, None, None, None, None]","[0.53, 0.52, 0.51, 0.52, 0.51]",model_4_seed_000,,0.52,1,1,1
/home/prichter/Documents/banfield/betazoid/data/genes/colabfold/bz_4/orfm.bz_4.1_205,orfm.bz_4.1_205,2,"[None, None, None, None, None]","[0.46, 0.54, 0.5, 0.47, 0.43]",model_1_seed_000,,0.54,1,1,1
/home/prichter/Documents/banfield/betazoid/data/genes/colabfold/bz_4/orfm.bz_4.1_206,orfm.bz_4.1_206,2,"[None, None, None, None, None]","[0.24, 0.16, 0.18, 0.18, 0.22]",model_1_seed_000,,0.24,1,1,1
/home/prichter/Documents/banfield/betazoid/data/genes/colabfold/bz_4/orfm.bz_4.1_207,orfm.bz_4.1_207,2,"[None, None, None, None, None]","[0.42, 0.28, 0.4, 0.36, 0.34]",model_1_seed_000,,0.42,1,1,1
/home/prichter/Documents/banfield/betazoid/data/genes/colabfold/bz_4/orfm.bz_4.1_208,orfm.bz_4.1_208,2,"[None, None, None, None, None]","[0.42, 0.45, 0.38, 0.34, 0.36]",model_2_seed_000,,0.45,1,1,1
/home/prichter/Documents/banfield/betazoid/data/genes/colabfold/bz_4/orfm.bz_4.1_209,orfm.bz_4.1_209,2,"[None, None, None, None, None]","[0.34, 0.37, 0.49, 0.49, 0.53]",model_4_seed_000,,0.53,1,1,1
/home/prichter/Documents/banfield/betazoid/data/genes/colabfold/bz_4/orfm.bz_4.1_211,orfm.bz_4.1_211,2,"[None, None, None, None, None]","[0.32, 0.4, 0.38, 0.35, 0.38]",model_2_seed_000,,0.38,1,1,1
/home/prichter/Documents/banfield/betazoid/data/genes/colabfold/bz_4/orfm.bz_4.1_213,orfm.bz_4.1_213,2,"[None, None, None, None, None]","[0.21, 0.28, 0.25, 0.23, 0.23]",model_1_seed_000,,0.28,1,1,1
/home/prichter/Documents/banfield/betazoid/data/genes/colabfold/bz_4/orfm.bz_4.1_215,orfm.bz_4.1_215,2,"[None, None, None, None, None]","[0.36, 0.39, 0.39, 0.38, 0.39]",model_4_seed_000,,0.39,1,1,1
/home/prichter/Documents/banfield/betazoid/data/genes/colabfold/bz_4/orfm.bz_4.1_217,orfm.bz_4.1_217,2,"[None, None, None, None, None]","[0.33, 0.32, 0.3, 0.28, 0.33]",model_5_seed_000,,0.32,1,1,1
/home/prichter/Documents/banfield/betazoid/data/genes/colabfold/bz_4/orfm.bz_4.1_218,orfm.bz_4.1_218,2,"[None, None, None, None, None]","[0.03, 0.03, 0.03, 0.03, 0.03]",model_5_seed_000,,0.03,1,1,1
/home/prichter/Documents/banfield/betazoid/data/genes/colabfold/bz_5/orfm.bz_5.1_4,orfm.bz_5.1_4,2,"[None, None, None, None, None]","[0.43, 0.43, 0.43, 0.42, 0.44]",model_5_seed_000,,0.44,1,1,1
/home/prichter/Documents/banfield/betazoid/data/genes/colabfold/bz_5/orfm.bz_5.1_6,orfm.bz_5.1_6,2,"[None, None, None, None, None]","[0.37, 0.37, 0.4, 0.43, 0.44]",model_3_seed_000,,0.43,1,1,1
/home/prichter/Documents/banfield/betazoid/data/genes/colabfold/bz_5/orfm.bz_5.1_7,orfm.bz_5.1_7,2,"[None, None, None, None, None]","[0.6, 0.45, 0.58, 0.6, 0.27]",model_5_seed_000,,0.6,1,1,1
/home/prichter/Documents/banfield/betazoid/data/genes/colabfold/bz_5/orfm.bz_5.1_9,orfm.bz_5.1_9,2,"[None, None, None, None, None]","[0.33, 0.38, 0.41, 0.4, 0.41]",model_4_seed_000,,0.41,1,1,1
/home/prichter/Documents/banfield/betazoid/data/genes/colabfold/bz_5/orfm.bz_5.1_10,orfm.bz_5.1_10,2,"[None, None, None, None, None]","[0.53, 0.52, 0.57, 0.56, 0.55]",model_4_seed_000,,0.56,1,1,1
/home/prichter/Documents/banfield/betazoid/data/genes/colabfold/bz_5/orfm.bz_5.1_11,orfm.bz_5.1_11,2,"[None, None, None, None, None]","[0.43, 0.24, 0.2, 0.32, 0.24]",model_5_seed_000,,0.43,1,1,1
/home/prichter/Documents/banfield/betazoid/data/genes/colabfold/bz_5/orfm.bz_5.1_14,orfm.bz_5.1_14,2,"[None, None, None, None, None]","[0.27, 0.19, 0.26, 0.21, 0.25]",model_1_seed_000,,0.27,1,1,1
/home/prichter/Documents/banfield/betazoid/data/genes/colabfold/bz_5/orfm.bz_5.1_15,orfm.bz_5.1_15,2,"[None, None, None, None, None]","[0.24, 0.21, 0.23, 0.26, 0.25]",model_1_seed_000,,0.25,1,1,1
/home/prichter/Documents/banfield/betazoid/data/genes/colabfold/bz_5/orfm.bz_5.1_19,orfm.bz_5.1_19,2,"[None, None, None, None, None]","[0.18, 0.17, 0.2, 0.15, 0.2]",model_3_seed_000,,0.2,1,1,1
/home/prichter/Documents/banfield/betazoid/data/genes/colabfold/bz_5/orfm.bz_5.1_20,orfm.bz_5.1_20,2,"[None, None, None, None, None]","[0.36, 0.35, 0.42, 0.39, 0.34]",model_3_seed_000,,0.36,1,1,1
/home/prichter/Documents/banfield/betazoid/data/genes/colabfold/bz_5/orfm.bz_5.1_23,orfm.bz_5.1_23,2,"[None, None, None, None, None]","[0.04, 0.04, 0.04, 0.04, 0.04]",model_1_seed_000,,0.04,1,1,1
/home/prichter/Documents/banfield/betazoid/data/genes/colabfold/bz_5/orfm.bz_5.1_25,orfm.bz_5.1_25,2,"[None, None, None, None, None]","[0.44, 0.42, 0.45, 0.39, 0.36]",model_5_seed_000,,0.44,1,1,1
/home/prichter/Documents/banfield/betazoid/data/genes/colabfold/bz_5/orfm.bz_5.1_26,orfm.bz_5.1_26,2,"[None, None, None, None, None]","[0.28, 0.33, 0.29, 0.24, 0.33]",model_3_seed_000,,0.33,1,1,1
/home/prichter/Documents/banfield/betazoid/data/genes/colabfold/bz_5/orfm.bz_5.1_27,orfm.bz_5.1_27,2,"[None, None, None, None, None]","[0.22, 0.2, 0.24, 0.21, 0.25]",model_3_seed_000,,0.22,1,1,1
/home/prichter/Documents/banfield/betazoid/data/genes/colabfold/bz_5/orfm.bz_5.1_28,orfm.bz_5.1_28,2,"[None, None, None, None, None]","[0.38, 0.41, 0.39, 0.41, 0.36]",model_5_seed_000,,0.41,1,1,1
/home/prichter/Documents/banfield/betazoid/data/genes/colabfold/bz_5/orfm.bz_5.1_30,orfm.bz_5.1_30,2,"[None, None, None, None, None]","[0.2, 0.19, 0.2, 0.24, 0.26]",model_3_seed_000,,0.24,1,1,1
/home/prichter/Documents/banfield/betazoid/data/genes/colabfold/bz_5/orfm.bz_5.1_31,orfm.bz_5.1_31,2,"[None, None, None, None, None]","[0.04, 0.04, 0.04, 0.05, 0.04]",model_5_seed_000,,0.04,1,1,1
/home/prichter/Documents/banfield/betazoid/data/genes/colabfold/bz_5/orfm.bz_5.1_32,orfm.bz_5.1_32,2,"[None, None, None, None, None]","[0.39, 0.38, 0.4, 0.37, 0.42]",model_3_seed_000,,0.38,1,1,1
/home/prichter/Documents/banfield/betazoid/data/genes/colabfold/bz_5/orfm.bz_5.1_37,orfm.bz_5.1_37,2,"[None, None, None, None, None]","[0.4, 0.34, 0.38, 0.38, 0.39]",model_2_seed_000,,0.38,1,1,1
/home/prichter/Documents/banfield/betazoid/data/genes/colabfold/bz_5/orfm.bz_5.1_42,orfm.bz_5.1_42,2,"[None, None, None, None, None]","[0.31, 0.43, 0.37, 0.32, 0.46]",model_4_seed_000,,0.43,1,1,1
/home/prichter/Documents/banfield/betazoid/data/genes/colabfold/bz_5/orfm.bz_5.1_43,orfm.bz_5.1_43,2,"[None, None, None, None, None]","[0.41, 0.36, 0.4, 0.4, 0.4]",model_3_seed_000,,0.4,1,1,1
/home/prichter/Documents/banfield/betazoid/data/genes/colabfold/bz_5/orfm.bz_5.1_44,orfm.bz_5.1_44,2,"[None, None, None, None, None]","[0.28, 0.37, 0.31, 0.33, 0.29]",model_3_seed_000,,0.37,1,1,1
/home/prichter/Documents/banfield/betazoid/data/genes/colabfold/bz_5/orfm.bz_5.1_45,orfm.bz_5.1_45,2,"[None, None, None, None, None]","[0.5, 0.46, 0.44, 0.5, 0.53]",model_5_seed_000,,0.53,1,1,1
/home/prichter/Documents/banfield/betazoid/data/genes/colabfold/bz_5/orfm.bz_5.1_46,orfm.bz_5.1_46,2,"[None, None, None, None, None]","[0.26, 0.24, 0.25, 0.29, 0.27]",model_5_seed_000,,0.29,1,1,1
/home/prichter/Documents/banfield/betazoid/data/genes/colabfold/bz_5/orfm.bz_5.1_48,orfm.bz_5.1_48,2,"[None, None, None, None, None]","[0.17, 0.15, 0.23, 0.18, 0.16]",model_3_seed_000,,0.23,1,1,1
/home/prichter/Documents/banfield/betazoid/data/genes/colabfold/bz_5/orfm.bz_5.1_49,orfm.bz_5.1_49,2,"[None, None, None, None, None]","[0.43, 0.38, 0.36, 0.38, 0.38]",model_5_seed_000,,0.38,1,1,1
/home/prichter/Documents/banfield/betazoid/data/genes/colabfold/bz_5/orfm.bz_5.1_50,orfm.bz_5.1_50,2,"[None, None, None, None, None]","[0.04, 0.03, 0.04, 0.03, 0.04]",model_1_seed_000,,0.04,1,1,1
/home/prichter/Documents/banfield/betazoid/data/genes/colabfold/bz_5/orfm.bz_5.1_51,orfm.bz_5.1_51,2,"[None, None, None, None, None]","[0.25, 0.22, 0.2, 0.23, 0.24]",model_3_seed_000,,0.23,1,1,1
/home/prichter/Documents/banfield/betazoid/data/genes/colabfold/bz_5/orfm.bz_5.1_53,orfm.bz_5.1_53,2,"[None, None, None, None, None]","[0.28, 0.35, 0.34, 0.25, 0.28]",model_1_seed_000,,0.35,1,1,1
/home/prichter/Documents/banfield/betazoid/data/genes/colabfold/bz_5/orfm.bz_5.1_54,orfm.bz_5.1_54,2,"[None, None, None, None, None]","[0.45, 0.48, 0.48, 0.43, 0.54]",model_5_seed_000,,0.48,1,1,1
/home/prichter/Documents/banfield/betazoid/data/genes/colabfold/bz_5/orfm.bz_5.1_56,orfm.bz_5.1_56,2,"[None, None, None, None, None]","[0.42, 0.39, 0.44, 0.42, 0.47]",model_5_seed_000,,0.47,1,1,1
/home/prichter/Documents/banfield/betazoid/data/genes/colabfold/bz_5/orfm.bz_5.1_57,orfm.bz_5.1_57,2,"[None, None, None, None, None]","[0.49, 0.4, 0.49, 0.51, 0.54]",model_4_seed_000,,0.51,1,1,1
/home/prichter/Documents/banfield/betazoid/data/genes/colabfold/bz_5/orfm.bz_5.1_59,orfm.bz_5.1_59,2784,"[None, None, None, None, None]","[0.62, 0.61, 0.64, 0.63, 0.6]",model_3_seed_000,,0.64,1,1,1
/home/prichter/Documents/banfield/betazoid/data/genes/colabfold/bz_5/orfm.bz_5.1_61,orfm.bz_5.1_61,2,"[None, None, None, None, None]","[0.38, 0.4, 0.38, 0.34, 0.38]",model_5_seed_000,,0.4,1,1,1
/home/prichter/Documents/banfield/betazoid/data/genes/colabfold/bz_5/orfm.bz_5.1_63,orfm.bz_5.1_63,2,"[None, None, None, None, None]","[0.29, 0.29, 0.33, 0.33, 0.35]",model_3_seed_000,,0.29,1,1,1
/home/prichter/Documents/banfield/betazoid/data/genes/colabfold/bz_5/orfm.bz_5.1_64,orfm.bz_5.1_64,2,"[None, None, None, None, None]","[0.35, 0.34, 0.32, 0.37, 0.36]",model_5_seed_000,,0.37,1,1,1
/home/prichter/Documents/banfield/betazoid/data/genes/colabfold/bz_5/orfm.bz_5.1_65,orfm.bz_5.1_65,2,"[None, None, None, None, None]","[0.47, 0.27, 0.28, 0.43, 0.44]",model_5_seed_000,,0.47,1,1,1
/home/prichter/Documents/banfield/betazoid/data/genes/colabfold/bz_5/orfm.bz_5.1_66,orfm.bz_5.1_66,2,"[None, None, None, None, None]","[0.25, 0.28, 0.27, 0.29, 0.25]",model_3_seed_000,,0.27,1,1,1
/home/prichter/Documents/banfield/betazoid/data/genes/colabfold/bz_5/orfm.bz_5.1_67,orfm.bz_5.1_67,2,"[None, None, None, None, None]","[0.2, 0.38, 0.35, 0.33, 0.15]",model_1_seed_000,,0.38,1,1,1
/home/prichter/Documents/banfield/betazoid/data/genes/colabfold/bz_5/orfm.bz_5.1_68,orfm.bz_5.1_68,2,"[None, None, None, None, None]","[0.31, 0.24, 0.3, 0.47, 0.52]",model_4_seed_000,,0.52,1,1,1
/home/prichter/Documents/banfield/betazoid/data/genes/colabfold/bz_5/orfm.bz_5.1_69,orfm.bz_5.1_69,2,"[None, None, None, None, None]","[0.52, 0.53, 0.52, 0.55, 0.49]",model_5_seed_000,,0.55,1,1,1
/home/prichter/Documents/banfield/betazoid/data/genes/colabfold/bz_5/orfm.bz_5.1_71,orfm.bz_5.1_71,3,"[None, None, None, None, None]","[0.28, 0.29, 0.3, 0.51, 0.27]",model_5_seed_000,,0.51,1,1,1
/home/prichter/Documents/banfield/betazoid/data/genes/colabfold/bz_5/orfm.bz_5.1_73,orfm.bz_5.1_73,2,"[None, None, None, None, None]","[0.46, 0.46, 0.49, 0.44, 0.44]",model_5_seed_000,,0.49,1,1,1
/home/prichter/Documents/banfield/betazoid/data/genes/colabfold/bz_5/orfm.bz_5.1_74,orfm.bz_5.1_74,2,"[None, None, None, None, None]","[0.43, 0.48, 0.42, 0.35, 0.43]",model_1_seed_000,,0.35,1,1,1
/home/prichter/Documents/banfield/betazoid/data/genes/colabfold/bz_5/orfm.bz_5.1_76,orfm.bz_5.1_76,2,"[None, None, None, None, None]","[0.53, 0.55, 0.48, 0.55, 0.53]",model_4_seed_000,,0.55,1,1,1
/home/prichter/Documents/banfield/betazoid/data/genes/colabfold/bz_5/orfm.bz_5.1_78,orfm.bz_5.1_78,165,"[None, None, None, None, None]","[0.47, 0.51, 0.55, 0.53, 0.53]",model_3_seed_000,,0.55,1,1,1
/home/prichter/Documents/banfield/betazoid/data/genes/colabfold/bz_5/orfm.bz_5.1_80,orfm.bz_5.1_80,2,"[None, None, None, None, None]","[0.04, 0.04, 0.04, 0.05, 0.05]",model_1_seed_000,,0.05,1,1,1
/home/prichter/Documents/banfield/betazoid/data/genes/colabfold/bz_5/orfm.bz_5.1_81,orfm.bz_5.1_81,2,"[None, None, None, None, None]","[0.14, 0.23, 0.13, 0.11, 0.15]",model_1_seed_000,,0.23,1,1,1
/home/prichter/Documents/banfield/betazoid/data/genes/colabfold/bz_5/orfm.bz_5.1_82,orfm.bz_5.1_82,2,"[None, None, None, None, None]","[0.49, 0.43, 0.44, 0.44, 0.46]",model_5_seed_000,,0.49,1,1,1
/home/prichter/Documents/banfield/betazoid/data/genes/colabfold/bz_5/orfm.bz_5.1_83,orfm.bz_5.1_83,2,"[None, None, None, None, None]","[0.42, 0.43, 0.39, 0.4, 0.39]",model_1_seed_000,,0.43,1,1,1
/home/prichter/Documents/banfield/betazoid/data/genes/colabfold/bz_5/orfm.bz_5.1_89,orfm.bz_5.1_89,2,"[None, None, None, None, None]","[0.35, 0.37, 0.27, 0.39, 0.35]",model_1_seed_000,,0.39,1,1,1
/home/prichter/Documents/banfield/betazoid/data/genes/colabfold/bz_5/orfm.bz_5.1_91,orfm.bz_5.1_91,2,"[None, None, None, None, None]","[0.03, 0.03, 0.03, 0.03, 0.03]",model_4_seed_000,,0.03,1,1,1
/home/prichter/Documents/banfield/betazoid/data/genes/colabfold/bz_5/orfm.bz_5.1_92,orfm.bz_5.1_92,2,"[None, None, None, None, None]","[0.42, 0.41, 0.43, 0.44, 0.42]",model_5_seed_000,,0.44,1,1,1
/home/prichter/Documents/banfield/betazoid/data/genes/colabfold/bz_5/orfm.bz_5.1_93,orfm.bz_5.1_93,2,"[None, None, None, None, None]","[0.04, 0.04, 0.05, 0.04, 0.04]",model_3_seed_000,,0.04,1,1,1
/home/prichter/Documents/banfield/betazoid/data/genes/colabfold/bz_5/orfm.bz_5.1_94,orfm.bz_5.1_94,2,"[None, None, None, None, None]","[0.15, 0.2, 0.19, 0.2, 0.15]",model_5_seed_000,,0.19,1,1,1
/home/prichter/Documents/banfield/betazoid/data/genes/colabfold/bz_5/orfm.bz_5.1_95,orfm.bz_5.1_95,1795,"[None, None, None, None, None]","[0.9, 0.89, 0.9, 0.91, 0.9]",model_3_seed_000,,0.9,1,1,1
/home/prichter/Documents/banfield/betazoid/data/genes/colabfold/bz_5/orfm.bz_5.1_96,orfm.bz_5.1_96,2,"[None, None, None, None, None]","[0.13, 0.11, 0.14, 0.13, 0.19]",model_2_seed_000,,0.13,1,1,1
/home/prichter/Documents/banfield/betazoid/data/genes/colabfold/bz_5/orfm.bz_5.1_97,orfm.bz_5.1_97,2,"[None, None, None, None, None]","[0.33, 0.36, 0.38, 0.29, 0.33]",model_5_seed_000,,0.29,1,1,1
/home/prichter/Documents/banfield/betazoid/data/genes/colabfold/bz_5/orfm.bz_5.1_98,orfm.bz_5.1_98,2,"[None, None, None, None, None]","[0.28, 0.28, 0.28, 0.33, 0.31]",model_5_seed_000,,0.28,1,1,1
/home/prichter/Documents/banfield/betazoid/data/genes/colabfold/bz_5/orfm.bz_5.1_99,orfm.bz_5.1_99,2,"[None, None, None, None, None]","[0.26, 0.24, 0.18, 0.18, 0.15]",model_3_seed_000,,0.24,1,1,1
/home/prichter/Documents/banfield/betazoid/data/genes/colabfold/bz_5/orfm.bz_5.1_100,orfm.bz_5.1_100,2,"[None, None, None, None, None]","[0.31, 0.29, 0.32, 0.29, 0.29]",model_1_seed_000,,0.32,1,1,1
/home/prichter/Documents/banfield/betazoid/data/genes/colabfold/bz_5/orfm.bz_5.1_101,orfm.bz_5.1_101,2,"[None, None, None, None, None]","[0.03, 0.03, 0.03, 0.03, 0.03]",model_4_seed_000,,0.03,1,1,1
/home/prichter/Documents/banfield/betazoid/data/genes/colabfold/bz_5/orfm.bz_5.1_102,orfm.bz_5.1_102,2,"[None, None, None, None, None]","[0.04, 0.05, 0.03, 0.04, 0.05]",model_5_seed_000,,0.05,1,1,1
/home/prichter/Documents/banfield/betazoid/data/genes/colabfold/bz_5/orfm.bz_5.1_103,orfm.bz_5.1_103,2,"[None, None, None, None, None]","[0.32, 0.31, 0.32, 0.36, 0.28]",model_1_seed_000,,0.36,1,1,1
/home/prichter/Documents/banfield/betazoid/data/genes/colabfold/bz_5/orfm.bz_5.1_104,orfm.bz_5.1_104,2,"[None, None, None, None, None]","[0.05, 0.05, 0.05, 0.05, 0.05]",model_5_seed_000,,0.05,1,1,1
/home/prichter/Documents/banfield/betazoid/data/genes/colabfold/bz_5/orfm.bz_5.1_105,orfm.bz_5.1_105,8,"[None, None, None, None, None]","[0.29, 0.27, 0.3, 0.27, 0.29]",model_5_seed_000,,0.3,1,1,1
/home/prichter/Documents/banfield/betazoid/data/genes/colabfold/bz_5/orfm.bz_5.1_106,orfm.bz_5.1_106,2,"[None, None, None, None, None]","[0.32, 0.34, 0.32, 0.35, 0.34]",model_4_seed_000,,0.34,1,1,1
/home/prichter/Documents/banfield/betazoid/data/genes/colabfold/bz_5/orfm.bz_5.1_107,orfm.bz_5.1_107,2,"[None, None, None, None, None]","[0.21, 0.22, 0.23, 0.2, 0.21]",model_1_seed_000,,0.23,1,1,1
/home/prichter/Documents/banfield/betazoid/data/genes/colabfold/bz_5/orfm.bz_5.1_108,orfm.bz_5.1_108,2,"[None, None, None, None, None]","[0.12, 0.11, 0.13, 0.12, 0.14]",model_3_seed_000,,0.12,1,1,1
/home/prichter/Documents/banfield/betazoid/data/genes/colabfold/bz_5/orfm.bz_5.1_109,orfm.bz_5.1_109,2,"[None, None, None, None, None]","[0.31, 0.3, 0.29, 0.28, 0.3]",model_5_seed_000,,0.3,1,1,1
/home/prichter/Documents/banfield/betazoid/data/genes/colabfold/bz_5/orfm.bz_5.1_110,orfm.bz_5.1_110,2,"[None, None, None, None, None]","[0.41, 0.37, 0.38, 0.41, 0.41]",model_5_seed_000,,0.41,1,1,1
/home/prichter/Documents/banfield/betazoid/data/genes/colabfold/bz_5/orfm.bz_5.1_112,orfm.bz_5.1_112,2,"[None, None, None, None, None]","[0.03, 0.03, 0.03, 0.03, 0.03]",model_5_seed_000,,0.03,1,1,1
/home/prichter/Documents/banfield/betazoid/data/genes/colabfold/bz_5/orfm.bz_5.1_114,orfm.bz_5.1_114,2,"[None, None, None, None, None]","[0.48, 0.53, 0.55, 0.51, 0.47]",model_3_seed_000,,0.48,1,1,1
/home/prichter/Documents/banfield/betazoid/data/genes/colabfold/bz_5/orfm.bz_5.1_117,orfm.bz_5.1_117,2,"[None, None, None, None, None]","[0.04, 0.04, 0.04, 0.04, 0.04]",model_5_seed_000,,0.04,1,1,1
/home/prichter/Documents/banfield/betazoid/data/genes/colabfold/bz_5/orfm.bz_5.1_119,orfm.bz_5.1_119,2,"[None, None, None, None, None]","[0.18, 0.26, 0.23, 0.33, 0.21]",model_1_seed_000,,0.26,1,1,1
/home/prichter/Documents/banfield/betazoid/data/genes/colabfold/bz_5/orfm.bz_5.1_120,orfm.bz_5.1_120,29,"[None, None, None, None, None]","[0.31, 0.36, 0.34, 0.33, 0.33]",model_1_seed_000,,0.36,1,1,1
/home/prichter/Documents/banfield/betazoid/data/genes/colabfold/bz_5/orfm.bz_5.1_123,orfm.bz_5.1_123,2,"[None, None, None, None, None]","[0.13, 0.15, 0.15, 0.14, 0.14]",model_5_seed_000,,0.15,1,1,1
/home/prichter/Documents/banfield/betazoid/data/genes/colabfold/bz_5/orfm.bz_5.1_125,orfm.bz_5.1_125,2,"[None, None, None, None, None]","[0.2, 0.14, 0.13, 0.19, 0.1]",model_1_seed_000,,0.19,1,1,1
/home/prichter/Documents/banfield/betazoid/data/genes/colabfold/bz_5/orfm.bz_5.1_126,orfm.bz_5.1_126,2,"[None, None, None, None, None]","[0.23, 0.21, 0.2, 0.21, 0.24]",model_4_seed_000,,0.21,1,1,1
/home/prichter/Documents/banfield/betazoid/data/genes/colabfold/bz_5/orfm.bz_5.1_128,orfm.bz_5.1_128,2,"[None, None, None, None, None]","[0.39, 0.38, 0.36, 0.37, 0.34]",model_3_seed_000,,0.39,1,1,1
/home/prichter/Documents/banfield/betazoid/data/genes/colabfold/bz_5/orfm.bz_5.1_129,orfm.bz_5.1_129,2,"[None, None, None, None, None]","[0.03, 0.03, 0.03, 0.03, 0.03]",model_5_seed_000,,0.03,1,1,1
/home/prichter/Documents/banfield/betazoid/data/genes/colabfold/bz_5/orfm.bz_5.1_130,orfm.bz_5.1_130,2,"[None, None, None, None, None]","[0.39, 0.42, 0.39, 0.42, 0.4]",model_3_seed_000,,0.39,1,1,1
/home/prichter/Documents/banfield/betazoid/data/genes/colabfold/bz_5/orfm.bz_5.1_131,orfm.bz_5.1_131,2,"[None, None, None, None, None]","[0.02, 0.02, 0.02, 0.02, 0.02]",model_3_seed_000,,0.02,1,1,1
/home/prichter/Documents/banfield/betazoid/data/genes/colabfold/bz_5/orfm.bz_5.1_132,orfm.bz_5.1_132,2,"[None, None, None, None, None]","[0.35, 0.27, 0.29, 0.37, 0.32]",model_2_seed_000,,0.37,1,1,1
/home/prichter/Documents/banfield/betazoid/data/genes/colabfold/bz_5/orfm.bz_5.1_133,orfm.bz_5.1_133,2,"[None, None, None, None, None]","[0.55, 0.55, 0.54, 0.55, 0.54]",model_1_seed_000,,0.55,1,1,1
/home/prichter/Documents/banfield/betazoid/data/genes/colabfold/bz_5/orfm.bz_5.1_135,orfm.bz_5.1_135,2,"[None, None, None, None, None]","[0.48, 0.49, 0.49, 0.49, 0.53]",model_3_seed_000,,0.48,1,1,1
/home/prichter/Documents/banfield/betazoid/data/genes/colabfold/bz_5/orfm.bz_5.1_136,orfm.bz_5.1_136,4,"[None, None, None, None, None]","[0.23, 0.21, 0.19, 0.25, 0.24]",model_2_seed_000,,0.25,1,1,1
/home/prichter/Documents/banfield/betazoid/data/genes/colabfold/bz_5/orfm.bz_5.1_139,orfm.bz_5.1_139,2,"[None, None, None, None, None]","[0.05, 0.04, 0.05, 0.05, 0.04]",model_4_seed_000,,0.05,1,1,1
/home/prichter/Documents/banfield/betazoid/data/genes/colabfold/bz_5/orfm.bz_5.1_140,orfm.bz_5.1_140,5,"[None, None, None, None, None]","[0.28, 0.31, 0.25, 0.47, 0.32]",model_4_seed_000,,0.47,1,1,1
/home/prichter/Documents/banfield/betazoid/data/genes/colabfold/bz_5/orfm.bz_5.1_142,orfm.bz_5.1_142,2,"[None, None, None, None, None]","[0.24, 0.22, 0.22, 0.23, 0.26]",model_1_seed_000,,0.26,1,1,1
/home/prichter/Documents/banfield/betazoid/data/genes/colabfold/bz_5/orfm.bz_5.1_143,orfm.bz_5.1_143,2,"[None, None, None, None, None]","[0.24, 0.21, 0.25, 0.29, 0.2]",model_1_seed_000,,0.29,1,1,1
/home/prichter/Documents/banfield/betazoid/data/genes/colabfold/bz_5/orfm.bz_5.1_144,orfm.bz_5.1_144,2,"[None, None, None, None, None]","[0.26, 0.27, 0.3, 0.26, 0.28]",model_3_seed_000,,0.28,1,1,1
/home/prichter/Documents/banfield/betazoid/data/genes/colabfold/bz_5/orfm.bz_5.1_146,orfm.bz_5.1_146,2,"[None, None, None, None, None]","[0.23, 0.22, 0.24, 0.23, 0.24]",model_1_seed_000,,0.24,1,1,1
/home/prichter/Documents/banfield/betazoid/data/genes/colabfold/bz_5/orfm.bz_5.1_147,orfm.bz_5.1_147,2,"[None, None, None, None, None]","[0.04, 0.04, 0.04, 0.04, 0.04]",model_1_seed_000,,0.04,1,1,1
/home/prichter/Documents/banfield/betazoid/data/genes/colabfold/bz_5/orfm.bz_5.1_149,orfm.bz_5.1_149,2,"[None, None, None, None, None]","[0.27, 0.26, 0.25, 0.25, 0.25]",model_5_seed_000,,0.27,1,1,1
/home/prichter/Documents/banfield/betazoid/data/genes/colabfold/bz_5/orfm.bz_5.1_151,orfm.bz_5.1_151,18,"[None, None, None, None, None]","[0.84, 0.84, 0.84, 0.84, 0.84]",model_3_seed_000,,0.84,1,1,1
/home/prichter/Documents/banfield/betazoid/data/genes/colabfold/bz_5/orfm.bz_5.1_152,orfm.bz_5.1_152,2,"[None, None, None, None, None]","[0.42, 0.43, 0.42, 0.41, 0.44]",model_5_seed_000,,0.44,1,1,1
/home/prichter/Documents/banfield/betazoid/data/genes/colabfold/bz_5/orfm.bz_5.1_154,orfm.bz_5.1_154,2,"[None, None, None, None, None]","[0.05, 0.05, 0.05, 0.05, 0.05]",model_3_seed_000,,0.05,1,1,1
/home/prichter/Documents/banfield/betazoid/data/genes/colabfold/bz_5/orfm.bz_5.1_155,orfm.bz_5.1_155,2,"[None, None, None, None, None]","[0.58, 0.48, 0.59, 0.52, 0.56]",model_3_seed_000,,0.56,1,1,1
/home/prichter/Documents/banfield/betazoid/data/genes/colabfold/bz_5/orfm.bz_5.1_157,orfm.bz_5.1_157,9,"[None, None, None, None, None]","[0.39, 0.38, 0.45, 0.37, 0.37]",model_4_seed_000,,0.45,1,1,1
/home/prichter/Documents/banfield/betazoid/data/genes/colabfold/bz_5/orfm.bz_5.1_159,orfm.bz_5.1_159,2,"[None, None, None, None, None]","[0.46, 0.48, 0.47, 0.43, 0.45]",model_3_seed_000,,0.48,1,1,1
/home/prichter/Documents/banfield/betazoid/data/genes/colabfold/bz_5/orfm.bz_5.1_160,orfm.bz_5.1_160,2,"[None, None, None, None, None]","[0.33, 0.43, 0.39, 0.43, 0.32]",model_5_seed_000,,0.43,1,1,1
/home/prichter/Documents/banfield/betazoid/data/genes/colabfold/bz_5/orfm.bz_5.1_161,orfm.bz_5.1_161,2,"[None, None, None, None, None]","[0.41, 0.35, 0.4, 0.42, 0.39]",model_1_seed_000,,0.41,1,1,1
/home/prichter/Documents/banfield/betazoid/data/genes/colabfold/bz_5/orfm.bz_5.1_162,orfm.bz_5.1_162,2,"[None, None, None, None, None]","[0.37, 0.49, 0.42, 0.42, 0.4]",model_3_seed_000,,0.49,1,1,1
/home/prichter/Documents/banfield/betazoid/data/genes/colabfold/bz_5/orfm.bz_5.1_163,orfm.bz_5.1_163,2,"[None, None, None, None, None]","[0.49, 0.53, 0.53, 0.56, 0.52]",model_3_seed_000,,0.56,1,1,1
/home/prichter/Documents/banfield/betazoid/data/genes/colabfold/bz_5/orfm.bz_5.1_165,orfm.bz_5.1_165,2,"[None, None, None, None, None]","[0.57, 0.57, 0.57, 0.54, 0.56]",model_5_seed_000,,0.57,1,1,1
/home/prichter/Documents/banfield/betazoid/data/genes/colabfold/bz_5/orfm.bz_5.1_166,orfm.bz_5.1_166,2,"[None, None, None, None, None]","[0.43, 0.44, 0.43, 0.44, 0.42]",model_3_seed_000,,0.44,1,1,1
/home/prichter/Documents/banfield/betazoid/data/genes/colabfold/bz_7/orfm.bz_7.1_1,orfm.bz_7.1_1,2,"[None, None, None, None, None]","[0.15, 0.16, 0.15, 0.15, 0.15]",model_5_seed_000,,0.15,1,1,1
/home/prichter/Documents/banfield/betazoid/data/genes/colabfold/bz_7/orfm.bz_7.1_2,orfm.bz_7.1_2,2,"[None, None, None, None, None]","[0.13, 0.11, 0.11, 0.14, 0.11]",model_5_seed_000,,0.11,1,1,1
/home/prichter/Documents/banfield/betazoid/data/genes/colabfold/bz_7/orfm.bz_7.1_4,orfm.bz_7.1_4,2,"[None, None, None, None, None]","[0.1, 0.11, 0.1, 0.1, 0.1]",model_2_seed_000,,0.11,1,1,1
/home/prichter/Documents/banfield/betazoid/data/genes/colabfold/bz_7/orfm.bz_7.1_5,orfm.bz_7.1_5,2,"[None, None, None, None, None]","[0.12, 0.11, 0.11, 0.11, 0.14]",model_2_seed_000,,0.12,1,1,1
/home/prichter/Documents/banfield/betazoid/data/genes/colabfold/bz_7/orfm.bz_7.1_6,orfm.bz_7.1_6,2,"[None, None, None, None, None]","[0.29, 0.21, 0.31, 0.35, 0.31]",model_1_seed_000,,0.35,1,1,1
/home/prichter/Documents/banfield/betazoid/data/genes/colabfold/bz_7/orfm.bz_7.1_7,orfm.bz_7.1_7,2,"[None, None, None, None, None]","[0.35, 0.37, 0.39, 0.32, 0.36]",model_1_seed_000,,0.39,1,1,1
/home/prichter/Documents/banfield/betazoid/data/genes/colabfold/bz_7/orfm.bz_7.1_8,orfm.bz_7.1_8,2,"[None, None, None, None, None]","[0.33, 0.59, 0.39, 0.49, 0.56]",model_2_seed_000,,0.59,1,1,1
/home/prichter/Documents/banfield/betazoid/data/genes/colabfold/bz_7/orfm.bz_7.1_9,orfm.bz_7.1_9,2,"[None, None, None, None, None]","[0.04, 0.04, 0.04, 0.04, 0.04]",model_5_seed_000,,0.04,1,1,1
/home/prichter/Documents/banfield/betazoid/data/genes/colabfold/bz_7/orfm.bz_7.1_11,orfm.bz_7.1_11,2,"[None, None, None, None, None]","[0.31, 0.32, 0.32, 0.31, 0.31]",model_4_seed_000,,0.32,1,1,1
/home/prichter/Documents/banfield/betazoid/data/genes/colabfold/bz_7/orfm.bz_7.1_12,orfm.bz_7.1_12,2,"[None, None, None, None, None]","[0.27, 0.27, 0.3, 0.29, 0.24]",model_5_seed_000,,0.29,1,1,1
/home/prichter/Documents/banfield/betazoid/data/genes/colabfold/bz_7/orfm.bz_7.1_13,orfm.bz_7.1_13,2,"[None, None, None, None, None]","[0.03, 0.03, 0.03, 0.03, 0.03]",model_1_seed_000,,0.03,1,1,1
/home/prichter/Documents/banfield/betazoid/data/genes/colabfold/bz_7/orfm.bz_7.1_14,orfm.bz_7.1_14,2,"[None, None, None, None, None]","[0.36, 0.34, 0.34, 0.33, 0.38]",model_4_seed_000,,0.34,1,1,1
/home/prichter/Documents/banfield/betazoid/data/genes/colabfold/bz_7/orfm.bz_7.1_17,orfm.bz_7.1_17,2,"[None, None, None, None, None]","[0.14, 0.14, 0.25, 0.16, 0.18]",model_2_seed_000,,0.25,1,1,1
/home/prichter/Documents/banfield/betazoid/data/genes/colabfold/bz_7/orfm.bz_7.1_18,orfm.bz_7.1_18,68,"[None, None, None, None, None]","[0.87, 0.74, 0.82, 0.75, 0.75]",model_3_seed_000,,0.87,1,1,1
/home/prichter/Documents/banfield/betazoid/data/genes/colabfold/bz_7/orfm.bz_7.1_19,orfm.bz_7.1_19,2,"[None, None, None, None, None]","[0.04, 0.04, 0.04, 0.04, 0.04]",model_3_seed_000,,0.04,1,1,1
/home/prichter/Documents/banfield/betazoid/data/genes/colabfold/bz_7/orfm.bz_7.1_20,orfm.bz_7.1_20,2,"[None, None, None, None, None]","[0.13, 0.16, 0.17, 0.13, 0.13]",model_3_seed_000,,0.16,1,1,1
/home/prichter/Documents/banfield/betazoid/data/genes/colabfold/bz_7/orfm.bz_7.1_21,orfm.bz_7.1_21,2,"[None, None, None, None, None]","[0.27, 0.24, 0.29, 0.3, 0.27]",model_5_seed_000,,0.29,1,1,1
/home/prichter/Documents/banfield/betazoid/data/genes/colabfold/bz_7/orfm.bz_7.1_22,orfm.bz_7.1_22,2,"[None, None, None, None, None]","[0.03, 0.03, 0.03, 0.03, 0.03]",model_1_seed_000,,0.03,1,1,1
/home/prichter/Documents/banfield/betazoid/data/genes/colabfold/bz_7/orfm.bz_7.1_23,orfm.bz_7.1_23,2,"[None, None, None, None, None]","[0.34, 0.38, 0.34, 0.33, 0.36]",model_4_seed_000,,0.34,1,1,1
/home/prichter/Documents/banfield/betazoid/data/genes/colabfold/bz_7/orfm.bz_7.1_27,orfm.bz_7.1_27,2,"[None, None, None, None, None]","[0.23, 0.13, 0.18, 0.17, 0.18]",model_2_seed_000,,0.23,1,1,1
/home/prichter/Documents/banfield/betazoid/data/genes/colabfold/bz_7/orfm.bz_7.1_28,orfm.bz_7.1_28,1232,"[None, None, None, None, None]","[0.7, 0.68, 0.67, 0.7, 0.67]",model_1_seed_000,,0.67,1,1,1
/home/prichter/Documents/banfield/betazoid/data/genes/colabfold/bz_7/orfm.bz_7.1_29,orfm.bz_7.1_29,2,"[None, None, None, None, None]","[0.04, 0.04, 0.04, 0.04, 0.04]",model_3_seed_000,,0.04,1,1,1
/home/prichter/Documents/banfield/betazoid/data/genes/colabfold/bz_7/orfm.bz_7.1_30,orfm.bz_7.1_30,2,"[None, None, None, None, None]","[0.15, 0.18, 0.13, 0.15, 0.12]",model_5_seed_000,,0.18,1,1,1
/home/prichter/Documents/banfield/betazoid/data/genes/colabfold/bz_7/orfm.bz_7.1_31,orfm.bz_7.1_31,2,"[None, None, None, None, None]","[0.3, 0.29, 0.27, 0.24, 0.27]",model_5_seed_000,,0.29,1,1,1
/home/prichter/Documents/banfield/betazoid/data/genes/colabfold/bz_7/orfm.bz_7.1_32,orfm.bz_7.1_32,2,"[None, None, None, None, None]","[0.03, 0.03, 0.03, 0.03, 0.03]",model_1_seed_000,,0.03,1,1,1
/home/prichter/Documents/banfield/betazoid/data/genes/colabfold/bz_7/orfm.bz_7.1_33,orfm.bz_7.1_33,2,"[None, None, None, None, None]","[0.33, 0.34, 0.38, 0.36, 0.34]",model_4_seed_000,,0.34,1,1,1
/home/prichter/Documents/banfield/betazoid/data/genes/colabfold/bz_7/orfm.bz_7.1_36,orfm.bz_7.1_36,2,"[None, None, None, None, None]","[0.14, 0.19, 0.14, 0.14, 0.16]",model_1_seed_000,,0.19,1,1,1
/home/prichter/Documents/banfield/betazoid/data/genes/colabfold/bz_7/orfm.bz_7.1_37,orfm.bz_7.1_37,639,"[None, None, None, None, None]","[0.72, 0.59, 0.62, 0.61, 0.63]",model_2_seed_000,,0.72,1,1,1
/home/prichter/Documents/banfield/betazoid/data/genes/colabfold/bz_7/orfm.bz_7.1_38,orfm.bz_7.1_38,2,"[None, None, None, None, None]","[0.15, 0.12, 0.17, 0.12, 0.18]",model_3_seed_000,,0.18,1,1,1
/home/prichter/Documents/banfield/betazoid/data/genes/colabfold/bz_7/orfm.bz_7.1_40,orfm.bz_7.1_40,2,"[None, None, None, None, None]","[0.36, 0.39, 0.31, 0.27, 0.29]",model_3_seed_000,,0.36,1,1,1
/home/prichter/Documents/banfield/betazoid/data/genes/colabfold/bz_7/orfm.bz_7.1_41,orfm.bz_7.1_41,2,"[None, None, None, None, None]","[0.42, 0.41, 0.44, 0.42, 0.4]",model_3_seed_000,,0.44,1,1,1
/home/prichter/Documents/banfield/betazoid/data/genes/colabfold/bz_7/orfm.bz_7.1_42,orfm.bz_7.1_42,2,"[None, None, None, None, None]","[0.19, 0.18, 0.17, 0.19, 0.19]",model_5_seed_000,,0.19,1,1,1
/home/prichter/Documents/banfield/betazoid/data/genes/colabfold/bz_7/orfm.bz_7.1_43,orfm.bz_7.1_43,2,"[None, None, None, None, None]","[0.31, 0.33, 0.32, 0.32, 0.33]",model_5_seed_000,,0.33,1,1,1
/home/prichter/Documents/banfield/betazoid/data/genes/colabfold/bz_7/orfm.bz_7.1_44,orfm.bz_7.1_44,2,"[None, None, None, None, None]","[0.23, 0.19, 0.21, 0.28, 0.3]",model_3_seed_000,,0.3,1,1,1
/home/prichter/Documents/banfield/betazoid/data/genes/colabfold/bz_7/orfm.bz_7.1_45,orfm.bz_7.1_45,2,"[None, None, None, None, None]","[0.03, 0.02, 0.03, 0.03, 0.03]",model_2_seed_000,,0.03,1,1,1
/home/prichter/Documents/banfield/betazoid/data/genes/colabfold/bz_7/orfm.bz_7.1_46,orfm.bz_7.1_46,2,"[None, None, None, None, None]","[0.36, 0.36, 0.29, 0.5, 0.36]",model_5_seed_000,,0.5,1,1,1
/home/prichter/Documents/banfield/betazoid/data/genes/colabfold/bz_7/orfm.bz_7.1_47,orfm.bz_7.1_47,2,"[None, None, None, None, None]","[0.11, 0.13, 0.13, 0.14, 0.15]",model_3_seed_000,,0.13,1,1,1
/home/prichter/Documents/banfield/betazoid/data/genes/colabfold/bz_7/orfm.bz_7.1_48,orfm.bz_7.1_48,2,"[None, None, None, None, None]","[0.53, 0.38, 0.47, 0.48, 0.45]",model_5_seed_000,,0.53,1,1,1
/home/prichter/Documents/banfield/betazoid/data/genes/colabfold/bz_7/orfm.bz_7.1_49,orfm.bz_7.1_49,2,"[None, None, None, None, None]","[0.34, 0.39, 0.34, 0.41, 0.37]",model_5_seed_000,,0.41,1,1,1
/home/prichter/Documents/banfield/betazoid/data/genes/colabfold/bz_7/orfm.bz_7.1_50,orfm.bz_7.1_50,2,"[None, None, None, None, None]","[0.44, 0.51, 0.51, 0.52, 0.49]",model_5_seed_000,,0.51,1,1,1
/home/prichter/Documents/banfield/betazoid/data/genes/colabfold/bz_7/orfm.bz_7.1_51,orfm.bz_7.1_51,2,"[None, None, None, None, None]","[0.3, 0.35, 0.26, 0.31, 0.31]",model_5_seed_000,,0.31,1,1,1
/home/prichter/Documents/banfield/betazoid/data/genes/colabfold/bz_7/orfm.bz_7.1_52,orfm.bz_7.1_52,350,"[None, None, None, None, None]","[0.73, 0.78, 0.78, 0.79, 0.77]",model_4_seed_000,,0.79,1,1,1
/home/prichter/Documents/banfield/betazoid/data/genes/colabfold/bz_7/orfm.bz_7.1_54,orfm.bz_7.1_54,2,"[None, None, None, None, None]","[0.26, 0.25, 0.27, 0.26, 0.27]",model_5_seed_000,,0.27,1,1,1
/home/prichter/Documents/banfield/betazoid/data/genes/colabfold/bz_7/orfm.bz_7.1_55,orfm.bz_7.1_55,2,"[None, None, None, None, None]","[0.41, 0.39, 0.41, 0.44, 0.42]",model_5_seed_000,,0.44,1,1,1
/home/prichter/Documents/banfield/betazoid/data/genes/colabfold/bz_7/orfm.bz_7.1_56,orfm.bz_7.1_56,2,"[None, None, None, None, None]","[0.35, 0.34, 0.33, 0.28, 0.35]",model_5_seed_000,,0.34,1,1,1
/home/prichter/Documents/banfield/betazoid/data/genes/colabfold/bz_7/orfm.bz_7.1_57,orfm.bz_7.1_57,2,"[None, None, None, None, None]","[0.2, 0.31, 0.27, 0.36, 0.25]",model_3_seed_000,,0.36,1,1,1
/home/prichter/Documents/banfield/betazoid/data/genes/colabfold/bz_7/orfm.bz_7.1_58,orfm.bz_7.1_58,2,"[None, None, None, None, None]","[0.47, 0.33, 0.4, 0.35, 0.43]",model_4_seed_000,,0.47,1,1,1
/home/prichter/Documents/banfield/betazoid/data/genes/colabfold/bz_7/orfm.bz_7.1_59,orfm.bz_7.1_59,2,"[None, None, None, None, None]","[0.41, 0.4, 0.23, 0.39, 0.33]",model_3_seed_000,,0.4,1,1,1
/home/prichter/Documents/banfield/betazoid/data/genes/colabfold/bz_7/orfm.bz_7.1_60,orfm.bz_7.1_60,2,"[None, None, None, None, None]","[0.05, 0.05, 0.05, 0.05, 0.05]",model_5_seed_000,,0.05,1,1,1
/home/prichter/Documents/banfield/betazoid/data/genes/colabfold/bz_7/orfm.bz_7.1_61,orfm.bz_7.1_61,2,"[None, None, None, None, None]","[0.39, 0.42, 0.31, 0.34, 0.39]",model_5_seed_000,,0.39,1,1,1
/home/prichter/Documents/banfield/betazoid/data/genes/colabfold/bz_7/orfm.bz_7.1_62,orfm.bz_7.1_62,2,"[None, None, None, None, None]","[0.31, 0.3, 0.3, 0.32, 0.31]",model_4_seed_000,,0.31,1,1,1
/home/prichter/Documents/banfield/betazoid/data/genes/colabfold/bz_7/orfm.bz_7.1_63,orfm.bz_7.1_63,2,"[None, None, None, None, None]","[0.5, 0.52, 0.44, 0.56, 0.53]",model_5_seed_000,,0.56,1,1,1
/home/prichter/Documents/banfield/betazoid/data/genes/colabfold/bz_7/orfm.bz_7.1_64,orfm.bz_7.1_64,2,"[None, None, None, None, None]","[0.41, 0.52, 0.47, 0.46, 0.48]",model_5_seed_000,,0.52,1,1,1
/home/prichter/Documents/banfield/betazoid/data/genes/colabfold/bz_7/orfm.bz_7.1_65,orfm.bz_7.1_65,2,"[None, None, None, None, None]","[0.45, 0.44, 0.44, 0.42, 0.38]",model_5_seed_000,,0.44,1,1,1
/home/prichter/Documents/banfield/betazoid/data/genes/colabfold/bz_7/orfm.bz_7.1_67,orfm.bz_7.1_67,2,"[None, None, None, None, None]","[0.04, 0.04, 0.04, 0.04, 0.03]",model_5_seed_000,,0.04,1,1,1
/home/prichter/Documents/banfield/betazoid/data/genes/colabfold/bz_7/orfm.bz_7.1_68,orfm.bz_7.1_68,2,"[None, None, None, None, None]","[0.25, 0.28, 0.39, 0.26, 0.39]",model_4_seed_000,,0.39,1,1,1
/home/prichter/Documents/banfield/betazoid/data/genes/colabfold/bz_7/orfm.bz_7.1_69,orfm.bz_7.1_69,2,"[None, None, None, None, None]","[0.48, 0.44, 0.43, 0.42, 0.43]",model_1_seed_000,,0.48,1,1,1
/home/prichter/Documents/banfield/betazoid/data/genes/colabfold/bz_7/orfm.bz_7.1_70,orfm.bz_7.1_70,2,"[None, None, None, None, None]","[0.04, 0.04, 0.03, 0.04, 0.04]",model_3_seed_000,,0.04,1,1,1
/home/prichter/Documents/banfield/betazoid/data/genes/colabfold/bz_7/orfm.bz_7.1_71,orfm.bz_7.1_71,2,"[None, None, None, None, None]","[0.22, 0.35, 0.34, 0.31, 0.29]",model_1_seed_000,,0.35,1,1,1
/home/prichter/Documents/banfield/betazoid/data/genes/colabfold/bz_7/orfm.bz_7.1_72,orfm.bz_7.1_72,2,"[None, None, None, None, None]","[0.39, 0.4, 0.34, 0.41, 0.37]",model_1_seed_000,,0.41,1,1,1
/home/prichter/Documents/banfield/betazoid/data/genes/colabfold/bz_7/orfm.bz_7.1_73,orfm.bz_7.1_73,2,"[None, None, None, None, None]","[0.23, 0.23, 0.17, 0.24, 0.23]",model_5_seed_000,,0.23,1,1,1
/home/prichter/Documents/banfield/betazoid/data/genes/colabfold/bz_7/orfm.bz_7.1_74,orfm.bz_7.1_74,2,"[None, None, None, None, None]","[0.04, 0.04, 0.04, 0.04, 0.04]",model_5_seed_000,,0.04,1,1,1
/home/prichter/Documents/banfield/betazoid/data/genes/colabfold/bz_7/orfm.bz_7.1_76,orfm.bz_7.1_76,2,"[None, None, None, None, None]","[0.36, 0.35, 0.37, 0.41, 0.35]",model_5_seed_000,,0.41,1,1,1
/home/prichter/Documents/banfield/betazoid/data/genes/colabfold/bz_7/orfm.bz_7.1_77,orfm.bz_7.1_77,2,"[None, None, None, None, None]","[0.04, 0.04, 0.03, 0.04, 0.04]",model_3_seed_000,,0.04,1,1,1
/home/prichter/Documents/banfield/betazoid/data/genes/colabfold/bz_7/orfm.bz_7.1_79,orfm.bz_7.1_79,2,"[None, None, None, None, None]","[0.27, 0.26, 0.26, 0.25, 0.25]",model_5_seed_000,,0.27,1,1,1
/home/prichter/Documents/banfield/betazoid/data/genes/colabfold/bz_7/orfm.bz_7.1_84,orfm.bz_7.1_84,2,"[None, None, None, None, None]","[0.34, 0.4, 0.39, 0.4, 0.35]",model_5_seed_000,,0.4,1,1,1
/home/prichter/Documents/banfield/betazoid/data/genes/colabfold/bz_7/orfm.bz_7.1_85,orfm.bz_7.1_85,2,"[None, None, None, None, None]","[0.35, 0.33, 0.37, 0.38, 0.38]",model_3_seed_000,,0.37,1,1,1
/home/prichter/Documents/banfield/betazoid/data/genes/colabfold/bz_7/orfm.bz_7.1_86,orfm.bz_7.1_86,2,"[None, None, None, None, None]","[0.44, 0.35, 0.42, 0.42, 0.37]",model_5_seed_000,,0.42,1,1,1
/home/prichter/Documents/banfield/betazoid/data/genes/colabfold/bz_7/orfm.bz_7.1_87,orfm.bz_7.1_87,2,"[None, None, None, None, None]","[0.34, 0.33, 0.22, 0.25, 0.28]",model_4_seed_000,,0.33,1,1,1
/home/prichter/Documents/banfield/betazoid/data/genes/colabfold/bz_7/orfm.bz_7.1_89,orfm.bz_7.1_89,2156,"[None, None, None, None, None]","[0.88, 0.88, 0.88, 0.87, 0.88]",model_3_seed_000,,0.88,1,1,1
/home/prichter/Documents/banfield/betazoid/data/genes/colabfold/bz_7/orfm.bz_7.1_90,orfm.bz_7.1_90,2,"[None, None, None, None, None]","[0.46, 0.46, 0.43, 0.44, 0.42]",model_4_seed_000,,0.46,1,1,1
/home/prichter/Documents/banfield/betazoid/data/genes/colabfold/bz_7/orfm.bz_7.1_91,orfm.bz_7.1_91,2,"[None, None, None, None, None]","[0.03, 0.04, 0.04, 0.03, 0.04]",model_1_seed_000,,0.04,1,1,1
/home/prichter/Documents/banfield/betazoid/data/genes/colabfold/bz_7/orfm.bz_7.1_92,orfm.bz_7.1_92,2,"[None, None, None, None, None]","[0.03, 0.04, 0.04, 0.04, 0.03]",model_5_seed_000,,0.04,1,1,1
/home/prichter/Documents/banfield/betazoid/data/genes/colabfold/bz_7/orfm.bz_7.1_95,orfm.bz_7.1_95,1293,"[None, None, None, None, None]","[0.87, 0.86, 0.87, 0.88, 0.88]",model_3_seed_000,,0.88,1,1,1
/home/prichter/Documents/banfield/betazoid/data/genes/colabfold/bz_7/orfm.bz_7.1_96,orfm.bz_7.1_96,2,"[None, None, None, None, None]","[0.04, 0.04, 0.04, 0.04, 0.05]",model_5_seed_000,,0.05,1,1,1
/home/prichter/Documents/banfield/betazoid/data/genes/colabfold/bz_7/orfm.bz_7.1_97,orfm.bz_7.1_97,2,"[None, None, None, None, None]","[0.24, 0.23, 0.2, 0.23, 0.22]",model_5_seed_000,,0.24,1,1,1
/home/prichter/Documents/banfield/betazoid/data/genes/colabfold/bz_7/orfm.bz_7.1_98,orfm.bz_7.1_98,2,"[None, None, None, None, None]","[0.03, 0.03, 0.03, 0.03, 0.03]",model_4_seed_000,,0.03,1,1,1
/home/prichter/Documents/banfield/betazoid/data/genes/colabfold/bz_7/orfm.bz_7.1_99,orfm.bz_7.1_99,2,"[None, None, None, None, None]","[0.41, 0.39, 0.32, 0.36, 0.4]",model_5_seed_000,,0.4,1,1,1
/home/prichter/Documents/banfield/betazoid/data/genes/colabfold/bz_7/orfm.bz_7.1_101,orfm.bz_7.1_101,2,"[None, None, None, None, None]","[0.36, 0.37, 0.32, 0.35, 0.39]",model_1_seed_000,,0.37,1,1,1
/home/prichter/Documents/banfield/betazoid/data/genes/colabfold/bz_7/orfm.bz_7.1_102,orfm.bz_7.1_102,2,"[None, None, None, None, None]","[0.41, 0.42, 0.44, 0.36, 0.36]",model_5_seed_000,,0.41,1,1,1
/home/prichter/Documents/banfield/betazoid/data/genes/colabfold/bz_7/orfm.bz_7.1_103,orfm.bz_7.1_103,2,"[None, None, None, None, None]","[0.38, 0.39, 0.35, 0.4, 0.38]",model_3_seed_000,,0.38,1,1,1
/home/prichter/Documents/banfield/betazoid/data/genes/colabfold/bz_7/orfm.bz_7.1_105,orfm.bz_7.1_105,2,"[None, None, None, None, None]","[0.3, 0.32, 0.29, 0.3, 0.28]",model_3_seed_000,,0.28,1,1,1
/home/prichter/Documents/banfield/betazoid/data/genes/colabfold/bz_7/orfm.bz_7.1_106,orfm.bz_7.1_106,2,"[None, None, None, None, None]","[0.02, 0.02, 0.03, 0.03, 0.02]",model_3_seed_000,,0.03,1,1,1
/home/prichter/Documents/banfield/betazoid/data/genes/colabfold/bz_7/orfm.bz_7.1_107,orfm.bz_7.1_107,2,"[None, None, None, None, None]","[0.43, 0.36, 0.37, 0.41, 0.4]",model_4_seed_000,,0.43,1,1,1
/home/prichter/Documents/banfield/betazoid/data/genes/colabfold/bz_7/orfm.bz_7.1_109,orfm.bz_7.1_109,2,"[None, None, None, None, None]","[0.45, 0.47, 0.46, 0.47, 0.46]",model_3_seed_000,,0.45,1,1,1
/home/prichter/Documents/banfield/betazoid/data/genes/colabfold/bz_7/orfm.bz_7.1_110,orfm.bz_7.1_110,2,"[None, None, None, None, None]","[0.34, 0.35, 0.35, 0.35, 0.36]",model_3_seed_000,,0.35,1,1,1
/home/prichter/Documents/banfield/betazoid/data/genes/colabfold/bz_7/orfm.bz_7.1_112,orfm.bz_7.1_112,5,"[None, None, None, None, None]","[0.32, 0.31, 0.34, 0.31, 0.25]",model_5_seed_000,,0.31,1,1,1
/home/prichter/Documents/banfield/betazoid/data/genes/colabfold/bz_7/orfm.bz_7.1_113,orfm.bz_7.1_113,2,"[None, None, None, None, None]","[0.38, 0.41, 0.39, 0.36, 0.4]",model_4_seed_000,,0.39,1,1,1
/home/prichter/Documents/banfield/betazoid/data/genes/colabfold/bz_7/orfm.bz_7.1_115,orfm.bz_7.1_115,2,"[None, None, None, None, None]","[0.35, 0.32, 0.33, 0.27, 0.34]",model_2_seed_000,,0.35,1,1,1
/home/prichter/Documents/banfield/betazoid/data/genes/colabfold/bz_7/orfm.bz_7.1_116,orfm.bz_7.1_116,2,"[None, None, None, None, None]","[0.36, 0.36, 0.33, 0.36, 0.3]",model_5_seed_000,,0.36,1,1,1
/home/prichter/Documents/banfield/betazoid/data/genes/colabfold/bz_7/orfm.bz_7.1_118,orfm.bz_7.1_118,2,"[None, None, None, None, None]","[0.41, 0.39, 0.38, 0.42, 0.44]",model_5_seed_000,,0.44,1,1,1
/home/prichter/Documents/banfield/betazoid/data/genes/colabfold/bz_7/orfm.bz_7.1_119,orfm.bz_7.1_119,10,"[None, None, None, None, None]","[0.37, 0.35, 0.37, 0.35, 0.34]",model_5_seed_000,,0.35,1,1,1
/home/prichter/Documents/banfield/betazoid/data/genes/colabfold/bz_7/orfm.bz_7.1_121,orfm.bz_7.1_121,2,"[None, None, None, None, None]","[0.46, 0.5, 0.47, 0.43, 0.44]",model_1_seed_000,,0.5,1,1,1
/home/prichter/Documents/banfield/betazoid/data/genes/colabfold/bz_7/orfm.bz_7.1_122,orfm.bz_7.1_122,2,"[None, None, None, None, None]","[0.25, 0.28, 0.28, 0.29, 0.26]",model_5_seed_000,,0.28,1,1,1
/home/prichter/Documents/banfield/betazoid/data/genes/colabfold/bz_7/orfm.bz_7.1_123,orfm.bz_7.1_123,2,"[None, None, None, None, None]","[0.37, 0.37, 0.39, 0.38, 0.39]",model_5_seed_000,,0.39,1,1,1
/home/prichter/Documents/banfield/betazoid/data/genes/colabfold/bz_7/orfm.bz_7.1_124,orfm.bz_7.1_124,2,"[None, None, None, None, None]","[0.34, 0.35, 0.3, 0.36, 0.33]",model_1_seed_000,,0.36,1,1,1
/home/prichter/Documents/banfield/betazoid/data/genes/colabfold/bz_7/orfm.bz_7.1_125,orfm.bz_7.1_125,2,"[None, None, None, None, None]","[0.26, 0.27, 0.27, 0.26, 0.29]",model_4_seed_000,,0.27,1,1,1
/home/prichter/Documents/banfield/betazoid/data/genes/colabfold/bz_7/orfm.bz_7.1_126,orfm.bz_7.1_126,2,"[None, None, None, None, None]","[0.04, 0.04, 0.04, 0.04, 0.04]",model_3_seed_000,,0.04,1,1,1
/home/prichter/Documents/banfield/betazoid/data/genes/colabfold/bz_7/orfm.bz_7.1_127,orfm.bz_7.1_127,2,"[None, None, None, None, None]","[0.39, 0.37, 0.35, 0.37, 0.36]",model_3_seed_000,,0.37,1,1,1
/home/prichter/Documents/banfield/betazoid/data/genes/colabfold/bz_7/orfm.bz_7.1_128,orfm.bz_7.1_128,2,"[None, None, None, None, None]","[0.12, 0.11, 0.11, 0.11, 0.11]",model_5_seed_000,,0.12,1,1,1
/home/prichter/Documents/banfield/betazoid/data/genes/colabfold/bz_7/orfm.bz_7.1_129,orfm.bz_7.1_129,2,"[None, None, None, None, None]","[0.45, 0.49, 0.48, 0.47, 0.47]",model_5_seed_000,,0.49,1,1,1
/home/prichter/Documents/banfield/betazoid/data/genes/colabfold/bz_7/orfm.bz_7.1_130,orfm.bz_7.1_130,2,"[None, None, None, None, None]","[0.39, 0.3, 0.34, 0.37, 0.38]",model_5_seed_000,,0.37,1,1,1
/home/prichter/Documents/banfield/betazoid/data/genes/colabfold/bz_7/orfm.bz_7.1_131,orfm.bz_7.1_131,2,"[None, None, None, None, None]","[0.26, 0.3, 0.34, 0.27, 0.32]",model_5_seed_000,,0.32,1,1,1
/home/prichter/Documents/banfield/betazoid/data/genes/colabfold/bz_7/orfm.bz_7.1_132,orfm.bz_7.1_132,2,"[None, None, None, None, None]","[0.34, 0.32, 0.32, 0.35, 0.25]",model_4_seed_000,,0.32,1,1,1
/home/prichter/Documents/banfield/betazoid/data/genes/colabfold/bz_7/orfm.bz_7.1_133,orfm.bz_7.1_133,10,"[None, None, None, None, None]","[0.21, 0.2, 0.2, 0.18, 0.24]",model_4_seed_000,,0.2,1,1,1
/home/prichter/Documents/banfield/betazoid/data/genes/colabfold/bz_7/orfm.bz_7.1_134,orfm.bz_7.1_134,2,"[None, None, None, None, None]","[0.22, 0.19, 0.2, 0.19, 0.27]",model_1_seed_000,,0.27,1,1,1
/home/prichter/Documents/banfield/betazoid/data/genes/colabfold/bz_7/orfm.bz_7.1_135,orfm.bz_7.1_135,2,"[None, None, None, None, None]","[0.23, 0.3, 0.27, 0.28, 0.31]",model_2_seed_000,,0.3,1,1,1
/home/prichter/Documents/banfield/betazoid/data/genes/colabfold/bz_7/orfm.bz_7.1_136,orfm.bz_7.1_136,2,"[None, None, None, None, None]","[0.3, 0.15, 0.22, 0.31, 0.22]",model_3_seed_000,,0.31,1,1,1
/home/prichter/Documents/banfield/betazoid/data/genes/colabfold/bz_7/orfm.bz_7.1_138,orfm.bz_7.1_138,2,"[None, None, None, None, None]","[0.39, 0.36, 0.34, 0.37, 0.32]",model_5_seed_000,,0.39,1,1,1
/home/prichter/Documents/banfield/betazoid/data/genes/colabfold/bz_7/orfm.bz_7.1_142,orfm.bz_7.1_142,2,"[None, None, None, None, None]","[0.31, 0.35, 0.29, 0.37, 0.35]",model_5_seed_000,,0.35,1,1,1
/home/prichter/Documents/banfield/betazoid/data/genes/colabfold/bz_7/orfm.bz_7.1_143,orfm.bz_7.1_143,10,"[None, None, None, None, None]","[0.35, 0.33, 0.33, 0.34, 0.33]",model_3_seed_000,,0.33,1,1,1
/home/prichter/Documents/banfield/betazoid/data/genes/colabfold/bz_7/orfm.bz_7.1_146,orfm.bz_7.1_146,2,"[None, None, None, None, None]","[0.49, 0.46, 0.47, 0.49, 0.41]",model_5_seed_000,,0.47,1,1,1
/home/prichter/Documents/banfield/betazoid/data/genes/colabfold/bz_7/orfm.bz_7.1_147,orfm.bz_7.1_147,2,"[None, None, None, None, None]","[0.03, 0.03, 0.03, 0.03, 0.04]",model_5_seed_000,,0.04,1,1,1
/home/prichter/Documents/banfield/betazoid/data/genes/colabfold/bz_7/orfm.bz_7.1_149,orfm.bz_7.1_149,2,"[None, None, None, None, None]","[0.34, 0.31, 0.31, 0.33, 0.4]",model_1_seed_000,,0.4,1,1,1
/home/prichter/Documents/banfield/betazoid/data/genes/colabfold/bz_7/orfm.bz_7.1_150,orfm.bz_7.1_150,2,"[None, None, None, None, None]","[0.45, 0.46, 0.44, 0.47, 0.44]",model_5_seed_000,,0.47,1,1,1
/home/prichter/Documents/banfield/betazoid/data/genes/colabfold/bz_7/orfm.bz_7.1_151,orfm.bz_7.1_151,2,"[None, None, None, None, None]","[0.26, 0.32, 0.34, 0.34, 0.31]",model_1_seed_000,,0.34,1,1,1
/home/prichter/Documents/banfield/betazoid/data/genes/colabfold/bz_7/orfm.bz_7.1_152,orfm.bz_7.1_152,2,"[None, None, None, None, None]","[0.45, 0.43, 0.47, 0.48, 0.48]",model_4_seed_000,,0.45,1,1,1
/home/prichter/Documents/banfield/betazoid/data/genes/colabfold/bz_7/orfm.bz_7.1_153,orfm.bz_7.1_153,2,"[None, None, None, None, None]","[0.36, 0.39, 0.39, 0.36, 0.35]",model_2_seed_000,,0.36,1,1,1
/home/prichter/Documents/banfield/betazoid/data/genes/colabfold/bz_7/orfm.bz_7.1_154,orfm.bz_7.1_154,2,"[None, None, None, None, None]","[0.03, 0.03, 0.04, 0.03, 0.03]",model_1_seed_000,,0.04,1,1,1
/home/prichter/Documents/banfield/betazoid/data/genes/colabfold/bz_7/orfm.bz_7.1_156,orfm.bz_7.1_156,2,"[None, None, None, None, None]","[0.48, 0.41, 0.43, 0.48, 0.5]",model_5_seed_000,,0.5,1,1,1
/home/prichter/Documents/banfield/betazoid/data/genes/colabfold/bz_7/orfm.bz_7.1_157,orfm.bz_7.1_157,2,"[None, None, None, None, None]","[0.64, 0.51, 0.48, 0.49, 0.45]",model_1_seed_000,,0.64,1,1,1
/home/prichter/Documents/banfield/betazoid/data/genes/colabfold/bz_7/orfm.bz_7.1_159,orfm.bz_7.1_159,2,"[None, None, None, None, None]","[0.32, 0.33, 0.33, 0.33, 0.31]",model_3_seed_000,,0.31,1,1,1
/home/prichter/Documents/banfield/betazoid/data/genes/colabfold/bz_7/orfm.bz_7.1_160,orfm.bz_7.1_160,2,"[None, None, None, None, None]","[0.33, 0.39, 0.36, 0.3, 0.34]",model_5_seed_000,,0.39,1,1,1
/home/prichter/Documents/banfield/betazoid/data/genes/colabfold/bz_7/orfm.bz_7.1_161,orfm.bz_7.1_161,2,"[None, None, None, None, None]","[0.29, 0.31, 0.29, 0.3, 0.28]",model_3_seed_000,,0.29,1,1,1
/home/prichter/Documents/banfield/betazoid/data/genes/colabfold/bz_7/orfm.bz_7.1_163,orfm.bz_7.1_163,3,"[None, None, None, None, None]","[0.26, 0.2, 0.2, 0.18, 0.19]",model_3_seed_000,,0.26,1,1,1
/home/prichter/Documents/banfield/betazoid/data/genes/colabfold/bz_7/orfm.bz_7.1_164,orfm.bz_7.1_164,2,"[None, None, None, None, None]","[0.03, 0.04, 0.03, 0.03, 0.03]",model_1_seed_000,,0.04,1,1,1
/home/prichter/Documents/banfield/betazoid/data/genes/colabfold/bz_7/orfm.bz_7.1_165,orfm.bz_7.1_165,2,"[None, None, None, None, None]","[0.32, 0.39, 0.35, 0.38, 0.34]",model_4_seed_000,,0.39,1,1,1
/home/prichter/Documents/banfield/betazoid/data/genes/colabfold/bz_7/orfm.bz_7.1_166,orfm.bz_7.1_166,2,"[None, None, None, None, None]","[0.42, 0.45, 0.36, 0.44, 0.44]",model_5_seed_000,,0.44,1,1,1
/home/prichter/Documents/banfield/betazoid/data/genes/colabfold/bz_7/orfm.bz_7.1_167,orfm.bz_7.1_167,2,"[None, None, None, None, None]","[0.39, 0.37, 0.37, 0.39, 0.4]",model_5_seed_000,,0.4,1,1,1
/home/prichter/Documents/banfield/betazoid/data/genes/colabfold/bz_7/orfm.bz_7.1_168,orfm.bz_7.1_168,2,"[None, None, None, None, None]","[0.19, 0.33, 0.26, 0.27, 0.36]",model_1_seed_000,,0.36,1,1,1
/home/prichter/Documents/banfield/betazoid/data/genes/colabfold/bz_7/orfm.bz_7.1_169,orfm.bz_7.1_169,2,"[None, None, None, None, None]","[0.44, 0.42, 0.34, 0.44, 0.38]",model_5_seed_000,,0.42,1,1,1
/home/prichter/Documents/banfield/betazoid/data/genes/colabfold/bz_7/orfm.bz_7.1_170,orfm.bz_7.1_170,2,"[None, None, None, None, None]","[0.22, 0.37, 0.33, 0.25, 0.25]",model_4_seed_000,,0.37,1,1,1
/home/prichter/Documents/banfield/betazoid/data/genes/colabfold/bz_7/orfm.bz_7.1_171,orfm.bz_7.1_171,2,"[None, None, None, None, None]","[0.17, 0.24, 0.29, 0.23, 0.21]",model_1_seed_000,,0.29,1,1,1
/home/prichter/Documents/banfield/betazoid/data/genes/colabfold/bz_7/orfm.bz_7.1_172,orfm.bz_7.1_172,2,"[None, None, None, None, None]","[0.27, 0.25, 0.25, 0.26, 0.26]",model_5_seed_000,,0.26,1,1,1
/home/prichter/Documents/banfield/betazoid/data/genes/colabfold/bz_7/orfm.bz_7.1_175,orfm.bz_7.1_175,2,"[None, None, None, None, None]","[0.05, 0.05, 0.05, 0.05, 0.05]",model_5_seed_000,,0.05,1,1,1
/home/prichter/Documents/banfield/betazoid/data/genes/colabfold/bz_7/orfm.bz_7.1_176,orfm.bz_7.1_176,2,"[None, None, None, None, None]","[0.45, 0.42, 0.47, 0.41, 0.47]",model_5_seed_000,,0.45,1,1,1
/home/prichter/Documents/banfield/betazoid/data/genes/colabfold/bz_7/orfm.bz_7.1_177,orfm.bz_7.1_177,2,"[None, None, None, None, None]","[0.39, 0.42, 0.4, 0.42, 0.39]",model_5_seed_000,,0.42,1,1,1
/home/prichter/Documents/banfield/betazoid/data/genes/colabfold/bz_7/orfm.bz_7.1_179,orfm.bz_7.1_179,2,"[None, None, None, None, None]","[0.25, 0.27, 0.32, 0.31, 0.4]",model_1_seed_000,,0.4,1,1,1
/home/prichter/Documents/banfield/betazoid/data/genes/colabfold/bz_7/orfm.bz_7.1_180,orfm.bz_7.1_180,4,"[None, None, None, None, None]","[0.3, 0.24, 0.23, 0.26, 0.23]",model_3_seed_000,,0.23,1,1,1
/home/prichter/Documents/banfield/betazoid/data/genes/colabfold/bz_7/orfm.bz_7.1_181,orfm.bz_7.1_181,2,"[None, None, None, None, None]","[0.15, 0.09, 0.16, 0.15, 0.1]",model_1_seed_000,,0.16,1,1,1
/home/prichter/Documents/banfield/betazoid/data/genes/colabfold/bz_7/orfm.bz_7.1_183,orfm.bz_7.1_183,2,"[None, None, None, None, None]","[0.44, 0.45, 0.45, 0.43, 0.41]",model_4_seed_000,,0.45,1,1,1
/home/prichter/Documents/banfield/betazoid/data/genes/colabfold/bz_7/orfm.bz_7.1_185,orfm.bz_7.1_185,2,"[None, None, None, None, None]","[0.04, 0.03, 0.04, 0.03, 0.04]",model_5_seed_000,,0.04,1,1,1
/home/prichter/Documents/banfield/betazoid/data/genes/colabfold/bz_7/orfm.bz_7.1_186,orfm.bz_7.1_186,2,"[None, None, None, None, None]","[0.36, 0.43, 0.42, 0.39, 0.42]",model_5_seed_000,,0.43,1,1,1
/home/prichter/Documents/banfield/betazoid/data/genes/colabfold/bz_7/orfm.bz_7.1_188,orfm.bz_7.1_188,2,"[None, None, None, None, None]","[0.37, 0.42, 0.42, 0.37, 0.45]",model_5_seed_000,,0.42,1,1,1
/home/prichter/Documents/banfield/betazoid/data/genes/colabfold/bz_7/orfm.bz_7.1_189,orfm.bz_7.1_189,2,"[None, None, None, None, None]","[0.04, 0.04, 0.04, 0.04, 0.04]",model_1_seed_000,,0.04,1,1,1
/home/prichter/Documents/banfield/betazoid/data/genes/colabfold/bz_7/orfm.bz_7.1_190,orfm.bz_7.1_190,2,"[None, None, None, None, None]","[0.36, 0.37, 0.36, 0.36, 0.35]",model_5_seed_000,,0.37,1,1,1
/home/prichter/Documents/banfield/betazoid/data/genes/colabfold/bz_7/orfm.bz_7.1_191,orfm.bz_7.1_191,2,"[None, None, None, None, None]","[0.21, 0.22, 0.23, 0.23, 0.23]",model_3_seed_000,,0.21,1,1,1
/home/prichter/Documents/banfield/betazoid/data/genes/colabfold/bz_7/orfm.bz_7.1_193,orfm.bz_7.1_193,2,"[None, None, None, None, None]","[0.45, 0.41, 0.47, 0.45, 0.46]",model_4_seed_000,,0.47,1,1,1
/home/prichter/Documents/banfield/betazoid/data/genes/colabfold/bz_7/orfm.bz_7.1_194,orfm.bz_7.1_194,29,"[None, None, None, None, None]","[0.76, 0.77, 0.86, 0.78, 0.86]",model_4_seed_000,,0.86,1,1,1
/home/prichter/Documents/banfield/betazoid/data/genes/colabfold/bz_7/orfm.bz_7.1_195,orfm.bz_7.1_195,2,"[None, None, None, None, None]","[0.38, 0.35, 0.34, 0.38, 0.37]",model_3_seed_000,,0.34,1,1,1
/home/prichter/Documents/banfield/betazoid/data/genes/colabfold/bz_7/orfm.bz_7.1_197,orfm.bz_7.1_197,2,"[None, None, None, None, None]","[0.26, 0.29, 0.25, 0.32, 0.28]",model_4_seed_000,,0.26,1,1,1
/home/prichter/Documents/banfield/betazoid/data/genes/colabfold/bz_7/orfm.bz_7.1_198,orfm.bz_7.1_198,2,"[None, None, None, None, None]","[0.22, 0.22, 0.32, 0.22, 0.3]",model_5_seed_000,,0.3,1,1,1
/home/prichter/Documents/banfield/betazoid/data/genes/colabfold/bz_7/orfm.bz_7.1_200,orfm.bz_7.1_200,2,"[None, None, None, None, None]","[0.29, 0.3, 0.36, 0.33, 0.29]",model_5_seed_000,,0.36,1,1,1
/home/prichter/Documents/banfield/betazoid/data/genes/colabfold/bz_7/orfm.bz_7.1_202,orfm.bz_7.1_202,2,"[None, None, None, None, None]","[0.3, 0.21, 0.14, 0.16, 0.3]",model_2_seed_000,,0.3,1,1,1
/home/prichter/Documents/banfield/betazoid/data/genes/colabfold/bz_7/orfm.bz_7.1_203,orfm.bz_7.1_203,2,"[None, None, None, None, None]","[0.04, 0.04, 0.04, 0.04, 0.04]",model_1_seed_000,,0.04,1,1,1
/home/prichter/Documents/banfield/betazoid/data/genes/colabfold/bz_7/orfm.bz_7.1_205,orfm.bz_7.1_205,2,"[None, None, None, None, None]","[0.26, 0.33, 0.24, 0.42, 0.31]",model_2_seed_000,,0.42,1,1,1
/home/prichter/Documents/banfield/betazoid/data/genes/colabfold/bz_7/orfm.bz_7.1_207,orfm.bz_7.1_207,2,"[None, None, None, None, None]","[0.39, 0.37, 0.36, 0.29, 0.38]",model_4_seed_000,,0.37,1,1,1
/home/prichter/Documents/banfield/betazoid/data/genes/colabfold/bz_7/orfm.bz_7.1_208,orfm.bz_7.1_208,2,"[None, None, None, None, None]","[0.17, 0.16, 0.18, 0.16, 0.17]",model_3_seed_000,,0.17,1,1,1
/home/prichter/Documents/banfield/betazoid/data/genes/colabfold/bz_7/orfm.bz_7.1_209,orfm.bz_7.1_209,2,"[None, None, None, None, None]","[0.21, 0.13, 0.12, 0.21, 0.13]",model_5_seed_000,,0.21,1,1,1
/home/prichter/Documents/banfield/betazoid/data/genes/colabfold/bz_7/orfm.bz_7.1_210,orfm.bz_7.1_210,2,"[None, None, None, None, None]","[0.19, 0.16, 0.18, 0.21, 0.18]",model_5_seed_000,,0.16,1,1,1
/home/prichter/Documents/banfield/betazoid/data/genes/colabfold/bz_8/orfm.bz_8.1_1,orfm.bz_8.1_1,2,"[None, None, None, None, None]","[0.04, 0.04, 0.04, 0.04, 0.04]",model_3_seed_000,,0.04,1,1,1
/home/prichter/Documents/banfield/betazoid/data/genes/colabfold/bz_8/orfm.bz_8.1_3,orfm.bz_8.1_3,2,"[None, None, None, None, None]","[0.32, 0.36, 0.56, 0.33, 0.56]",model_2_seed_000,,0.56,1,1,1
/home/prichter/Documents/banfield/betazoid/data/genes/colabfold/bz_8/orfm.bz_8.1_4,orfm.bz_8.1_4,2,"[None, None, None, None, None]","[0.35, 0.26, 0.29, 0.2, 0.33]",model_2_seed_000,,0.35,1,1,1
/home/prichter/Documents/banfield/betazoid/data/genes/colabfold/bz_8/orfm.bz_8.1_5,orfm.bz_8.1_5,2,"[None, None, None, None, None]","[0.04, 0.04, 0.04, 0.04, 0.04]",model_3_seed_000,,0.04,1,1,1
/home/prichter/Documents/banfield/betazoid/data/genes/colabfold/bz_8/orfm.bz_8.1_6,orfm.bz_8.1_6,2,"[None, None, None, None, None]","[0.41, 0.43, 0.41, 0.42, 0.39]",model_3_seed_000,,0.41,1,1,1
/home/prichter/Documents/banfield/betazoid/data/genes/colabfold/bz_8/orfm.bz_8.1_7,orfm.bz_8.1_7,2,"[None, None, None, None, None]","[0.28, 0.31, 0.35, 0.11, 0.31]",model_5_seed_000,,0.35,1,1,1
/home/prichter/Documents/banfield/betazoid/data/genes/colabfold/bz_8/orfm.bz_8.1_8,orfm.bz_8.1_8,2,"[None, None, None, None, None]","[0.41, 0.4, 0.43, 0.41, 0.4]",model_3_seed_000,,0.4,1,1,1
/home/prichter/Documents/banfield/betazoid/data/genes/colabfold/bz_8/orfm.bz_8.1_9,orfm.bz_8.1_9,2,"[None, None, None, None, None]","[0.35, 0.36, 0.27, 0.34, 0.26]",model_4_seed_000,,0.35,1,1,1
/home/prichter/Documents/banfield/betazoid/data/genes/colabfold/bz_8/orfm.bz_8.1_10,orfm.bz_8.1_10,2,"[None, None, None, None, None]","[0.24, 0.21, 0.18, 0.22, 0.22]",model_5_seed_000,,0.24,1,1,1
/home/prichter/Documents/banfield/betazoid/data/genes/colabfold/bz_8/orfm.bz_8.1_11,orfm.bz_8.1_11,2,"[None, None, None, None, None]","[0.44, 0.43, 0.46, 0.42, 0.43]",model_5_seed_000,,0.46,1,1,1
/home/prichter/Documents/banfield/betazoid/data/genes/colabfold/bz_8/orfm.bz_8.1_13,orfm.bz_8.1_13,2,"[None, None, None, None, None]","[0.34, 0.28, 0.31, 0.32, 0.35]",model_5_seed_000,,0.35,1,1,1
/home/prichter/Documents/banfield/betazoid/data/genes/colabfold/bz_8/orfm.bz_8.1_14,orfm.bz_8.1_14,2,"[None, None, None, None, None]","[0.2, 0.27, 0.14, 0.35, 0.29]",model_1_seed_000,,0.29,1,1,1
/home/prichter/Documents/banfield/betazoid/data/genes/colabfold/bz_8/orfm.bz_8.1_16,orfm.bz_8.1_16,2,"[None, None, None, None, None]","[0.2, 0.22, 0.23, 0.25, 0.23]",model_3_seed_000,,0.22,1,1,1
/home/prichter/Documents/banfield/betazoid/data/genes/colabfold/bz_8/orfm.bz_8.1_18,orfm.bz_8.1_18,2,"[None, None, None, None, None]","[0.29, 0.25, 0.27, 0.38, 0.33]",model_5_seed_000,,0.29,1,1,1
/home/prichter/Documents/banfield/betazoid/data/genes/colabfold/bz_8/orfm.bz_8.1_19,orfm.bz_8.1_19,2,"[None, None, None, None, None]","[0.48, 0.47, 0.39, 0.5, 0.48]",model_4_seed_000,,0.47,1,1,1
/home/prichter/Documents/banfield/betazoid/data/genes/colabfold/bz_8/orfm.bz_8.1_20,orfm.bz_8.1_20,2,"[None, None, None, None, None]","[0.28, 0.34, 0.34, 0.33, 0.33]",model_4_seed_000,,0.34,1,1,1
/home/prichter/Documents/banfield/betazoid/data/genes/colabfold/bz_8/orfm.bz_8.1_21,orfm.bz_8.1_21,2,"[None, None, None, None, None]","[0.43, 0.42, 0.39, 0.4, 0.42]",model_3_seed_000,,0.43,1,1,1
/home/prichter/Documents/banfield/betazoid/data/genes/colabfold/bz_8/orfm.bz_8.1_22,orfm.bz_8.1_22,2,"[None, None, None, None, None]","[0.44, 0.5, 0.52, 0.53, 0.53]",model_2_seed_000,,0.53,1,1,1
/home/prichter/Documents/banfield/betazoid/data/genes/colabfold/bz_8/orfm.bz_8.1_23,orfm.bz_8.1_23,2,"[None, None, None, None, None]","[0.3, 0.38, 0.29, 0.3, 0.29]",model_4_seed_000,,0.38,1,1,1
/home/prichter/Documents/banfield/betazoid/data/genes/colabfold/bz_8/orfm.bz_8.1_24,orfm.bz_8.1_24,2,"[None, None, None, None, None]","[0.42, 0.43, 0.43, 0.45, 0.46]",model_5_seed_000,,0.45,1,1,1
/home/prichter/Documents/banfield/betazoid/data/genes/colabfold/bz_8/orfm.bz_8.1_25,orfm.bz_8.1_25,2,"[None, None, None, None, None]","[0.44, 0.47, 0.37, 0.36, 0.51]",model_4_seed_000,,0.51,1,1,1
/home/prichter/Documents/banfield/betazoid/data/genes/colabfold/bz_8/orfm.bz_8.1_26,orfm.bz_8.1_26,2,"[None, None, None, None, None]","[0.4, 0.45, 0.5, 0.47, 0.39]",model_5_seed_000,,0.5,1,1,1
/home/prichter/Documents/banfield/betazoid/data/genes/colabfold/bz_8/orfm.bz_8.1_27,orfm.bz_8.1_27,2,"[None, None, None, None, None]","[0.55, 0.57, 0.48, 0.56, 0.53]",model_4_seed_000,,0.57,1,1,1
/home/prichter/Documents/banfield/betazoid/data/genes/colabfold/bz_8/orfm.bz_8.1_29,orfm.bz_8.1_29,1842,"[None, None, None, None, None]","[0.79, 0.78, 0.78, 0.78, 0.76]",model_1_seed_000,,0.78,1,1,1
/home/prichter/Documents/banfield/betazoid/data/genes/colabfold/bz_8/orfm.bz_8.1_32,orfm.bz_8.1_32,2,"[None, None, None, None, None]","[0.44, 0.38, 0.4, 0.41, 0.39]",model_3_seed_000,,0.4,1,1,1
/home/prichter/Documents/banfield/betazoid/data/genes/colabfold/bz_8/orfm.bz_8.1_33,orfm.bz_8.1_33,2,"[None, None, None, None, None]","[0.53, 0.55, 0.52, 0.54, 0.54]",model_1_seed_000,,0.54,1,1,1
/home/prichter/Documents/banfield/betazoid/data/genes/colabfold/bz_8/orfm.bz_8.1_34,orfm.bz_8.1_34,2,"[None, None, None, None, None]","[0.28, 0.37, 0.3, 0.35, 0.31]",model_1_seed_000,,0.37,1,1,1
/home/prichter/Documents/banfield/betazoid/data/genes/colabfold/bz_8/orfm.bz_8.1_35,orfm.bz_8.1_35,2,"[None, None, None, None, None]","[0.52, 0.5, 0.53, 0.48, 0.5]",model_5_seed_000,,0.53,1,1,1
/home/prichter/Documents/banfield/betazoid/data/genes/colabfold/bz_8/orfm.bz_8.1_36,orfm.bz_8.1_36,2,"[None, None, None, None, None]","[0.47, 0.45, 0.48, 0.52, 0.43]",model_3_seed_000,,0.48,1,1,1
/home/prichter/Documents/banfield/betazoid/data/genes/colabfold/bz_8/orfm.bz_8.1_37,orfm.bz_8.1_37,2,"[None, None, None, None, None]","[0.34, 0.34, 0.37, 0.31, 0.34]",model_5_seed_000,,0.37,1,1,1
/home/prichter/Documents/banfield/betazoid/data/genes/colabfold/bz_8/orfm.bz_8.1_38,orfm.bz_8.1_38,2,"[None, None, None, None, None]","[0.53, 0.54, 0.53, 0.54, 0.54]",model_5_seed_000,,0.54,1,1,1
/home/prichter/Documents/banfield/betazoid/data/genes/colabfold/bz_8/orfm.bz_8.1_39,orfm.bz_8.1_39,2,"[None, None, None, None, None]","[0.41, 0.39, 0.37, 0.41, 0.41]",model_5_seed_000,,0.39,1,1,1
/home/prichter/Documents/banfield/betazoid/data/genes/colabfold/bz_8/orfm.bz_8.1_40,orfm.bz_8.1_40,2,"[None, None, None, None, None]","[0.24, 0.22, 0.22, 0.21, 0.21]",model_5_seed_000,,0.24,1,1,1
/home/prichter/Documents/banfield/betazoid/data/genes/colabfold/bz_8/orfm.bz_8.1_41,orfm.bz_8.1_41,2,"[None, None, None, None, None]","[0.33, 0.4, 0.48, 0.44, 0.51]",model_2_seed_000,,0.51,1,1,1
/home/prichter/Documents/banfield/betazoid/data/genes/colabfold/bz_8/orfm.bz_8.1_42,orfm.bz_8.1_42,2,"[None, None, None, None, None]","[0.19, 0.27, 0.27, 0.28, 0.19]",model_2_seed_000,,0.27,1,1,1
/home/prichter/Documents/banfield/betazoid/data/genes/colabfold/bz_8/orfm.bz_8.1_43,orfm.bz_8.1_43,2,"[None, None, None, None, None]","[0.33, 0.29, 0.35, 0.29, 0.29]",model_1_seed_000,,0.35,1,1,1
/home/prichter/Documents/banfield/betazoid/data/genes/colabfold/bz_8/orfm.bz_8.1_44,orfm.bz_8.1_44,2,"[None, None, None, None, None]","[0.39, 0.34, 0.39, 0.35, 0.37]",model_4_seed_000,,0.35,1,1,1
/home/prichter/Documents/banfield/betazoid/data/genes/colabfold/bz_8/orfm.bz_8.1_45,orfm.bz_8.1_45,599,"[None, None, None, None, None]","[0.43, 0.41, 0.41, 0.42, 0.4]",model_4_seed_000,,0.41,1,1,1
/home/prichter/Documents/banfield/betazoid/data/genes/colabfold/bz_8/orfm.bz_8.1_47,orfm.bz_8.1_47,2,"[None, None, None, None, None]","[0.32, 0.31, 0.28, 0.29, 0.26]",model_5_seed_000,,0.31,1,1,1
/home/prichter/Documents/banfield/betazoid/data/genes/colabfold/bz_8/orfm.bz_8.1_48,orfm.bz_8.1_48,2,"[None, None, None, None, None]","[0.28, 0.27, 0.33, 0.35, 0.32]",model_5_seed_000,,0.33,1,1,1
/home/prichter/Documents/banfield/betazoid/data/genes/colabfold/bz_8/orfm.bz_8.1_49,orfm.bz_8.1_49,2,"[None, None, None, None, None]","[0.37, 0.29, 0.38, 0.37, 0.21]",model_1_seed_000,,0.37,1,1,1
/home/prichter/Documents/banfield/betazoid/data/genes/colabfold/bz_8/orfm.bz_8.1_50,orfm.bz_8.1_50,2,"[None, None, None, None, None]","[0.23, 0.23, 0.23, 0.23, 0.21]",model_1_seed_000,,0.23,1,1,1
/home/prichter/Documents/banfield/betazoid/data/genes/colabfold/bz_8/orfm.bz_8.1_51,orfm.bz_8.1_51,2,"[None, None, None, None, None]","[0.3, 0.31, 0.3, 0.35, 0.35]",model_5_seed_000,,0.35,1,1,1
/home/prichter/Documents/banfield/betazoid/data/genes/colabfold/bz_8/orfm.bz_8.1_52,orfm.bz_8.1_52,2,"[None, None, None, None, None]","[0.33, 0.39, 0.36, 0.38, 0.38]",model_5_seed_000,,0.38,1,1,1
/home/prichter/Documents/banfield/betazoid/data/genes/colabfold/bz_8/orfm.bz_8.1_53,orfm.bz_8.1_53,2,"[None, None, None, None, None]","[0.45, 0.43, 0.42, 0.39, 0.43]",model_4_seed_000,,0.43,1,1,1
/home/prichter/Documents/banfield/betazoid/data/genes/colabfold/bz_8/orfm.bz_8.1_55,orfm.bz_8.1_55,2,"[None, None, None, None, None]","[0.1, 0.1, 0.09, 0.1, 0.1]",model_2_seed_000,,0.1,1,1,1
/home/prichter/Documents/banfield/betazoid/data/genes/colabfold/bz_8/orfm.bz_8.1_56,orfm.bz_8.1_56,2,"[None, None, None, None, None]","[0.46, 0.32, 0.34, 0.34, 0.31]",model_2_seed_000,,0.46,1,1,1
/home/prichter/Documents/banfield/betazoid/data/genes/colabfold/bz_8/orfm.bz_8.1_57,orfm.bz_8.1_57,2,"[None, None, None, None, None]","[0.35, 0.32, 0.3, 0.3, 0.32]",model_5_seed_000,,0.35,1,1,1
/home/prichter/Documents/banfield/betazoid/data/genes/colabfold/bz_8/orfm.bz_8.1_58,orfm.bz_8.1_58,2,"[None, None, None, None, None]","[0.32, 0.21, 0.35, 0.27, 0.33]",model_1_seed_000,,0.35,1,1,1
/home/prichter/Documents/banfield/betazoid/data/genes/colabfold/bz_8/orfm.bz_8.1_59,orfm.bz_8.1_59,2,"[None, None, None, None, None]","[0.28, 0.3, 0.3, 0.29, 0.3]",model_3_seed_000,,0.3,1,1,1
/home/prichter/Documents/banfield/betazoid/data/genes/colabfold/bz_8/orfm.bz_8.1_60,orfm.bz_8.1_60,2,"[None, None, None, None, None]","[0.32, 0.28, 0.3, 0.28, 0.31]",model_5_seed_000,,0.32,1,1,1
/home/prichter/Documents/banfield/betazoid/data/genes/colabfold/bz_8/orfm.bz_8.1_61,orfm.bz_8.1_61,2,"[None, None, None, None, None]","[0.43, 0.36, 0.36, 0.4, 0.37]",model_5_seed_000,,0.43,1,1,1
/home/prichter/Documents/banfield/betazoid/data/genes/colabfold/bz_8/orfm.bz_8.1_62,orfm.bz_8.1_62,2,"[None, None, None, None, None]","[0.31, 0.33, 0.35, 0.27, 0.33]",model_5_seed_000,,0.35,1,1,1
/home/prichter/Documents/banfield/betazoid/data/genes/colabfold/bz_8/orfm.bz_8.1_63,orfm.bz_8.1_63,2,"[None, None, None, None, None]","[0.29, 0.25, 0.35, 0.33, 0.32]",model_4_seed_000,,0.35,1,1,1
/home/prichter/Documents/banfield/betazoid/data/genes/colabfold/bz_8/orfm.bz_8.1_64,orfm.bz_8.1_64,2,"[None, None, None, None, None]","[0.34, 0.24, 0.35, 0.32, 0.26]",model_1_seed_000,,0.34,1,1,1
/home/prichter/Documents/banfield/betazoid/data/genes/colabfold/bz_8/orfm.bz_8.1_66,orfm.bz_8.1_66,2,"[None, None, None, None, None]","[0.36, 0.25, 0.21, 0.37, 0.38]",model_4_seed_000,,0.36,1,1,1
/home/prichter/Documents/banfield/betazoid/data/genes/colabfold/bz_8/orfm.bz_8.1_67,orfm.bz_8.1_67,2,"[None, None, None, None, None]","[0.05, 0.04, 0.05, 0.04, 0.05]",model_5_seed_000,,0.05,1,1,1
/home/prichter/Documents/banfield/betazoid/data/genes/colabfold/bz_8/orfm.bz_8.1_68,orfm.bz_8.1_68,2,"[None, None, None, None, None]","[0.21, 0.19, 0.21, 0.22, 0.22]",model_5_seed_000,,0.22,1,1,1
/home/prichter/Documents/banfield/betazoid/data/genes/colabfold/bz_8/orfm.bz_8.1_69,orfm.bz_8.1_69,2,"[None, None, None, None, None]","[0.4, 0.36, 0.35, 0.4, 0.43]",model_2_seed_000,,0.4,1,1,1
/home/prichter/Documents/banfield/betazoid/data/genes/colabfold/bz_8/orfm.bz_8.1_70,orfm.bz_8.1_70,2,"[None, None, None, None, None]","[0.61, 0.65, 0.63, 0.65, 0.61]",model_4_seed_000,,0.65,1,1,1
/home/prichter/Documents/banfield/betazoid/data/genes/colabfold/bz_8/orfm.bz_8.1_71,orfm.bz_8.1_71,2,"[None, None, None, None, None]","[0.52, 0.51, 0.42, 0.51, 0.52]",model_5_seed_000,,0.52,1,1,1
/home/prichter/Documents/banfield/betazoid/data/genes/colabfold/bz_8/orfm.bz_8.1_72,orfm.bz_8.1_72,2,"[None, None, None, None, None]","[0.31, 0.34, 0.35, 0.4, 0.31]",model_1_seed_000,,0.4,1,1,1
/home/prichter/Documents/banfield/betazoid/data/genes/colabfold/bz_8/orfm.bz_8.1_73,orfm.bz_8.1_73,2,"[None, None, None, None, None]","[0.51, 0.49, 0.5, 0.5, 0.48]",model_5_seed_000,,0.5,1,1,1
/home/prichter/Documents/banfield/betazoid/data/genes/colabfold/bz_8/orfm.bz_8.1_74,orfm.bz_8.1_74,2,"[None, None, None, None, None]","[0.29, 0.27, 0.24, 0.27, 0.29]",model_1_seed_000,,0.29,1,1,1
/home/prichter/Documents/banfield/betazoid/data/genes/colabfold/bz_8/orfm.bz_8.1_75,orfm.bz_8.1_75,2040,"[None, None, None, None, None]","[0.88, 0.88, 0.88, 0.88, 0.86]",model_1_seed_000,,0.88,1,1,1
/home/prichter/Documents/banfield/betazoid/data/genes/colabfold/bz_8/orfm.bz_8.1_78,orfm.bz_8.1_78,2,"[None, None, None, None, None]","[0.47, 0.49, 0.48, 0.55, 0.54]",model_3_seed_000,,0.47,1,1,1
/home/prichter/Documents/banfield/betazoid/data/genes/colabfold/bz_8/orfm.bz_8.1_79,orfm.bz_8.1_79,2,"[None, None, None, None, None]","[0.1, 0.15, 0.16, 0.16, 0.15]",model_3_seed_000,,0.16,1,1,1
/home/prichter/Documents/banfield/betazoid/data/genes/colabfold/bz_8/orfm.bz_8.1_80,orfm.bz_8.1_80,2,"[None, None, None, None, None]","[0.31, 0.42, 0.46, 0.42, 0.57]",model_1_seed_000,,0.57,1,1,1
/home/prichter/Documents/banfield/betazoid/data/genes/colabfold/bz_8/orfm.bz_8.1_82,orfm.bz_8.1_82,2,"[None, None, None, None, None]","[0.39, 0.37, 0.32, 0.36, 0.38]",model_3_seed_000,,0.39,1,1,1
/home/prichter/Documents/banfield/betazoid/data/genes/colabfold/bz_8/orfm.bz_8.1_83,orfm.bz_8.1_83,2,"[None, None, None, None, None]","[0.38, 0.44, 0.44, 0.45, 0.41]",model_5_seed_000,,0.44,1,1,1
/home/prichter/Documents/banfield/betazoid/data/genes/colabfold/bz_8/orfm.bz_8.1_85,orfm.bz_8.1_85,2,"[None, None, None, None, None]","[0.39, 0.39, 0.38, 0.43, 0.42]",model_1_seed_000,,0.42,1,1,1
/home/prichter/Documents/banfield/betazoid/data/genes/colabfold/bz_8/orfm.bz_8.1_86,orfm.bz_8.1_86,2,"[None, None, None, None, None]","[0.29, 0.24, 0.21, 0.27, 0.22]",model_4_seed_000,,0.29,1,1,1
/home/prichter/Documents/banfield/betazoid/data/genes/colabfold/bz_8/orfm.bz_8.1_87,orfm.bz_8.1_87,2,"[None, None, None, None, None]","[0.22, 0.17, 0.27, 0.23, 0.23]",model_5_seed_000,,0.23,1,1,1
/home/prichter/Documents/banfield/betazoid/data/genes/colabfold/bz_8/orfm.bz_8.1_88,orfm.bz_8.1_88,2,"[None, None, None, None, None]","[0.13, 0.14, 0.14, 0.14, 0.15]",model_5_seed_000,,0.15,1,1,1
/home/prichter/Documents/banfield/betazoid/data/genes/colabfold/bz_8/orfm.bz_8.1_89,orfm.bz_8.1_89,2,"[None, None, None, None, None]","[0.48, 0.47, 0.44, 0.54, 0.51]",model_2_seed_000,,0.54,1,1,1
/home/prichter/Documents/banfield/betazoid/data/genes/colabfold/bz_8/orfm.bz_8.1_90,orfm.bz_8.1_90,2,"[None, None, None, None, None]","[0.47, 0.49, 0.44, 0.47, 0.51]",model_5_seed_000,,0.51,1,1,1
/home/prichter/Documents/banfield/betazoid/data/genes/colabfold/bz_8/orfm.bz_8.1_92,orfm.bz_8.1_92,2,"[None, None, None, None, None]","[0.38, 0.35, 0.41, 0.37, 0.4]",model_4_seed_000,,0.41,1,1,1
/home/prichter/Documents/banfield/betazoid/data/genes/colabfold/bz_8/orfm.bz_8.1_93,orfm.bz_8.1_93,2,"[None, None, None, None, None]","[0.04, 0.03, 0.04, 0.04, 0.04]",model_5_seed_000,,0.04,1,1,1
/home/prichter/Documents/banfield/betazoid/data/genes/colabfold/bz_8/orfm.bz_8.1_94,orfm.bz_8.1_94,2,"[None, None, None, None, None]","[0.49, 0.48, 0.47, 0.44, 0.49]",model_5_seed_000,,0.49,1,1,1
/home/prichter/Documents/banfield/betazoid/data/genes/colabfold/bz_8/orfm.bz_8.1_95,orfm.bz_8.1_95,2,"[None, None, None, None, None]","[0.32, 0.28, 0.26, 0.33, 0.2]",model_5_seed_000,,0.33,1,1,1
/home/prichter/Documents/banfield/betazoid/data/genes/colabfold/bz_8/orfm.bz_8.1_96,orfm.bz_8.1_96,2,"[None, None, None, None, None]","[0.53, 0.56, 0.56, 0.54, 0.56]",model_4_seed_000,,0.56,1,1,1
/home/prichter/Documents/banfield/betazoid/data/genes/colabfold/bz_8/orfm.bz_8.1_97,orfm.bz_8.1_97,2,"[None, None, None, None, None]","[0.49, 0.52, 0.54, 0.51, 0.46]",model_4_seed_000,,0.51,1,1,1
/home/prichter/Documents/banfield/betazoid/data/genes/colabfold/bz_8/orfm.bz_8.1_98,orfm.bz_8.1_98,2,"[None, None, None, None, None]","[0.18, 0.19, 0.18, 0.18, 0.18]",model_5_seed_000,,0.19,1,1,1
/home/prichter/Documents/banfield/betazoid/data/genes/colabfold/bz_8/orfm.bz_8.1_100,orfm.bz_8.1_100,2,"[None, None, None, None, None]","[0.04, 0.04, 0.04, 0.04, 0.04]",model_5_seed_000,,0.04,1,1,1
/home/prichter/Documents/banfield/betazoid/data/genes/colabfold/bz_8/orfm.bz_8.1_101,orfm.bz_8.1_101,2,"[None, None, None, None, None]","[0.04, 0.04, 0.04, 0.04, 0.04]",model_5_seed_000,,0.04,1,1,1
/home/prichter/Documents/banfield/betazoid/data/genes/colabfold/bz_8/orfm.bz_8.1_102,orfm.bz_8.1_102,2,"[None, None, None, None, None]","[0.54, 0.46, 0.49, 0.45, 0.52]",model_1_seed_000,,0.52,1,1,1
/home/prichter/Documents/banfield/betazoid/data/genes/colabfold/bz_8/orfm.bz_8.1_104,orfm.bz_8.1_104,2,"[None, None, None, None, None]","[0.29, 0.26, 0.29, 0.28, 0.29]",model_1_seed_000,,0.28,1,1,1
/home/prichter/Documents/banfield/betazoid/data/genes/colabfold/bz_8/orfm.bz_8.1_106,orfm.bz_8.1_106,2,"[None, None, None, None, None]","[0.2, 0.21, 0.24, 0.26, 0.22]",model_1_seed_000,,0.24,1,1,1
/home/prichter/Documents/banfield/betazoid/data/genes/colabfold/bz_8/orfm.bz_8.1_107,orfm.bz_8.1_107,2,"[None, None, None, None, None]","[0.31, 0.31, 0.33, 0.32, 0.35]",model_5_seed_000,,0.35,1,1,1
/home/prichter/Documents/banfield/betazoid/data/genes/colabfold/bz_8/orfm.bz_8.1_109,orfm.bz_8.1_109,2,"[None, None, None, None, None]","[0.04, 0.04, 0.04, 0.04, 0.04]",model_3_seed_000,,0.04,1,1,1
/home/prichter/Documents/banfield/betazoid/data/genes/colabfold/bz_8/orfm.bz_8.1_110,orfm.bz_8.1_110,4881,"[None, None, None, None, None]","[0.75, 0.74, 0.74, 0.74, 0.73]",model_2_seed_000,,0.75,1,1,1
/home/prichter/Documents/banfield/betazoid/data/genes/colabfold/bz_8/orfm.bz_8.1_111,orfm.bz_8.1_111,2,"[None, None, None, None, None]","[0.25, 0.26, 0.27, 0.26, 0.26]",model_5_seed_000,,0.27,1,1,1
/home/prichter/Documents/banfield/betazoid/data/genes/colabfold/bz_8/orfm.bz_8.1_112,orfm.bz_8.1_112,2,"[None, None, None, None, None]","[0.4, 0.4, 0.4, 0.38, 0.38]",model_5_seed_000,,0.4,1,1,1
/home/prichter/Documents/banfield/betazoid/data/genes/colabfold/bz_8/orfm.bz_8.1_113,orfm.bz_8.1_113,2,"[None, None, None, None, None]","[0.38, 0.38, 0.39, 0.37, 0.33]",model_4_seed_000,,0.38,1,1,1
/home/prichter/Documents/banfield/betazoid/data/genes/colabfold/bz_8/orfm.bz_8.1_114,orfm.bz_8.1_114,2,"[None, None, None, None, None]","[0.55, 0.55, 0.55, 0.45, 0.53]",model_1_seed_000,,0.55,1,1,1
/home/prichter/Documents/banfield/betazoid/data/genes/colabfold/bz_8/orfm.bz_8.1_116,orfm.bz_8.1_116,2,"[None, None, None, None, None]","[0.43, 0.39, 0.39, 0.42, 0.43]",model_5_seed_000,,0.43,1,1,1
/home/prichter/Documents/banfield/betazoid/data/genes/colabfold/bz_8/orfm.bz_8.1_117,orfm.bz_8.1_117,2,"[None, None, None, None, None]","[0.23, 0.24, 0.2, 0.22, 0.24]",model_3_seed_000,,0.23,1,1,1
/home/prichter/Documents/banfield/betazoid/data/genes/colabfold/bz_8/orfm.bz_8.1_119,orfm.bz_8.1_119,2,"[None, None, None, None, None]","[0.53, 0.52, 0.52, 0.46, 0.53]",model_4_seed_000,,0.53,1,1,1
/home/prichter/Documents/banfield/betazoid/data/genes/colabfold/bz_8/orfm.bz_8.1_120,orfm.bz_8.1_120,2,"[None, None, None, None, None]","[0.33, 0.32, 0.32, 0.34, 0.34]",model_3_seed_000,,0.33,1,1,1
/home/prichter/Documents/banfield/betazoid/data/genes/colabfold/bz_8/orfm.bz_8.1_121,orfm.bz_8.1_121,2,"[None, None, None, None, None]","[0.43, 0.37, 0.46, 0.39, 0.44]",model_2_seed_000,,0.46,1,1,1
/home/prichter/Documents/banfield/betazoid/data/genes/colabfold/bz_8/orfm.bz_8.1_123,orfm.bz_8.1_123,2,"[None, None, None, None, None]","[0.42, 0.42, 0.44, 0.47, 0.44]",model_5_seed_000,,0.47,1,1,1
/home/prichter/Documents/banfield/betazoid/data/genes/colabfold/bz_8/orfm.bz_8.1_125,orfm.bz_8.1_125,2,"[None, None, None, None, None]","[0.4, 0.43, 0.39, 0.38, 0.42]",model_2_seed_000,,0.4,1,1,1
/home/prichter/Documents/banfield/betazoid/data/genes/colabfold/bz_8/orfm.bz_8.1_128,orfm.bz_8.1_128,1335,"[None, None, None, None, None]","[0.9, 0.89, 0.9, 0.89, 0.89]",model_3_seed_000,,0.9,1,1,1
/home/prichter/Documents/banfield/betazoid/data/genes/colabfold/bz_8/orfm.bz_8.1_129,orfm.bz_8.1_129,2,"[None, None, None, None, None]","[0.36, 0.33, 0.4, 0.4, 0.28]",model_4_seed_000,,0.4,1,1,1
/home/prichter/Documents/banfield/betazoid/data/genes/colabfold/bz_8/orfm.bz_8.1_130,orfm.bz_8.1_130,2,"[None, None, None, None, None]","[0.34, 0.37, 0.39, 0.36, 0.34]",model_2_seed_000,,0.37,1,1,1
/home/prichter/Documents/banfield/betazoid/data/genes/colabfold/bz_8/orfm.bz_8.1_131,orfm.bz_8.1_131,2,"[None, None, None, None, None]","[0.04, 0.04, 0.04, 0.04, 0.04]",model_3_seed_000,,0.04,1,1,1
/home/prichter/Documents/banfield/betazoid/data/genes/colabfold/bz_8/orfm.bz_8.1_132,orfm.bz_8.1_132,2,"[None, None, None, None, None]","[0.39, 0.45, 0.37, 0.36, 0.38]",model_2_seed_000,,0.45,1,1,1
/home/prichter/Documents/banfield/betazoid/data/genes/colabfold/bz_8/orfm.bz_8.1_133,orfm.bz_8.1_133,2,"[None, None, None, None, None]","[0.34, 0.35, 0.35, 0.36, 0.34]",model_3_seed_000,,0.34,1,1,1
/home/prichter/Documents/banfield/betazoid/data/genes/colabfold/bz_8/orfm.bz_8.1_135,orfm.bz_8.1_135,2,"[None, None, None, None, None]","[0.21, 0.2, 0.2, 0.2, 0.19]",model_5_seed_000,,0.21,1,1,1
/home/prichter/Documents/banfield/betazoid/data/genes/colabfold/bz_8/orfm.bz_8.1_136,orfm.bz_8.1_136,2,"[None, None, None, None, None]","[0.28, 0.27, 0.26, 0.26, 0.27]",model_5_seed_000,,0.28,1,1,1
/home/prichter/Documents/banfield/betazoid/data/genes/colabfold/bz_8/orfm.bz_8.1_137,orfm.bz_8.1_137,2,"[None, None, None, None, None]","[0.4, 0.33, 0.34, 0.5, 0.34]",model_5_seed_000,,0.5,1,1,1
/home/prichter/Documents/banfield/betazoid/data/genes/colabfold/bz_8/orfm.bz_8.1_139,orfm.bz_8.1_139,2,"[None, None, None, None, None]","[0.19, 0.21, 0.22, 0.2, 0.22]",model_4_seed_000,,0.22,1,1,1
/home/prichter/Documents/banfield/betazoid/data/genes/colabfold/bz_8/orfm.bz_8.1_140,orfm.bz_8.1_140,2,"[None, None, None, None, None]","[0.3, 0.3, 0.27, 0.23, 0.28]",model_5_seed_000,,0.3,1,1,1
/home/prichter/Documents/banfield/betazoid/data/genes/colabfold/bz_8/orfm.bz_8.1_144,orfm.bz_8.1_144,2,"[None, None, None, None, None]","[0.36, 0.37, 0.35, 0.37, 0.35]",model_3_seed_000,,0.37,1,1,1
/home/prichter/Documents/banfield/betazoid/data/genes/colabfold/bz_8/orfm.bz_8.1_146,orfm.bz_8.1_146,2,"[None, None, None, None, None]","[0.28, 0.28, 0.28, 0.31, 0.3]",model_3_seed_000,,0.31,1,1,1
/home/prichter/Documents/banfield/betazoid/data/genes/colabfold/bz_8/orfm.bz_8.1_147,orfm.bz_8.1_147,5,"[None, None, None, None, None]","[0.36, 0.34, 0.34, 0.35, 0.33]",model_3_seed_000,,0.33,1,1,1
/home/prichter/Documents/banfield/betazoid/data/genes/colabfold/bz_8/orfm.bz_8.1_148,orfm.bz_8.1_148,2,"[None, None, None, None, None]","[0.04, 0.04, 0.04, 0.04, 0.04]",model_3_seed_000,,0.04,1,1,1
/home/prichter/Documents/banfield/betazoid/data/genes/colabfold/bz_8/orfm.bz_8.1_149,orfm.bz_8.1_149,2,"[None, None, None, None, None]","[0.29, 0.28, 0.31, 0.28, 0.29]",model_5_seed_000,,0.28,1,1,1
/home/prichter/Documents/banfield/betazoid/data/genes/colabfold/bz_8/orfm.bz_8.1_150,orfm.bz_8.1_150,2,"[None, None, None, None, None]","[0.05, 0.05, 0.05, 0.05, 0.05]",model_5_seed_000,,0.05,1,1,1
/home/prichter/Documents/banfield/betazoid/data/genes/colabfold/bz_8/orfm.bz_8.1_151,orfm.bz_8.1_151,2,"[None, None, None, None, None]","[0.4, 0.37, 0.39, 0.41, 0.38]",model_5_seed_000,,0.41,1,1,1
/home/prichter/Documents/banfield/betazoid/data/genes/colabfold/bz_8/orfm.bz_8.1_152,orfm.bz_8.1_152,2,"[None, None, None, None, None]","[0.41, 0.4, 0.35, 0.37, 0.4]",model_5_seed_000,,0.41,1,1,1
/home/prichter/Documents/banfield/betazoid/data/genes/colabfold/bz_8/orfm.bz_8.1_153,orfm.bz_8.1_153,2,"[None, None, None, None, None]","[0.04, 0.04, 0.04, 0.04, 0.04]",model_1_seed_000,,0.04,1,1,1
/home/prichter/Documents/banfield/betazoid/data/genes/colabfold/bz_8/orfm.bz_8.1_155,orfm.bz_8.1_155,2,"[None, None, None, None, None]","[0.53, 0.44, 0.47, 0.45, 0.4]",model_5_seed_000,,0.53,1,1,1
/home/prichter/Documents/banfield/betazoid/data/genes/colabfold/bz_8/orfm.bz_8.1_156,orfm.bz_8.1_156,2,"[None, None, None, None, None]","[0.04, 0.05, 0.04, 0.04, 0.04]",model_1_seed_000,,0.05,1,1,1
/home/prichter/Documents/banfield/betazoid/data/genes/colabfold/bz_8/orfm.bz_8.1_158,orfm.bz_8.1_158,2,"[None, None, None, None, None]","[0.04, 0.04, 0.04, 0.04, 0.04]",model_4_seed_000,,0.04,1,1,1
/home/prichter/Documents/banfield/betazoid/data/genes/colabfold/bz_8/orfm.bz_8.1_159,orfm.bz_8.1_159,2,"[None, None, None, None, None]","[0.28, 0.39, 0.29, 0.13, 0.31]",model_4_seed_000,,0.39,1,1,1
/home/prichter/Documents/banfield/betazoid/data/genes/colabfold/bz_8/orfm.bz_8.1_160,orfm.bz_8.1_160,491,"[None, None, None, None, None]","[0.42, 0.43, 0.44, 0.43, 0.42]",model_4_seed_000,,0.43,1,1,1
/home/prichter/Documents/banfield/betazoid/data/genes/colabfold/bz_8/orfm.bz_8.1_161,orfm.bz_8.1_161,2,"[None, None, None, None, None]","[0.41, 0.38, 0.39, 0.32, 0.35]",model_5_seed_000,,0.39,1,1,1
/home/prichter/Documents/banfield/betazoid/data/genes/colabfold/bz_8/orfm.bz_8.1_162,orfm.bz_8.1_162,2,"[None, None, None, None, None]","[0.06, 0.05, 0.05, 0.06, 0.05]",model_5_seed_000,,0.06,1,1,1
/home/prichter/Documents/banfield/betazoid/data/genes/colabfold/bz_8/orfm.bz_8.1_164,orfm.bz_8.1_164,8,"[None, None, None, None, None]","[0.35, 0.39, 0.36, 0.37, 0.37]",model_3_seed_000,,0.37,1,1,1
/home/prichter/Documents/banfield/betazoid/data/genes/colabfold/bz_8/orfm.bz_8.1_166,orfm.bz_8.1_166,2,"[None, None, None, None, None]","[0.35, 0.32, 0.32, 0.32, 0.34]",model_3_seed_000,,0.32,1,1,1
/home/prichter/Documents/banfield/betazoid/data/genes/colabfold/bz_8/orfm.bz_8.1_167,orfm.bz_8.1_167,2,"[None, None, None, None, None]","[0.42, 0.45, 0.47, 0.36, 0.4]",model_1_seed_000,,0.45,1,1,1
/home/prichter/Documents/banfield/betazoid/data/genes/colabfold/bz_8/orfm.bz_8.1_168,orfm.bz_8.1_168,2,"[None, None, None, None, None]","[0.04, 0.04, 0.04, 0.04, 0.04]",model_4_seed_000,,0.04,1,1,1
/home/prichter/Documents/banfield/betazoid/data/genes/colabfold/bz_8/orfm.bz_8.1_169,orfm.bz_8.1_169,2,"[None, None, None, None, None]","[0.43, 0.42, 0.41, 0.41, 0.42]",model_5_seed_000,,0.42,1,1,1
/home/prichter/Documents/banfield/betazoid/data/genes/colabfold/bz_8/orfm.bz_8.1_170,orfm.bz_8.1_170,2,"[None, None, None, None, None]","[0.43, 0.49, 0.45, 0.43, 0.48]",model_2_seed_000,,0.49,1,1,1
/home/prichter/Documents/banfield/betazoid/data/genes/colabfold/bz_8/orfm.bz_8.1_171,orfm.bz_8.1_171,2,"[None, None, None, None, None]","[0.49, 0.47, 0.4, 0.4, 0.48]",model_5_seed_000,,0.49,1,1,1
/home/prichter/Documents/banfield/betazoid/data/genes/colabfold/bz_8/orfm.bz_8.1_173,orfm.bz_8.1_173,3707,"[None, None, None, None, None]","[0.41, 0.38, 0.42, 0.46, 0.33]",model_2_seed_000,,0.42,1,1,1
/home/prichter/Documents/banfield/betazoid/data/genes/colabfold/bz_8/orfm.bz_8.1_175,orfm.bz_8.1_175,2,"[None, None, None, None, None]","[0.5, 0.47, 0.5, 0.49, 0.49]",model_1_seed_000,,0.5,1,1,1
/home/prichter/Documents/banfield/betazoid/data/genes/colabfold/bz_8/orfm.bz_8.1_176,orfm.bz_8.1_176,2,"[None, None, None, None, None]","[0.31, 0.31, 0.36, 0.3, 0.3]",model_3_seed_000,,0.3,1,1,1
/home/prichter/Documents/banfield/betazoid/data/genes/colabfold/bz_8/orfm.bz_8.1_177,orfm.bz_8.1_177,2,"[None, None, None, None, None]","[0.37, 0.35, 0.34, 0.36, 0.34]",model_3_seed_000,,0.37,1,1,1
/home/prichter/Documents/banfield/betazoid/data/genes/colabfold/bz_8/orfm.bz_8.1_179,orfm.bz_8.1_179,2,"[None, None, None, None, None]","[0.34, 0.38, 0.37, 0.35, 0.37]",model_4_seed_000,,0.37,1,1,1
/home/prichter/Documents/banfield/betazoid/data/genes/colabfold/bz_8/orfm.bz_8.1_180,orfm.bz_8.1_180,2,"[None, None, None, None, None]","[0.36, 0.39, 0.38, 0.4, 0.36]",model_1_seed_000,,0.4,1,1,1
/home/prichter/Documents/banfield/betazoid/data/genes/colabfold/bz_8/orfm.bz_8.1_181,orfm.bz_8.1_181,2,"[None, None, None, None, None]","[0.34, 0.37, 0.38, 0.35, 0.29]",model_1_seed_000,,0.37,1,1,1
/home/prichter/Documents/banfield/betazoid/data/genes/colabfold/bz_8/orfm.bz_8.1_182,orfm.bz_8.1_182,2,"[None, None, None, None, None]","[0.5, 0.47, 0.5, 0.5, 0.5]",model_3_seed_000,,0.5,1,1,1
/home/prichter/Documents/banfield/betazoid/data/genes/colabfold/bz_8/orfm.bz_8.1_183,orfm.bz_8.1_183,2,"[None, None, None, None, None]","[0.22, 0.24, 0.17, 0.19, 0.12]",model_1_seed_000,,0.22,1,1,1
/home/prichter/Documents/banfield/betazoid/data/genes/colabfold/bz_8/orfm.bz_8.1_185,orfm.bz_8.1_185,3,"[None, None, None, None, None]","[0.18, 0.25, 0.2, 0.24, 0.24]",model_2_seed_000,,0.25,1,1,1
/home/prichter/Documents/banfield/betazoid/data/genes/colabfold/bz_8/orfm.bz_8.1_186,orfm.bz_8.1_186,2,"[None, None, None, None, None]","[0.24, 0.24, 0.23, 0.28, 0.23]",model_1_seed_000,,0.28,1,1,1
/home/prichter/Documents/banfield/betazoid/data/genes/colabfold/bz_8/orfm.bz_8.1_192,orfm.bz_8.1_192,2,"[None, None, None, None, None]","[0.21, 0.21, 0.22, 0.19, 0.22]",model_4_seed_000,,0.21,1,1,1
/home/prichter/Documents/banfield/betazoid/data/genes/colabfold/bz_8/orfm.bz_8.1_193,orfm.bz_8.1_193,2,"[None, None, None, None, None]","[0.34, 0.38, 0.36, 0.36, 0.36]",model_3_seed_000,,0.36,1,1,1
/home/prichter/Documents/banfield/betazoid/data/genes/colabfold/bz_8/orfm.bz_8.1_196,orfm.bz_8.1_196,2,"[None, None, None, None, None]","[0.09, 0.08, 0.1, 0.1, 0.09]",model_5_seed_000,,0.1,1,1,1
/home/prichter/Documents/banfield/betazoid/data/genes/colabfold/bz_8/orfm.bz_8.1_197,orfm.bz_8.1_197,2,"[None, None, None, None, None]","[0.29, 0.27, 0.34, 0.35, 0.31]",model_2_seed_000,,0.35,1,1,1
/home/prichter/Documents/banfield/betazoid/data/genes/colabfold/bz_8/orfm.bz_8.1_199,orfm.bz_8.1_199,2,"[None, None, None, None, None]","[0.52, 0.53, 0.47, 0.54, 0.5]",model_1_seed_000,,0.53,1,1,1
/home/prichter/Documents/banfield/betazoid/data/genes/colabfold/bz_8/orfm.bz_8.1_200,orfm.bz_8.1_200,2,"[None, None, None, None, None]","[0.44, 0.44, 0.36, 0.47, 0.42]",model_3_seed_000,,0.47,1,1,1
/home/prichter/Documents/banfield/betazoid/data/genes/colabfold/bz_8/orfm.bz_8.1_201,orfm.bz_8.1_201,2,"[None, None, None, None, None]","[0.42, 0.39, 0.36, 0.35, 0.42]",model_1_seed_000,,0.42,1,1,1
/home/prichter/Documents/banfield/betazoid/data/genes/colabfold/bz_8/orfm.bz_8.1_202,orfm.bz_8.1_202,7,"[None, None, None, None, None]","[0.24, 0.32, 0.34, 0.34, 0.36]",model_4_seed_000,,0.34,1,1,1
/home/prichter/Documents/banfield/betazoid/data/genes/colabfold/bz_8/orfm.bz_8.1_204,orfm.bz_8.1_204,2,"[None, None, None, None, None]","[0.04, 0.04, 0.04, 0.04, 0.04]",model_4_seed_000,,0.04,1,1,1
/home/prichter/Documents/banfield/betazoid/data/genes/colabfold/bz_8/orfm.bz_8.1_205,orfm.bz_8.1_205,2,"[None, None, None, None, None]","[0.15, 0.15, 0.16, 0.14, 0.16]",model_3_seed_000,,0.14,1,1,1
/home/prichter/Documents/banfield/betazoid/data/genes/colabfold/bz_8/orfm.bz_8.1_206,orfm.bz_8.1_206,3,"[None, None, None, None, None]","[0.32, 0.23, 0.28, 0.26, 0.24]",model_3_seed_000,,0.28,1,1,1
/home/prichter/Documents/banfield/betazoid/data/genes/colabfold/bz_8/orfm.bz_8.1_208,orfm.bz_8.1_208,2,"[None, None, None, None, None]","[0.35, 0.35, 0.36, 0.34, 0.39]",model_3_seed_000,,0.35,1,1,1
/home/prichter/Documents/banfield/betazoid/data/genes/colabfold/bz_8/orfm.bz_8.1_210,orfm.bz_8.1_210,2,"[None, None, None, None, None]","[0.46, 0.43, 0.43, 0.43, 0.4]",model_5_seed_000,,0.46,1,1,1
/home/prichter/Documents/banfield/betazoid/data/genes/colabfold/bz_8/orfm.bz_8.1_213,orfm.bz_8.1_213,2,"[None, None, None, None, None]","[0.2, 0.2, 0.19, 0.2, 0.2]",model_5_seed_000,,0.2,1,1,1
/home/prichter/Documents/banfield/betazoid/data/genes/colabfold/bz_8/orfm.bz_8.1_214,orfm.bz_8.1_214,2,"[None, None, None, None, None]","[0.3, 0.3, 0.31, 0.33, 0.3]",model_5_seed_000,,0.33,1,1,1
/home/prichter/Documents/banfield/betazoid/data/genes/colabfold/bz_8/orfm.bz_8.1_215,orfm.bz_8.1_215,51,"[None, None, None, None, None]","[0.84, 0.86, 0.85, 0.86, 0.86]",model_4_seed_000,,0.86,1,1,1
/home/prichter/Documents/banfield/betazoid/data/genes/colabfold/bz_8/orfm.bz_8.1_216,orfm.bz_8.1_216,2,"[None, None, None, None, None]","[0.58, 0.57, 0.51, 0.58, 0.58]",model_5_seed_000,,0.58,1,1,1
/home/prichter/Documents/banfield/betazoid/data/genes/colabfold/bz_8/orfm.bz_8.1_217,orfm.bz_8.1_217,2,"[None, None, None, None, None]","[0.35, 0.3, 0.36, 0.34, 0.29]",model_5_seed_000,,0.35,1,1,1
/home/prichter/Documents/banfield/betazoid/data/genes/colabfold/bz_8/orfm.bz_8.1_218,orfm.bz_8.1_218,5,"[None, None, None, None, None]","[0.52, 0.52, 0.52, 0.54, 0.6]",model_5_seed_000,,0.6,1,1,1
/home/prichter/Documents/banfield/betazoid/data/genes/colabfold/bz_8/orfm.bz_8.1_219,orfm.bz_8.1_219,2,"[None, None, None, None, None]","[0.3, 0.29, 0.3, 0.31, 0.3]",model_4_seed_000,,0.3,1,1,1
/home/prichter/Documents/banfield/betazoid/data/genes/colabfold/bz_8/orfm.bz_8.1_220,orfm.bz_8.1_220,2,"[None, None, None, None, None]","[0.08, 0.07, 0.07, 0.08, 0.07]",model_5_seed_000,,0.08,1,1,1
/home/prichter/Documents/banfield/betazoid/data/genes/colabfold/bz_8/orfm.bz_8.1_222,orfm.bz_8.1_222,9,"[None, None, None, None, None]","[0.3, 0.39, 0.32, 0.39, 0.34]",model_4_seed_000,,0.34,1,1,1
/home/prichter/Documents/banfield/betazoid/data/genes/colabfold/bz_8/orfm.bz_8.1_223,orfm.bz_8.1_223,2,"[None, None, None, None, None]","[0.41, 0.46, 0.43, 0.45, 0.42]",model_5_seed_000,,0.45,1,1,1
/home/prichter/Documents/banfield/betazoid/data/genes/colabfold/bz_8/orfm.bz_8.1_224,orfm.bz_8.1_224,2,"[None, None, None, None, None]","[0.43, 0.53, 0.49, 0.54, 0.45]",model_1_seed_000,,0.53,1,1,1
/home/prichter/Documents/banfield/betazoid/data/genes/colabfold/bz_8/orfm.bz_8.1_226,orfm.bz_8.1_226,2,"[None, None, None, None, None]","[0.04, 0.04, 0.04, 0.04, 0.04]",model_5_seed_000,,0.04,1,1,1
/home/prichter/Documents/banfield/betazoid/data/genes/colabfold/bz_8/orfm.bz_8.1_227,orfm.bz_8.1_227,2,"[None, None, None, None, None]","[0.19, 0.16, 0.19, 0.16, 0.21]",model_1_seed_000,,0.21,1,1,1
/home/prichter/Documents/banfield/betazoid/data/genes/colabfold/bz_8/orfm.bz_8.1_228,orfm.bz_8.1_228,2,"[None, None, None, None, None]","[0.41, 0.52, 0.33, 0.37, 0.26]",model_2_seed_000,,0.52,1,1,1
/home/prichter/Documents/banfield/betazoid/data/genes/colabfold/bz_8/orfm.bz_8.1_229,orfm.bz_8.1_229,2,"[None, None, None, None, None]","[0.35, 0.37, 0.36, 0.37, 0.4]",model_3_seed_000,,0.4,1,1,1
/home/prichter/Documents/banfield/betazoid/data/genes/colabfold/bz_8/orfm.bz_8.1_230,orfm.bz_8.1_230,2,"[None, None, None, None, None]","[0.33, 0.33, 0.28, 0.34, 0.39]",model_5_seed_000,,0.33,1,1,1
/home/prichter/Documents/banfield/betazoid/data/genes/colabfold/bz_8/orfm.bz_8.1_232,orfm.bz_8.1_232,2,"[None, None, None, None, None]","[0.04, 0.04, 0.04, 0.04, 0.04]",model_3_seed_000,,0.04,1,1,1
/home/prichter/Documents/banfield/betazoid/data/genes/colabfold/bz_9/orfm.bz_9.1_1,orfm.bz_9.1_1,2,"[None, None, None, None, None]","[0.32, 0.41, 0.36, 0.34, 0.34]",model_2_seed_000,,0.41,1,1,1
/home/prichter/Documents/banfield/betazoid/data/genes/colabfold/bz_9/orfm.bz_9.1_2,orfm.bz_9.1_2,2,"[None, None, None, None, None]","[0.2, 0.25, 0.28, 0.22, 0.25]",model_5_seed_000,,0.25,1,1,1
/home/prichter/Documents/banfield/betazoid/data/genes/colabfold/bz_9/orfm.bz_9.1_3,orfm.bz_9.1_3,2,"[None, None, None, None, None]","[0.33, 0.31, 0.29, 0.31, 0.34]",model_3_seed_000,,0.31,1,1,1
/home/prichter/Documents/banfield/betazoid/data/genes/colabfold/bz_9/orfm.bz_9.1_5,orfm.bz_9.1_5,11,"[None, None, None, None, None]","[0.6, 0.62, 0.6, 0.59, 0.6]",model_3_seed_000,,0.6,1,1,1
/home/prichter/Documents/banfield/betazoid/data/genes/colabfold/bz_9/orfm.bz_9.1_6,orfm.bz_9.1_6,2,"[None, None, None, None, None]","[0.55, 0.55, 0.51, 0.55, 0.54]",model_4_seed_000,,0.55,1,1,1
/home/prichter/Documents/banfield/betazoid/data/genes/colabfold/bz_9/orfm.bz_9.1_7,orfm.bz_9.1_7,2,"[None, None, None, None, None]","[0.42, 0.21, 0.52, 0.25, 0.28]",model_4_seed_000,,0.52,1,1,1
/home/prichter/Documents/banfield/betazoid/data/genes/colabfold/bz_9/orfm.bz_9.1_8,orfm.bz_9.1_8,2,"[None, None, None, None, None]","[0.25, 0.26, 0.2, 0.22, 0.23]",model_3_seed_000,,0.23,1,1,1
/home/prichter/Documents/banfield/betazoid/data/genes/colabfold/bz_9/orfm.bz_9.1_9,orfm.bz_9.1_9,2,"[None, None, None, None, None]","[0.39, 0.4, 0.35, 0.4, 0.37]",model_5_seed_000,,0.4,1,1,1
/home/prichter/Documents/banfield/betazoid/data/genes/colabfold/bz_9/orfm.bz_9.1_10,orfm.bz_9.1_10,2,"[None, None, None, None, None]","[0.46, 0.5, 0.51, 0.49, 0.51]",model_3_seed_000,,0.5,1,1,1
/home/prichter/Documents/banfield/betazoid/data/genes/colabfold/bz_9/orfm.bz_9.1_11,orfm.bz_9.1_11,2,"[None, None, None, None, None]","[0.09, 0.08, 0.09, 0.08, 0.08]",model_4_seed_000,,0.09,1,1,1
/home/prichter/Documents/banfield/betazoid/data/genes/colabfold/bz_9/orfm.bz_9.1_12,orfm.bz_9.1_12,2,"[None, None, None, None, None]","[0.37, 0.33, 0.35, 0.23, 0.27]",model_1_seed_000,,0.37,1,1,1
/home/prichter/Documents/banfield/betazoid/data/genes/colabfold/bz_9/orfm.bz_9.1_14,orfm.bz_9.1_14,2,"[None, None, None, None, None]","[0.04, 0.04, 0.03, 0.04, 0.04]",model_5_seed_000,,0.04,1,1,1
/home/prichter/Documents/banfield/betazoid/data/genes/colabfold/bz_9/orfm.bz_9.1_15,orfm.bz_9.1_15,9,"[None, None, None, None, None]","[0.35, 0.32, 0.41, 0.29, 0.33]",model_1_seed_000,,0.41,1,1,1
/home/prichter/Documents/banfield/betazoid/data/genes/colabfold/bz_9/orfm.bz_9.1_16,orfm.bz_9.1_16,2,"[None, None, None, None, None]","[0.2, 0.32, 0.27, 0.3, 0.27]",model_5_seed_000,,0.32,1,1,1
/home/prichter/Documents/banfield/betazoid/data/genes/colabfold/bz_9/orfm.bz_9.1_17,orfm.bz_9.1_17,2,"[None, None, None, None, None]","[0.44, 0.45, 0.49, 0.47, 0.49]",model_3_seed_000,,0.45,1,1,1
/home/prichter/Documents/banfield/betazoid/data/genes/colabfold/bz_9/orfm.bz_9.1_18,orfm.bz_9.1_18,2,"[None, None, None, None, None]","[0.57, 0.58, 0.57, 0.56, 0.35]",model_3_seed_000,,0.58,1,1,1
/home/prichter/Documents/banfield/betazoid/data/genes/colabfold/bz_9/orfm.bz_9.1_19,orfm.bz_9.1_19,2,"[None, None, None, None, None]","[0.23, 0.25, 0.24, 0.22, 0.26]",model_5_seed_000,,0.26,1,1,1
/home/prichter/Documents/banfield/betazoid/data/genes/colabfold/bz_9/orfm.bz_9.1_20,orfm.bz_9.1_20,2,"[None, None, None, None, None]","[0.43, 0.39, 0.46, 0.49, 0.46]",model_1_seed_000,,0.49,1,1,1
/home/prichter/Documents/banfield/betazoid/data/genes/colabfold/bz_9/orfm.bz_9.1_22,orfm.bz_9.1_22,2,"[None, None, None, None, None]","[0.3, 0.33, 0.35, 0.34, 0.3]",model_3_seed_000,,0.3,1,1,1
/home/prichter/Documents/banfield/betazoid/data/genes/colabfold/bz_9/orfm.bz_9.1_23,orfm.bz_9.1_23,2,"[None, None, None, None, None]","[0.37, 0.42, 0.4, 0.47, 0.45]",model_1_seed_000,,0.47,1,1,1
/home/prichter/Documents/banfield/betazoid/data/genes/colabfold/bz_9/orfm.bz_9.1_25,orfm.bz_9.1_25,2,"[None, None, None, None, None]","[0.39, 0.42, 0.34, 0.26, 0.29]",model_2_seed_000,,0.42,1,1,1
/home/prichter/Documents/banfield/betazoid/data/genes/colabfold/bz_9/orfm.bz_9.1_26,orfm.bz_9.1_26,2,"[None, None, None, None, None]","[0.42, 0.44, 0.44, 0.47, 0.42]",model_5_seed_000,,0.47,1,1,1
/home/prichter/Documents/banfield/betazoid/data/genes/colabfold/bz_9/orfm.bz_9.1_27,orfm.bz_9.1_27,2,"[None, None, None, None, None]","[0.37, 0.39, 0.34, 0.37, 0.37]",model_3_seed_000,,0.37,1,1,1
/home/prichter/Documents/banfield/betazoid/data/genes/colabfold/bz_9/orfm.bz_9.1_28,orfm.bz_9.1_28,2,"[None, None, None, None, None]","[0.24, 0.57, 0.29, 0.27, 0.39]",model_4_seed_000,,0.57,1,1,1
/home/prichter/Documents/banfield/betazoid/data/genes/colabfold/bz_9/orfm.bz_9.1_29,orfm.bz_9.1_29,2,"[None, None, None, None, None]","[0.34, 0.35, 0.35, 0.33, 0.33]",model_4_seed_000,,0.35,1,1,1
/home/prichter/Documents/banfield/betazoid/data/genes/colabfold/bz_9/orfm.bz_9.1_30,orfm.bz_9.1_30,2,"[None, None, None, None, None]","[0.59, 0.58, 0.58, 0.49, 0.56]",model_5_seed_000,,0.59,1,1,1
/home/prichter/Documents/banfield/betazoid/data/genes/colabfold/bz_9/orfm.bz_9.1_33,orfm.bz_9.1_33,2,"[None, None, None, None, None]","[0.25, 0.22, 0.32, 0.19, 0.18]",model_1_seed_000,,0.32,1,1,1
/home/prichter/Documents/banfield/betazoid/data/genes/colabfold/bz_9/orfm.bz_9.1_34,orfm.bz_9.1_34,51,"[None, None, None, None, None]","[0.86, 0.79, 0.81, 0.85, 0.8]",model_4_seed_000,,0.86,1,1,1
/home/prichter/Documents/banfield/betazoid/data/genes/colabfold/bz_9/orfm.bz_9.1_35,orfm.bz_9.1_35,2,"[None, None, None, None, None]","[0.38, 0.37, 0.36, 0.37, 0.35]",model_3_seed_000,,0.37,1,1,1
/home/prichter/Documents/banfield/betazoid/data/genes/colabfold/bz_9/orfm.bz_9.1_36,orfm.bz_9.1_36,2,"[None, None, None, None, None]","[0.4, 0.34, 0.33, 0.26, 0.34]",model_5_seed_000,,0.34,1,1,1
/home/prichter/Documents/banfield/betazoid/data/genes/colabfold/bz_9/orfm.bz_9.1_37,orfm.bz_9.1_37,2,"[None, None, None, None, None]","[0.31, 0.26, 0.25, 0.26, 0.19]",model_4_seed_000,,0.31,1,1,1
/home/prichter/Documents/banfield/betazoid/data/genes/colabfold/bz_9/orfm.bz_9.1_38,orfm.bz_9.1_38,2,"[None, None, None, None, None]","[0.14, 0.12, 0.14, 0.13, 0.14]",model_1_seed_000,,0.14,1,1,1
/home/prichter/Documents/banfield/betazoid/data/genes/colabfold/bz_9/orfm.bz_9.1_40,orfm.bz_9.1_40,2,"[None, None, None, None, None]","[0.35, 0.36, 0.35, 0.35, 0.35]",model_3_seed_000,,0.35,1,1,1
/home/prichter/Documents/banfield/betazoid/data/genes/colabfold/bz_9/orfm.bz_9.1_41,orfm.bz_9.1_41,2,"[None, None, None, None, None]","[0.23, 0.23, 0.2, 0.26, 0.22]",model_2_seed_000,,0.23,1,1,1
/home/prichter/Documents/banfield/betazoid/data/genes/colabfold/bz_9/orfm.bz_9.1_43,orfm.bz_9.1_43,2,"[None, None, None, None, None]","[0.04, 0.04, 0.04, 0.04, 0.04]",model_5_seed_000,,0.04,1,1,1
/home/prichter/Documents/banfield/betazoid/data/genes/colabfold/bz_9/orfm.bz_9.1_44,orfm.bz_9.1_44,2,"[None, None, None, None, None]","[0.53, 0.52, 0.46, 0.54, 0.61]",model_2_seed_000,,0.61,1,1,1
/home/prichter/Documents/banfield/betazoid/data/genes/colabfold/bz_9/orfm.bz_9.1_45,orfm.bz_9.1_45,2,"[None, None, None, None, None]","[0.41, 0.4, 0.35, 0.41, 0.39]",model_4_seed_000,,0.41,1,1,1
/home/prichter/Documents/banfield/betazoid/data/genes/colabfold/bz_9/orfm.bz_9.1_46,orfm.bz_9.1_46,2,"[None, None, None, None, None]","[0.45, 0.37, 0.38, 0.42, 0.44]",model_5_seed_000,,0.45,1,1,1
/home/prichter/Documents/banfield/betazoid/data/genes/colabfold/bz_9/orfm.bz_9.1_48,orfm.bz_9.1_48,2,"[None, None, None, None, None]","[0.19, 0.26, 0.18, 0.18, 0.19]",model_1_seed_000,,0.26,1,1,1
/home/prichter/Documents/banfield/betazoid/data/genes/colabfold/bz_9/orfm.bz_9.1_49,orfm.bz_9.1_49,2,"[None, None, None, None, None]","[0.24, 0.25, 0.26, 0.22, 0.34]",model_2_seed_000,,0.34,1,1,1
/home/prichter/Documents/banfield/betazoid/data/genes/colabfold/bz_9/orfm.bz_9.1_50,orfm.bz_9.1_50,2,"[None, None, None, None, None]","[0.42, 0.39, 0.45, 0.43, 0.43]",model_5_seed_000,,0.43,1,1,1
/home/prichter/Documents/banfield/betazoid/data/genes/colabfold/bz_9/orfm.bz_9.1_51,orfm.bz_9.1_51,2,"[None, None, None, None, None]","[0.29, 0.3, 0.27, 0.29, 0.29]",model_1_seed_000,,0.29,1,1,1
/home/prichter/Documents/banfield/betazoid/data/genes/colabfold/bz_9/orfm.bz_9.1_52,orfm.bz_9.1_52,2,"[None, None, None, None, None]","[0.49, 0.32, 0.26, 0.65, 0.28]",model_2_seed_000,,0.65,1,1,1
/home/prichter/Documents/banfield/betazoid/data/genes/colabfold/bz_9/orfm.bz_9.1_53,orfm.bz_9.1_53,2,"[None, None, None, None, None]","[0.49, 0.57, 0.55, 0.57, 0.55]",model_5_seed_000,,0.57,1,1,1
/home/prichter/Documents/banfield/betazoid/data/genes/colabfold/bz_9/orfm.bz_9.1_55,orfm.bz_9.1_55,2,"[None, None, None, None, None]","[0.35, 0.27, 0.31, 0.32, 0.25]",model_1_seed_000,,0.31,1,1,1
/home/prichter/Documents/banfield/betazoid/data/genes/colabfold/bz_9/orfm.bz_9.1_56,orfm.bz_9.1_56,2,"[None, None, None, None, None]","[0.1, 0.11, 0.1, 0.11, 0.11]",model_3_seed_000,,0.11,1,1,1
/home/prichter/Documents/banfield/betazoid/data/genes/colabfold/bz_9/orfm.bz_9.1_57,orfm.bz_9.1_57,2,"[None, None, None, None, None]","[0.25, 0.27, 0.22, 0.27, 0.24]",model_1_seed_000,,0.27,1,1,1
/home/prichter/Documents/banfield/betazoid/data/genes/colabfold/bz_9/orfm.bz_9.1_58,orfm.bz_9.1_58,2,"[None, None, None, None, None]","[0.18, 0.17, 0.15, 0.17, 0.18]",model_2_seed_000,,0.18,1,1,1
/home/prichter/Documents/banfield/betazoid/data/genes/colabfold/bz_9/orfm.bz_9.1_59,orfm.bz_9.1_59,2,"[None, None, None, None, None]","[0.42, 0.39, 0.37, 0.39, 0.39]",model_4_seed_000,,0.39,1,1,1
/home/prichter/Documents/banfield/betazoid/data/genes/colabfold/bz_9/orfm.bz_9.1_60,orfm.bz_9.1_60,2,"[None, None, None, None, None]","[0.34, 0.37, 0.33, 0.37, 0.34]",model_5_seed_000,,0.37,1,1,1
/home/prichter/Documents/banfield/betazoid/data/genes/colabfold/bz_9/orfm.bz_9.1_61,orfm.bz_9.1_61,2,"[None, None, None, None, None]","[0.3, 0.37, 0.36, 0.33, 0.31]",model_1_seed_000,,0.37,1,1,1
/home/prichter/Documents/banfield/betazoid/data/genes/colabfold/bz_9/orfm.bz_9.1_63,orfm.bz_9.1_63,2,"[None, None, None, None, None]","[0.16, 0.15, 0.13, 0.15, 0.14]",model_5_seed_000,,0.15,1,1,1
/home/prichter/Documents/banfield/betazoid/data/genes/colabfold/bz_9/orfm.bz_9.1_64,orfm.bz_9.1_64,2,"[None, None, None, None, None]","[0.03, 0.04, 0.04, 0.03, 0.04]",model_5_seed_000,,0.04,1,1,1
/home/prichter/Documents/banfield/betazoid/data/genes/colabfold/bz_9/orfm.bz_9.1_65,orfm.bz_9.1_65,2,"[None, None, None, None, None]","[0.4, 0.39, 0.38, 0.37, 0.39]",model_5_seed_000,,0.4,1,1,1
/home/prichter/Documents/banfield/betazoid/data/genes/colabfold/bz_9/orfm.bz_9.1_66,orfm.bz_9.1_66,2,"[None, None, None, None, None]","[0.39, 0.39, 0.41, 0.37, 0.36]",model_5_seed_000,,0.41,1,1,1
/home/prichter/Documents/banfield/betazoid/data/genes/colabfold/bz_9/orfm.bz_9.1_67,orfm.bz_9.1_67,2,"[None, None, None, None, None]","[0.42, 0.39, 0.39, 0.4, 0.37]",model_5_seed_000,,0.42,1,1,1
/home/prichter/Documents/banfield/betazoid/data/genes/colabfold/bz_9/orfm.bz_9.1_70,orfm.bz_9.1_70,3,"[None, None, None, None, None]","[0.2, 0.2, 0.18, 0.21, 0.21]",model_2_seed_000,,0.18,1,1,1
/home/prichter/Documents/banfield/betazoid/data/genes/colabfold/bz_9/orfm.bz_9.1_71,orfm.bz_9.1_71,2,"[None, None, None, None, None]","[0.27, 0.25, 0.14, 0.31, 0.28]",model_5_seed_000,,0.31,1,1,1
/home/prichter/Documents/banfield/betazoid/data/genes/colabfold/bz_9/orfm.bz_9.1_72,orfm.bz_9.1_72,2,"[None, None, None, None, None]","[0.29, 0.42, 0.44, 0.41, 0.36]",model_5_seed_000,,0.44,1,1,1
/home/prichter/Documents/banfield/betazoid/data/genes/colabfold/bz_9/orfm.bz_9.1_74,orfm.bz_9.1_74,2,"[None, None, None, None, None]","[0.28, 0.33, 0.34, 0.3, 0.34]",model_5_seed_000,,0.33,1,1,1
/home/prichter/Documents/banfield/betazoid/data/genes/colabfold/bz_9/orfm.bz_9.1_75,orfm.bz_9.1_75,2,"[None, None, None, None, None]","[0.55, 0.56, 0.52, 0.54, 0.57]",model_4_seed_000,,0.57,1,1,1
/home/prichter/Documents/banfield/betazoid/data/genes/colabfold/bz_9/orfm.bz_9.1_76,orfm.bz_9.1_76,2,"[None, None, None, None, None]","[0.16, 0.36, 0.43, 0.42, 0.45]",model_5_seed_000,,0.42,1,1,1
/home/prichter/Documents/banfield/betazoid/data/genes/colabfold/bz_9/orfm.bz_9.1_78,orfm.bz_9.1_78,2,"[None, None, None, None, None]","[0.28, 0.24, 0.13, 0.14, 0.25]",model_3_seed_000,,0.28,1,1,1
/home/prichter/Documents/banfield/betazoid/data/genes/colabfold/bz_9/orfm.bz_9.1_79,orfm.bz_9.1_79,2,"[None, None, None, None, None]","[0.29, 0.28, 0.32, 0.28, 0.29]",model_5_seed_000,,0.29,1,1,1
/home/prichter/Documents/banfield/betazoid/data/genes/colabfold/bz_9/orfm.bz_9.1_80,orfm.bz_9.1_80,2,"[None, None, None, None, None]","[0.22, 0.14, 0.11, 0.12, 0.11]",model_5_seed_000,,0.22,1,1,1
/home/prichter/Documents/banfield/betazoid/data/genes/colabfold/bz_9/orfm.bz_9.1_81,orfm.bz_9.1_81,2,"[None, None, None, None, None]","[0.27, 0.34, 0.32, 0.29, 0.32]",model_2_seed_000,,0.34,1,1,1
/home/prichter/Documents/banfield/betazoid/data/genes/colabfold/bz_9/orfm.bz_9.1_82,orfm.bz_9.1_82,2,"[None, None, None, None, None]","[0.15, 0.13, 0.13, 0.11, 0.12]",model_1_seed_000,,0.15,1,1,1
/home/prichter/Documents/banfield/betazoid/data/genes/colabfold/bz_9/orfm.bz_9.1_83,orfm.bz_9.1_83,2,"[None, None, None, None, None]","[0.33, 0.26, 0.15, 0.25, 0.21]",model_2_seed_000,,0.33,1,1,1
/home/prichter/Documents/banfield/betazoid/data/genes/colabfold/bz_9/orfm.bz_9.1_84,orfm.bz_9.1_84,2,"[None, None, None, None, None]","[0.32, 0.32, 0.31, 0.32, 0.31]",model_5_seed_000,,0.32,1,1,1
/home/prichter/Documents/banfield/betazoid/data/genes/colabfold/bz_9/orfm.bz_9.1_85,orfm.bz_9.1_85,2,"[None, None, None, None, None]","[0.31, 0.32, 0.3, 0.32, 0.33]",model_5_seed_000,,0.32,1,1,1
/home/prichter/Documents/banfield/betazoid/data/genes/colabfold/bz_9/orfm.bz_9.1_86,orfm.bz_9.1_86,12,"[None, None, None, None, None]","[0.25, 0.25, 0.29, 0.23, 0.26]",model_3_seed_000,,0.26,1,1,1
/home/prichter/Documents/banfield/betazoid/data/genes/colabfold/bz_9/orfm.bz_9.1_87,orfm.bz_9.1_87,2,"[None, None, None, None, None]","[0.25, 0.2, 0.21, 0.28, 0.24]",model_1_seed_000,,0.28,1,1,1
/home/prichter/Documents/banfield/betazoid/data/genes/colabfold/bz_9/orfm.bz_9.1_88,orfm.bz_9.1_88,2,"[None, None, None, None, None]","[0.32, 0.35, 0.33, 0.33, 0.31]",model_3_seed_000,,0.33,1,1,1
/home/prichter/Documents/banfield/betazoid/data/genes/colabfold/bz_9/orfm.bz_9.1_90,orfm.bz_9.1_90,36,"[None, None, None, None, None]","[0.36, 0.35, 0.35, 0.37, 0.36]",model_3_seed_000,,0.37,1,1,1
/home/prichter/Documents/banfield/betazoid/data/genes/colabfold/bz_9/orfm.bz_9.1_91,orfm.bz_9.1_91,2,"[None, None, None, None, None]","[0.05, 0.05, 0.04, 0.05, 0.05]",model_5_seed_000,,0.05,1,1,1
/home/prichter/Documents/banfield/betazoid/data/genes/colabfold/bz_9/orfm.bz_9.1_92,orfm.bz_9.1_92,2,"[None, None, None, None, None]","[0.47, 0.48, 0.48, 0.44, 0.43]",model_5_seed_000,,0.48,1,1,1
/home/prichter/Documents/banfield/betazoid/data/genes/colabfold/bz_9/orfm.bz_9.1_94,orfm.bz_9.1_94,2,"[None, None, None, None, None]","[0.16, 0.15, 0.2, 0.22, 0.19]",model_2_seed_000,,0.22,1,1,1
/home/prichter/Documents/banfield/betazoid/data/genes/colabfold/bz_9/orfm.bz_9.1_95,orfm.bz_9.1_95,2,"[None, None, None, None, None]","[0.27, 0.23, 0.24, 0.21, 0.24]",model_1_seed_000,,0.27,1,1,1
/home/prichter/Documents/banfield/betazoid/data/genes/colabfold/bz_9/orfm.bz_9.1_96,orfm.bz_9.1_96,2,"[None, None, None, None, None]","[0.18, 0.18, 0.18, 0.21, 0.18]",model_3_seed_000,,0.21,1,1,1
/home/prichter/Documents/banfield/betazoid/data/genes/colabfold/bz_9/orfm.bz_9.1_97,orfm.bz_9.1_97,2,"[None, None, None, None, None]","[0.47, 0.46, 0.46, 0.44, 0.47]",model_3_seed_000,,0.47,1,1,1
/home/prichter/Documents/banfield/betazoid/data/genes/colabfold/bz_9/orfm.bz_9.1_99,orfm.bz_9.1_99,2,"[None, None, None, None, None]","[0.12, 0.12, 0.13, 0.16, 0.13]",model_1_seed_000,,0.12,1,1,1
/home/prichter/Documents/banfield/betazoid/data/genes/colabfold/bz_9/orfm.bz_9.1_100,orfm.bz_9.1_100,2,"[None, None, None, None, None]","[0.57, 0.52, 0.54, 0.54, 0.52]",model_5_seed_000,,0.57,1,1,1
/home/prichter/Documents/banfield/betazoid/data/genes/colabfold/bz_9/orfm.bz_9.1_102,orfm.bz_9.1_102,255,"[None, None, None, None, None]","[0.44, 0.47, 0.4, 0.45, 0.46]",model_3_seed_000,,0.44,1,1,1
/home/prichter/Documents/banfield/betazoid/data/genes/colabfold/bz_9/orfm.bz_9.1_104,orfm.bz_9.1_104,2,"[None, None, None, None, None]","[0.33, 0.36, 0.32, 0.34, 0.35]",model_1_seed_000,,0.36,1,1,1
/home/prichter/Documents/banfield/betazoid/data/genes/colabfold/bz_9/orfm.bz_9.1_105,orfm.bz_9.1_105,2,"[None, None, None, None, None]","[0.29, 0.33, 0.33, 0.32, 0.31]",model_3_seed_000,,0.29,1,1,1
/home/prichter/Documents/banfield/betazoid/data/genes/colabfold/bz_9/orfm.bz_9.1_106,orfm.bz_9.1_106,2,"[None, None, None, None, None]","[0.33, 0.35, 0.37, 0.37, 0.32]",model_1_seed_000,,0.37,1,1,1
/home/prichter/Documents/banfield/betazoid/data/genes/colabfold/bz_9/orfm.bz_9.1_108,orfm.bz_9.1_108,2,"[None, None, None, None, None]","[0.23, 0.31, 0.24, 0.31, 0.35]",model_5_seed_000,,0.35,1,1,1
/home/prichter/Documents/banfield/betazoid/data/genes/colabfold/bz_9/orfm.bz_9.1_110,orfm.bz_9.1_110,2,"[None, None, None, None, None]","[0.1, 0.11, 0.1, 0.1, 0.11]",model_5_seed_000,,0.11,1,1,1
/home/prichter/Documents/banfield/betazoid/data/genes/colabfold/bz_9/orfm.bz_9.1_111,orfm.bz_9.1_111,3,"[None, None, None, None, None]","[0.27, 0.31, 0.32, 0.28, 0.28]",model_4_seed_000,,0.31,1,1,1
/home/prichter/Documents/banfield/betazoid/data/genes/colabfold/bz_9/orfm.bz_9.1_113,orfm.bz_9.1_113,2,"[None, None, None, None, None]","[0.03, 0.03, 0.03, 0.03, 0.03]",model_1_seed_000,,0.03,1,1,1
/home/prichter/Documents/banfield/betazoid/data/genes/colabfold/bz_9/orfm.bz_9.1_115,orfm.bz_9.1_115,2,"[None, None, None, None, None]","[0.26, 0.28, 0.27, 0.28, 0.23]",model_5_seed_000,,0.26,1,1,1
/home/prichter/Documents/banfield/betazoid/data/genes/colabfold/bz_9/orfm.bz_9.1_116,orfm.bz_9.1_116,2,"[None, None, None, None, None]","[0.41, 0.37, 0.4, 0.4, 0.4]",model_2_seed_000,,0.4,1,1,1
/home/prichter/Documents/banfield/betazoid/data/genes/colabfold/bz_9/orfm.bz_9.1_118,orfm.bz_9.1_118,2,"[None, None, None, None, None]","[0.28, 0.27, 0.3, 0.28, 0.3]",model_5_seed_000,,0.3,1,1,1
/home/prichter/Documents/banfield/betazoid/data/genes/colabfold/bz_9/orfm.bz_9.1_120,orfm.bz_9.1_120,2,"[None, None, None, None, None]","[0.33, 0.34, 0.34, 0.36, 0.31]",model_5_seed_000,,0.34,1,1,1
/home/prichter/Documents/banfield/betazoid/data/genes/colabfold/bz_9/orfm.bz_9.1_122,orfm.bz_9.1_122,2,"[None, None, None, None, None]","[0.19, 0.29, 0.17, 0.26, 0.22]",model_2_seed_000,,0.26,1,1,1
/home/prichter/Documents/banfield/betazoid/data/genes/colabfold/bz_9/orfm.bz_9.1_123,orfm.bz_9.1_123,2,"[None, None, None, None, None]","[0.54, 0.48, 0.51, 0.51, 0.55]",model_5_seed_000,,0.55,1,1,1
/home/prichter/Documents/banfield/betazoid/data/genes/colabfold/bz_9/orfm.bz_9.1_124,orfm.bz_9.1_124,2,"[None, None, None, None, None]","[0.36, 0.33, 0.41, 0.34, 0.31]",model_3_seed_000,,0.36,1,1,1
/home/prichter/Documents/banfield/betazoid/data/genes/colabfold/bz_9/orfm.bz_9.1_128,orfm.bz_9.1_128,2,"[None, None, None, None, None]","[0.39, 0.36, 0.38, 0.4, 0.46]",model_3_seed_000,,0.36,1,1,1
/home/prichter/Documents/banfield/betazoid/data/genes/colabfold/bz_9/orfm.bz_9.1_129,orfm.bz_9.1_129,2,"[None, None, None, None, None]","[0.04, 0.04, 0.04, 0.04, 0.04]",model_5_seed_000,,0.04,1,1,1
/home/prichter/Documents/banfield/betazoid/data/genes/colabfold/bz_9/orfm.bz_9.1_130,orfm.bz_9.1_130,2,"[None, None, None, None, None]","[0.37, 0.37, 0.36, 0.36, 0.38]",model_5_seed_000,,0.38,1,1,1
/home/prichter/Documents/banfield/betazoid/data/genes/colabfold/bz_9/orfm.bz_9.1_131,orfm.bz_9.1_131,2,"[None, None, None, None, None]","[0.04, 0.04, 0.04, 0.04, 0.04]",model_1_seed_000,,0.04,1,1,1
/home/prichter/Documents/banfield/betazoid/data/genes/colabfold/bz_9/orfm.bz_9.1_134,orfm.bz_9.1_134,2,"[None, None, None, None, None]","[0.47, 0.42, 0.47, 0.48, 0.46]",model_4_seed_000,,0.48,1,1,1
/home/prichter/Documents/banfield/betazoid/data/genes/colabfold/bz_9/orfm.bz_9.1_137,orfm.bz_9.1_137,2,"[None, None, None, None, None]","[0.43, 0.33, 0.15, 0.24, 0.35]",model_3_seed_000,,0.43,1,1,1
/home/prichter/Documents/banfield/betazoid/data/genes/colabfold/bz_9/orfm.bz_9.1_138,orfm.bz_9.1_138,2,"[None, None, None, None, None]","[0.03, 0.04, 0.04, 0.04, 0.03]",model_1_seed_000,,0.04,1,1,1
/home/prichter/Documents/banfield/betazoid/data/genes/colabfold/bz_9/orfm.bz_9.1_139,orfm.bz_9.1_139,2,"[None, None, None, None, None]","[0.48, 0.45, 0.53, 0.47, 0.46]",model_5_seed_000,,0.53,1,1,1
/home/prichter/Documents/banfield/betazoid/data/genes/colabfold/bz_9/orfm.bz_9.1_140,orfm.bz_9.1_140,1604,"[None, None, None, None, None]","[0.89, 0.91, 0.91, 0.89, 0.9]",model_3_seed_000,,0.91,1,1,1
/home/prichter/Documents/banfield/betazoid/data/genes/colabfold/bz_9/orfm.bz_9.1_141,orfm.bz_9.1_141,2,"[None, None, None, None, None]","[0.28, 0.33, 0.25, 0.3, 0.22]",model_3_seed_000,,0.33,1,1,1
/home/prichter/Documents/banfield/betazoid/data/genes/colabfold/bz_9/orfm.bz_9.1_142,orfm.bz_9.1_142,2,"[None, None, None, None, None]","[0.39, 0.6, 0.37, 0.58, 0.32]",model_3_seed_000,,0.6,1,1,1
/home/prichter/Documents/banfield/betazoid/data/genes/colabfold/bz_9/orfm.bz_9.1_143,orfm.bz_9.1_143,2,"[None, None, None, None, None]","[0.55, 0.54, 0.51, 0.56, 0.47]",model_1_seed_000,,0.56,1,1,1
/home/prichter/Documents/banfield/betazoid/data/genes/colabfold/bz_9/orfm.bz_9.1_145,orfm.bz_9.1_145,2,"[None, None, None, None, None]","[0.36, 0.34, 0.36, 0.36, 0.35]",model_1_seed_000,,0.36,1,1,1
/home/prichter/Documents/banfield/betazoid/data/genes/colabfold/bz_9/orfm.bz_9.1_147,orfm.bz_9.1_147,2,"[None, None, None, None, None]","[0.05, 0.04, 0.05, 0.04, 0.04]",model_1_seed_000,,0.05,1,1,1
/home/prichter/Documents/banfield/betazoid/data/genes/colabfold/bz_9/orfm.bz_9.1_148,orfm.bz_9.1_148,2,"[None, None, None, None, None]","[0.04, 0.04, 0.04, 0.04, 0.04]",model_5_seed_000,,0.04,1,1,1
/home/prichter/Documents/banfield/betazoid/data/genes/colabfold/bz_9/orfm.bz_9.1_151,orfm.bz_9.1_151,2,"[None, None, None, None, None]","[0.38, 0.38, 0.4, 0.38, 0.41]",model_5_seed_000,,0.41,1,1,1
/home/prichter/Documents/banfield/betazoid/data/genes/colabfold/bz_9/orfm.bz_9.1_152,orfm.bz_9.1_152,8,"[None, None, None, None, None]","[0.23, 0.22, 0.2, 0.23, 0.2]",model_5_seed_000,,0.2,1,1,1
/home/prichter/Documents/banfield/betazoid/data/genes/colabfold/bz_9/orfm.bz_9.1_153,orfm.bz_9.1_153,2,"[None, None, None, None, None]","[0.38, 0.41, 0.4, 0.42, 0.36]",model_1_seed_000,,0.41,1,1,1
/home/prichter/Documents/banfield/betazoid/data/genes/colabfold/bz_9/orfm.bz_9.1_154,orfm.bz_9.1_154,2,"[None, None, None, None, None]","[0.47, 0.43, 0.43, 0.39, 0.47]",model_4_seed_000,,0.43,1,1,1
/home/prichter/Documents/banfield/betazoid/data/genes/colabfold/bz_9/orfm.bz_9.1_155,orfm.bz_9.1_155,2,"[None, None, None, None, None]","[0.31, 0.29, 0.29, 0.32, 0.31]",model_1_seed_000,,0.31,1,1,1
/home/prichter/Documents/banfield/betazoid/data/genes/colabfold/bz_9/orfm.bz_9.1_156,orfm.bz_9.1_156,2,"[None, None, None, None, None]","[0.08, 0.08, 0.09, 0.08, 0.09]",model_1_seed_000,,0.09,1,1,1
/home/prichter/Documents/banfield/betazoid/data/genes/colabfold/bz_9/orfm.bz_9.1_157,orfm.bz_9.1_157,2,"[None, None, None, None, None]","[0.05, 0.04, 0.05, 0.05, 0.05]",model_5_seed_000,,0.05,1,1,1
/home/prichter/Documents/banfield/betazoid/data/genes/colabfold/bz_9/orfm.bz_9.1_158,orfm.bz_9.1_158,2,"[None, None, None, None, None]","[0.38, 0.4, 0.44, 0.36, 0.4]",model_1_seed_000,,0.44,1,1,1
/home/prichter/Documents/banfield/betazoid/data/genes/colabfold/bz_9/orfm.bz_9.1_159,orfm.bz_9.1_159,2,"[None, None, None, None, None]","[0.48, 0.46, 0.47, 0.37, 0.37]",model_1_seed_000,,0.48,1,1,1
/home/prichter/Documents/banfield/betazoid/data/genes/colabfold/bz_9/orfm.bz_9.1_160,orfm.bz_9.1_160,2,"[None, None, None, None, None]","[0.4, 0.39, 0.41, 0.36, 0.42]",model_1_seed_000,,0.42,1,1,1
/home/prichter/Documents/banfield/betazoid/data/genes/colabfold/bz_9/orfm.bz_9.1_161,orfm.bz_9.1_161,2,"[None, None, None, None, None]","[0.36, 0.32, 0.4, 0.4, 0.38]",model_3_seed_000,,0.4,1,1,1
/home/prichter/Documents/banfield/betazoid/data/genes/colabfold/bz_9/orfm.bz_9.1_162,orfm.bz_9.1_162,2,"[None, None, None, None, None]","[0.43, 0.51, 0.46, 0.48, 0.46]",model_4_seed_000,,0.46,1,1,1
/home/prichter/Documents/banfield/betazoid/data/genes/colabfold/bz_9/orfm.bz_9.1_164,orfm.bz_9.1_164,2228,"[None, None, None, None, None]","[0.62, 0.53, 0.57, 0.49, 0.67]",model_3_seed_000,,0.67,1,1,1
/home/prichter/Documents/banfield/betazoid/data/genes/colabfold/bz_9/orfm.bz_9.1_165,orfm.bz_9.1_165,2,"[None, None, None, None, None]","[0.4, 0.41, 0.41, 0.45, 0.44]",model_3_seed_000,,0.41,1,1,1
/home/prichter/Documents/banfield/betazoid/data/genes/colabfold/bz_9/orfm.bz_9.1_166,orfm.bz_9.1_166,2,"[None, None, None, None, None]","[0.36, 0.35, 0.37, 0.39, 0.33]",model_3_seed_000,,0.37,1,1,1
/home/prichter/Documents/banfield/betazoid/data/genes/colabfold/bz_9/orfm.bz_9.1_167,orfm.bz_9.1_167,10,"[None, None, None, None, None]","[0.71, 0.74, 0.74, 0.7, 0.71]",model_4_seed_000,,0.74,1,1,1
/home/prichter/Documents/banfield/betazoid/data/genes/colabfold/bz_9/orfm.bz_9.1_168,orfm.bz_9.1_168,2,"[None, None, None, None, None]","[0.45, 0.36, 0.45, 0.42, 0.44]",model_1_seed_000,,0.44,1,1,1
/home/prichter/Documents/banfield/betazoid/data/genes/colabfold/bz_9/orfm.bz_9.1_169,orfm.bz_9.1_169,2,"[None, None, None, None, None]","[0.35, 0.49, 0.38, 0.4, 0.47]",model_1_seed_000,,0.49,1,1,1
/home/prichter/Documents/banfield/betazoid/data/genes/colabfold/bz_9/orfm.bz_9.1_170,orfm.bz_9.1_170,2,"[None, None, None, None, None]","[0.46, 0.41, 0.41, 0.51, 0.4]",model_1_seed_000,,0.51,1,1,1
/home/prichter/Documents/banfield/betazoid/data/genes/colabfold/bz_9/orfm.bz_9.1_172,orfm.bz_9.1_172,2,"[None, None, None, None, None]","[0.3, 0.37, 0.33, 0.38, 0.36]",model_1_seed_000,,0.38,1,1,1
/home/prichter/Documents/banfield/betazoid/data/genes/colabfold/bz_9/orfm.bz_9.1_173,orfm.bz_9.1_173,2,"[None, None, None, None, None]","[0.57, 0.56, 0.54, 0.6, 0.58]",model_2_seed_000,,0.6,1,1,1
/home/prichter/Documents/banfield/betazoid/data/genes/colabfold/bz_9/orfm.bz_9.1_174,orfm.bz_9.1_174,2,"[None, None, None, None, None]","[0.3, 0.25, 0.29, 0.27, 0.28]",model_3_seed_000,,0.29,1,1,1
/home/prichter/Documents/banfield/betazoid/data/genes/colabfold/bz_9/orfm.bz_9.1_175,orfm.bz_9.1_175,2,"[None, None, None, None, None]","[0.17, 0.19, 0.16, 0.18, 0.16]",model_3_seed_000,,0.18,1,1,1
/home/prichter/Documents/banfield/betazoid/data/genes/colabfold/bz_9/orfm.bz_9.1_176,orfm.bz_9.1_176,2,"[None, None, None, None, None]","[0.47, 0.41, 0.42, 0.42, 0.34]",model_2_seed_000,,0.47,1,1,1
/home/prichter/Documents/banfield/betazoid/data/genes/colabfold/bz_9/orfm.bz_9.1_177,orfm.bz_9.1_177,2,"[None, None, None, None, None]","[0.42, 0.44, 0.38, 0.39, 0.35]",model_2_seed_000,,0.44,1,1,1
/home/prichter/Documents/banfield/betazoid/data/genes/colabfold/bz_9/orfm.bz_9.1_178,orfm.bz_9.1_178,2,"[None, None, None, None, None]","[0.03, 0.04, 0.03, 0.04, 0.04]",model_4_seed_000,,0.04,1,1,1
/home/prichter/Documents/banfield/betazoid/data/genes/colabfold/bz_9/orfm.bz_9.1_179,orfm.bz_9.1_179,2,"[None, None, None, None, None]","[0.04, 0.04, 0.05, 0.05, 0.04]",model_5_seed_000,,0.05,1,1,1
/home/prichter/Documents/banfield/betazoid/data/genes/colabfold/bz_9/orfm.bz_9.1_180,orfm.bz_9.1_180,2,"[None, None, None, None, None]","[0.32, 0.38, 0.37, 0.36, 0.35]",model_3_seed_000,,0.32,1,1,1
/home/prichter/Documents/banfield/betazoid/data/genes/colabfold/bz_9/orfm.bz_9.1_182,orfm.bz_9.1_182,2,"[None, None, None, None, None]","[0.29, 0.27, 0.3, 0.31, 0.31]",model_3_seed_000,,0.27,1,1,1
/home/prichter/Documents/banfield/betazoid/data/genes/colabfold/bz_9/orfm.bz_9.1_184,orfm.bz_9.1_184,506,"[None, None, None, None, None]","[0.44, 0.43, 0.51, 0.45, 0.56]",model_4_seed_000,,0.56,1,1,1
/home/prichter/Documents/banfield/betazoid/data/genes/colabfold/bz_9/orfm.bz_9.1_185,orfm.bz_9.1_185,2,"[None, None, None, None, None]","[0.28, 0.33, 0.34, 0.27, 0.29]",model_4_seed_000,,0.34,1,1,1
/home/prichter/Documents/banfield/betazoid/data/genes/colabfold/bz_9/orfm.bz_9.1_187,orfm.bz_9.1_187,2,"[None, None, None, None, None]","[0.36, 0.36, 0.35, 0.34, 0.35]",model_3_seed_000,,0.35,1,1,1
/home/prichter/Documents/banfield/betazoid/data/genes/colabfold/bz_9/orfm.bz_9.1_189,orfm.bz_9.1_189,2,"[None, None, None, None, None]","[0.36, 0.37, 0.45, 0.37, 0.3]",model_2_seed_000,,0.45,1,1,1
/home/prichter/Documents/banfield/betazoid/data/genes/colabfold/bz_9/orfm.bz_9.1_190,orfm.bz_9.1_190,2,"[None, None, None, None, None]","[0.32, 0.15, 0.3, 0.37, 0.35]",model_1_seed_000,,0.37,1,1,1
/home/prichter/Documents/banfield/betazoid/data/genes/colabfold/bz_9/orfm.bz_9.1_191,orfm.bz_9.1_191,2,"[None, None, None, None, None]","[0.31, 0.3, 0.31, 0.29, 0.29]",model_3_seed_000,,0.31,1,1,1
/home/prichter/Documents/banfield/betazoid/data/genes/colabfold/bz_9/orfm.bz_9.1_192,orfm.bz_9.1_192,2,"[None, None, None, None, None]","[0.28, 0.31, 0.32, 0.26, 0.28]",model_4_seed_000,,0.28,1,1,1
/home/prichter/Documents/banfield/betazoid/data/genes/colabfold/bz_9/orfm.bz_9.1_193,orfm.bz_9.1_193,2,"[None, None, None, None, None]","[0.32, 0.29, 0.31, 0.28, 0.37]",model_1_seed_000,,0.37,1,1,1
/home/prichter/Documents/banfield/betazoid/data/genes/colabfold/bz_9/orfm.bz_9.1_195,orfm.bz_9.1_195,2,"[None, None, None, None, None]","[0.48, 0.47, 0.45, 0.5, 0.5]",model_5_seed_000,,0.5,1,1,1
/home/prichter/Documents/banfield/betazoid/data/genes/colabfold/bz_9/orfm.bz_9.1_196,orfm.bz_9.1_196,2,"[None, None, None, None, None]","[0.43, 0.19, 0.39, 0.33, 0.39]",model_1_seed_000,,0.43,1,1,1
/home/prichter/Documents/banfield/betazoid/data/genes/colabfold/bz_9/orfm.bz_9.1_197,orfm.bz_9.1_197,2,"[None, None, None, None, None]","[0.05, 0.05, 0.05, 0.05, 0.05]",model_4_seed_000,,0.05,1,1,1
/home/prichter/Documents/banfield/betazoid/data/genes/colabfold/bz_9/orfm.bz_9.1_198,orfm.bz_9.1_198,2,"[None, None, None, None, None]","[0.3, 0.31, 0.31, 0.3, 0.34]",model_5_seed_000,,0.34,1,1,1
/home/prichter/Documents/banfield/betazoid/data/genes/colabfold/bz_9/orfm.bz_9.1_199,orfm.bz_9.1_199,2,"[None, None, None, None, None]","[0.57, 0.55, 0.59, 0.61, 0.52]",model_5_seed_000,,0.61,1,1,1
/home/prichter/Documents/banfield/betazoid/data/genes/colabfold/bz_9/orfm.bz_9.1_200,orfm.bz_9.1_200,2,"[None, None, None, None, None]","[0.38, 0.52, 0.32, 0.48, 0.33]",model_3_seed_000,,0.48,1,1,1
/home/prichter/Documents/banfield/betazoid/data/genes/colabfold/bz_9/orfm.bz_9.1_201,orfm.bz_9.1_201,2,"[None, None, None, None, None]","[0.38, 0.37, 0.34, 0.33, 0.35]",model_3_seed_000,,0.35,1,1,1
/home/prichter/Documents/banfield/betazoid/data/genes/colabfold/bz_9/orfm.bz_9.1_202,orfm.bz_9.1_202,2,"[None, None, None, None, None]","[0.28, 0.3, 0.2, 0.23, 0.31]",model_5_seed_000,,0.28,1,1,1
/home/prichter/Documents/banfield/betazoid/data/genes/colabfold/bz_9/orfm.bz_9.1_203,orfm.bz_9.1_203,2,"[None, None, None, None, None]","[0.25, 0.25, 0.2, 0.28, 0.22]",model_5_seed_000,,0.25,1,1,1
/home/prichter/Documents/banfield/betazoid/data/genes/colabfold/bz_9/orfm.bz_9.1_204,orfm.bz_9.1_204,1661,"[None, None, None, None, None]","[0.5, 0.44, 0.44, 0.44, 0.41]",model_3_seed_000,,0.5,1,1,1
/home/prichter/Documents/banfield/betazoid/data/genes/colabfold/bz_10/orfm.bz_10.1_2,orfm.bz_10.1_2,2,"[None, None, None, None, None]","[0.39, 0.44, 0.41, 0.4, 0.43]",model_1_seed_000,,0.44,1,1,1
/home/prichter/Documents/banfield/betazoid/data/genes/colabfold/bz_10/orfm.bz_10.1_5,orfm.bz_10.1_5,9,"[None, None, None, None, None]","[0.29, 0.32, 0.29, 0.27, 0.28]",model_4_seed_000,,0.29,1,1,1
/home/prichter/Documents/banfield/betazoid/data/genes/colabfold/bz_10/orfm.bz_10.1_6,orfm.bz_10.1_6,2,"[None, None, None, None, None]","[0.36, 0.31, 0.32, 0.36, 0.29]",model_5_seed_000,,0.36,1,1,1
/home/prichter/Documents/banfield/betazoid/data/genes/colabfold/bz_10/orfm.bz_10.1_8,orfm.bz_10.1_8,2,"[None, None, None, None, None]","[0.47, 0.38, 0.42, 0.39, 0.41]",model_5_seed_000,,0.47,1,1,1
/home/prichter/Documents/banfield/betazoid/data/genes/colabfold/bz_10/orfm.bz_10.1_11,orfm.bz_10.1_11,2,"[None, None, None, None, None]","[0.36, 0.32, 0.34, 0.33, 0.36]",model_5_seed_000,,0.36,1,1,1
/home/prichter/Documents/banfield/betazoid/data/genes/colabfold/bz_10/orfm.bz_10.1_13,orfm.bz_10.1_13,2,"[None, None, None, None, None]","[0.34, 0.31, 0.33, 0.35, 0.34]",model_1_seed_000,,0.34,1,1,1
/home/prichter/Documents/banfield/betazoid/data/genes/colabfold/bz_10/orfm.bz_10.1_15,orfm.bz_10.1_15,26,"[None, None, None, None, None]","[0.83, 0.84, 0.83, 0.85, 0.84]",model_1_seed_000,,0.85,1,1,1
/home/prichter/Documents/banfield/betazoid/data/genes/colabfold/bz_10/orfm.bz_10.1_18,orfm.bz_10.1_18,5,"[None, None, None, None, None]","[0.3, 0.3, 0.28, 0.32, 0.28]",model_3_seed_000,,0.3,1,1,1
/home/prichter/Documents/banfield/betazoid/data/genes/colabfold/bz_10/orfm.bz_10.1_19,orfm.bz_10.1_19,2,"[None, None, None, None, None]","[0.46, 0.4, 0.45, 0.47, 0.49]",model_5_seed_000,,0.49,1,1,1
/home/prichter/Documents/banfield/betazoid/data/genes/colabfold/bz_10/orfm.bz_10.1_25,orfm.bz_10.1_25,2,"[None, None, None, None, None]","[0.03, 0.03, 0.03, 0.03, 0.03]",model_3_seed_000,,0.03,1,1,1
/home/prichter/Documents/banfield/betazoid/data/genes/colabfold/bz_10/orfm.bz_10.1_27,orfm.bz_10.1_27,8,"[None, None, None, None, None]","[0.27, 0.36, 0.35, 0.38, 0.4]",model_4_seed_000,,0.36,1,1,1
/home/prichter/Documents/banfield/betazoid/data/genes/colabfold/bz_10/orfm.bz_10.1_30,orfm.bz_10.1_30,2,"[None, None, None, None, None]","[0.3, 0.29, 0.25, 0.28, 0.34]",model_5_seed_000,,0.3,1,1,1
/home/prichter/Documents/banfield/betazoid/data/genes/colabfold/bz_10/orfm.bz_10.1_33,orfm.bz_10.1_33,2,"[None, None, None, None, None]","[0.33, 0.5, 0.52, 0.35, 0.4]",model_4_seed_000,,0.52,1,1,1
/home/prichter/Documents/banfield/betazoid/data/genes/colabfold/bz_10/orfm.bz_10.1_34,orfm.bz_10.1_34,2,"[None, None, None, None, None]","[0.31, 0.31, 0.24, 0.27, 0.26]",model_1_seed_000,,0.31,1,1,1
/home/prichter/Documents/banfield/betazoid/data/genes/colabfold/bz_10/orfm.bz_10.1_35,orfm.bz_10.1_35,2,"[None, None, None, None, None]","[0.46, 0.42, 0.41, 0.47, 0.47]",model_1_seed_000,,0.47,1,1,1
/home/prichter/Documents/banfield/betazoid/data/genes/colabfold/bz_10/orfm.bz_10.1_37,orfm.bz_10.1_37,2,"[None, None, None, None, None]","[0.38, 0.41, 0.42, 0.38, 0.38]",model_3_seed_000,,0.38,1,1,1
/home/prichter/Documents/banfield/betazoid/data/genes/colabfold/bz_10/orfm.bz_10.1_38,orfm.bz_10.1_38,2,"[None, None, None, None, None]","[0.19, 0.22, 0.24, 0.22, 0.21]",model_2_seed_000,,0.24,1,1,1
/home/prichter/Documents/banfield/betazoid/data/genes/colabfold/bz_10/orfm.bz_10.1_40,orfm.bz_10.1_40,2,"[None, None, None, None, None]","[0.33, 0.37, 0.33, 0.33, 0.39]",model_1_seed_000,,0.39,1,1,1
/home/prichter/Documents/banfield/betazoid/data/genes/colabfold/bz_10/orfm.bz_10.1_41,orfm.bz_10.1_41,2,"[None, None, None, None, None]","[0.3, 0.3, 0.27, 0.31, 0.31]",model_3_seed_000,,0.3,1,1,1
/home/prichter/Documents/banfield/betazoid/data/genes/colabfold/bz_10/orfm.bz_10.1_44,orfm.bz_10.1_44,2,"[None, None, None, None, None]","[0.03, 0.03, 0.03, 0.02, 0.03]",model_1_seed_000,,0.03,1,1,1
/home/prichter/Documents/banfield/betazoid/data/genes/colabfold/bz_10/orfm.bz_10.1_45,orfm.bz_10.1_45,2,"[None, None, None, None, None]","[0.04, 0.04, 0.04, 0.04, 0.04]",model_5_seed_000,,0.04,1,1,1
/home/prichter/Documents/banfield/betazoid/data/genes/colabfold/bz_10/orfm.bz_10.1_46,orfm.bz_10.1_46,2,"[None, None, None, None, None]","[0.4, 0.4, 0.44, 0.38, 0.41]",model_3_seed_000,,0.4,1,1,1
/home/prichter/Documents/banfield/betazoid/data/genes/colabfold/bz_10/orfm.bz_10.1_47,orfm.bz_10.1_47,2,"[None, None, None, None, None]","[0.17, 0.19, 0.18, 0.2, 0.15]",model_5_seed_000,,0.2,1,1,1
/home/prichter/Documents/banfield/betazoid/data/genes/colabfold/bz_10/orfm.bz_10.1_49,orfm.bz_10.1_49,3,"[None, None, None, None, None]","[0.25, 0.21, 0.2, 0.21, 0.2]",model_2_seed_000,,0.21,1,1,1
/home/prichter/Documents/banfield/betazoid/data/genes/colabfold/bz_10/orfm.bz_10.1_50,orfm.bz_10.1_50,2,"[None, None, None, None, None]","[0.31, 0.3, 0.29, 0.31, 0.32]",model_5_seed_000,,0.31,1,1,1
/home/prichter/Documents/banfield/betazoid/data/genes/colabfold/bz_10/orfm.bz_10.1_51,orfm.bz_10.1_51,2,"[None, None, None, None, None]","[0.04, 0.04, 0.04, 0.03, 0.04]",model_1_seed_000,,0.04,1,1,1
/home/prichter/Documents/banfield/betazoid/data/genes/colabfold/bz_10/orfm.bz_10.1_52,orfm.bz_10.1_52,2,"[None, None, None, None, None]","[0.04, 0.04, 0.04, 0.04, 0.04]",model_3_seed_000,,0.04,1,1,1
/home/prichter/Documents/banfield/betazoid/data/genes/colabfold/bz_10/orfm.bz_10.1_53,orfm.bz_10.1_53,2,"[None, None, None, None, None]","[0.4, 0.41, 0.38, 0.37, 0.36]",model_5_seed_000,,0.4,1,1,1
/home/prichter/Documents/banfield/betazoid/data/genes/colabfold/bz_10/orfm.bz_10.1_54,orfm.bz_10.1_54,2,"[None, None, None, None, None]","[0.3, 0.31, 0.27, 0.31, 0.3]",model_5_seed_000,,0.31,1,1,1
/home/prichter/Documents/banfield/betazoid/data/genes/colabfold/bz_10/orfm.bz_10.1_58,orfm.bz_10.1_58,2,"[None, None, None, None, None]","[0.43, 0.41, 0.45, 0.44, 0.44]",model_4_seed_000,,0.44,1,1,1
/home/prichter/Documents/banfield/betazoid/data/genes/colabfold/bz_10/orfm.bz_10.1_60,orfm.bz_10.1_60,2,"[None, None, None, None, None]","[0.53, 0.55, 0.54, 0.53, 0.51]",model_5_seed_000,,0.55,1,1,1
/home/prichter/Documents/banfield/betazoid/data/genes/colabfold/bz_10/orfm.bz_10.1_62,orfm.bz_10.1_62,2,"[None, None, None, None, None]","[0.06, 0.07, 0.07, 0.06, 0.06]",model_1_seed_000,,0.07,1,1,1
/home/prichter/Documents/banfield/betazoid/data/genes/colabfold/bz_10/orfm.bz_10.1_63,orfm.bz_10.1_63,2,"[None, None, None, None, None]","[0.04, 0.04, 0.04, 0.04, 0.04]",model_3_seed_000,,0.04,1,1,1
/home/prichter/Documents/banfield/betazoid/data/genes/colabfold/bz_10/orfm.bz_10.1_64,orfm.bz_10.1_64,2,"[None, None, None, None, None]","[0.3, 0.32, 0.31, 0.28, 0.31]",model_1_seed_000,,0.32,1,1,1
/home/prichter/Documents/banfield/betazoid/data/genes/colabfold/bz_10/orfm.bz_10.1_67,orfm.bz_10.1_67,123,"[None, None, None, None, None]","[0.28, 0.26, 0.33, 0.27, 0.3]",model_4_seed_000,,0.33,1,1,1
/home/prichter/Documents/banfield/betazoid/data/genes/colabfold/bz_10/orfm.bz_10.1_70,orfm.bz_10.1_70,2,"[None, None, None, None, None]","[0.44, 0.43, 0.4, 0.46, 0.41]",model_5_seed_000,,0.46,1,1,1
/home/prichter/Documents/banfield/betazoid/data/genes/colabfold/bz_10/orfm.bz_10.1_71,orfm.bz_10.1_71,2,"[None, None, None, None, None]","[0.38, 0.38, 0.35, 0.4, 0.38]",model_5_seed_000,,0.4,1,1,1
/home/prichter/Documents/banfield/betazoid/data/genes/colabfold/bz_10/orfm.bz_10.1_72,orfm.bz_10.1_72,7,"[None, None, None, None, None]","[0.27, 0.26, 0.27, 0.27, 0.3]",model_5_seed_000,,0.26,1,1,1
/home/prichter/Documents/banfield/betazoid/data/genes/colabfold/bz_10/orfm.bz_10.1_73,orfm.bz_10.1_73,2,"[None, None, None, None, None]","[0.47, 0.48, 0.49, 0.48, 0.5]",model_4_seed_000,,0.48,1,1,1
/home/prichter/Documents/banfield/betazoid/data/genes/colabfold/bz_10/orfm.bz_10.1_74,orfm.bz_10.1_74,2,"[None, None, None, None, None]","[0.32, 0.3, 0.51, 0.5, 0.29]",model_1_seed_000,,0.51,1,1,1
/home/prichter/Documents/banfield/betazoid/data/genes/colabfold/bz_10/orfm.bz_10.1_75,orfm.bz_10.1_75,2,"[None, None, None, None, None]","[0.32, 0.34, 0.28, 0.31, 0.32]",model_1_seed_000,,0.34,1,1,1
/home/prichter/Documents/banfield/betazoid/data/genes/colabfold/bz_10/orfm.bz_10.1_77,orfm.bz_10.1_77,2,"[None, None, None, None, None]","[0.36, 0.31, 0.39, 0.28, 0.38]",model_2_seed_000,,0.39,1,1,1
/home/prichter/Documents/banfield/betazoid/data/genes/colabfold/bz_10/orfm.bz_10.1_78,orfm.bz_10.1_78,2,"[None, None, None, None, None]","[0.3, 0.34, 0.35, 0.35, 0.35]",model_5_seed_000,,0.35,1,1,1
/home/prichter/Documents/banfield/betazoid/data/genes/colabfold/bz_10/orfm.bz_10.1_79,orfm.bz_10.1_79,2,"[None, None, None, None, None]","[0.07, 0.07, 0.08, 0.07, 0.07]",model_1_seed_000,,0.08,1,1,1
/home/prichter/Documents/banfield/betazoid/data/genes/colabfold/bz_10/orfm.bz_10.1_81,orfm.bz_10.1_81,2,"[None, None, None, None, None]","[0.43, 0.44, 0.5, 0.51, 0.41]",model_3_seed_000,,0.51,1,1,1
/home/prichter/Documents/banfield/betazoid/data/genes/colabfold/bz_10/orfm.bz_10.1_83,orfm.bz_10.1_83,2,"[None, None, None, None, None]","[0.36, 0.17, 0.37, 0.22, 0.28]",model_3_seed_000,,0.37,1,1,1
/home/prichter/Documents/banfield/betazoid/data/genes/colabfold/bz_10/orfm.bz_10.1_84,orfm.bz_10.1_84,2,"[None, None, None, None, None]","[0.48, 0.48, 0.43, 0.49, 0.46]",model_5_seed_000,,0.48,1,1,1
/home/prichter/Documents/banfield/betazoid/data/genes/colabfold/bz_10/orfm.bz_10.1_85,orfm.bz_10.1_85,2,"[None, None, None, None, None]","[0.36, 0.33, 0.31, 0.33, 0.35]",model_1_seed_000,,0.36,1,1,1
/home/prichter/Documents/banfield/betazoid/data/genes/colabfold/bz_10/orfm.bz_10.1_86,orfm.bz_10.1_86,2,"[None, None, None, None, None]","[0.25, 0.3, 0.27, 0.33, 0.33]",model_1_seed_000,,0.33,1,1,1
/home/prichter/Documents/banfield/betazoid/data/genes/colabfold/bz_10/orfm.bz_10.1_88,orfm.bz_10.1_88,2,"[None, None, None, None, None]","[0.39, 0.44, 0.42, 0.47, 0.45]",model_5_seed_000,,0.47,1,1,1
/home/prichter/Documents/banfield/betazoid/data/genes/colabfold/bz_10/orfm.bz_10.1_90,orfm.bz_10.1_90,2,"[None, None, None, None, None]","[0.49, 0.57, 0.51, 0.51, 0.51]",model_5_seed_000,,0.57,1,1,1
/home/prichter/Documents/banfield/betazoid/data/genes/colabfold/bz_10/orfm.bz_10.1_91,orfm.bz_10.1_91,2,"[None, None, None, None, None]","[0.32, 0.3, 0.33, 0.35, 0.33]",model_5_seed_000,,0.35,1,1,1
/home/prichter/Documents/banfield/betazoid/data/genes/colabfold/bz_10/orfm.bz_10.1_92,orfm.bz_10.1_92,2,"[None, None, None, None, None]","[0.03, 0.04, 0.03, 0.03, 0.03]",model_3_seed_000,,0.03,1,1,1
/home/prichter/Documents/banfield/betazoid/data/genes/colabfold/bz_10/orfm.bz_10.1_93,orfm.bz_10.1_93,2,"[None, None, None, None, None]","[0.49, 0.46, 0.45, 0.47, 0.48]",model_5_seed_000,,0.48,1,1,1
/home/prichter/Documents/banfield/betazoid/data/genes/colabfold/bz_10/orfm.bz_10.1_94,orfm.bz_10.1_94,2,"[None, None, None, None, None]","[0.48, 0.48, 0.45, 0.47, 0.47]",model_5_seed_000,,0.48,1,1,1
/home/prichter/Documents/banfield/betazoid/data/genes/colabfold/bz_10/orfm.bz_10.1_95,orfm.bz_10.1_95,2,"[None, None, None, None, None]","[0.45, 0.43, 0.47, 0.16, 0.48]",model_5_seed_000,,0.48,1,1,1
/home/prichter/Documents/banfield/betazoid/data/genes/colabfold/bz_10/orfm.bz_10.1_96,orfm.bz_10.1_96,2,"[None, None, None, None, None]","[0.36, 0.34, 0.4, 0.34, 0.36]",model_5_seed_000,,0.4,1,1,1
/home/prichter/Documents/banfield/betazoid/data/genes/colabfold/bz_10/orfm.bz_10.1_97,orfm.bz_10.1_97,2,"[None, None, None, None, None]","[0.44, 0.47, 0.47, 0.48, 0.44]",model_5_seed_000,,0.48,1,1,1
/home/prichter/Documents/banfield/betazoid/data/genes/colabfold/bz_10/orfm.bz_10.1_99,orfm.bz_10.1_99,2,"[None, None, None, None, None]","[0.34, 0.36, 0.33, 0.33, 0.35]",model_5_seed_000,,0.36,1,1,1
/home/prichter/Documents/banfield/betazoid/data/genes/colabfold/bz_10/orfm.bz_10.1_101,orfm.bz_10.1_101,1430,"[None, None, None, None, None]","[0.89, 0.88, 0.88, 0.89, 0.88]",model_3_seed_000,,0.88,1,1,1
/home/prichter/Documents/banfield/betazoid/data/genes/colabfold/bz_10/orfm.bz_10.1_103,orfm.bz_10.1_103,2,"[None, None, None, None, None]","[0.17, 0.13, 0.16, 0.15, 0.13]",model_5_seed_000,,0.17,1,1,1
/home/prichter/Documents/banfield/betazoid/data/genes/colabfold/bz_10/orfm.bz_10.1_105,orfm.bz_10.1_105,2,"[None, None, None, None, None]","[0.42, 0.46, 0.38, 0.43, 0.37]",model_1_seed_000,,0.46,1,1,1
/home/prichter/Documents/banfield/betazoid/data/genes/colabfold/bz_10/orfm.bz_10.1_106,orfm.bz_10.1_106,2,"[None, None, None, None, None]","[0.4, 0.55, 0.57, 0.49, 0.55]",model_5_seed_000,,0.57,1,1,1
/home/prichter/Documents/banfield/betazoid/data/genes/colabfold/bz_10/orfm.bz_10.1_108,orfm.bz_10.1_108,2,"[None, None, None, None, None]","[0.05, 0.06, 0.05, 0.06, 0.06]",model_1_seed_000,,0.06,1,1,1
/home/prichter/Documents/banfield/betazoid/data/genes/colabfold/bz_10/orfm.bz_10.1_110,orfm.bz_10.1_110,2,"[None, None, None, None, None]","[0.21, 0.33, 0.25, 0.18, 0.19]",model_2_seed_000,,0.25,1,1,1
/home/prichter/Documents/banfield/betazoid/data/genes/colabfold/bz_10/orfm.bz_10.1_111,orfm.bz_10.1_111,2,"[None, None, None, None, None]","[0.43, 0.48, 0.48, 0.5, 0.47]",model_5_seed_000,,0.5,1,1,1
/home/prichter/Documents/banfield/betazoid/data/genes/colabfold/bz_10/orfm.bz_10.1_112,orfm.bz_10.1_112,2,"[None, None, None, None, None]","[0.45, 0.52, 0.52, 0.53, 0.45]",model_1_seed_000,,0.53,1,1,1
/home/prichter/Documents/banfield/betazoid/data/genes/colabfold/bz_10/orfm.bz_10.1_114,orfm.bz_10.1_114,2,"[None, None, None, None, None]","[0.32, 0.36, 0.34, 0.32, 0.38]",model_1_seed_000,,0.36,1,1,1
/home/prichter/Documents/banfield/betazoid/data/genes/colabfold/bz_10/orfm.bz_10.1_115,orfm.bz_10.1_115,10,"[None, None, None, None, None]","[0.68, 0.7, 0.68, 0.64, 0.62]",model_1_seed_000,,0.68,1,1,1
/home/prichter/Documents/banfield/betazoid/data/genes/colabfold/bz_10/orfm.bz_10.1_117,orfm.bz_10.1_117,2,"[None, None, None, None, None]","[0.25, 0.19, 0.16, 0.29, 0.19]",model_1_seed_000,,0.29,1,1,1
/home/prichter/Documents/banfield/betazoid/data/genes/colabfold/bz_10/orfm.bz_10.1_118,orfm.bz_10.1_118,2,"[None, None, None, None, None]","[0.27, 0.24, 0.25, 0.24, 0.23]",model_4_seed_000,,0.23,1,1,1
/home/prichter/Documents/banfield/betazoid/data/genes/colabfold/bz_10/orfm.bz_10.1_119,orfm.bz_10.1_119,2,"[None, None, None, None, None]","[0.33, 0.12, 0.28, 0.24, 0.2]",model_1_seed_000,,0.33,1,1,1
/home/prichter/Documents/banfield/betazoid/data/genes/colabfold/bz_10/orfm.bz_10.1_120,orfm.bz_10.1_120,2,"[None, None, None, None, None]","[0.23, 0.44, 0.4, 0.28, 0.21]",model_5_seed_000,,0.44,1,1,1
/home/prichter/Documents/banfield/betazoid/data/genes/colabfold/bz_10/orfm.bz_10.1_121,orfm.bz_10.1_121,2,"[None, None, None, None, None]","[0.5, 0.39, 0.55, 0.39, 0.53]",model_2_seed_000,,0.55,1,1,1
/home/prichter/Documents/banfield/betazoid/data/genes/colabfold/bz_10/orfm.bz_10.1_123,orfm.bz_10.1_123,2,"[None, None, None, None, None]","[0.36, 0.4, 0.43, 0.4, 0.34]",model_2_seed_000,,0.43,1,1,1
/home/prichter/Documents/banfield/betazoid/data/genes/colabfold/bz_10/orfm.bz_10.1_128,orfm.bz_10.1_128,2,"[None, None, None, None, None]","[0.55, 0.55, 0.54, 0.54, 0.55]",model_3_seed_000,,0.54,1,1,1
/home/prichter/Documents/banfield/betazoid/data/genes/colabfold/bz_10/orfm.bz_10.1_131,orfm.bz_10.1_131,2,"[None, None, None, None, None]","[0.04, 0.03, 0.03, 0.03, 0.03]",model_5_seed_000,,0.04,1,1,1
/home/prichter/Documents/banfield/betazoid/data/genes/colabfold/bz_10/orfm.bz_10.1_132,orfm.bz_10.1_132,2,"[None, None, None, None, None]","[0.13, 0.12, 0.14, 0.14, 0.12]",model_3_seed_000,,0.14,1,1,1
/home/prichter/Documents/banfield/betazoid/data/genes/colabfold/bz_10/orfm.bz_10.1_133,orfm.bz_10.1_133,2,"[None, None, None, None, None]","[0.35, 0.38, 0.3, 0.34, 0.35]",model_3_seed_000,,0.35,1,1,1
/home/prichter/Documents/banfield/betazoid/data/genes/colabfold/bz_10/orfm.bz_10.1_134,orfm.bz_10.1_134,877,"[None, None, None, None, None]","[0.56, 0.55, 0.51, 0.48, 0.52]",model_3_seed_000,,0.55,1,1,1
/home/prichter/Documents/banfield/betazoid/data/genes/colabfold/bz_10/orfm.bz_10.1_137,orfm.bz_10.1_137,2,"[None, None, None, None, None]","[0.32, 0.3, 0.31, 0.29, 0.29]",model_2_seed_000,,0.32,1,1,1
/home/prichter/Documents/banfield/betazoid/data/genes/colabfold/bz_10/orfm.bz_10.1_138,orfm.bz_10.1_138,2,"[None, None, None, None, None]","[0.36, 0.32, 0.33, 0.34, 0.33]",model_5_seed_000,,0.36,1,1,1
/home/prichter/Documents/banfield/betazoid/data/genes/colabfold/bz_10/orfm.bz_10.1_140,orfm.bz_10.1_140,2,"[None, None, None, None, None]","[0.11, 0.16, 0.16, 0.18, 0.08]",model_5_seed_000,,0.18,1,1,1
/home/prichter/Documents/banfield/betazoid/data/genes/colabfold/bz_10/orfm.bz_10.1_141,orfm.bz_10.1_141,2,"[None, None, None, None, None]","[0.43, 0.38, 0.44, 0.43, 0.42]",model_3_seed_000,,0.43,1,1,1
/home/prichter/Documents/banfield/betazoid/data/genes/colabfold/bz_10/orfm.bz_10.1_143,orfm.bz_10.1_143,2,"[None, None, None, None, None]","[0.37, 0.39, 0.4, 0.36, 0.38]",model_5_seed_000,,0.4,1,1,1
/home/prichter/Documents/banfield/betazoid/data/genes/colabfold/bz_10/orfm.bz_10.1_144,orfm.bz_10.1_144,2,"[None, None, None, None, None]","[0.09, 0.07, 0.15, 0.1, 0.07]",model_4_seed_000,,0.15,1,1,1
/home/prichter/Documents/banfield/betazoid/data/genes/colabfold/bz_10/orfm.bz_10.1_145,orfm.bz_10.1_145,2,"[None, None, None, None, None]","[0.18, 0.17, 0.18, 0.18, 0.11]",model_5_seed_000,,0.18,1,1,1
/home/prichter/Documents/banfield/betazoid/data/genes/colabfold/bz_10/orfm.bz_10.1_146,orfm.bz_10.1_146,2,"[None, None, None, None, None]","[0.39, 0.39, 0.4, 0.36, 0.38]",model_2_seed_000,,0.39,1,1,1
/home/prichter/Documents/banfield/betazoid/data/genes/colabfold/bz_10/orfm.bz_10.1_147,orfm.bz_10.1_147,2,"[None, None, None, None, None]","[0.04, 0.04, 0.04, 0.04, 0.04]",model_4_seed_000,,0.04,1,1,1
/home/prichter/Documents/banfield/betazoid/data/genes/colabfold/bz_10/orfm.bz_10.1_148,orfm.bz_10.1_148,2,"[None, None, None, None, None]","[0.02, 0.02, 0.03, 0.03, 0.03]",model_3_seed_000,,0.03,1,1,1
/home/prichter/Documents/banfield/betazoid/data/genes/colabfold/bz_10/orfm.bz_10.1_149,orfm.bz_10.1_149,2,"[None, None, None, None, None]","[0.29, 0.28, 0.17, 0.31, 0.28]",model_3_seed_000,,0.28,1,1,1
/home/prichter/Documents/banfield/betazoid/data/genes/colabfold/bz_10/orfm.bz_10.1_150,orfm.bz_10.1_150,2,"[None, None, None, None, None]","[0.17, 0.16, 0.13, 0.24, 0.16]",model_2_seed_000,,0.13,1,1,1
/home/prichter/Documents/banfield/betazoid/data/genes/colabfold/bz_10/orfm.bz_10.1_151,orfm.bz_10.1_151,51,"[None, None, None, None, None]","[0.71, 0.74, 0.69, 0.75, 0.77]",model_2_seed_000,,0.77,1,1,1
/home/prichter/Documents/banfield/betazoid/data/genes/colabfold/bz_10/orfm.bz_10.1_152,orfm.bz_10.1_152,2,"[None, None, None, None, None]","[0.22, 0.24, 0.23, 0.22, 0.21]",model_3_seed_000,,0.21,1,1,1
/home/prichter/Documents/banfield/betazoid/data/genes/colabfold/bz_10/orfm.bz_10.1_153,orfm.bz_10.1_153,2,"[None, None, None, None, None]","[0.35, 0.26, 0.34, 0.34, 0.34]",model_5_seed_000,,0.34,1,1,1
/home/prichter/Documents/banfield/betazoid/data/genes/colabfold/bz_10/orfm.bz_10.1_154,orfm.bz_10.1_154,2,"[None, None, None, None, None]","[0.49, 0.46, 0.45, 0.46, 0.47]",model_3_seed_000,,0.46,1,1,1
/home/prichter/Documents/banfield/betazoid/data/genes/colabfold/bz_10/orfm.bz_10.1_155,orfm.bz_10.1_155,2,"[None, None, None, None, None]","[0.33, 0.33, 0.31, 0.35, 0.31]",model_5_seed_000,,0.33,1,1,1
/home/prichter/Documents/banfield/betazoid/data/genes/colabfold/bz_10/orfm.bz_10.1_156,orfm.bz_10.1_156,2,"[None, None, None, None, None]","[0.29, 0.23, 0.31, 0.28, 0.25]",model_1_seed_000,,0.29,1,1,1
/home/prichter/Documents/banfield/betazoid/data/genes/colabfold/bz_10/orfm.bz_10.1_157,orfm.bz_10.1_157,2,"[None, None, None, None, None]","[0.18, 0.19, 0.18, 0.14, 0.18]",model_1_seed_000,,0.18,1,1,1
/home/prichter/Documents/banfield/betazoid/data/genes/colabfold/bz_10/orfm.bz_10.1_158,orfm.bz_10.1_158,1279,"[None, None, None, None, None]","[0.52, 0.47, 0.57, 0.57, 0.57]",model_1_seed_000,,0.57,1,1,1
/home/prichter/Documents/banfield/betazoid/data/genes/colabfold/bz_10/orfm.bz_10.1_159,orfm.bz_10.1_159,2,"[None, None, None, None, None]","[0.07, 0.12, 0.11, 0.11, 0.07]",model_1_seed_000,,0.12,1,1,1
/home/prichter/Documents/banfield/betazoid/data/genes/colabfold/bz_10/orfm.bz_10.1_160,orfm.bz_10.1_160,2,"[None, None, None, None, None]","[0.2, 0.23, 0.23, 0.2, 0.24]",model_4_seed_000,,0.2,1,1,1
/home/prichter/Documents/banfield/betazoid/data/genes/colabfold/bz_10/orfm.bz_10.1_161,orfm.bz_10.1_161,2,"[None, None, None, None, None]","[0.3, 0.31, 0.29, 0.27, 0.29]",model_2_seed_000,,0.29,1,1,1
/home/prichter/Documents/banfield/betazoid/data/genes/colabfold/bz_10/orfm.bz_10.1_162,orfm.bz_10.1_162,2,"[None, None, None, None, None]","[0.16, 0.21, 0.22, 0.17, 0.17]",model_5_seed_000,,0.21,1,1,1
/home/prichter/Documents/banfield/betazoid/data/genes/colabfold/bz_10/orfm.bz_10.1_163,orfm.bz_10.1_163,2,"[None, None, None, None, None]","[0.39, 0.41, 0.39, 0.4, 0.36]",model_5_seed_000,,0.39,1,1,1
/home/prichter/Documents/banfield/betazoid/data/genes/colabfold/bz_10/orfm.bz_10.1_164,orfm.bz_10.1_164,2,"[None, None, None, None, None]","[0.14, 0.13, 0.11, 0.12, 0.15]",model_2_seed_000,,0.13,1,1,1
/home/prichter/Documents/banfield/betazoid/data/genes/colabfold/bz_10/orfm.bz_10.1_165,orfm.bz_10.1_165,2,"[None, None, None, None, None]","[0.19, 0.28, 0.33, 0.35, 0.34]",model_4_seed_000,,0.35,1,1,1
/home/prichter/Documents/banfield/betazoid/data/genes/colabfold/bz_10/orfm.bz_10.1_167,orfm.bz_10.1_167,2,"[None, None, None, None, None]","[0.39, 0.43, 0.36, 0.41, 0.44]",model_5_seed_000,,0.43,1,1,1
/home/prichter/Documents/banfield/betazoid/data/genes/colabfold/bz_10/orfm.bz_10.1_168,orfm.bz_10.1_168,2,"[None, None, None, None, None]","[0.22, 0.25, 0.22, 0.19, 0.19]",model_5_seed_000,,0.22,1,1,1
/home/prichter/Documents/banfield/betazoid/data/genes/colabfold/bz_10/orfm.bz_10.1_170,orfm.bz_10.1_170,2,"[None, None, None, None, None]","[0.22, 0.19, 0.32, 0.39, 0.28]",model_3_seed_000,,0.39,1,1,1
/home/prichter/Documents/banfield/betazoid/data/genes/colabfold/bz_10/orfm.bz_10.1_171,orfm.bz_10.1_171,2,"[None, None, None, None, None]","[0.43, 0.2, 0.27, 0.18, 0.19]",model_2_seed_000,,0.43,1,1,1
/home/prichter/Documents/banfield/betazoid/data/genes/colabfold/bz_10/orfm.bz_10.1_172,orfm.bz_10.1_172,2,"[None, None, None, None, None]","[0.24, 0.27, 0.23, 0.24, 0.26]",model_3_seed_000,,0.24,1,1,1
/home/prichter/Documents/banfield/betazoid/data/genes/colabfold/bz_10/orfm.bz_10.1_174,orfm.bz_10.1_174,2,"[None, None, None, None, None]","[0.52, 0.51, 0.53, 0.49, 0.5]",model_3_seed_000,,0.53,1,1,1
/home/prichter/Documents/banfield/betazoid/data/genes/colabfold/bz_10/orfm.bz_10.1_176,orfm.bz_10.1_176,2,"[None, None, None, None, None]","[0.23, 0.22, 0.21, 0.18, 0.21]",model_3_seed_000,,0.22,1,1,1
/home/prichter/Documents/banfield/betazoid/data/genes/colabfold/bz_10/orfm.bz_10.1_180,orfm.bz_10.1_180,2,"[None, None, None, None, None]","[0.34, 0.38, 0.35, 0.33, 0.34]",model_1_seed_000,,0.38,1,1,1
/home/prichter/Documents/banfield/betazoid/data/genes/colabfold/bz_11/orfm.bz_11.1_1,orfm.bz_11.1_1,2,"[None, None, None, None, None]","[0.31, 0.27, 0.3, 0.3, 0.24]",model_4_seed_000,,0.27,1,1,1
/home/prichter/Documents/banfield/betazoid/data/genes/colabfold/bz_11/orfm.bz_11.1_2,orfm.bz_11.1_2,2,"[None, None, None, None, None]","[0.02, 0.02, 0.02, 0.03, 0.03]",model_1_seed_000,,0.03,1,1,1
/home/prichter/Documents/banfield/betazoid/data/genes/colabfold/bz_11/orfm.bz_11.1_3,orfm.bz_11.1_3,2,"[None, None, None, None, None]","[0.04, 0.04, 0.04, 0.05, 0.05]",model_4_seed_000,,0.05,1,1,1
/home/prichter/Documents/banfield/betazoid/data/genes/colabfold/bz_11/orfm.bz_11.1_4,orfm.bz_11.1_4,2,"[None, None, None, None, None]","[0.49, 0.52, 0.45, 0.55, 0.5]",model_4_seed_000,,0.55,1,1,1
/home/prichter/Documents/banfield/betazoid/data/genes/colabfold/bz_11/orfm.bz_11.1_6,orfm.bz_11.1_6,2,"[None, None, None, None, None]","[0.33, 0.32, 0.36, 0.33, 0.39]",model_4_seed_000,,0.39,1,1,1
/home/prichter/Documents/banfield/betazoid/data/genes/colabfold/bz_11/orfm.bz_11.1_7,orfm.bz_11.1_7,2,"[None, None, None, None, None]","[0.15, 0.17, 0.21, 0.14, 0.16]",model_3_seed_000,,0.21,1,1,1
/home/prichter/Documents/banfield/betazoid/data/genes/colabfold/bz_11/orfm.bz_11.1_8,orfm.bz_11.1_8,2,"[None, None, None, None, None]","[0.32, 0.37, 0.35, 0.36, 0.33]",model_5_seed_000,,0.36,1,1,1
/home/prichter/Documents/banfield/betazoid/data/genes/colabfold/bz_11/orfm.bz_11.1_9,orfm.bz_11.1_9,2,"[None, None, None, None, None]","[0.34, 0.34, 0.38, 0.39, 0.38]",model_1_seed_000,,0.39,1,1,1
/home/prichter/Documents/banfield/betazoid/data/genes/colabfold/bz_11/orfm.bz_11.1_10,orfm.bz_11.1_10,2,"[None, None, None, None, None]","[0.34, 0.35, 0.35, 0.35, 0.36]",model_3_seed_000,,0.35,1,1,1
/home/prichter/Documents/banfield/betazoid/data/genes/colabfold/bz_11/orfm.bz_11.1_11,orfm.bz_11.1_11,2,"[None, None, None, None, None]","[0.35, 0.16, 0.22, 0.23, 0.3]",model_4_seed_000,,0.35,1,1,1
/home/prichter/Documents/banfield/betazoid/data/genes/colabfold/bz_11/orfm.bz_11.1_13,orfm.bz_11.1_13,2,"[None, None, None, None, None]","[0.13, 0.11, 0.1, 0.26, 0.12]",model_5_seed_000,,0.26,1,1,1
/home/prichter/Documents/banfield/betazoid/data/genes/colabfold/bz_11/orfm.bz_11.1_14,orfm.bz_11.1_14,2,"[None, None, None, None, None]","[0.14, 0.16, 0.14, 0.14, 0.16]",model_5_seed_000,,0.16,1,1,1
/home/prichter/Documents/banfield/betazoid/data/genes/colabfold/bz_11/orfm.bz_11.1_16,orfm.bz_11.1_16,9,"[None, None, None, None, None]","[0.35, 0.41, 0.45, 0.41, 0.4]",model_3_seed_000,,0.41,1,1,1
/home/prichter/Documents/banfield/betazoid/data/genes/colabfold/bz_11/orfm.bz_11.1_19,orfm.bz_11.1_19,2,"[None, None, None, None, None]","[0.05, 0.04, 0.04, 0.04, 0.04]",model_5_seed_000,,0.05,1,1,1
/home/prichter/Documents/banfield/betazoid/data/genes/colabfold/bz_11/orfm.bz_11.1_20,orfm.bz_11.1_20,2,"[None, None, None, None, None]","[0.46, 0.42, 0.44, 0.41, 0.46]",model_5_seed_000,,0.44,1,1,1
/home/prichter/Documents/banfield/betazoid/data/genes/colabfold/bz_11/orfm.bz_11.1_21,orfm.bz_11.1_21,2,"[None, None, None, None, None]","[0.36, 0.33, 0.2, 0.37, 0.3]",model_3_seed_000,,0.37,1,1,1
/home/prichter/Documents/banfield/betazoid/data/genes/colabfold/bz_11/orfm.bz_11.1_23,orfm.bz_11.1_23,17,"[None, None, None, None, None]","[0.84, 0.84, 0.84, 0.83, 0.83]",model_3_seed_000,,0.84,1,1,1
/home/prichter/Documents/banfield/betazoid/data/genes/colabfold/bz_11/orfm.bz_11.1_24,orfm.bz_11.1_24,2,"[None, None, None, None, None]","[0.29, 0.29, 0.31, 0.3, 0.32]",model_1_seed_000,,0.32,1,1,1
/home/prichter/Documents/banfield/betazoid/data/genes/colabfold/bz_11/orfm.bz_11.1_26,orfm.bz_11.1_26,2,"[None, None, None, None, None]","[0.27, 0.31, 0.3, 0.3, 0.26]",model_4_seed_000,,0.27,1,1,1
/home/prichter/Documents/banfield/betazoid/data/genes/colabfold/bz_11/orfm.bz_11.1_27,orfm.bz_11.1_27,2,"[None, None, None, None, None]","[0.35, 0.32, 0.36, 0.34, 0.37]",model_5_seed_000,,0.37,1,1,1
/home/prichter/Documents/banfield/betazoid/data/genes/colabfold/bz_11/orfm.bz_11.1_28,orfm.bz_11.1_28,2,"[None, None, None, None, None]","[0.35, 0.3, 0.31, 0.27, 0.27]",model_1_seed_000,,0.35,1,1,1
/home/prichter/Documents/banfield/betazoid/data/genes/colabfold/bz_11/orfm.bz_11.1_29,orfm.bz_11.1_29,2,"[None, None, None, None, None]","[0.4, 0.39, 0.45, 0.45, 0.47]",model_5_seed_000,,0.45,1,1,1
/home/prichter/Documents/banfield/betazoid/data/genes/colabfold/bz_11/orfm.bz_11.1_30,orfm.bz_11.1_30,29,"[None, None, None, None, None]","[0.69, 0.69, 0.7, 0.7, 0.7]",model_3_seed_000,,0.7,1,1,1
/home/prichter/Documents/banfield/betazoid/data/genes/colabfold/bz_11/orfm.bz_11.1_32,orfm.bz_11.1_32,2,"[None, None, None, None, None]","[0.27, 0.25, 0.27, 0.29, 0.26]",model_3_seed_000,,0.26,1,1,1
/home/prichter/Documents/banfield/betazoid/data/genes/colabfold/bz_11/orfm.bz_11.1_33,orfm.bz_11.1_33,2,"[None, None, None, None, None]","[0.33, 0.34, 0.35, 0.34, 0.35]",model_5_seed_000,,0.35,1,1,1
/home/prichter/Documents/banfield/betazoid/data/genes/colabfold/bz_11/orfm.bz_11.1_34,orfm.bz_11.1_34,2,"[None, None, None, None, None]","[0.41, 0.38, 0.44, 0.45, 0.49]",model_2_seed_000,,0.49,1,1,1
/home/prichter/Documents/banfield/betazoid/data/genes/colabfold/bz_11/orfm.bz_11.1_36,orfm.bz_11.1_36,2,"[None, None, None, None, None]","[0.33, 0.39, 0.4, 0.38, 0.36]",model_1_seed_000,,0.39,1,1,1
/home/prichter/Documents/banfield/betazoid/data/genes/colabfold/bz_11/orfm.bz_11.1_38,orfm.bz_11.1_38,2,"[None, None, None, None, None]","[0.48, 0.47, 0.49, 0.49, 0.47]",model_3_seed_000,,0.47,1,1,1
/home/prichter/Documents/banfield/betazoid/data/genes/colabfold/bz_11/orfm.bz_11.1_39,orfm.bz_11.1_39,5,"[None, None, None, None, None]","[0.23, 0.23, 0.23, 0.23, 0.26]",model_3_seed_000,,0.23,1,1,1
/home/prichter/Documents/banfield/betazoid/data/genes/colabfold/bz_11/orfm.bz_11.1_42,orfm.bz_11.1_42,2,"[None, None, None, None, None]","[0.27, 0.27, 0.26, 0.27, 0.32]",model_1_seed_000,,0.32,1,1,1
/home/prichter/Documents/banfield/betazoid/data/genes/colabfold/bz_11/orfm.bz_11.1_43,orfm.bz_11.1_43,4,"[None, None, None, None, None]","[0.38, 0.29, 0.28, 0.27, 0.31]",model_3_seed_000,,0.38,1,1,1
/home/prichter/Documents/banfield/betazoid/data/genes/colabfold/bz_11/orfm.bz_11.1_44,orfm.bz_11.1_44,2,"[None, None, None, None, None]","[0.17, 0.14, 0.18, 0.16, 0.28]",model_1_seed_000,,0.28,1,1,1
/home/prichter/Documents/banfield/betazoid/data/genes/colabfold/bz_11/orfm.bz_11.1_45,orfm.bz_11.1_45,2,"[None, None, None, None, None]","[0.32, 0.38, 0.32, 0.25, 0.38]",model_3_seed_000,,0.38,1,1,1
/home/prichter/Documents/banfield/betazoid/data/genes/colabfold/bz_11/orfm.bz_11.1_46,orfm.bz_11.1_46,2,"[None, None, None, None, None]","[0.52, 0.52, 0.52, 0.52, 0.52]",model_3_seed_000,,0.52,1,1,1
/home/prichter/Documents/banfield/betazoid/data/genes/colabfold/bz_11/orfm.bz_11.1_47,orfm.bz_11.1_47,2,"[None, None, None, None, None]","[0.04, 0.04, 0.04, 0.04, 0.04]",model_5_seed_000,,0.04,1,1,1
/home/prichter/Documents/banfield/betazoid/data/genes/colabfold/bz_11/orfm.bz_11.1_49,orfm.bz_11.1_49,2,"[None, None, None, None, None]","[0.3, 0.36, 0.25, 0.34, 0.29]",model_4_seed_000,,0.36,1,1,1
/home/prichter/Documents/banfield/betazoid/data/genes/colabfold/bz_11/orfm.bz_11.1_50,orfm.bz_11.1_50,2,"[None, None, None, None, None]","[0.37, 0.41, 0.39, 0.42, 0.4]",model_5_seed_000,,0.42,1,1,1
/home/prichter/Documents/banfield/betazoid/data/genes/colabfold/bz_11/orfm.bz_11.1_51,orfm.bz_11.1_51,2,"[None, None, None, None, None]","[0.46, 0.49, 0.44, 0.49, 0.48]",model_5_seed_000,,0.48,1,1,1
/home/prichter/Documents/banfield/betazoid/data/genes/colabfold/bz_11/orfm.bz_11.1_52,orfm.bz_11.1_52,2,"[None, None, None, None, None]","[0.38, 0.35, 0.37, 0.39, 0.4]",model_5_seed_000,,0.39,1,1,1
/home/prichter/Documents/banfield/betazoid/data/genes/colabfold/bz_11/orfm.bz_11.1_53,orfm.bz_11.1_53,2,"[None, None, None, None, None]","[0.32, 0.35, 0.37, 0.35, 0.31]",model_3_seed_000,,0.37,1,1,1
/home/prichter/Documents/banfield/betazoid/data/genes/colabfold/bz_11/orfm.bz_11.1_54,orfm.bz_11.1_54,2,"[None, None, None, None, None]","[0.43, 0.48, 0.43, 0.46, 0.35]",model_5_seed_000,,0.48,1,1,1
/home/prichter/Documents/banfield/betazoid/data/genes/colabfold/bz_11/orfm.bz_11.1_55,orfm.bz_11.1_55,2,"[None, None, None, None, None]","[0.28, 0.26, 0.28, 0.29, 0.14]",model_5_seed_000,,0.26,1,1,1
/home/prichter/Documents/banfield/betazoid/data/genes/colabfold/bz_11/orfm.bz_11.1_56,orfm.bz_11.1_56,3,"[None, None, None, None, None]","[0.32, 0.33, 0.31, 0.37, 0.35]",model_2_seed_000,,0.37,1,1,1
/home/prichter/Documents/banfield/betazoid/data/genes/colabfold/bz_11/orfm.bz_11.1_57,orfm.bz_11.1_57,2,"[None, None, None, None, None]","[0.49, 0.47, 0.49, 0.46, 0.48]",model_5_seed_000,,0.49,1,1,1
/home/prichter/Documents/banfield/betazoid/data/genes/colabfold/bz_11/orfm.bz_11.1_58,orfm.bz_11.1_58,2,"[None, None, None, None, None]","[0.37, 0.44, 0.39, 0.36, 0.42]",model_2_seed_000,,0.44,1,1,1
/home/prichter/Documents/banfield/betazoid/data/genes/colabfold/bz_11/orfm.bz_11.1_60,orfm.bz_11.1_60,2,"[None, None, None, None, None]","[0.5, 0.54, 0.46, 0.41, 0.49]",model_5_seed_000,,0.54,1,1,1
/home/prichter/Documents/banfield/betazoid/data/genes/colabfold/bz_11/orfm.bz_11.1_63,orfm.bz_11.1_63,2,"[None, None, None, None, None]","[0.3, 0.31, 0.3, 0.32, 0.34]",model_3_seed_000,,0.3,1,1,1
/home/prichter/Documents/banfield/betazoid/data/genes/colabfold/bz_11/orfm.bz_11.1_64,orfm.bz_11.1_64,2,"[None, None, None, None, None]","[0.2, 0.17, 0.17, 0.2, 0.21]",model_3_seed_000,,0.2,1,1,1
/home/prichter/Documents/banfield/betazoid/data/genes/colabfold/bz_11/orfm.bz_11.1_65,orfm.bz_11.1_65,2,"[None, None, None, None, None]","[0.4, 0.36, 0.41, 0.37, 0.35]",model_5_seed_000,,0.36,1,1,1
/home/prichter/Documents/banfield/betazoid/data/genes/colabfold/bz_11/orfm.bz_11.1_67,orfm.bz_11.1_67,4,"[None, None, None, None, None]","[0.49, 0.43, 0.38, 0.45, 0.41]",model_5_seed_000,,0.49,1,1,1
/home/prichter/Documents/banfield/betazoid/data/genes/colabfold/bz_11/orfm.bz_11.1_68,orfm.bz_11.1_68,2,"[None, None, None, None, None]","[0.44, 0.42, 0.46, 0.4, 0.44]",model_5_seed_000,,0.46,1,1,1
/home/prichter/Documents/banfield/betazoid/data/genes/colabfold/bz_11/orfm.bz_11.1_69,orfm.bz_11.1_69,2,"[None, None, None, None, None]","[0.48, 0.51, 0.47, 0.49, 0.42]",model_5_seed_000,,0.49,1,1,1
/home/prichter/Documents/banfield/betazoid/data/genes/colabfold/bz_11/orfm.bz_11.1_70,orfm.bz_11.1_70,2,"[None, None, None, None, None]","[0.35, 0.35, 0.41, 0.37, 0.35]",model_2_seed_000,,0.41,1,1,1
/home/prichter/Documents/banfield/betazoid/data/genes/colabfold/bz_11/orfm.bz_11.1_74,orfm.bz_11.1_74,2,"[None, None, None, None, None]","[0.3, 0.34, 0.34, 0.37, 0.27]",model_2_seed_000,,0.37,1,1,1
/home/prichter/Documents/banfield/betazoid/data/genes/colabfold/bz_11/orfm.bz_11.1_75,orfm.bz_11.1_75,2,"[None, None, None, None, None]","[0.36, 0.37, 0.32, 0.34, 0.35]",model_5_seed_000,,0.36,1,1,1
/home/prichter/Documents/banfield/betazoid/data/genes/colabfold/bz_11/orfm.bz_11.1_76,orfm.bz_11.1_76,2,"[None, None, None, None, None]","[0.43, 0.29, 0.3, 0.33, 0.16]",model_2_seed_000,,0.43,1,1,1
/home/prichter/Documents/banfield/betazoid/data/genes/colabfold/bz_11/orfm.bz_11.1_79,orfm.bz_11.1_79,2,"[None, None, None, None, None]","[0.56, 0.54, 0.49, 0.54, 0.46]",model_5_seed_000,,0.56,1,1,1
/home/prichter/Documents/banfield/betazoid/data/genes/colabfold/bz_11/orfm.bz_11.1_81,orfm.bz_11.1_81,2,"[None, None, None, None, None]","[0.45, 0.46, 0.44, 0.43, 0.4]",model_3_seed_000,,0.4,1,1,1
/home/prichter/Documents/banfield/betazoid/data/genes/colabfold/bz_11/orfm.bz_11.1_82,orfm.bz_11.1_82,4258,"[None, None, None, None, None]","[0.34, 0.36, 0.39, 0.39, 0.34]",model_4_seed_000,,0.36,1,1,1
/home/prichter/Documents/banfield/betazoid/data/genes/colabfold/bz_11/orfm.bz_11.1_83,orfm.bz_11.1_83,2,"[None, None, None, None, None]","[0.4, 0.39, 0.43, 0.4, 0.41]",model_5_seed_000,,0.43,1,1,1
/home/prichter/Documents/banfield/betazoid/data/genes/colabfold/bz_11/orfm.bz_11.1_84,orfm.bz_11.1_84,2,"[None, None, None, None, None]","[0.04, 0.03, 0.03, 0.04, 0.04]",model_3_seed_000,,0.04,1,1,1
/home/prichter/Documents/banfield/betazoid/data/genes/colabfold/bz_11/orfm.bz_11.1_85,orfm.bz_11.1_85,8,"[None, None, None, None, None]","[0.36, 0.36, 0.33, 0.36, 0.34]",model_5_seed_000,,0.36,1,1,1
/home/prichter/Documents/banfield/betazoid/data/genes/colabfold/bz_11/orfm.bz_11.1_86,orfm.bz_11.1_86,2,"[None, None, None, None, None]","[0.19, 0.2, 0.17, 0.19, 0.16]",model_1_seed_000,,0.19,1,1,1
/home/prichter/Documents/banfield/betazoid/data/genes/colabfold/bz_11/orfm.bz_11.1_88,orfm.bz_11.1_88,2,"[None, None, None, None, None]","[0.37, 0.4, 0.41, 0.38, 0.34]",model_5_seed_000,,0.4,1,1,1
/home/prichter/Documents/banfield/betazoid/data/genes/colabfold/bz_11/orfm.bz_11.1_89,orfm.bz_11.1_89,2,"[None, None, None, None, None]","[0.28, 0.29, 0.55, 0.33, 0.3]",model_2_seed_000,,0.55,1,1,1
/home/prichter/Documents/banfield/betazoid/data/genes/colabfold/bz_11/orfm.bz_11.1_90,orfm.bz_11.1_90,2,"[None, None, None, None, None]","[0.29, 0.32, 0.29, 0.28, 0.3]",model_5_seed_000,,0.32,1,1,1
/home/prichter/Documents/banfield/betazoid/data/genes/colabfold/bz_11/orfm.bz_11.1_91,orfm.bz_11.1_91,2,"[None, None, None, None, None]","[0.24, 0.26, 0.32, 0.29, 0.3]",model_3_seed_000,,0.32,1,1,1
/home/prichter/Documents/banfield/betazoid/data/genes/colabfold/bz_11/orfm.bz_11.1_92,orfm.bz_11.1_92,2,"[None, None, None, None, None]","[0.38, 0.27, 0.31, 0.34, 0.37]",model_1_seed_000,,0.38,1,1,1
/home/prichter/Documents/banfield/betazoid/data/genes/colabfold/bz_11/orfm.bz_11.1_93,orfm.bz_11.1_93,2,"[None, None, None, None, None]","[0.05, 0.05, 0.05, 0.05, 0.05]",model_4_seed_000,,0.05,1,1,1
/home/prichter/Documents/banfield/betazoid/data/genes/colabfold/bz_11/orfm.bz_11.1_94,orfm.bz_11.1_94,2,"[None, None, None, None, None]","[0.29, 0.28, 0.27, 0.29, 0.27]",model_5_seed_000,,0.29,1,1,1
/home/prichter/Documents/banfield/betazoid/data/genes/colabfold/bz_11/orfm.bz_11.1_95,orfm.bz_11.1_95,2,"[None, None, None, None, None]","[0.2, 0.31, 0.26, 0.29, 0.27]",model_1_seed_000,,0.31,1,1,1
/home/prichter/Documents/banfield/betazoid/data/genes/colabfold/bz_11/orfm.bz_11.1_96,orfm.bz_11.1_96,2,"[None, None, None, None, None]","[0.16, 0.14, 0.14, 0.15, 0.13]",model_5_seed_000,,0.14,1,1,1
/home/prichter/Documents/banfield/betazoid/data/genes/colabfold/bz_11/orfm.bz_11.1_98,orfm.bz_11.1_98,2,"[None, None, None, None, None]","[0.2, 0.19, 0.19, 0.14, 0.22]",model_2_seed_000,,0.22,1,1,1
/home/prichter/Documents/banfield/betazoid/data/genes/colabfold/bz_11/orfm.bz_11.1_99,orfm.bz_11.1_99,2,"[None, None, None, None, None]","[0.04, 0.03, 0.03, 0.04, 0.03]",model_1_seed_000,,0.04,1,1,1
/home/prichter/Documents/banfield/betazoid/data/genes/colabfold/bz_11/orfm.bz_11.1_100,orfm.bz_11.1_100,2,"[None, None, None, None, None]","[0.1, 0.08, 0.09, 0.09, 0.12]",model_5_seed_000,,0.12,1,1,1
/home/prichter/Documents/banfield/betazoid/data/genes/colabfold/bz_11/orfm.bz_11.1_101,orfm.bz_11.1_101,2,"[None, None, None, None, None]","[0.17, 0.16, 0.14, 0.15, 0.17]",model_4_seed_000,,0.17,1,1,1
/home/prichter/Documents/banfield/betazoid/data/genes/colabfold/bz_11/orfm.bz_11.1_103,orfm.bz_11.1_103,2,"[None, None, None, None, None]","[0.44, 0.43, 0.42, 0.44, 0.44]",model_5_seed_000,,0.44,1,1,1
/home/prichter/Documents/banfield/betazoid/data/genes/colabfold/bz_11/orfm.bz_11.1_104,orfm.bz_11.1_104,2,"[None, None, None, None, None]","[0.27, 0.4, 0.42, 0.4, 0.34]",model_4_seed_000,,0.4,1,1,1
/home/prichter/Documents/banfield/betazoid/data/genes/colabfold/bz_11/orfm.bz_11.1_105,orfm.bz_11.1_105,2,"[None, None, None, None, None]","[0.24, 0.24, 0.24, 0.27, 0.3]",model_1_seed_000,,0.27,1,1,1
/home/prichter/Documents/banfield/betazoid/data/genes/colabfold/bz_11/orfm.bz_11.1_106,orfm.bz_11.1_106,2,"[None, None, None, None, None]","[0.42, 0.41, 0.43, 0.43, 0.39]",model_5_seed_000,,0.43,1,1,1
/home/prichter/Documents/banfield/betazoid/data/genes/colabfold/bz_11/orfm.bz_11.1_107,orfm.bz_11.1_107,2,"[None, None, None, None, None]","[0.26, 0.25, 0.31, 0.29, 0.28]",model_2_seed_000,,0.31,1,1,1
/home/prichter/Documents/banfield/betazoid/data/genes/colabfold/bz_11/orfm.bz_11.1_108,orfm.bz_11.1_108,122,"[None, None, None, None, None]","[0.32, 0.39, 0.39, 0.31, 0.4]",model_4_seed_000,,0.39,1,1,1
/home/prichter/Documents/banfield/betazoid/data/genes/colabfold/bz_11/orfm.bz_11.1_109,orfm.bz_11.1_109,2,"[None, None, None, None, None]","[0.2, 0.22, 0.2, 0.2, 0.2]",model_5_seed_000,,0.22,1,1,1
/home/prichter/Documents/banfield/betazoid/data/genes/colabfold/bz_11/orfm.bz_11.1_111,orfm.bz_11.1_111,2,"[None, None, None, None, None]","[0.37, 0.4, 0.41, 0.41, 0.41]",model_5_seed_000,,0.41,1,1,1
/home/prichter/Documents/banfield/betazoid/data/genes/colabfold/bz_11/orfm.bz_11.1_112,orfm.bz_11.1_112,2,"[None, None, None, None, None]","[0.31, 0.25, 0.18, 0.29, 0.28]",model_5_seed_000,,0.28,1,1,1
/home/prichter/Documents/banfield/betazoid/data/genes/colabfold/bz_11/orfm.bz_11.1_113,orfm.bz_11.1_113,2,"[None, None, None, None, None]","[0.27, 0.37, 0.34, 0.3, 0.33]",model_4_seed_000,,0.33,1,1,1
/home/prichter/Documents/banfield/betazoid/data/genes/colabfold/bz_11/orfm.bz_11.1_114,orfm.bz_11.1_114,2,"[None, None, None, None, None]","[0.28, 0.19, 0.25, 0.24, 0.27]",model_1_seed_000,,0.28,1,1,1
/home/prichter/Documents/banfield/betazoid/data/genes/colabfold/bz_11/orfm.bz_11.1_116,orfm.bz_11.1_116,2,"[None, None, None, None, None]","[0.29, 0.29, 0.3, 0.33, 0.38]",model_4_seed_000,,0.38,1,1,1
/home/prichter/Documents/banfield/betazoid/data/genes/colabfold/bz_11/orfm.bz_11.1_117,orfm.bz_11.1_117,2,"[None, None, None, None, None]","[0.3, 0.23, 0.22, 0.28, 0.21]",model_4_seed_000,,0.28,1,1,1
/home/prichter/Documents/banfield/betazoid/data/genes/colabfold/bz_11/orfm.bz_11.1_119,orfm.bz_11.1_119,2,"[None, None, None, None, None]","[0.28, 0.29, 0.27, 0.28, 0.29]",model_1_seed_000,,0.28,1,1,1
/home/prichter/Documents/banfield/betazoid/data/genes/colabfold/bz_11/orfm.bz_11.1_120,orfm.bz_11.1_120,2,"[None, None, None, None, None]","[0.04, 0.04, 0.04, 0.05, 0.04]",model_5_seed_000,,0.05,1,1,1
/home/prichter/Documents/banfield/betazoid/data/genes/colabfold/bz_11/orfm.bz_11.1_123,orfm.bz_11.1_123,2,"[None, None, None, None, None]","[0.44, 0.39, 0.39, 0.41, 0.37]",model_5_seed_000,,0.44,1,1,1
/home/prichter/Documents/banfield/betazoid/data/genes/colabfold/bz_11/orfm.bz_11.1_124,orfm.bz_11.1_124,2,"[None, None, None, None, None]","[0.04, 0.04, 0.04, 0.04, 0.04]",model_4_seed_000,,0.04,1,1,1
/home/prichter/Documents/banfield/betazoid/data/genes/colabfold/bz_11/orfm.bz_11.1_125,orfm.bz_11.1_125,2,"[None, None, None, None, None]","[0.18, 0.17, 0.16, 0.16, 0.16]",model_5_seed_000,,0.18,1,1,1
/home/prichter/Documents/banfield/betazoid/data/genes/colabfold/bz_11/orfm.bz_11.1_126,orfm.bz_11.1_126,2,"[None, None, None, None, None]","[0.26, 0.26, 0.21, 0.24, 0.25]",model_3_seed_000,,0.26,1,1,1
/home/prichter/Documents/banfield/betazoid/data/genes/colabfold/bz_11/orfm.bz_11.1_127,orfm.bz_11.1_127,2,"[None, None, None, None, None]","[0.51, 0.49, 0.49, 0.5, 0.51]",model_3_seed_000,,0.49,1,1,1
/home/prichter/Documents/banfield/betazoid/data/genes/colabfold/bz_11/orfm.bz_11.1_129,orfm.bz_11.1_129,2,"[None, None, None, None, None]","[0.05, 0.05, 0.05, 0.05, 0.05]",model_5_seed_000,,0.05,1,1,1
/home/prichter/Documents/banfield/betazoid/data/genes/colabfold/bz_11/orfm.bz_11.1_130,orfm.bz_11.1_130,2,"[None, None, None, None, None]","[0.42, 0.46, 0.45, 0.46, 0.43]",model_1_seed_000,,0.46,1,1,1
/home/prichter/Documents/banfield/betazoid/data/genes/colabfold/bz_11/orfm.bz_11.1_131,orfm.bz_11.1_131,2,"[None, None, None, None, None]","[0.37, 0.42, 0.41, 0.41, 0.42]",model_4_seed_000,,0.41,1,1,1
/home/prichter/Documents/banfield/betazoid/data/genes/colabfold/bz_11/orfm.bz_11.1_132,orfm.bz_11.1_132,2,"[None, None, None, None, None]","[0.28, 0.28, 0.28, 0.25, 0.28]",model_3_seed_000,,0.28,1,1,1
/home/prichter/Documents/banfield/betazoid/data/genes/colabfold/bz_11/orfm.bz_11.1_135,orfm.bz_11.1_135,2,"[None, None, None, None, None]","[0.24, 0.24, 0.24, 0.24, 0.23]",model_3_seed_000,,0.24,1,1,1
/home/prichter/Documents/banfield/betazoid/data/genes/colabfold/bz_11/orfm.bz_11.1_136,orfm.bz_11.1_136,2,"[None, None, None, None, None]","[0.42, 0.4, 0.41, 0.43, 0.45]",model_5_seed_000,,0.45,1,1,1
/home/prichter/Documents/banfield/betazoid/data/genes/colabfold/bz_11/orfm.bz_11.1_137,orfm.bz_11.1_137,2,"[None, None, None, None, None]","[0.48, 0.46, 0.43, 0.43, 0.47]",model_3_seed_000,,0.47,1,1,1
/home/prichter/Documents/banfield/betazoid/data/genes/colabfold/bz_11/orfm.bz_11.1_138,orfm.bz_11.1_138,2,"[None, None, None, None, None]","[0.36, 0.28, 0.39, 0.35, 0.32]",model_2_seed_000,,0.35,1,1,1
/home/prichter/Documents/banfield/betazoid/data/genes/colabfold/bz_11/orfm.bz_11.1_139,orfm.bz_11.1_139,2,"[None, None, None, None, None]","[0.03, 0.03, 0.03, 0.03, 0.03]",model_2_seed_000,,0.03,1,1,1
/home/prichter/Documents/banfield/betazoid/data/genes/colabfold/bz_11/orfm.bz_11.1_140,orfm.bz_11.1_140,1533,"[None, None, None, None, None]","[0.9, 0.89, 0.89, 0.9, 0.9]",model_1_seed_000,,0.9,1,1,1
/home/prichter/Documents/banfield/betazoid/data/genes/colabfold/bz_11/orfm.bz_11.1_141,orfm.bz_11.1_141,2,"[None, None, None, None, None]","[0.31, 0.3, 0.31, 0.31, 0.31]",model_4_seed_000,,0.31,1,1,1
/home/prichter/Documents/banfield/betazoid/data/genes/colabfold/bz_11/orfm.bz_11.1_142,orfm.bz_11.1_142,2,"[None, None, None, None, None]","[0.16, 0.21, 0.2, 0.2, 0.19]",model_5_seed_000,,0.21,1,1,1
/home/prichter/Documents/banfield/betazoid/data/genes/colabfold/bz_11/orfm.bz_11.1_143,orfm.bz_11.1_143,2,"[None, None, None, None, None]","[0.25, 0.25, 0.24, 0.28, 0.23]",model_1_seed_000,,0.28,1,1,1
/home/prichter/Documents/banfield/betazoid/data/genes/colabfold/bz_11/orfm.bz_11.1_146,orfm.bz_11.1_146,2,"[None, None, None, None, None]","[0.51, 0.51, 0.49, 0.46, 0.51]",model_5_seed_000,,0.51,1,1,1
/home/prichter/Documents/banfield/betazoid/data/genes/colabfold/bz_11/orfm.bz_11.1_147,orfm.bz_11.1_147,2,"[None, None, None, None, None]","[0.36, 0.24, 0.21, 0.27, 0.23]",model_1_seed_000,,0.36,1,1,1
/home/prichter/Documents/banfield/betazoid/data/genes/colabfold/bz_11/orfm.bz_11.1_149,orfm.bz_11.1_149,2,"[None, None, None, None, None]","[0.52, 0.53, 0.5, 0.5, 0.52]",model_3_seed_000,,0.52,1,1,1
/home/prichter/Documents/banfield/betazoid/data/genes/colabfold/bz_11/orfm.bz_11.1_150,orfm.bz_11.1_150,2,"[None, None, None, None, None]","[0.14, 0.16, 0.15, 0.13, 0.15]",model_1_seed_000,,0.16,1,1,1
/home/prichter/Documents/banfield/betazoid/data/genes/colabfold/bz_11/orfm.bz_11.1_151,orfm.bz_11.1_151,2,"[None, None, None, None, None]","[0.5, 0.49, 0.45, 0.43, 0.42]",model_1_seed_000,,0.5,1,1,1
/home/prichter/Documents/banfield/betazoid/data/genes/colabfold/bz_11/orfm.bz_11.1_152,orfm.bz_11.1_152,2765,"[None, None, None, None, None]","[0.5, 0.51, 0.57, 0.49, 0.49]",model_1_seed_000,,0.57,1,1,1
/home/prichter/Documents/banfield/betazoid/data/genes/colabfold/bz_11/orfm.bz_11.1_154,orfm.bz_11.1_154,2,"[None, None, None, None, None]","[0.47, 0.47, 0.46, 0.45, 0.44]",model_5_seed_000,,0.47,1,1,1
/home/prichter/Documents/banfield/betazoid/data/genes/colabfold/bz_11/orfm.bz_11.1_157,orfm.bz_11.1_157,2,"[None, None, None, None, None]","[0.3, 0.3, 0.3, 0.26, 0.28]",model_1_seed_000,,0.3,1,1,1
/home/prichter/Documents/banfield/betazoid/data/genes/colabfold/bz_11/orfm.bz_11.1_158,orfm.bz_11.1_158,2,"[None, None, None, None, None]","[0.23, 0.22, 0.16, 0.16, 0.24]",model_2_seed_000,,0.24,1,1,1
/home/prichter/Documents/banfield/betazoid/data/genes/colabfold/bz_11/orfm.bz_11.1_159,orfm.bz_11.1_159,109,"[None, None, None, None, None]","[0.7, 0.71, 0.75, 0.75, 0.7]",model_3_seed_000,,0.75,1,1,1
/home/prichter/Documents/banfield/betazoid/data/genes/colabfold/bz_11/orfm.bz_11.1_160,orfm.bz_11.1_160,2,"[None, None, None, None, None]","[0.03, 0.03, 0.03, 0.03, 0.04]",model_1_seed_000,,0.04,1,1,1
/home/prichter/Documents/banfield/betazoid/data/genes/colabfold/bz_11/orfm.bz_11.1_161,orfm.bz_11.1_161,2,"[None, None, None, None, None]","[0.28, 0.27, 0.26, 0.26, 0.27]",model_3_seed_000,,0.27,1,1,1
/home/prichter/Documents/banfield/betazoid/data/genes/colabfold/bz_11/orfm.bz_11.1_162,orfm.bz_11.1_162,2,"[None, None, None, None, None]","[0.18, 0.21, 0.18, 0.21, 0.21]",model_3_seed_000,,0.18,1,1,1
/home/prichter/Documents/banfield/betazoid/data/genes/colabfold/bz_11/orfm.bz_11.1_163,orfm.bz_11.1_163,2,"[None, None, None, None, None]","[0.4, 0.35, 0.38, 0.32, 0.41]",model_3_seed_000,,0.41,1,1,1
/home/prichter/Documents/banfield/betazoid/data/genes/colabfold/bz_11/orfm.bz_11.1_164,orfm.bz_11.1_164,2,"[None, None, None, None, None]","[0.43, 0.36, 0.44, 0.41, 0.37]",model_2_seed_000,,0.44,1,1,1
/home/prichter/Documents/banfield/betazoid/data/genes/colabfold/bz_11/orfm.bz_11.1_165,orfm.bz_11.1_165,2,"[None, None, None, None, None]","[0.4, 0.44, 0.44, 0.44, 0.43]",model_4_seed_000,,0.43,1,1,1
/home/prichter/Documents/banfield/betazoid/data/genes/colabfold/bz_11/orfm.bz_11.1_167,orfm.bz_11.1_167,2,"[None, None, None, None, None]","[0.27, 0.33, 0.32, 0.31, 0.19]",model_5_seed_000,,0.33,1,1,1
/home/prichter/Documents/banfield/betazoid/data/genes/colabfold/bz_11/orfm.bz_11.1_170,orfm.bz_11.1_170,2,"[None, None, None, None, None]","[0.31, 0.36, 0.24, 0.28, 0.26]",model_3_seed_000,,0.36,1,1,1
/home/prichter/Documents/banfield/betazoid/data/genes/colabfold/bz_11/orfm.bz_11.1_172,orfm.bz_11.1_172,2,"[None, None, None, None, None]","[0.2, 0.2, 0.2, 0.2, 0.21]",model_5_seed_000,,0.21,1,1,1
/home/prichter/Documents/banfield/betazoid/data/genes/colabfold/bz_11/orfm.bz_11.1_173,orfm.bz_11.1_173,24,"[None, None, None, None, None]","[0.23, 0.3, 0.39, 0.23, 0.21]",model_4_seed_000,,0.39,1,1,1
/home/prichter/Documents/banfield/betazoid/data/genes/colabfold/bz_11/orfm.bz_11.1_174,orfm.bz_11.1_174,2,"[None, None, None, None, None]","[0.38, 0.37, 0.31, 0.36, 0.35]",model_5_seed_000,,0.38,1,1,1
/home/prichter/Documents/banfield/betazoid/data/genes/colabfold/bz_11/orfm.bz_11.1_175,orfm.bz_11.1_175,2,"[None, None, None, None, None]","[0.38, 0.32, 0.43, 0.36, 0.35]",model_1_seed_000,,0.43,1,1,1
/home/prichter/Documents/banfield/betazoid/data/genes/colabfold/bz_11/orfm.bz_11.1_176,orfm.bz_11.1_176,2,"[None, None, None, None, None]","[0.33, 0.41, 0.32, 0.23, 0.37]",model_1_seed_000,,0.41,1,1,1
/home/prichter/Documents/banfield/betazoid/data/genes/colabfold/bz_11/orfm.bz_11.1_177,orfm.bz_11.1_177,2,"[None, None, None, None, None]","[0.31, 0.37, 0.33, 0.3, 0.32]",model_3_seed_000,,0.33,1,1,1
/home/prichter/Documents/banfield/betazoid/data/genes/colabfold/bz_11/orfm.bz_11.1_178,orfm.bz_11.1_178,2,"[None, None, None, None, None]","[0.11, 0.11, 0.11, 0.11, 0.11]",model_5_seed_000,,0.11,1,1,1
/home/prichter/Documents/banfield/betazoid/data/genes/colabfold/bz_11/orfm.bz_11.1_179,orfm.bz_11.1_179,2,"[None, None, None, None, None]","[0.24, 0.24, 0.34, 0.25, 0.38]",model_4_seed_000,,0.38,1,1,1
/home/prichter/Documents/banfield/betazoid/data/genes/colabfold/bz_11/orfm.bz_11.1_180,orfm.bz_11.1_180,2,"[None, None, None, None, None]","[0.05, 0.04, 0.04, 0.05, 0.04]",model_4_seed_000,,0.05,1,1,1
/home/prichter/Documents/banfield/betazoid/data/genes/colabfold/bz_11/orfm.bz_11.1_181,orfm.bz_11.1_181,2,"[None, None, None, None, None]","[0.03, 0.03, 0.02, 0.02, 0.02]",model_1_seed_000,,0.03,1,1,1
/home/prichter/Documents/banfield/betazoid/data/genes/colabfold/bz_11/orfm.bz_11.1_182,orfm.bz_11.1_182,2,"[None, None, None, None, None]","[0.24, 0.27, 0.3, 0.3, 0.31]",model_4_seed_000,,0.27,1,1,1
/home/prichter/Documents/banfield/betazoid/data/genes/colabfold/bz_12/orfm.bz_12.1_1,orfm.bz_12.1_1,2,"[None, None, None, None, None]","[0.37, 0.35, 0.41, 0.42, 0.38]",model_1_seed_000,,0.42,1,1,1
/home/prichter/Documents/banfield/betazoid/data/genes/colabfold/bz_12/orfm.bz_12.1_2,orfm.bz_12.1_2,2,"[None, None, None, None, None]","[0.3, 0.33, 0.26, 0.33, 0.27]",model_3_seed_000,,0.27,1,1,1
/home/prichter/Documents/banfield/betazoid/data/genes/colabfold/bz_12/orfm.bz_12.1_3,orfm.bz_12.1_3,57,"[None, None, None, None, None]","[0.77, 0.82, 0.8, 0.79, 0.8]",model_5_seed_000,,0.82,1,1,1
/home/prichter/Documents/banfield/betazoid/data/genes/colabfold/bz_12/orfm.bz_12.1_4,orfm.bz_12.1_4,2,"[None, None, None, None, None]","[0.5, 0.32, 0.36, 0.3, 0.48]",model_5_seed_000,,0.5,1,1,1
/home/prichter/Documents/banfield/betazoid/data/genes/colabfold/bz_12/orfm.bz_12.1_5,orfm.bz_12.1_5,2,"[None, None, None, None, None]","[0.4, 0.45, 0.44, 0.43, 0.43]",model_4_seed_000,,0.44,1,1,1
/home/prichter/Documents/banfield/betazoid/data/genes/colabfold/bz_12/orfm.bz_12.1_6,orfm.bz_12.1_6,2,"[None, None, None, None, None]","[0.69, 0.68, 0.67, 0.66, 0.65]",model_3_seed_000,,0.69,1,1,1
/home/prichter/Documents/banfield/betazoid/data/genes/colabfold/bz_12/orfm.bz_12.1_8,orfm.bz_12.1_8,2,"[None, None, None, None, None]","[0.32, 0.38, 0.31, 0.32, 0.32]",model_4_seed_000,,0.32,1,1,1
/home/prichter/Documents/banfield/betazoid/data/genes/colabfold/bz_12/orfm.bz_12.1_9,orfm.bz_12.1_9,2,"[None, None, None, None, None]","[0.28, 0.34, 0.35, 0.32, 0.35]",model_4_seed_000,,0.35,1,1,1
/home/prichter/Documents/banfield/betazoid/data/genes/colabfold/bz_12/orfm.bz_12.1_10,orfm.bz_12.1_10,2,"[None, None, None, None, None]","[0.21, 0.19, 0.19, 0.2, 0.22]",model_3_seed_000,,0.22,1,1,1
/home/prichter/Documents/banfield/betazoid/data/genes/colabfold/bz_12/orfm.bz_12.1_11,orfm.bz_12.1_11,2,"[None, None, None, None, None]","[0.37, 0.39, 0.38, 0.39, 0.36]",model_5_seed_000,,0.36,1,1,1
/home/prichter/Documents/banfield/betazoid/data/genes/colabfold/bz_12/orfm.bz_12.1_12,orfm.bz_12.1_12,2,"[None, None, None, None, None]","[0.49, 0.46, 0.5, 0.51, 0.51]",model_3_seed_000,,0.46,1,1,1
/home/prichter/Documents/banfield/betazoid/data/genes/colabfold/bz_12/orfm.bz_12.1_14,orfm.bz_12.1_14,2,"[None, None, None, None, None]","[0.25, 0.29, 0.26, 0.33, 0.39]",model_5_seed_000,,0.39,1,1,1
/home/prichter/Documents/banfield/betazoid/data/genes/colabfold/bz_12/orfm.bz_12.1_16,orfm.bz_12.1_16,2,"[None, None, None, None, None]","[0.04, 0.04, 0.04, 0.05, 0.04]",model_5_seed_000,,0.05,1,1,1
/home/prichter/Documents/banfield/betazoid/data/genes/colabfold/bz_12/orfm.bz_12.1_17,orfm.bz_12.1_17,2,"[None, None, None, None, None]","[0.5, 0.42, 0.43, 0.43, 0.45]",model_1_seed_000,,0.5,1,1,1
/home/prichter/Documents/banfield/betazoid/data/genes/colabfold/bz_12/orfm.bz_12.1_18,orfm.bz_12.1_18,2,"[None, None, None, None, None]","[0.32, 0.29, 0.34, 0.3, 0.32]",model_1_seed_000,,0.34,1,1,1
/home/prichter/Documents/banfield/betazoid/data/genes/colabfold/bz_12/orfm.bz_12.1_19,orfm.bz_12.1_19,2,"[None, None, None, None, None]","[0.36, 0.34, 0.31, 0.47, 0.35]",model_4_seed_000,,0.47,1,1,1
/home/prichter/Documents/banfield/betazoid/data/genes/colabfold/bz_12/orfm.bz_12.1_20,orfm.bz_12.1_20,2,"[None, None, None, None, None]","[0.44, 0.39, 0.43, 0.44, 0.42]",model_4_seed_000,,0.44,1,1,1
/home/prichter/Documents/banfield/betazoid/data/genes/colabfold/bz_12/orfm.bz_12.1_21,orfm.bz_12.1_21,2,"[None, None, None, None, None]","[0.54, 0.53, 0.42, 0.44, 0.54]",model_5_seed_000,,0.54,1,1,1
/home/prichter/Documents/banfield/betazoid/data/genes/colabfold/bz_12/orfm.bz_12.1_22,orfm.bz_12.1_22,2,"[None, None, None, None, None]","[0.17, 0.18, 0.17, 0.19, 0.18]",model_5_seed_000,,0.19,1,1,1
/home/prichter/Documents/banfield/betazoid/data/genes/colabfold/bz_12/orfm.bz_12.1_23,orfm.bz_12.1_23,2,"[None, None, None, None, None]","[0.3, 0.29, 0.33, 0.34, 0.29]",model_4_seed_000,,0.34,1,1,1
/home/prichter/Documents/banfield/betazoid/data/genes/colabfold/bz_12/orfm.bz_12.1_24,orfm.bz_12.1_24,2,"[None, None, None, None, None]","[0.05, 0.05, 0.05, 0.05, 0.05]",model_4_seed_000,,0.05,1,1,1
/home/prichter/Documents/banfield/betazoid/data/genes/colabfold/bz_12/orfm.bz_12.1_26,orfm.bz_12.1_26,2,"[None, None, None, None, None]","[0.05, 0.05, 0.05, 0.05, 0.05]",model_5_seed_000,,0.05,1,1,1
/home/prichter/Documents/banfield/betazoid/data/genes/colabfold/bz_12/orfm.bz_12.1_27,orfm.bz_12.1_27,2,"[None, None, None, None, None]","[0.5, 0.5, 0.48, 0.49, 0.49]",model_5_seed_000,,0.5,1,1,1
/home/prichter/Documents/banfield/betazoid/data/genes/colabfold/bz_12/orfm.bz_12.1_28,orfm.bz_12.1_28,2,"[None, None, None, None, None]","[0.38, 0.39, 0.36, 0.37, 0.39]",model_1_seed_000,,0.39,1,1,1
/home/prichter/Documents/banfield/betazoid/data/genes/colabfold/bz_12/orfm.bz_12.1_29,orfm.bz_12.1_29,2,"[None, None, None, None, None]","[0.37, 0.39, 0.44, 0.43, 0.45]",model_5_seed_000,,0.45,1,1,1
/home/prichter/Documents/banfield/betazoid/data/genes/colabfold/bz_12/orfm.bz_12.1_30,orfm.bz_12.1_30,2,"[None, None, None, None, None]","[0.29, 0.32, 0.27, 0.28, 0.3]",model_5_seed_000,,0.32,1,1,1
/home/prichter/Documents/banfield/betazoid/data/genes/colabfold/bz_12/orfm.bz_12.1_31,orfm.bz_12.1_31,2,"[None, None, None, None, None]","[0.38, 0.38, 0.41, 0.34, 0.37]",model_5_seed_000,,0.41,1,1,1
/home/prichter/Documents/banfield/betazoid/data/genes/colabfold/bz_12/orfm.bz_12.1_32,orfm.bz_12.1_32,2,"[None, None, None, None, None]","[0.1, 0.09, 0.09, 0.09, 0.1]",model_3_seed_000,,0.09,1,1,1
/home/prichter/Documents/banfield/betazoid/data/genes/colabfold/bz_12/orfm.bz_12.1_33,orfm.bz_12.1_33,2,"[None, None, None, None, None]","[0.04, 0.04, 0.04, 0.04, 0.04]",model_5_seed_000,,0.04,1,1,1
/home/prichter/Documents/banfield/betazoid/data/genes/colabfold/bz_12/orfm.bz_12.1_34,orfm.bz_12.1_34,2,"[None, None, None, None, None]","[0.48, 0.44, 0.5, 0.51, 0.5]",model_5_seed_000,,0.51,1,1,1
/home/prichter/Documents/banfield/betazoid/data/genes/colabfold/bz_12/orfm.bz_12.1_35,orfm.bz_12.1_35,2,"[None, None, None, None, None]","[0.1, 0.1, 0.1, 0.11, 0.1]",model_5_seed_000,,0.11,1,1,1
/home/prichter/Documents/banfield/betazoid/data/genes/colabfold/bz_12/orfm.bz_12.1_36,orfm.bz_12.1_36,2,"[None, None, None, None, None]","[0.42, 0.38, 0.33, 0.38, 0.4]",model_5_seed_000,,0.38,1,1,1
/home/prichter/Documents/banfield/betazoid/data/genes/colabfold/bz_12/orfm.bz_12.1_38,orfm.bz_12.1_38,2,"[None, None, None, None, None]","[0.04, 0.04, 0.04, 0.04, 0.04]",model_3_seed_000,,0.04,1,1,1
/home/prichter/Documents/banfield/betazoid/data/genes/colabfold/bz_12/orfm.bz_12.1_40,orfm.bz_12.1_40,2,"[None, None, None, None, None]","[0.36, 0.33, 0.33, 0.37, 0.37]",model_2_seed_000,,0.37,1,1,1
/home/prichter/Documents/banfield/betazoid/data/genes/colabfold/bz_12/orfm.bz_12.1_41,orfm.bz_12.1_41,2,"[None, None, None, None, None]","[0.05, 0.05, 0.05, 0.05, 0.05]",model_5_seed_000,,0.05,1,1,1
/home/prichter/Documents/banfield/betazoid/data/genes/colabfold/bz_12/orfm.bz_12.1_42,orfm.bz_12.1_42,1268,"[None, None, None, None, None]","[0.84, 0.82, 0.83, 0.84, 0.86]",model_3_seed_000,,0.86,1,1,1
/home/prichter/Documents/banfield/betazoid/data/genes/colabfold/bz_12/orfm.bz_12.1_43,orfm.bz_12.1_43,2,"[None, None, None, None, None]","[0.31, 0.3, 0.3, 0.29, 0.27]",model_1_seed_000,,0.31,1,1,1
/home/prichter/Documents/banfield/betazoid/data/genes/colabfold/bz_12/orfm.bz_12.1_44,orfm.bz_12.1_44,2,"[None, None, None, None, None]","[0.33, 0.29, 0.31, 0.35, 0.34]",model_1_seed_000,,0.35,1,1,1
/home/prichter/Documents/banfield/betazoid/data/genes/colabfold/bz_12/orfm.bz_12.1_45,orfm.bz_12.1_45,2,"[None, None, None, None, None]","[0.37, 0.4, 0.36, 0.3, 0.37]",model_5_seed_000,,0.4,1,1,1
/home/prichter/Documents/banfield/betazoid/data/genes/colabfold/bz_12/orfm.bz_12.1_46,orfm.bz_12.1_46,2,"[None, None, None, None, None]","[0.39, 0.24, 0.27, 0.24, 0.23]",model_1_seed_000,,0.39,1,1,1
/home/prichter/Documents/banfield/betazoid/data/genes/colabfold/bz_12/orfm.bz_12.1_47,orfm.bz_12.1_47,2,"[None, None, None, None, None]","[0.11, 0.11, 0.11, 0.12, 0.11]",model_5_seed_000,,0.12,1,1,1
/home/prichter/Documents/banfield/betazoid/data/genes/colabfold/bz_12/orfm.bz_12.1_48,orfm.bz_12.1_48,2,"[None, None, None, None, None]","[0.42, 0.39, 0.4, 0.37, 0.4]",model_5_seed_000,,0.42,1,1,1
/home/prichter/Documents/banfield/betazoid/data/genes/colabfold/bz_12/orfm.bz_12.1_49,orfm.bz_12.1_49,2,"[None, None, None, None, None]","[0.52, 0.49, 0.52, 0.53, 0.56]",model_5_seed_000,,0.56,1,1,1
/home/prichter/Documents/banfield/betazoid/data/genes/colabfold/bz_12/orfm.bz_12.1_50,orfm.bz_12.1_50,2,"[None, None, None, None, None]","[0.05, 0.05, 0.05, 0.05, 0.05]",model_4_seed_000,,0.05,1,1,1
/home/prichter/Documents/banfield/betazoid/data/genes/colabfold/bz_12/orfm.bz_12.1_51,orfm.bz_12.1_51,2,"[None, None, None, None, None]","[0.4, 0.45, 0.42, 0.44, 0.48]",model_2_seed_000,,0.48,1,1,1
/home/prichter/Documents/banfield/betazoid/data/genes/colabfold/bz_12/orfm.bz_12.1_52,orfm.bz_12.1_52,5,"[None, None, None, None, None]","[0.44, 0.41, 0.41, 0.43, 0.4]",model_3_seed_000,,0.44,1,1,1
/home/prichter/Documents/banfield/betazoid/data/genes/colabfold/bz_12/orfm.bz_12.1_53,orfm.bz_12.1_53,2,"[None, None, None, None, None]","[0.03, 0.03, 0.04, 0.04, 0.04]",model_4_seed_000,,0.04,1,1,1
/home/prichter/Documents/banfield/betazoid/data/genes/colabfold/bz_12/orfm.bz_12.1_55,orfm.bz_12.1_55,3062,"[None, None, None, None, None]","[0.87, 0.81, 0.84, 0.86, 0.86]",model_2_seed_000,,0.87,1,1,1
/home/prichter/Documents/banfield/betazoid/data/genes/colabfold/bz_12/orfm.bz_12.1_56,orfm.bz_12.1_56,2,"[None, None, None, None, None]","[0.05, 0.05, 0.05, 0.05, 0.06]",model_5_seed_000,,0.06,1,1,1
/home/prichter/Documents/banfield/betazoid/data/genes/colabfold/bz_12/orfm.bz_12.1_58,orfm.bz_12.1_58,2,"[None, None, None, None, None]","[0.39, 0.41, 0.41, 0.4, 0.39]",model_3_seed_000,,0.39,1,1,1
/home/prichter/Documents/banfield/betazoid/data/genes/colabfold/bz_12/orfm.bz_12.1_59,orfm.bz_12.1_59,2,"[None, None, None, None, None]","[0.42, 0.37, 0.41, 0.38, 0.41]",model_1_seed_000,,0.41,1,1,1
/home/prichter/Documents/banfield/betazoid/data/genes/colabfold/bz_12/orfm.bz_12.1_61,orfm.bz_12.1_61,2,"[None, None, None, None, None]","[0.13, 0.13, 0.14, 0.12, 0.13]",model_1_seed_000,,0.14,1,1,1
/home/prichter/Documents/banfield/betazoid/data/genes/colabfold/bz_12/orfm.bz_12.1_62,orfm.bz_12.1_62,2,"[None, None, None, None, None]","[0.39, 0.35, 0.37, 0.37, 0.36]",model_5_seed_000,,0.39,1,1,1
/home/prichter/Documents/banfield/betazoid/data/genes/colabfold/bz_12/orfm.bz_12.1_63,orfm.bz_12.1_63,2,"[None, None, None, None, None]","[0.13, 0.12, 0.1, 0.13, 0.13]",model_5_seed_000,,0.13,1,1,1
/home/prichter/Documents/banfield/betazoid/data/genes/colabfold/bz_12/orfm.bz_12.1_64,orfm.bz_12.1_64,2,"[None, None, None, None, None]","[0.31, 0.29, 0.25, 0.32, 0.34]",model_4_seed_000,,0.34,1,1,1
/home/prichter/Documents/banfield/betazoid/data/genes/colabfold/bz_12/orfm.bz_12.1_65,orfm.bz_12.1_65,41,"[None, None, None, None, None]","[0.78, 0.79, 0.81, 0.81, 0.81]",model_3_seed_000,,0.81,1,1,1
/home/prichter/Documents/banfield/betazoid/data/genes/colabfold/bz_12/orfm.bz_12.1_69,orfm.bz_12.1_69,2,"[None, None, None, None, None]","[0.15, 0.16, 0.14, 0.15, 0.13]",model_3_seed_000,,0.15,1,1,1
/home/prichter/Documents/banfield/betazoid/data/genes/colabfold/bz_12/orfm.bz_12.1_70,orfm.bz_12.1_70,2,"[None, None, None, None, None]","[0.22, 0.23, 0.25, 0.26, 0.24]",model_1_seed_000,,0.26,1,1,1
/home/prichter/Documents/banfield/betazoid/data/genes/colabfold/bz_12/orfm.bz_12.1_71,orfm.bz_12.1_71,2,"[None, None, None, None, None]","[0.05, 0.05, 0.05, 0.05, 0.05]",model_1_seed_000,,0.05,1,1,1
/home/prichter/Documents/banfield/betazoid/data/genes/colabfold/bz_12/orfm.bz_12.1_73,orfm.bz_12.1_73,3,"[None, None, None, None, None]","[0.26, 0.25, 0.25, 0.28, 0.37]",model_5_seed_000,,0.37,1,1,1
/home/prichter/Documents/banfield/betazoid/data/genes/colabfold/bz_12/orfm.bz_12.1_74,orfm.bz_12.1_74,2,"[None, None, None, None, None]","[0.3, 0.29, 0.31, 0.28, 0.31]",model_5_seed_000,,0.3,1,1,1
/home/prichter/Documents/banfield/betazoid/data/genes/colabfold/bz_12/orfm.bz_12.1_75,orfm.bz_12.1_75,2,"[None, None, None, None, None]","[0.31, 0.29, 0.32, 0.19, 0.31]",model_1_seed_000,,0.31,1,1,1
/home/prichter/Documents/banfield/betazoid/data/genes/colabfold/bz_12/orfm.bz_12.1_76,orfm.bz_12.1_76,18,"[None, None, None, None, None]","[0.46, 0.45, 0.46, 0.5, 0.42]",model_3_seed_000,,0.5,1,1,1
/home/prichter/Documents/banfield/betazoid/data/genes/colabfold/bz_12/orfm.bz_12.1_80,orfm.bz_12.1_80,2,"[None, None, None, None, None]","[0.32, 0.34, 0.32, 0.34, 0.35]",model_5_seed_000,,0.35,1,1,1
/home/prichter/Documents/banfield/betazoid/data/genes/colabfold/bz_12/orfm.bz_12.1_82,orfm.bz_12.1_82,57,"[None, None, None, None, None]","[0.74, 0.73, 0.73, 0.71, 0.73]",model_2_seed_000,,0.73,1,1,1
/home/prichter/Documents/banfield/betazoid/data/genes/colabfold/bz_12/orfm.bz_12.1_83,orfm.bz_12.1_83,2,"[None, None, None, None, None]","[0.33, 0.33, 0.33, 0.33, 0.3]",model_4_seed_000,,0.33,1,1,1
/home/prichter/Documents/banfield/betazoid/data/genes/colabfold/bz_12/orfm.bz_12.1_84,orfm.bz_12.1_84,2,"[None, None, None, None, None]","[0.41, 0.45, 0.43, 0.45, 0.45]",model_3_seed_000,,0.45,1,1,1
/home/prichter/Documents/banfield/betazoid/data/genes/colabfold/bz_12/orfm.bz_12.1_85,orfm.bz_12.1_85,2,"[None, None, None, None, None]","[0.47, 0.46, 0.68, 0.69, 0.66]",model_5_seed_000,,0.69,1,1,1
/home/prichter/Documents/banfield/betazoid/data/genes/colabfold/bz_12/orfm.bz_12.1_86,orfm.bz_12.1_86,2,"[None, None, None, None, None]","[0.37, 0.39, 0.42, 0.39, 0.38]",model_4_seed_000,,0.39,1,1,1
/home/prichter/Documents/banfield/betazoid/data/genes/colabfold/bz_12/orfm.bz_12.1_87,orfm.bz_12.1_87,2,"[None, None, None, None, None]","[0.36, 0.3, 0.21, 0.33, 0.28]",model_3_seed_000,,0.33,1,1,1
/home/prichter/Documents/banfield/betazoid/data/genes/colabfold/bz_12/orfm.bz_12.1_88,orfm.bz_12.1_88,2,"[None, None, None, None, None]","[0.3, 0.37, 0.39, 0.34, 0.37]",model_3_seed_000,,0.39,1,1,1
/home/prichter/Documents/banfield/betazoid/data/genes/colabfold/bz_12/orfm.bz_12.1_89,orfm.bz_12.1_89,2,"[None, None, None, None, None]","[0.29, 0.31, 0.37, 0.3, 0.34]",model_1_seed_000,,0.34,1,1,1
/home/prichter/Documents/banfield/betazoid/data/genes/colabfold/bz_12/orfm.bz_12.1_90,orfm.bz_12.1_90,2,"[None, None, None, None, None]","[0.33, 0.34, 0.35, 0.33, 0.33]",model_4_seed_000,,0.33,1,1,1
/home/prichter/Documents/banfield/betazoid/data/genes/colabfold/bz_12/orfm.bz_12.1_91,orfm.bz_12.1_91,2,"[None, None, None, None, None]","[0.03, 0.04, 0.03, 0.03, 0.03]",model_5_seed_000,,0.04,1,1,1
/home/prichter/Documents/banfield/betazoid/data/genes/colabfold/bz_12/orfm.bz_12.1_92,orfm.bz_12.1_92,2,"[None, None, None, None, None]","[0.38, 0.36, 0.36, 0.36, 0.39]",model_1_seed_000,,0.39,1,1,1
/home/prichter/Documents/banfield/betazoid/data/genes/colabfold/bz_12/orfm.bz_12.1_94,orfm.bz_12.1_94,2,"[None, None, None, None, None]","[0.08, 0.07, 0.08, 0.08, 0.07]",model_3_seed_000,,0.08,1,1,1
/home/prichter/Documents/banfield/betazoid/data/genes/colabfold/bz_12/orfm.bz_12.1_95,orfm.bz_12.1_95,2,"[None, None, None, None, None]","[0.36, 0.35, 0.38, 0.39, 0.39]",model_5_seed_000,,0.39,1,1,1
/home/prichter/Documents/banfield/betazoid/data/genes/colabfold/bz_12/orfm.bz_12.1_96,orfm.bz_12.1_96,100,"[None, None, None, None, None]","[0.18, 0.17, 0.17, 0.2, 0.15]",model_2_seed_000,,0.18,1,1,1
/home/prichter/Documents/banfield/betazoid/data/genes/colabfold/bz_12/orfm.bz_12.1_97,orfm.bz_12.1_97,2,"[None, None, None, None, None]","[0.56, 0.54, 0.52, 0.54, 0.53]",model_3_seed_000,,0.53,1,1,1
/home/prichter/Documents/banfield/betazoid/data/genes/colabfold/bz_12/orfm.bz_12.1_98,orfm.bz_12.1_98,2,"[None, None, None, None, None]","[0.08, 0.1, 0.07, 0.08, 0.07]",model_3_seed_000,,0.08,1,1,1
/home/prichter/Documents/banfield/betazoid/data/genes/colabfold/bz_12/orfm.bz_12.1_99,orfm.bz_12.1_99,2,"[None, None, None, None, None]","[0.28, 0.23, 0.27, 0.28, 0.29]",model_1_seed_000,,0.28,1,1,1
/home/prichter/Documents/banfield/betazoid/data/genes/colabfold/bz_12/orfm.bz_12.1_100,orfm.bz_12.1_100,3,"[None, None, None, None, None]","[0.23, 0.29, 0.21, 0.18, 0.2]",model_3_seed_000,,0.2,1,1,1
/home/prichter/Documents/banfield/betazoid/data/genes/colabfold/bz_12/orfm.bz_12.1_102,orfm.bz_12.1_102,14094,"[None, None, None, None, None]","[0.67, 0.69, 0.68, 0.7, 0.71]",model_4_seed_000,,0.71,1,1,1
/home/prichter/Documents/banfield/betazoid/data/genes/colabfold/bz_12/orfm.bz_12.1_104,orfm.bz_12.1_104,2,"[None, None, None, None, None]","[0.27, 0.27, 0.24, 0.28, 0.22]",model_1_seed_000,,0.27,1,1,1
/home/prichter/Documents/banfield/betazoid/data/genes/colabfold/bz_12/orfm.bz_12.1_106,orfm.bz_12.1_106,2,"[None, None, None, None, None]","[0.33, 0.32, 0.3, 0.28, 0.35]",model_3_seed_000,,0.32,1,1,1
/home/prichter/Documents/banfield/betazoid/data/genes/colabfold/bz_12/orfm.bz_12.1_107,orfm.bz_12.1_107,2,"[None, None, None, None, None]","[0.34, 0.23, 0.29, 0.36, 0.52]",model_3_seed_000,,0.52,1,1,1
/home/prichter/Documents/banfield/betazoid/data/genes/colabfold/bz_12/orfm.bz_12.1_110,orfm.bz_12.1_110,2,"[None, None, None, None, None]","[0.41, 0.3, 0.3, 0.33, 0.38]",model_2_seed_000,,0.41,1,1,1
/home/prichter/Documents/banfield/betazoid/data/genes/colabfold/bz_12/orfm.bz_12.1_111,orfm.bz_12.1_111,2,"[None, None, None, None, None]","[0.04, 0.04, 0.04, 0.04, 0.04]",model_3_seed_000,,0.04,1,1,1
/home/prichter/Documents/banfield/betazoid/data/genes/colabfold/bz_12/orfm.bz_12.1_113,orfm.bz_12.1_113,2,"[None, None, None, None, None]","[0.13, 0.16, 0.16, 0.13, 0.13]",model_2_seed_000,,0.13,1,1,1
/home/prichter/Documents/banfield/betazoid/data/genes/colabfold/bz_12/orfm.bz_12.1_114,orfm.bz_12.1_114,2,"[None, None, None, None, None]","[0.29, 0.27, 0.26, 0.23, 0.25]",model_1_seed_000,,0.27,1,1,1
/home/prichter/Documents/banfield/betazoid/data/genes/colabfold/bz_12/orfm.bz_12.1_115,orfm.bz_12.1_115,2,"[None, None, None, None, None]","[0.18, 0.11, 0.15, 0.11, 0.16]",model_3_seed_000,,0.18,1,1,1
/home/prichter/Documents/banfield/betazoid/data/genes/colabfold/bz_12/orfm.bz_12.1_116,orfm.bz_12.1_116,2,"[None, None, None, None, None]","[0.37, 0.35, 0.37, 0.36, 0.35]",model_4_seed_000,,0.35,1,1,1
/home/prichter/Documents/banfield/betazoid/data/genes/colabfold/bz_12/orfm.bz_12.1_118,orfm.bz_12.1_118,298,"[None, None, None, None, None]","[0.76, 0.77, 0.8, 0.77, 0.79]",model_2_seed_000,,0.8,1,1,1
/home/prichter/Documents/banfield/betazoid/data/genes/colabfold/bz_12/orfm.bz_12.1_121,orfm.bz_12.1_121,2,"[None, None, None, None, None]","[0.28, 0.24, 0.27, 0.24, 0.24]",model_5_seed_000,,0.28,1,1,1
/home/prichter/Documents/banfield/betazoid/data/genes/colabfold/bz_12/orfm.bz_12.1_123,orfm.bz_12.1_123,2,"[None, None, None, None, None]","[0.41, 0.42, 0.43, 0.42, 0.44]",model_2_seed_000,,0.44,1,1,1
/home/prichter/Documents/banfield/betazoid/data/genes/colabfold/bz_12/orfm.bz_12.1_124,orfm.bz_12.1_124,2,"[None, None, None, None, None]","[0.29, 0.34, 0.25, 0.27, 0.13]",model_1_seed_000,,0.34,1,1,1
/home/prichter/Documents/banfield/betazoid/data/genes/colabfold/bz_12/orfm.bz_12.1_125,orfm.bz_12.1_125,517,"[None, None, None, None, None]","[0.27, 0.28, 0.23, 0.27, 0.34]",model_4_seed_000,,0.23,1,1,1
/home/prichter/Documents/banfield/betazoid/data/genes/colabfold/bz_12/orfm.bz_12.1_126,orfm.bz_12.1_126,2,"[None, None, None, None, None]","[0.35, 0.39, 0.35, 0.37, 0.38]",model_1_seed_000,,0.39,1,1,1
/home/prichter/Documents/banfield/betazoid/data/genes/colabfold/bz_12/orfm.bz_12.1_127,orfm.bz_12.1_127,2,"[None, None, None, None, None]","[0.35, 0.38, 0.38, 0.36, 0.34]",model_3_seed_000,,0.34,1,1,1
/home/prichter/Documents/banfield/betazoid/data/genes/colabfold/bz_12/orfm.bz_12.1_128,orfm.bz_12.1_128,2,"[None, None, None, None, None]","[0.27, 0.26, 0.33, 0.29, 0.33]",model_1_seed_000,,0.33,1,1,1
/home/prichter/Documents/banfield/betazoid/data/genes/colabfold/bz_12/orfm.bz_12.1_130,orfm.bz_12.1_130,2,"[None, None, None, None, None]","[0.29, 0.24, 0.25, 0.29, 0.25]",model_3_seed_000,,0.25,1,1,1
/home/prichter/Documents/banfield/betazoid/data/genes/colabfold/bz_12/orfm.bz_12.1_131,orfm.bz_12.1_131,2,"[None, None, None, None, None]","[0.23, 0.3, 0.25, 0.32, 0.29]",model_1_seed_000,,0.32,1,1,1
/home/prichter/Documents/banfield/betazoid/data/genes/colabfold/bz_12/orfm.bz_12.1_134,orfm.bz_12.1_134,2,"[None, None, None, None, None]","[0.36, 0.33, 0.35, 0.37, 0.36]",model_3_seed_000,,0.35,1,1,1
/home/prichter/Documents/banfield/betazoid/data/genes/colabfold/bz_12/orfm.bz_12.1_135,orfm.bz_12.1_135,2,"[None, None, None, None, None]","[0.34, 0.35, 0.23, 0.25, 0.44]",model_1_seed_000,,0.44,1,1,1
/home/prichter/Documents/banfield/betazoid/data/genes/colabfold/bz_12/orfm.bz_12.1_137,orfm.bz_12.1_137,2,"[None, None, None, None, None]","[0.03, 0.03, 0.03, 0.03, 0.03]",model_4_seed_000,,0.03,1,1,1
