name,model,num_contacts,contact_prob_min,contact_prob_mean,contact_probs,genome_id,cluster_ids
bz_0_cluster_8_1mer-bz_0_cluster_7_1mer,seed-8_sample-0,0,,,,bz_0,"cluster_7, cluster_8"
bz_0_cluster_8_1mer-bz_0_cluster_7_1mer,seed-10_sample-0,0,,,,bz_0,"cluster_7, cluster_8"
bz_0_cluster_8_1mer-bz_0_cluster_7_1mer,seed-9_sample-0,0,,,,bz_0,"cluster_7, cluster_8"
bz_0_cluster_8_1mer-bz_0_cluster_7_1mer,seed-4_sample-0,0,,,,bz_0,"cluster_7, cluster_8"
bz_0_cluster_8_1mer-bz_0_cluster_7_1mer,seed-2_sample-0,0,,,,bz_0,"cluster_7, cluster_8"
bz_0_cluster_8_1mer-bz_0_cluster_7_1mer,seed-5_sample-0,0,,,,bz_0,"cluster_7, cluster_8"
bz_0_cluster_8_1mer-bz_0_cluster_7_1mer,seed-6_sample-0,0,,,,bz_0,"cluster_7, cluster_8"
bz_0_cluster_8_1mer-bz_0_cluster_7_1mer,seed-3_sample-0,0,,,,bz_0,"cluster_7, cluster_8"
bz_0_cluster_8_1mer-bz_0_cluster_7_1mer,seed-1_sample-0,0,,,,bz_0,"cluster_7, cluster_8"
bz_0_cluster_8_1mer-bz_0_cluster_7_1mer,seed-7_sample-0,0,,,,bz_0,"cluster_7, cluster_8"
bz_0_cluster_8_1mer-bz_0_cluster_0_1mer,seed-8_sample-0,0,,,,bz_0,"cluster_0, cluster_8"
bz_0_cluster_8_1mer-bz_0_cluster_0_1mer,seed-10_sample-0,0,,,,bz_0,"cluster_0, cluster_8"
bz_0_cluster_8_1mer-bz_0_cluster_0_1mer,seed-9_sample-0,0,,,,bz_0,"cluster_0, cluster_8"
bz_0_cluster_8_1mer-bz_0_cluster_0_1mer,seed-4_sample-0,0,,,,bz_0,"cluster_0, cluster_8"
bz_0_cluster_8_1mer-bz_0_cluster_0_1mer,seed-2_sample-0,0,,,,bz_0,"cluster_0, cluster_8"
bz_0_cluster_8_1mer-bz_0_cluster_0_1mer,seed-5_sample-0,0,,,,bz_0,"cluster_0, cluster_8"
bz_0_cluster_8_1mer-bz_0_cluster_0_1mer,seed-6_sample-0,0,,,,bz_0,"cluster_0, cluster_8"
bz_0_cluster_8_1mer-bz_0_cluster_0_1mer,seed-3_sample-0,0,,,,bz_0,"cluster_0, cluster_8"
bz_0_cluster_8_1mer-bz_0_cluster_0_1mer,seed-1_sample-0,0,,,,bz_0,"cluster_0, cluster_8"
bz_0_cluster_8_1mer-bz_0_cluster_0_1mer,seed-7_sample-0,0,,,,bz_0,"cluster_0, cluster_8"
bz_0_cluster_8_1mer-bz_0_cluster_4_1mer,seed-8_sample-0,0,,,,bz_0,"cluster_4, cluster_8"
bz_0_cluster_8_1mer-bz_0_cluster_4_1mer,seed-10_sample-0,0,,,,bz_0,"cluster_4, cluster_8"
bz_0_cluster_8_1mer-bz_0_cluster_4_1mer,seed-9_sample-0,0,,,,bz_0,"cluster_4, cluster_8"
bz_0_cluster_8_1mer-bz_0_cluster_4_1mer,seed-4_sample-0,0,,,,bz_0,"cluster_4, cluster_8"
bz_0_cluster_8_1mer-bz_0_cluster_4_1mer,seed-2_sample-0,0,,,,bz_0,"cluster_4, cluster_8"
bz_0_cluster_8_1mer-bz_0_cluster_4_1mer,seed-5_sample-0,0,,,,bz_0,"cluster_4, cluster_8"
bz_0_cluster_8_1mer-bz_0_cluster_4_1mer,seed-6_sample-0,0,,,,bz_0,"cluster_4, cluster_8"
bz_0_cluster_8_1mer-bz_0_cluster_4_1mer,seed-3_sample-0,0,,,,bz_0,"cluster_4, cluster_8"
bz_0_cluster_8_1mer-bz_0_cluster_4_1mer,seed-1_sample-0,0,,,,bz_0,"cluster_4, cluster_8"
bz_0_cluster_8_1mer-bz_0_cluster_4_1mer,seed-7_sample-0,0,,,,bz_0,"cluster_4, cluster_8"
bz_0_cluster_8_1mer-bz_0_cluster_5_1mer,seed-8_sample-0,0,,,,bz_0,"cluster_5, cluster_8"
bz_0_cluster_8_1mer-bz_0_cluster_5_1mer,seed-10_sample-0,0,,,,bz_0,"cluster_5, cluster_8"
bz_0_cluster_8_1mer-bz_0_cluster_5_1mer,seed-9_sample-0,0,,,,bz_0,"cluster_5, cluster_8"
bz_0_cluster_8_1mer-bz_0_cluster_5_1mer,seed-4_sample-0,0,,,,bz_0,"cluster_5, cluster_8"
bz_0_cluster_8_1mer-bz_0_cluster_5_1mer,seed-2_sample-0,0,,,,bz_0,"cluster_5, cluster_8"
bz_0_cluster_8_1mer-bz_0_cluster_5_1mer,seed-5_sample-0,0,,,,bz_0,"cluster_5, cluster_8"
bz_0_cluster_8_1mer-bz_0_cluster_5_1mer,seed-6_sample-0,0,,,,bz_0,"cluster_5, cluster_8"
bz_0_cluster_8_1mer-bz_0_cluster_5_1mer,seed-3_sample-0,0,,,,bz_0,"cluster_5, cluster_8"
bz_0_cluster_8_1mer-bz_0_cluster_5_1mer,seed-1_sample-0,0,,,,bz_0,"cluster_5, cluster_8"
bz_0_cluster_8_1mer-bz_0_cluster_5_1mer,seed-7_sample-0,0,,,,bz_0,"cluster_5, cluster_8"
bz_0_cluster_8_1mer-bz_0_cluster_6_1mer,seed-8_sample-0,0,,,,bz_0,"cluster_6, cluster_8"
bz_0_cluster_8_1mer-bz_0_cluster_6_1mer,seed-10_sample-0,22,0.51,0.5745454545454546,"[0.57, 0.54, 0.61, 0.53, 0.62, 0.62, 0.51, 0.61, 0.55, 0.52, 0.64, 0.53, 0.62, 0.54, 0.61, 0.57, 0.51, 0.64, 0.62, 0.61, 0.52, 0.55]",bz_0,"cluster_6, cluster_8"
bz_0_cluster_8_1mer-bz_0_cluster_6_1mer,seed-9_sample-0,26,0.51,0.5746153846153846,"[0.62, 0.53, 0.53, 0.64, 0.52, 0.61, 0.61, 0.53, 0.51, 0.64, 0.55, 0.53, 0.65, 0.52, 0.61, 0.53, 0.53, 0.64, 0.53, 0.62, 0.51, 0.65, 0.61, 0.64, 0.53, 0.55]",bz_0,"cluster_6, cluster_8"
bz_0_cluster_8_1mer-bz_0_cluster_6_1mer,seed-4_sample-0,0,,,,bz_0,"cluster_6, cluster_8"
bz_0_cluster_8_1mer-bz_0_cluster_6_1mer,seed-2_sample-0,0,,,,bz_0,"cluster_6, cluster_8"
bz_0_cluster_8_1mer-bz_0_cluster_6_1mer,seed-5_sample-0,34,0.51,0.5788235294117647,"[0.61, 0.52, 0.56, 0.51, 0.55, 0.66, 0.55, 0.55, 0.66, 0.64, 0.53, 0.54, 0.61, 0.58, 0.53, 0.55, 0.69, 0.55, 0.55, 0.66, 0.51, 0.52, 0.55, 0.56, 0.66, 0.53, 0.61, 0.54, 0.53, 0.69, 0.64, 0.61, 0.55, 0.58]",bz_0,"cluster_6, cluster_8"
bz_0_cluster_8_1mer-bz_0_cluster_6_1mer,seed-6_sample-0,4,0.51,0.52,"[0.53, 0.51, 0.53, 0.51]",bz_0,"cluster_6, cluster_8"
bz_0_cluster_8_1mer-bz_0_cluster_6_1mer,seed-3_sample-0,44,0.52,0.6054545454545456,"[0.61, 0.53, 0.59, 0.63, 0.61, 0.59, 0.68, 0.52, 0.63, 0.56, 0.62, 0.73, 0.7, 0.57, 0.59, 0.56, 0.56, 0.67, 0.61, 0.54, 0.53, 0.69, 0.62, 0.63, 0.73, 0.59, 0.61, 0.56, 0.59, 0.59, 0.53, 0.63, 0.68, 0.52, 0.56, 0.61, 0.56, 0.54, 0.69, 0.7, 0.67, 0.57, 0.53, 0.61]",bz_0,"cluster_6, cluster_8"
bz_0_cluster_8_1mer-bz_0_cluster_6_1mer,seed-1_sample-0,0,,,,bz_0,"cluster_6, cluster_8"
bz_0_cluster_8_1mer-bz_0_cluster_6_1mer,seed-7_sample-0,2,0.51,0.51,"[0.51, 0.51]",bz_0,"cluster_6, cluster_8"
bz_0_cluster_8_1mer-bz_0_cluster_1_1mer,seed-8_sample-0,0,,,,bz_0,"cluster_1, cluster_8"
bz_0_cluster_8_1mer-bz_0_cluster_1_1mer,seed-10_sample-0,0,,,,bz_0,"cluster_1, cluster_8"
bz_0_cluster_8_1mer-bz_0_cluster_1_1mer,seed-9_sample-0,0,,,,bz_0,"cluster_1, cluster_8"
bz_0_cluster_8_1mer-bz_0_cluster_1_1mer,seed-4_sample-0,0,,,,bz_0,"cluster_1, cluster_8"
bz_0_cluster_8_1mer-bz_0_cluster_1_1mer,seed-2_sample-0,0,,,,bz_0,"cluster_1, cluster_8"
bz_0_cluster_8_1mer-bz_0_cluster_1_1mer,seed-5_sample-0,0,,,,bz_0,"cluster_1, cluster_8"
bz_0_cluster_8_1mer-bz_0_cluster_1_1mer,seed-6_sample-0,0,,,,bz_0,"cluster_1, cluster_8"
bz_0_cluster_8_1mer-bz_0_cluster_1_1mer,seed-3_sample-0,0,,,,bz_0,"cluster_1, cluster_8"
bz_0_cluster_8_1mer-bz_0_cluster_1_1mer,seed-1_sample-0,0,,,,bz_0,"cluster_1, cluster_8"
bz_0_cluster_8_1mer-bz_0_cluster_1_1mer,seed-7_sample-0,0,,,,bz_0,"cluster_1, cluster_8"
bz_0_cluster_8_1mer-bz_0_cluster_3_1mer,seed-8_sample-0,0,,,,bz_0,"cluster_3, cluster_8"
bz_0_cluster_8_1mer-bz_0_cluster_3_1mer,seed-10_sample-0,0,,,,bz_0,"cluster_3, cluster_8"
bz_0_cluster_8_1mer-bz_0_cluster_3_1mer,seed-9_sample-0,0,,,,bz_0,"cluster_3, cluster_8"
bz_0_cluster_8_1mer-bz_0_cluster_3_1mer,seed-4_sample-0,0,,,,bz_0,"cluster_3, cluster_8"
bz_0_cluster_8_1mer-bz_0_cluster_3_1mer,seed-2_sample-0,0,,,,bz_0,"cluster_3, cluster_8"
bz_0_cluster_8_1mer-bz_0_cluster_3_1mer,seed-5_sample-0,0,,,,bz_0,"cluster_3, cluster_8"
bz_0_cluster_8_1mer-bz_0_cluster_3_1mer,seed-6_sample-0,0,,,,bz_0,"cluster_3, cluster_8"
bz_0_cluster_8_1mer-bz_0_cluster_3_1mer,seed-3_sample-0,0,,,,bz_0,"cluster_3, cluster_8"
bz_0_cluster_8_1mer-bz_0_cluster_3_1mer,seed-1_sample-0,0,,,,bz_0,"cluster_3, cluster_8"
bz_0_cluster_8_1mer-bz_0_cluster_3_1mer,seed-7_sample-0,0,,,,bz_0,"cluster_3, cluster_8"
bz_0_cluster_8_1mer-bz_0_cluster_2_1mer,seed-8_sample-0,0,,,,bz_0,"cluster_2, cluster_8"
bz_0_cluster_8_1mer-bz_0_cluster_2_1mer,seed-10_sample-0,0,,,,bz_0,"cluster_2, cluster_8"
bz_0_cluster_8_1mer-bz_0_cluster_2_1mer,seed-9_sample-0,0,,,,bz_0,"cluster_2, cluster_8"
bz_0_cluster_8_1mer-bz_0_cluster_2_1mer,seed-4_sample-0,0,,,,bz_0,"cluster_2, cluster_8"
bz_0_cluster_8_1mer-bz_0_cluster_2_1mer,seed-2_sample-0,0,,,,bz_0,"cluster_2, cluster_8"
bz_0_cluster_8_1mer-bz_0_cluster_2_1mer,seed-5_sample-0,0,,,,bz_0,"cluster_2, cluster_8"
bz_0_cluster_8_1mer-bz_0_cluster_2_1mer,seed-6_sample-0,0,,,,bz_0,"cluster_2, cluster_8"
bz_0_cluster_8_1mer-bz_0_cluster_2_1mer,seed-3_sample-0,0,,,,bz_0,"cluster_2, cluster_8"
bz_0_cluster_8_1mer-bz_0_cluster_2_1mer,seed-1_sample-0,0,,,,bz_0,"cluster_2, cluster_8"
bz_0_cluster_8_1mer-bz_0_cluster_2_1mer,seed-7_sample-0,0,,,,bz_0,"cluster_2, cluster_8"
bz_0_cluster_7_1mer-bz_0_cluster_0_1mer,seed-8_sample-0,66,0.54,0.7106060606060607,"[0.67, 0.6, 0.7, 0.8, 0.65, 0.83, 0.72, 0.73, 0.66, 0.71, 0.54, 0.74, 0.72, 0.78, 0.75, 0.79, 0.77, 0.72, 0.69, 0.78, 0.56, 0.65, 0.73, 0.61, 0.69, 0.84, 0.72, 0.73, 0.81, 0.58, 0.72, 0.76, 0.7, 0.67, 0.71, 0.54, 0.7, 0.6, 0.8, 0.73, 0.65, 0.73, 0.66, 0.72, 0.61, 0.74, 0.78, 0.69, 0.75, 0.78, 0.72, 0.79, 0.56, 0.72, 0.77, 0.65, 0.72, 0.73, 0.76, 0.7, 0.69, 0.83, 0.84, 0.72, 0.81, 0.58]",bz_0,"cluster_0, cluster_7"
bz_0_cluster_7_1mer-bz_0_cluster_0_1mer,seed-10_sample-0,68,0.51,0.7097058823529412,"[0.67, 0.61, 0.7, 0.81, 0.65, 0.83, 0.72, 0.72, 0.67, 0.72, 0.56, 0.74, 0.51, 0.72, 0.79, 0.76, 0.79, 0.77, 0.72, 0.69, 0.78, 0.57, 0.65, 0.74, 0.62, 0.7, 0.84, 0.72, 0.75, 0.82, 0.58, 0.73, 0.77, 0.71, 0.67, 0.72, 0.56, 0.51, 0.7, 0.61, 0.81, 0.74, 0.65, 0.72, 0.67, 0.72, 0.62, 0.74, 0.79, 0.69, 0.76, 0.78, 0.72, 0.79, 0.57, 0.72, 0.77, 0.65, 0.73, 0.75, 0.77, 0.71, 0.7, 0.83, 0.84, 0.72, 0.82, 0.58]",bz_0,"cluster_0, cluster_7"
bz_0_cluster_7_1mer-bz_0_cluster_0_1mer,seed-9_sample-0,66,0.55,0.704848484848485,"[0.65, 0.59, 0.7, 0.81, 0.64, 0.82, 0.71, 0.71, 0.65, 0.7, 0.55, 0.73, 0.7, 0.77, 0.76, 0.79, 0.76, 0.72, 0.68, 0.76, 0.56, 0.66, 0.73, 0.61, 0.68, 0.83, 0.72, 0.72, 0.81, 0.59, 0.71, 0.75, 0.69, 0.65, 0.7, 0.55, 0.7, 0.59, 0.81, 0.73, 0.64, 0.71, 0.65, 0.72, 0.61, 0.73, 0.77, 0.68, 0.76, 0.76, 0.7, 0.79, 0.56, 0.71, 0.76, 0.66, 0.71, 0.72, 0.75, 0.69, 0.68, 0.82, 0.83, 0.72, 0.81, 0.59]",bz_0,"cluster_0, cluster_7"
bz_0_cluster_7_1mer-bz_0_cluster_0_1mer,seed-4_sample-0,66,0.54,0.700909090909091,"[0.65, 0.6, 0.7, 0.79, 0.65, 0.82, 0.71, 0.71, 0.65, 0.7, 0.54, 0.73, 0.7, 0.77, 0.75, 0.78, 0.76, 0.71, 0.68, 0.76, 0.55, 0.63, 0.73, 0.6, 0.67, 0.83, 0.71, 0.71, 0.81, 0.59, 0.7, 0.75, 0.69, 0.65, 0.7, 0.54, 0.7, 0.6, 0.79, 0.73, 0.65, 0.71, 0.65, 0.71, 0.6, 0.73, 0.77, 0.68, 0.75, 0.76, 0.7, 0.78, 0.55, 0.71, 0.76, 0.63, 0.7, 0.71, 0.75, 0.69, 0.67, 0.82, 0.83, 0.71, 0.81, 0.59]",bz_0,"cluster_0, cluster_7"
bz_0_cluster_7_1mer-bz_0_cluster_0_1mer,seed-2_sample-0,70,0.51,0.7031428571428571,"[0.51, 0.66, 0.6, 0.71, 0.8, 0.65, 0.83, 0.71, 0.72, 0.65, 0.71, 0.55, 0.74, 0.72, 0.79, 0.77, 0.8, 0.76, 0.73, 0.7, 0.77, 0.56, 0.65, 0.74, 0.63, 0.7, 0.83, 0.73, 0.74, 0.83, 0.58, 0.73, 0.78, 0.72, 0.51, 0.51, 0.66, 0.71, 0.55, 0.71, 0.6, 0.8, 0.74, 0.65, 0.72, 0.65, 0.73, 0.63, 0.74, 0.79, 0.7, 0.77, 0.77, 0.72, 0.8, 0.56, 0.71, 0.76, 0.65, 0.73, 0.74, 0.78, 0.51, 0.72, 0.7, 0.83, 0.83, 0.73, 0.83, 0.58]",bz_0,"cluster_0, cluster_7"
bz_0_cluster_7_1mer-bz_0_cluster_0_1mer,seed-5_sample-0,66,0.55,0.7157575757575758,"[0.67, 0.6, 0.71, 0.8, 0.66, 0.83, 0.72, 0.73, 0.66, 0.72, 0.55, 0.74, 0.71, 0.79, 0.77, 0.79, 0.77, 0.72, 0.69, 0.78, 0.56, 0.65, 0.74, 0.63, 0.7, 0.84, 0.72, 0.74, 0.82, 0.59, 0.73, 0.78, 0.71, 0.67, 0.72, 0.55, 0.71, 0.6, 0.8, 0.74, 0.66, 0.73, 0.66, 0.72, 0.63, 0.74, 0.79, 0.69, 0.77, 0.78, 0.71, 0.79, 0.56, 0.72, 0.77, 0.65, 0.73, 0.74, 0.78, 0.71, 0.7, 0.83, 0.84, 0.72, 0.82, 0.59]",bz_0,"cluster_0, cluster_7"
bz_0_cluster_7_1mer-bz_0_cluster_0_1mer,seed-6_sample-0,66,0.54,0.6996969696969697,"[0.65, 0.59, 0.7, 0.79, 0.64, 0.82, 0.71, 0.71, 0.64, 0.71, 0.54, 0.72, 0.69, 0.77, 0.75, 0.78, 0.75, 0.71, 0.68, 0.76, 0.55, 0.65, 0.72, 0.6, 0.68, 0.83, 0.71, 0.71, 0.81, 0.58, 0.7, 0.75, 0.69, 0.65, 0.71, 0.54, 0.7, 0.59, 0.79, 0.72, 0.64, 0.71, 0.64, 0.71, 0.6, 0.72, 0.77, 0.68, 0.75, 0.76, 0.69, 0.78, 0.55, 0.71, 0.75, 0.65, 0.7, 0.71, 0.75, 0.69, 0.68, 0.82, 0.83, 0.71, 0.81, 0.58]",bz_0,"cluster_0, cluster_7"
bz_0_cluster_7_1mer-bz_0_cluster_0_1mer,seed-3_sample-0,66,0.54,0.7036363636363637,"[0.64, 0.61, 0.7, 0.79, 0.66, 0.82, 0.71, 0.71, 0.64, 0.7, 0.55, 0.71, 0.71, 0.77, 0.75, 0.78, 0.76, 0.71, 0.69, 0.77, 0.54, 0.65, 0.74, 0.61, 0.68, 0.83, 0.72, 0.72, 0.81, 0.58, 0.71, 0.76, 0.69, 0.64, 0.7, 0.55, 0.7, 0.61, 0.79, 0.74, 0.66, 0.71, 0.64, 0.71, 0.61, 0.71, 0.77, 0.69, 0.75, 0.77, 0.71, 0.78, 0.54, 0.71, 0.76, 0.65, 0.71, 0.72, 0.76, 0.69, 0.68, 0.82, 0.83, 0.72, 0.81, 0.58]",bz_0,"cluster_0, cluster_7"
bz_0_cluster_7_1mer-bz_0_cluster_0_1mer,seed-1_sample-0,66,0.55,0.7045454545454546,"[0.65, 0.59, 0.7, 0.79, 0.65, 0.82, 0.71, 0.72, 0.65, 0.71, 0.55, 0.73, 0.7, 0.78, 0.75, 0.78, 0.76, 0.71, 0.68, 0.78, 0.55, 0.66, 0.73, 0.61, 0.68, 0.82, 0.71, 0.72, 0.81, 0.58, 0.71, 0.76, 0.7, 0.65, 0.71, 0.55, 0.7, 0.59, 0.79, 0.73, 0.65, 0.72, 0.65, 0.71, 0.61, 0.73, 0.78, 0.68, 0.75, 0.78, 0.7, 0.78, 0.55, 0.71, 0.76, 0.66, 0.71, 0.72, 0.76, 0.7, 0.68, 0.82, 0.82, 0.71, 0.81, 0.58]",bz_0,"cluster_0, cluster_7"
bz_0_cluster_7_1mer-bz_0_cluster_0_1mer,seed-7_sample-0,70,0.51,0.7160000000000002,"[0.51, 0.68, 0.63, 0.72, 0.83, 0.66, 0.84, 0.73, 0.73, 0.67, 0.73, 0.57, 0.75, 0.51, 0.73, 0.79, 0.77, 0.81, 0.77, 0.73, 0.7, 0.79, 0.57, 0.66, 0.76, 0.64, 0.72, 0.85, 0.75, 0.76, 0.83, 0.59, 0.75, 0.79, 0.74, 0.51, 0.68, 0.73, 0.57, 0.51, 0.72, 0.63, 0.83, 0.76, 0.66, 0.73, 0.67, 0.73, 0.64, 0.75, 0.79, 0.7, 0.77, 0.79, 0.73, 0.81, 0.57, 0.73, 0.77, 0.66, 0.75, 0.76, 0.79, 0.74, 0.72, 0.84, 0.85, 0.75, 0.83, 0.59]",bz_0,"cluster_0, cluster_7"
bz_0_cluster_7_1mer-bz_0_cluster_4_1mer,seed-8_sample-0,0,,,,bz_0,"cluster_4, cluster_7"
bz_0_cluster_7_1mer-bz_0_cluster_4_1mer,seed-10_sample-0,0,,,,bz_0,"cluster_4, cluster_7"
bz_0_cluster_7_1mer-bz_0_cluster_4_1mer,seed-9_sample-0,0,,,,bz_0,"cluster_4, cluster_7"
bz_0_cluster_7_1mer-bz_0_cluster_4_1mer,seed-4_sample-0,0,,,,bz_0,"cluster_4, cluster_7"
bz_0_cluster_7_1mer-bz_0_cluster_4_1mer,seed-2_sample-0,0,,,,bz_0,"cluster_4, cluster_7"
bz_0_cluster_7_1mer-bz_0_cluster_4_1mer,seed-5_sample-0,0,,,,bz_0,"cluster_4, cluster_7"
bz_0_cluster_7_1mer-bz_0_cluster_4_1mer,seed-6_sample-0,0,,,,bz_0,"cluster_4, cluster_7"
bz_0_cluster_7_1mer-bz_0_cluster_4_1mer,seed-3_sample-0,0,,,,bz_0,"cluster_4, cluster_7"
bz_0_cluster_7_1mer-bz_0_cluster_4_1mer,seed-1_sample-0,0,,,,bz_0,"cluster_4, cluster_7"
bz_0_cluster_7_1mer-bz_0_cluster_4_1mer,seed-7_sample-0,0,,,,bz_0,"cluster_4, cluster_7"
bz_0_cluster_7_1mer-bz_0_cluster_5_1mer,seed-8_sample-0,0,,,,bz_0,"cluster_5, cluster_7"
bz_0_cluster_7_1mer-bz_0_cluster_5_1mer,seed-10_sample-0,0,,,,bz_0,"cluster_5, cluster_7"
bz_0_cluster_7_1mer-bz_0_cluster_5_1mer,seed-9_sample-0,0,,,,bz_0,"cluster_5, cluster_7"
bz_0_cluster_7_1mer-bz_0_cluster_5_1mer,seed-4_sample-0,0,,,,bz_0,"cluster_5, cluster_7"
bz_0_cluster_7_1mer-bz_0_cluster_5_1mer,seed-2_sample-0,0,,,,bz_0,"cluster_5, cluster_7"
bz_0_cluster_7_1mer-bz_0_cluster_5_1mer,seed-5_sample-0,0,,,,bz_0,"cluster_5, cluster_7"
bz_0_cluster_7_1mer-bz_0_cluster_5_1mer,seed-6_sample-0,0,,,,bz_0,"cluster_5, cluster_7"
bz_0_cluster_7_1mer-bz_0_cluster_5_1mer,seed-3_sample-0,0,,,,bz_0,"cluster_5, cluster_7"
bz_0_cluster_7_1mer-bz_0_cluster_5_1mer,seed-1_sample-0,0,,,,bz_0,"cluster_5, cluster_7"
bz_0_cluster_7_1mer-bz_0_cluster_5_1mer,seed-7_sample-0,0,,,,bz_0,"cluster_5, cluster_7"
bz_0_cluster_7_1mer-bz_0_cluster_6_1mer,seed-8_sample-0,0,,,,bz_0,"cluster_6, cluster_7"
bz_0_cluster_7_1mer-bz_0_cluster_6_1mer,seed-10_sample-0,0,,,,bz_0,"cluster_6, cluster_7"
bz_0_cluster_7_1mer-bz_0_cluster_6_1mer,seed-9_sample-0,0,,,,bz_0,"cluster_6, cluster_7"
bz_0_cluster_7_1mer-bz_0_cluster_6_1mer,seed-4_sample-0,0,,,,bz_0,"cluster_6, cluster_7"
bz_0_cluster_7_1mer-bz_0_cluster_6_1mer,seed-2_sample-0,0,,,,bz_0,"cluster_6, cluster_7"
bz_0_cluster_7_1mer-bz_0_cluster_6_1mer,seed-5_sample-0,0,,,,bz_0,"cluster_6, cluster_7"
bz_0_cluster_7_1mer-bz_0_cluster_6_1mer,seed-6_sample-0,0,,,,bz_0,"cluster_6, cluster_7"
bz_0_cluster_7_1mer-bz_0_cluster_6_1mer,seed-3_sample-0,0,,,,bz_0,"cluster_6, cluster_7"
bz_0_cluster_7_1mer-bz_0_cluster_6_1mer,seed-1_sample-0,0,,,,bz_0,"cluster_6, cluster_7"
bz_0_cluster_7_1mer-bz_0_cluster_6_1mer,seed-7_sample-0,0,,,,bz_0,"cluster_6, cluster_7"
bz_0_cluster_7_1mer-bz_0_cluster_1_1mer,seed-8_sample-0,0,,,,bz_0,"cluster_1, cluster_7"
bz_0_cluster_7_1mer-bz_0_cluster_1_1mer,seed-10_sample-0,0,,,,bz_0,"cluster_1, cluster_7"
bz_0_cluster_7_1mer-bz_0_cluster_1_1mer,seed-9_sample-0,0,,,,bz_0,"cluster_1, cluster_7"
bz_0_cluster_7_1mer-bz_0_cluster_1_1mer,seed-4_sample-0,0,,,,bz_0,"cluster_1, cluster_7"
bz_0_cluster_7_1mer-bz_0_cluster_1_1mer,seed-2_sample-0,0,,,,bz_0,"cluster_1, cluster_7"
bz_0_cluster_7_1mer-bz_0_cluster_1_1mer,seed-5_sample-0,0,,,,bz_0,"cluster_1, cluster_7"
bz_0_cluster_7_1mer-bz_0_cluster_1_1mer,seed-6_sample-0,0,,,,bz_0,"cluster_1, cluster_7"
bz_0_cluster_7_1mer-bz_0_cluster_1_1mer,seed-3_sample-0,0,,,,bz_0,"cluster_1, cluster_7"
bz_0_cluster_7_1mer-bz_0_cluster_1_1mer,seed-1_sample-0,0,,,,bz_0,"cluster_1, cluster_7"
bz_0_cluster_7_1mer-bz_0_cluster_1_1mer,seed-7_sample-0,0,,,,bz_0,"cluster_1, cluster_7"
bz_0_cluster_7_1mer-bz_0_cluster_3_1mer,seed-8_sample-0,0,,,,bz_0,"cluster_3, cluster_7"
bz_0_cluster_7_1mer-bz_0_cluster_3_1mer,seed-10_sample-0,0,,,,bz_0,"cluster_3, cluster_7"
bz_0_cluster_7_1mer-bz_0_cluster_3_1mer,seed-9_sample-0,0,,,,bz_0,"cluster_3, cluster_7"
bz_0_cluster_7_1mer-bz_0_cluster_3_1mer,seed-4_sample-0,0,,,,bz_0,"cluster_3, cluster_7"
bz_0_cluster_7_1mer-bz_0_cluster_3_1mer,seed-2_sample-0,0,,,,bz_0,"cluster_3, cluster_7"
bz_0_cluster_7_1mer-bz_0_cluster_3_1mer,seed-5_sample-0,0,,,,bz_0,"cluster_3, cluster_7"
bz_0_cluster_7_1mer-bz_0_cluster_3_1mer,seed-6_sample-0,0,,,,bz_0,"cluster_3, cluster_7"
bz_0_cluster_7_1mer-bz_0_cluster_3_1mer,seed-3_sample-0,0,,,,bz_0,"cluster_3, cluster_7"
bz_0_cluster_7_1mer-bz_0_cluster_3_1mer,seed-1_sample-0,0,,,,bz_0,"cluster_3, cluster_7"
bz_0_cluster_7_1mer-bz_0_cluster_3_1mer,seed-7_sample-0,0,,,,bz_0,"cluster_3, cluster_7"
bz_0_cluster_7_1mer-bz_0_cluster_2_1mer,seed-8_sample-0,0,,,,bz_0,"cluster_2, cluster_7"
bz_0_cluster_7_1mer-bz_0_cluster_2_1mer,seed-10_sample-0,0,,,,bz_0,"cluster_2, cluster_7"
bz_0_cluster_7_1mer-bz_0_cluster_2_1mer,seed-9_sample-0,0,,,,bz_0,"cluster_2, cluster_7"
bz_0_cluster_7_1mer-bz_0_cluster_2_1mer,seed-4_sample-0,0,,,,bz_0,"cluster_2, cluster_7"
bz_0_cluster_7_1mer-bz_0_cluster_2_1mer,seed-2_sample-0,0,,,,bz_0,"cluster_2, cluster_7"
bz_0_cluster_7_1mer-bz_0_cluster_2_1mer,seed-5_sample-0,0,,,,bz_0,"cluster_2, cluster_7"
bz_0_cluster_7_1mer-bz_0_cluster_2_1mer,seed-6_sample-0,0,,,,bz_0,"cluster_2, cluster_7"
bz_0_cluster_7_1mer-bz_0_cluster_2_1mer,seed-3_sample-0,0,,,,bz_0,"cluster_2, cluster_7"
bz_0_cluster_7_1mer-bz_0_cluster_2_1mer,seed-1_sample-0,0,,,,bz_0,"cluster_2, cluster_7"
bz_0_cluster_7_1mer-bz_0_cluster_2_1mer,seed-7_sample-0,0,,,,bz_0,"cluster_2, cluster_7"
bz_0_cluster_0_1mer-bz_0_cluster_4_1mer,seed-8_sample-0,0,,,,bz_0,"cluster_0, cluster_4"
bz_0_cluster_0_1mer-bz_0_cluster_4_1mer,seed-10_sample-0,0,,,,bz_0,"cluster_0, cluster_4"
bz_0_cluster_0_1mer-bz_0_cluster_4_1mer,seed-9_sample-0,0,,,,bz_0,"cluster_0, cluster_4"
bz_0_cluster_0_1mer-bz_0_cluster_4_1mer,seed-4_sample-0,0,,,,bz_0,"cluster_0, cluster_4"
bz_0_cluster_0_1mer-bz_0_cluster_4_1mer,seed-2_sample-0,0,,,,bz_0,"cluster_0, cluster_4"
bz_0_cluster_0_1mer-bz_0_cluster_4_1mer,seed-5_sample-0,0,,,,bz_0,"cluster_0, cluster_4"
bz_0_cluster_0_1mer-bz_0_cluster_4_1mer,seed-6_sample-0,0,,,,bz_0,"cluster_0, cluster_4"
bz_0_cluster_0_1mer-bz_0_cluster_4_1mer,seed-3_sample-0,0,,,,bz_0,"cluster_0, cluster_4"
bz_0_cluster_0_1mer-bz_0_cluster_4_1mer,seed-1_sample-0,0,,,,bz_0,"cluster_0, cluster_4"
bz_0_cluster_0_1mer-bz_0_cluster_4_1mer,seed-7_sample-0,0,,,,bz_0,"cluster_0, cluster_4"
bz_0_cluster_0_1mer-bz_0_cluster_5_1mer,seed-8_sample-0,0,,,,bz_0,"cluster_0, cluster_5"
bz_0_cluster_0_1mer-bz_0_cluster_5_1mer,seed-10_sample-0,0,,,,bz_0,"cluster_0, cluster_5"
bz_0_cluster_0_1mer-bz_0_cluster_5_1mer,seed-9_sample-0,0,,,,bz_0,"cluster_0, cluster_5"
bz_0_cluster_0_1mer-bz_0_cluster_5_1mer,seed-4_sample-0,0,,,,bz_0,"cluster_0, cluster_5"
bz_0_cluster_0_1mer-bz_0_cluster_5_1mer,seed-2_sample-0,0,,,,bz_0,"cluster_0, cluster_5"
bz_0_cluster_0_1mer-bz_0_cluster_5_1mer,seed-5_sample-0,0,,,,bz_0,"cluster_0, cluster_5"
bz_0_cluster_0_1mer-bz_0_cluster_5_1mer,seed-6_sample-0,0,,,,bz_0,"cluster_0, cluster_5"
bz_0_cluster_0_1mer-bz_0_cluster_5_1mer,seed-3_sample-0,0,,,,bz_0,"cluster_0, cluster_5"
bz_0_cluster_0_1mer-bz_0_cluster_5_1mer,seed-1_sample-0,0,,,,bz_0,"cluster_0, cluster_5"
bz_0_cluster_0_1mer-bz_0_cluster_5_1mer,seed-7_sample-0,0,,,,bz_0,"cluster_0, cluster_5"
bz_0_cluster_0_1mer-bz_0_cluster_6_1mer,seed-8_sample-0,0,,,,bz_0,"cluster_0, cluster_6"
bz_0_cluster_0_1mer-bz_0_cluster_6_1mer,seed-10_sample-0,0,,,,bz_0,"cluster_0, cluster_6"
bz_0_cluster_0_1mer-bz_0_cluster_6_1mer,seed-9_sample-0,0,,,,bz_0,"cluster_0, cluster_6"
bz_0_cluster_0_1mer-bz_0_cluster_6_1mer,seed-4_sample-0,0,,,,bz_0,"cluster_0, cluster_6"
bz_0_cluster_0_1mer-bz_0_cluster_6_1mer,seed-2_sample-0,0,,,,bz_0,"cluster_0, cluster_6"
bz_0_cluster_0_1mer-bz_0_cluster_6_1mer,seed-5_sample-0,0,,,,bz_0,"cluster_0, cluster_6"
bz_0_cluster_0_1mer-bz_0_cluster_6_1mer,seed-6_sample-0,0,,,,bz_0,"cluster_0, cluster_6"
bz_0_cluster_0_1mer-bz_0_cluster_6_1mer,seed-3_sample-0,0,,,,bz_0,"cluster_0, cluster_6"
bz_0_cluster_0_1mer-bz_0_cluster_6_1mer,seed-1_sample-0,0,,,,bz_0,"cluster_0, cluster_6"
bz_0_cluster_0_1mer-bz_0_cluster_6_1mer,seed-7_sample-0,0,,,,bz_0,"cluster_0, cluster_6"
bz_0_cluster_0_1mer-bz_0_cluster_1_1mer,seed-8_sample-0,0,,,,bz_0,"cluster_0, cluster_1"
bz_0_cluster_0_1mer-bz_0_cluster_1_1mer,seed-10_sample-0,0,,,,bz_0,"cluster_0, cluster_1"
bz_0_cluster_0_1mer-bz_0_cluster_1_1mer,seed-9_sample-0,0,,,,bz_0,"cluster_0, cluster_1"
bz_0_cluster_0_1mer-bz_0_cluster_1_1mer,seed-4_sample-0,0,,,,bz_0,"cluster_0, cluster_1"
bz_0_cluster_0_1mer-bz_0_cluster_1_1mer,seed-2_sample-0,0,,,,bz_0,"cluster_0, cluster_1"
bz_0_cluster_0_1mer-bz_0_cluster_1_1mer,seed-5_sample-0,0,,,,bz_0,"cluster_0, cluster_1"
bz_0_cluster_0_1mer-bz_0_cluster_1_1mer,seed-6_sample-0,0,,,,bz_0,"cluster_0, cluster_1"
bz_0_cluster_0_1mer-bz_0_cluster_1_1mer,seed-3_sample-0,0,,,,bz_0,"cluster_0, cluster_1"
bz_0_cluster_0_1mer-bz_0_cluster_1_1mer,seed-1_sample-0,0,,,,bz_0,"cluster_0, cluster_1"
bz_0_cluster_0_1mer-bz_0_cluster_1_1mer,seed-7_sample-0,0,,,,bz_0,"cluster_0, cluster_1"
bz_0_cluster_0_1mer-bz_0_cluster_3_1mer,seed-8_sample-0,0,,,,bz_0,"cluster_0, cluster_3"
bz_0_cluster_0_1mer-bz_0_cluster_3_1mer,seed-10_sample-0,0,,,,bz_0,"cluster_0, cluster_3"
bz_0_cluster_0_1mer-bz_0_cluster_3_1mer,seed-9_sample-0,0,,,,bz_0,"cluster_0, cluster_3"
bz_0_cluster_0_1mer-bz_0_cluster_3_1mer,seed-4_sample-0,0,,,,bz_0,"cluster_0, cluster_3"
bz_0_cluster_0_1mer-bz_0_cluster_3_1mer,seed-2_sample-0,0,,,,bz_0,"cluster_0, cluster_3"
bz_0_cluster_0_1mer-bz_0_cluster_3_1mer,seed-5_sample-0,0,,,,bz_0,"cluster_0, cluster_3"
bz_0_cluster_0_1mer-bz_0_cluster_3_1mer,seed-6_sample-0,0,,,,bz_0,"cluster_0, cluster_3"
bz_0_cluster_0_1mer-bz_0_cluster_3_1mer,seed-3_sample-0,0,,,,bz_0,"cluster_0, cluster_3"
bz_0_cluster_0_1mer-bz_0_cluster_3_1mer,seed-1_sample-0,0,,,,bz_0,"cluster_0, cluster_3"
bz_0_cluster_0_1mer-bz_0_cluster_3_1mer,seed-7_sample-0,0,,,,bz_0,"cluster_0, cluster_3"
bz_0_cluster_0_1mer-bz_0_cluster_2_1mer,seed-8_sample-0,0,,,,bz_0,"cluster_0, cluster_2"
bz_0_cluster_0_1mer-bz_0_cluster_2_1mer,seed-10_sample-0,0,,,,bz_0,"cluster_0, cluster_2"
bz_0_cluster_0_1mer-bz_0_cluster_2_1mer,seed-9_sample-0,0,,,,bz_0,"cluster_0, cluster_2"
bz_0_cluster_0_1mer-bz_0_cluster_2_1mer,seed-4_sample-0,0,,,,bz_0,"cluster_0, cluster_2"
bz_0_cluster_0_1mer-bz_0_cluster_2_1mer,seed-2_sample-0,0,,,,bz_0,"cluster_0, cluster_2"
bz_0_cluster_0_1mer-bz_0_cluster_2_1mer,seed-5_sample-0,0,,,,bz_0,"cluster_0, cluster_2"
bz_0_cluster_0_1mer-bz_0_cluster_2_1mer,seed-6_sample-0,0,,,,bz_0,"cluster_0, cluster_2"
bz_0_cluster_0_1mer-bz_0_cluster_2_1mer,seed-3_sample-0,0,,,,bz_0,"cluster_0, cluster_2"
bz_0_cluster_0_1mer-bz_0_cluster_2_1mer,seed-1_sample-0,0,,,,bz_0,"cluster_0, cluster_2"
bz_0_cluster_0_1mer-bz_0_cluster_2_1mer,seed-7_sample-0,0,,,,bz_0,"cluster_0, cluster_2"
bz_0_cluster_4_1mer-bz_0_cluster_5_1mer,seed-8_sample-0,164,0.51,0.8808536585365854,"[0.74, 0.86, 0.63, 0.96, 0.99, 0.85, 0.92, 1.0, 0.92, 0.99, 0.98, 1.0, 1.0, 0.99, 1.0, 0.79, 1.0, 0.9, 1.0, 1.0, 1.0, 1.0, 1.0, 1.0, 1.0, 1.0, 1.0, 0.99, 1.0, 0.99, 0.99, 0.75, 0.92, 0.98, 0.53, 0.81, 0.82, 0.63, 0.99, 0.98, 1.0, 1.0, 0.83, 1.0, 1.0, 1.0, 0.94, 0.82, 1.0, 1.0, 0.97, 1.0, 0.99, 1.0, 1.0, 1.0, 0.99, 1.0, 0.98, 0.89, 0.99, 0.99, 0.99, 0.94, 0.99, 0.56, 0.96, 0.88, 0.58, 0.57, 0.53, 0.51, 0.54, 0.63, 0.64, 0.69, 0.61, 0.71, 0.68, 0.7, 0.55, 0.68, 1.0, 1.0, 1.0, 1.0, 0.82, 0.99, 0.94, 1.0, 0.97, 1.0, 1.0, 1.0, 1.0, 1.0, 0.99, 0.99, 0.99, 1.0, 0.99, 0.98, 0.99, 0.56, 0.89, 0.94, 0.96, 0.88, 0.99, 0.74, 0.63, 0.85, 1.0, 0.86, 0.96, 0.92, 0.83, 1.0, 0.98, 0.92, 1.0, 0.9, 0.99, 1.0, 1.0, 1.0, 0.79, 1.0, 1.0, 1.0, 1.0, 1.0, 1.0, 1.0, 0.99, 1.0, 1.0, 1.0, 0.92, 0.99, 0.98, 0.99, 0.99, 0.99, 0.98, 0.53, 0.75, 0.81, 0.82, 0.58, 0.63, 0.57, 0.53, 0.51, 0.54, 0.63, 0.61, 0.64, 0.69, 0.71, 0.7, 0.55, 0.68, 0.68]",bz_0,"cluster_4, cluster_5"
bz_0_cluster_4_1mer-bz_0_cluster_5_1mer,seed-10_sample-0,164,0.52,0.8817073170731708,"[0.75, 0.86, 0.63, 0.96, 0.99, 0.85, 0.92, 1.0, 0.92, 0.99, 0.98, 1.0, 1.0, 0.99, 1.0, 0.8, 1.0, 0.91, 1.0, 1.0, 1.0, 1.0, 1.0, 1.0, 1.0, 1.0, 1.0, 0.99, 1.0, 0.99, 0.99, 0.74, 0.92, 0.98, 0.52, 0.81, 0.82, 0.64, 0.99, 0.98, 0.99, 1.0, 0.81, 1.0, 1.0, 1.0, 0.93, 0.83, 1.0, 1.0, 0.97, 1.0, 0.99, 1.0, 1.0, 1.0, 0.99, 1.0, 0.98, 0.89, 0.99, 0.99, 0.99, 0.94, 0.99, 0.55, 0.96, 0.88, 0.58, 0.58, 0.54, 0.52, 0.55, 0.63, 0.64, 0.69, 0.62, 0.71, 0.68, 0.7, 0.58, 0.69, 0.99, 1.0, 1.0, 1.0, 0.83, 0.99, 0.93, 1.0, 0.97, 1.0, 1.0, 1.0, 1.0, 1.0, 0.99, 0.99, 0.99, 1.0, 0.99, 0.98, 0.99, 0.55, 0.89, 0.94, 0.96, 0.88, 0.99, 0.75, 0.63, 0.85, 1.0, 0.86, 0.96, 0.92, 0.81, 1.0, 0.98, 0.92, 1.0, 0.91, 0.99, 1.0, 1.0, 1.0, 0.8, 1.0, 1.0, 1.0, 1.0, 1.0, 1.0, 1.0, 0.99, 1.0, 1.0, 1.0, 0.92, 0.99, 0.98, 0.99, 0.99, 0.99, 0.98, 0.52, 0.74, 0.81, 0.82, 0.58, 0.64, 0.58, 0.54, 0.52, 0.55, 0.63, 0.62, 0.64, 0.69, 0.71, 0.7, 0.58, 0.68, 0.69]",bz_0,"cluster_4, cluster_5"
bz_0_cluster_4_1mer-bz_0_cluster_5_1mer,seed-9_sample-0,164,0.52,0.8818292682926829,"[0.74, 0.86, 0.64, 0.96, 0.99, 0.85, 0.93, 1.0, 0.91, 0.99, 0.98, 1.0, 1.0, 0.99, 1.0, 0.8, 1.0, 0.91, 1.0, 1.0, 1.0, 1.0, 1.0, 1.0, 1.0, 1.0, 1.0, 0.99, 1.0, 0.99, 0.99, 0.75, 0.92, 0.98, 0.54, 0.81, 0.82, 0.63, 0.99, 0.98, 0.99, 1.0, 0.83, 1.0, 1.0, 1.0, 0.93, 0.83, 1.0, 1.0, 0.97, 1.0, 0.99, 1.0, 1.0, 1.0, 0.99, 1.0, 0.98, 0.9, 0.99, 0.99, 0.99, 0.94, 0.99, 0.55, 0.95, 0.88, 0.57, 0.58, 0.54, 0.52, 0.55, 0.63, 0.64, 0.69, 0.62, 0.71, 0.68, 0.7, 0.56, 0.69, 0.99, 1.0, 1.0, 1.0, 0.83, 0.99, 0.93, 1.0, 0.97, 1.0, 1.0, 1.0, 1.0, 1.0, 0.99, 0.99, 0.99, 1.0, 0.99, 0.98, 0.99, 0.55, 0.9, 0.94, 0.95, 0.88, 0.99, 0.74, 0.64, 0.85, 1.0, 0.86, 0.96, 0.93, 0.83, 1.0, 0.98, 0.91, 1.0, 0.91, 0.99, 1.0, 1.0, 1.0, 0.8, 1.0, 1.0, 1.0, 1.0, 1.0, 1.0, 1.0, 0.99, 1.0, 1.0, 1.0, 0.92, 0.99, 0.98, 0.99, 0.99, 0.99, 0.98, 0.54, 0.75, 0.81, 0.82, 0.57, 0.63, 0.58, 0.54, 0.52, 0.55, 0.63, 0.62, 0.64, 0.69, 0.71, 0.7, 0.56, 0.68, 0.69]",bz_0,"cluster_4, cluster_5"
bz_0_cluster_4_1mer-bz_0_cluster_5_1mer,seed-4_sample-0,164,0.52,0.8824390243902439,"[0.74, 0.86, 0.64, 0.96, 0.99, 0.86, 0.92, 1.0, 0.91, 0.99, 0.98, 1.0, 1.0, 0.99, 1.0, 0.78, 1.0, 0.9, 1.0, 1.0, 1.0, 1.0, 1.0, 1.0, 1.0, 1.0, 1.0, 0.99, 1.0, 0.99, 0.99, 0.76, 0.92, 0.98, 0.53, 0.81, 0.83, 0.64, 0.99, 0.98, 0.99, 1.0, 0.82, 1.0, 1.0, 1.0, 0.93, 0.84, 1.0, 1.0, 0.96, 1.0, 0.99, 1.0, 1.0, 1.0, 0.99, 1.0, 0.98, 0.89, 0.99, 0.99, 0.99, 0.94, 0.99, 0.54, 0.96, 0.89, 0.58, 0.58, 0.56, 0.52, 0.55, 0.63, 0.65, 0.69, 0.62, 0.7, 0.69, 0.71, 0.58, 0.69, 0.99, 1.0, 1.0, 1.0, 0.84, 0.99, 0.93, 1.0, 0.96, 1.0, 1.0, 1.0, 1.0, 1.0, 0.99, 0.99, 0.99, 1.0, 0.99, 0.98, 0.99, 0.54, 0.89, 0.94, 0.96, 0.89, 0.99, 0.74, 0.64, 0.86, 1.0, 0.86, 0.96, 0.92, 0.82, 1.0, 0.98, 0.91, 1.0, 0.9, 0.99, 1.0, 1.0, 1.0, 0.78, 1.0, 1.0, 1.0, 1.0, 1.0, 1.0, 1.0, 0.99, 1.0, 1.0, 1.0, 0.92, 0.99, 0.98, 0.99, 0.99, 0.99, 0.98, 0.53, 0.76, 0.81, 0.83, 0.58, 0.64, 0.58, 0.56, 0.52, 0.55, 0.63, 0.62, 0.65, 0.69, 0.7, 0.71, 0.58, 0.69, 0.69]",bz_0,"cluster_4, cluster_5"
bz_0_cluster_4_1mer-bz_0_cluster_5_1mer,seed-2_sample-0,166,0.53,0.8800000000000001,"[0.74, 0.86, 0.64, 0.95, 0.99, 0.85, 0.92, 1.0, 0.92, 0.99, 0.98, 1.0, 1.0, 0.99, 1.0, 0.8, 1.0, 0.91, 1.0, 1.0, 1.0, 1.0, 1.0, 1.0, 1.0, 1.0, 1.0, 0.99, 1.0, 0.99, 0.99, 0.75, 0.92, 0.98, 0.53, 0.82, 0.83, 0.64, 0.99, 0.98, 0.99, 1.0, 0.82, 1.0, 1.0, 1.0, 0.94, 0.83, 1.0, 1.0, 0.96, 1.0, 0.99, 1.0, 1.0, 1.0, 0.99, 1.0, 0.98, 0.89, 0.99, 0.99, 0.99, 0.94, 0.99, 0.53, 0.96, 0.89, 0.58, 0.59, 0.57, 0.54, 0.57, 0.64, 0.64, 0.7, 0.63, 0.7, 0.69, 0.72, 0.61, 0.7, 0.54, 0.99, 1.0, 1.0, 1.0, 0.83, 0.99, 0.94, 1.0, 0.96, 1.0, 1.0, 1.0, 1.0, 1.0, 0.99, 0.99, 0.99, 1.0, 0.99, 0.98, 0.99, 0.53, 0.89, 0.94, 0.96, 0.89, 0.99, 0.74, 0.64, 0.85, 1.0, 0.86, 0.95, 0.92, 0.82, 1.0, 0.98, 0.92, 1.0, 0.91, 0.99, 1.0, 1.0, 1.0, 0.8, 1.0, 1.0, 1.0, 1.0, 1.0, 1.0, 1.0, 0.99, 1.0, 1.0, 1.0, 0.92, 0.99, 0.98, 0.99, 0.99, 0.99, 0.98, 0.53, 0.75, 0.82, 0.83, 0.58, 0.64, 0.59, 0.57, 0.54, 0.57, 0.64, 0.63, 0.64, 0.7, 0.7, 0.72, 0.61, 0.69, 0.7, 0.54]",bz_0,"cluster_4, cluster_5"
bz_0_cluster_4_1mer-bz_0_cluster_5_1mer,seed-5_sample-0,164,0.51,0.8806097560975611,"[0.75, 0.86, 0.63, 0.95, 0.99, 0.85, 0.92, 1.0, 0.91, 0.99, 0.98, 1.0, 1.0, 0.99, 1.0, 0.8, 1.0, 0.91, 1.0, 1.0, 1.0, 1.0, 1.0, 1.0, 1.0, 1.0, 1.0, 0.99, 1.0, 0.99, 0.99, 0.75, 0.92, 0.98, 0.52, 0.81, 0.82, 0.64, 0.99, 0.98, 0.99, 1.0, 0.83, 1.0, 1.0, 1.0, 0.93, 0.82, 1.0, 1.0, 0.97, 1.0, 0.99, 1.0, 1.0, 1.0, 0.99, 1.0, 0.98, 0.9, 0.99, 0.99, 0.99, 0.94, 0.99, 0.54, 0.96, 0.88, 0.58, 0.57, 0.53, 0.51, 0.55, 0.62, 0.64, 0.69, 0.62, 0.7, 0.69, 0.69, 0.54, 0.69, 0.99, 1.0, 1.0, 1.0, 0.82, 0.99, 0.93, 1.0, 0.97, 1.0, 1.0, 1.0, 1.0, 1.0, 0.99, 0.99, 0.99, 1.0, 0.99, 0.98, 0.99, 0.54, 0.9, 0.94, 0.96, 0.88, 0.99, 0.75, 0.63, 0.85, 1.0, 0.86, 0.95, 0.92, 0.83, 1.0, 0.98, 0.91, 1.0, 0.91, 0.99, 1.0, 1.0, 1.0, 0.8, 1.0, 1.0, 1.0, 1.0, 1.0, 1.0, 1.0, 0.99, 1.0, 1.0, 1.0, 0.92, 0.99, 0.98, 0.99, 0.99, 0.99, 0.98, 0.52, 0.75, 0.81, 0.82, 0.58, 0.64, 0.57, 0.53, 0.51, 0.55, 0.62, 0.62, 0.64, 0.69, 0.7, 0.69, 0.54, 0.69, 0.69]",bz_0,"cluster_4, cluster_5"
bz_0_cluster_4_1mer-bz_0_cluster_5_1mer,seed-6_sample-0,164,0.53,0.8825609756097561,"[0.74, 0.86, 0.64, 0.96, 0.99, 0.86, 0.92, 1.0, 0.92, 0.99, 0.98, 1.0, 1.0, 0.99, 1.0, 0.79, 1.0, 0.9, 1.0, 1.0, 1.0, 1.0, 1.0, 1.0, 1.0, 1.0, 1.0, 0.99, 1.0, 0.99, 0.99, 0.75, 0.93, 0.98, 0.53, 0.81, 0.82, 0.64, 0.99, 0.98, 0.99, 1.0, 0.83, 1.0, 1.0, 1.0, 0.93, 0.83, 1.0, 1.0, 0.96, 1.0, 0.99, 1.0, 1.0, 1.0, 0.99, 1.0, 0.98, 0.9, 0.99, 0.99, 0.99, 0.94, 0.99, 0.54, 0.96, 0.89, 0.58, 0.58, 0.55, 0.53, 0.55, 0.65, 0.64, 0.7, 0.62, 0.71, 0.69, 0.7, 0.55, 0.69, 0.99, 1.0, 1.0, 1.0, 0.83, 0.99, 0.93, 1.0, 0.96, 1.0, 1.0, 1.0, 1.0, 1.0, 0.99, 0.99, 0.99, 1.0, 0.99, 0.98, 0.99, 0.54, 0.9, 0.94, 0.96, 0.89, 0.99, 0.74, 0.64, 0.86, 1.0, 0.86, 0.96, 0.92, 0.83, 1.0, 0.98, 0.92, 1.0, 0.9, 0.99, 1.0, 1.0, 1.0, 0.79, 1.0, 1.0, 1.0, 1.0, 1.0, 1.0, 1.0, 0.99, 1.0, 1.0, 1.0, 0.93, 0.99, 0.98, 0.99, 0.99, 0.99, 0.98, 0.53, 0.75, 0.81, 0.82, 0.58, 0.64, 0.58, 0.55, 0.53, 0.55, 0.65, 0.62, 0.64, 0.7, 0.71, 0.7, 0.55, 0.69, 0.69]",bz_0,"cluster_4, cluster_5"
bz_0_cluster_4_1mer-bz_0_cluster_5_1mer,seed-3_sample-0,164,0.52,0.8807317073170732,"[0.74, 0.86, 0.63, 0.96, 0.99, 0.86, 0.92, 1.0, 0.92, 0.99, 0.98, 1.0, 1.0, 0.99, 1.0, 0.81, 1.0, 0.91, 1.0, 1.0, 1.0, 1.0, 1.0, 1.0, 1.0, 1.0, 1.0, 0.99, 1.0, 0.99, 0.99, 0.75, 0.92, 0.98, 0.53, 0.81, 0.81, 0.63, 0.99, 0.98, 0.99, 1.0, 0.82, 1.0, 1.0, 1.0, 0.93, 0.84, 1.0, 1.0, 0.96, 1.0, 0.99, 1.0, 1.0, 1.0, 0.99, 1.0, 0.98, 0.9, 0.99, 0.99, 0.99, 0.94, 0.99, 0.55, 0.96, 0.89, 0.57, 0.56, 0.53, 0.52, 0.55, 0.63, 0.63, 0.68, 0.61, 0.7, 0.68, 0.69, 0.55, 0.69, 0.99, 1.0, 1.0, 1.0, 0.84, 0.99, 0.93, 1.0, 0.96, 1.0, 1.0, 1.0, 1.0, 1.0, 0.99, 0.99, 0.99, 1.0, 0.99, 0.98, 0.99, 0.55, 0.9, 0.94, 0.96, 0.89, 0.99, 0.74, 0.63, 0.86, 1.0, 0.86, 0.96, 0.92, 0.82, 1.0, 0.98, 0.92, 1.0, 0.91, 0.99, 1.0, 1.0, 1.0, 0.81, 1.0, 1.0, 1.0, 1.0, 1.0, 1.0, 1.0, 0.99, 1.0, 1.0, 1.0, 0.92, 0.99, 0.98, 0.99, 0.99, 0.99, 0.98, 0.53, 0.75, 0.81, 0.81, 0.57, 0.63, 0.56, 0.53, 0.52, 0.55, 0.63, 0.61, 0.63, 0.68, 0.7, 0.69, 0.55, 0.68, 0.69]",bz_0,"cluster_4, cluster_5"
bz_0_cluster_4_1mer-bz_0_cluster_5_1mer,seed-1_sample-0,164,0.51,0.8814634146341463,"[0.75, 0.86, 0.64, 0.96, 0.99, 0.86, 0.92, 1.0, 0.92, 0.99, 0.98, 1.0, 1.0, 0.99, 1.0, 0.8, 1.0, 0.91, 1.0, 1.0, 1.0, 1.0, 1.0, 1.0, 1.0, 1.0, 1.0, 0.99, 1.0, 0.99, 0.99, 0.75, 0.92, 0.98, 0.55, 0.81, 0.83, 0.65, 0.99, 0.98, 0.99, 1.0, 0.82, 1.0, 1.0, 1.0, 0.93, 0.83, 1.0, 1.0, 0.96, 1.0, 0.99, 1.0, 1.0, 1.0, 0.99, 1.0, 0.98, 0.9, 0.99, 0.99, 0.99, 0.94, 0.99, 0.54, 0.96, 0.89, 0.58, 0.58, 0.54, 0.51, 0.54, 0.62, 0.63, 0.68, 0.61, 0.7, 0.68, 0.69, 0.56, 0.68, 0.99, 1.0, 1.0, 1.0, 0.83, 0.99, 0.93, 1.0, 0.96, 1.0, 1.0, 1.0, 1.0, 1.0, 0.99, 0.99, 0.99, 1.0, 0.99, 0.98, 0.99, 0.54, 0.9, 0.94, 0.96, 0.89, 0.99, 0.75, 0.64, 0.86, 1.0, 0.86, 0.96, 0.92, 0.82, 1.0, 0.98, 0.92, 1.0, 0.91, 0.99, 1.0, 1.0, 1.0, 0.8, 1.0, 1.0, 1.0, 1.0, 1.0, 1.0, 1.0, 0.99, 1.0, 1.0, 1.0, 0.92, 0.99, 0.98, 0.99, 0.99, 0.99, 0.98, 0.55, 0.75, 0.81, 0.83, 0.58, 0.65, 0.58, 0.54, 0.51, 0.54, 0.62, 0.61, 0.63, 0.68, 0.7, 0.69, 0.56, 0.68, 0.68]",bz_0,"cluster_4, cluster_5"
bz_0_cluster_4_1mer-bz_0_cluster_5_1mer,seed-7_sample-0,164,0.52,0.8815853658536587,"[0.75, 0.86, 0.63, 0.96, 0.99, 0.86, 0.92, 1.0, 0.92, 0.99, 0.98, 1.0, 1.0, 0.99, 1.0, 0.79, 1.0, 0.91, 1.0, 1.0, 1.0, 1.0, 1.0, 1.0, 1.0, 1.0, 1.0, 0.99, 1.0, 0.99, 0.99, 0.75, 0.92, 0.98, 0.53, 0.81, 0.82, 0.64, 0.99, 0.98, 0.99, 1.0, 0.81, 1.0, 1.0, 1.0, 0.93, 0.82, 1.0, 1.0, 0.96, 1.0, 0.99, 1.0, 1.0, 1.0, 0.99, 1.0, 0.98, 0.89, 0.99, 0.99, 0.99, 0.94, 0.99, 0.55, 0.96, 0.88, 0.58, 0.58, 0.56, 0.52, 0.55, 0.63, 0.64, 0.69, 0.62, 0.7, 0.68, 0.7, 0.56, 0.69, 0.99, 1.0, 1.0, 1.0, 0.82, 0.99, 0.93, 1.0, 0.96, 1.0, 1.0, 1.0, 1.0, 1.0, 0.99, 0.99, 0.99, 1.0, 0.99, 0.98, 0.99, 0.55, 0.89, 0.94, 0.96, 0.88, 0.99, 0.75, 0.63, 0.86, 1.0, 0.86, 0.96, 0.92, 0.81, 1.0, 0.98, 0.92, 1.0, 0.91, 0.99, 1.0, 1.0, 1.0, 0.79, 1.0, 1.0, 1.0, 1.0, 1.0, 1.0, 1.0, 0.99, 1.0, 1.0, 1.0, 0.92, 0.99, 0.98, 0.99, 0.99, 0.99, 0.98, 0.53, 0.75, 0.81, 0.82, 0.58, 0.64, 0.58, 0.56, 0.52, 0.55, 0.63, 0.62, 0.64, 0.69, 0.7, 0.7, 0.56, 0.68, 0.69]",bz_0,"cluster_4, cluster_5"
bz_0_cluster_4_1mer-bz_0_cluster_6_1mer,seed-8_sample-0,0,,,,bz_0,"cluster_4, cluster_6"
bz_0_cluster_4_1mer-bz_0_cluster_6_1mer,seed-10_sample-0,0,,,,bz_0,"cluster_4, cluster_6"
bz_0_cluster_4_1mer-bz_0_cluster_6_1mer,seed-9_sample-0,0,,,,bz_0,"cluster_4, cluster_6"
bz_0_cluster_4_1mer-bz_0_cluster_6_1mer,seed-4_sample-0,0,,,,bz_0,"cluster_4, cluster_6"
bz_0_cluster_4_1mer-bz_0_cluster_6_1mer,seed-2_sample-0,0,,,,bz_0,"cluster_4, cluster_6"
bz_0_cluster_4_1mer-bz_0_cluster_6_1mer,seed-5_sample-0,0,,,,bz_0,"cluster_4, cluster_6"
bz_0_cluster_4_1mer-bz_0_cluster_6_1mer,seed-6_sample-0,0,,,,bz_0,"cluster_4, cluster_6"
bz_0_cluster_4_1mer-bz_0_cluster_6_1mer,seed-3_sample-0,0,,,,bz_0,"cluster_4, cluster_6"
bz_0_cluster_4_1mer-bz_0_cluster_6_1mer,seed-1_sample-0,0,,,,bz_0,"cluster_4, cluster_6"
bz_0_cluster_4_1mer-bz_0_cluster_6_1mer,seed-7_sample-0,0,,,,bz_0,"cluster_4, cluster_6"
bz_0_cluster_4_1mer-bz_0_cluster_1_1mer,seed-8_sample-0,0,,,,bz_0,"cluster_1, cluster_4"
bz_0_cluster_4_1mer-bz_0_cluster_1_1mer,seed-10_sample-0,0,,,,bz_0,"cluster_1, cluster_4"
bz_0_cluster_4_1mer-bz_0_cluster_1_1mer,seed-9_sample-0,0,,,,bz_0,"cluster_1, cluster_4"
bz_0_cluster_4_1mer-bz_0_cluster_1_1mer,seed-4_sample-0,0,,,,bz_0,"cluster_1, cluster_4"
bz_0_cluster_4_1mer-bz_0_cluster_1_1mer,seed-2_sample-0,0,,,,bz_0,"cluster_1, cluster_4"
bz_0_cluster_4_1mer-bz_0_cluster_1_1mer,seed-5_sample-0,0,,,,bz_0,"cluster_1, cluster_4"
bz_0_cluster_4_1mer-bz_0_cluster_1_1mer,seed-6_sample-0,0,,,,bz_0,"cluster_1, cluster_4"
bz_0_cluster_4_1mer-bz_0_cluster_1_1mer,seed-3_sample-0,0,,,,bz_0,"cluster_1, cluster_4"
bz_0_cluster_4_1mer-bz_0_cluster_1_1mer,seed-1_sample-0,0,,,,bz_0,"cluster_1, cluster_4"
bz_0_cluster_4_1mer-bz_0_cluster_1_1mer,seed-7_sample-0,0,,,,bz_0,"cluster_1, cluster_4"
bz_0_cluster_4_1mer-bz_0_cluster_3_1mer,seed-8_sample-0,0,,,,bz_0,"cluster_3, cluster_4"
bz_0_cluster_4_1mer-bz_0_cluster_3_1mer,seed-10_sample-0,0,,,,bz_0,"cluster_3, cluster_4"
bz_0_cluster_4_1mer-bz_0_cluster_3_1mer,seed-9_sample-0,0,,,,bz_0,"cluster_3, cluster_4"
bz_0_cluster_4_1mer-bz_0_cluster_3_1mer,seed-4_sample-0,0,,,,bz_0,"cluster_3, cluster_4"
bz_0_cluster_4_1mer-bz_0_cluster_3_1mer,seed-2_sample-0,0,,,,bz_0,"cluster_3, cluster_4"
bz_0_cluster_4_1mer-bz_0_cluster_3_1mer,seed-5_sample-0,0,,,,bz_0,"cluster_3, cluster_4"
bz_0_cluster_4_1mer-bz_0_cluster_3_1mer,seed-6_sample-0,0,,,,bz_0,"cluster_3, cluster_4"
bz_0_cluster_4_1mer-bz_0_cluster_3_1mer,seed-3_sample-0,0,,,,bz_0,"cluster_3, cluster_4"
bz_0_cluster_4_1mer-bz_0_cluster_3_1mer,seed-1_sample-0,0,,,,bz_0,"cluster_3, cluster_4"
bz_0_cluster_4_1mer-bz_0_cluster_3_1mer,seed-7_sample-0,0,,,,bz_0,"cluster_3, cluster_4"
bz_0_cluster_4_1mer-bz_0_cluster_2_1mer,seed-8_sample-0,0,,,,bz_0,"cluster_2, cluster_4"
bz_0_cluster_4_1mer-bz_0_cluster_2_1mer,seed-10_sample-0,0,,,,bz_0,"cluster_2, cluster_4"
bz_0_cluster_4_1mer-bz_0_cluster_2_1mer,seed-9_sample-0,0,,,,bz_0,"cluster_2, cluster_4"
bz_0_cluster_4_1mer-bz_0_cluster_2_1mer,seed-4_sample-0,0,,,,bz_0,"cluster_2, cluster_4"
bz_0_cluster_4_1mer-bz_0_cluster_2_1mer,seed-2_sample-0,0,,,,bz_0,"cluster_2, cluster_4"
bz_0_cluster_4_1mer-bz_0_cluster_2_1mer,seed-5_sample-0,0,,,,bz_0,"cluster_2, cluster_4"
bz_0_cluster_4_1mer-bz_0_cluster_2_1mer,seed-6_sample-0,0,,,,bz_0,"cluster_2, cluster_4"
bz_0_cluster_4_1mer-bz_0_cluster_2_1mer,seed-3_sample-0,0,,,,bz_0,"cluster_2, cluster_4"
bz_0_cluster_4_1mer-bz_0_cluster_2_1mer,seed-1_sample-0,0,,,,bz_0,"cluster_2, cluster_4"
bz_0_cluster_4_1mer-bz_0_cluster_2_1mer,seed-7_sample-0,0,,,,bz_0,"cluster_2, cluster_4"
bz_0_cluster_5_1mer-bz_0_cluster_6_1mer,seed-8_sample-0,0,,,,bz_0,"cluster_5, cluster_6"
bz_0_cluster_5_1mer-bz_0_cluster_6_1mer,seed-10_sample-0,0,,,,bz_0,"cluster_5, cluster_6"
bz_0_cluster_5_1mer-bz_0_cluster_6_1mer,seed-9_sample-0,0,,,,bz_0,"cluster_5, cluster_6"
bz_0_cluster_5_1mer-bz_0_cluster_6_1mer,seed-4_sample-0,0,,,,bz_0,"cluster_5, cluster_6"
bz_0_cluster_5_1mer-bz_0_cluster_6_1mer,seed-2_sample-0,0,,,,bz_0,"cluster_5, cluster_6"
bz_0_cluster_5_1mer-bz_0_cluster_6_1mer,seed-5_sample-0,0,,,,bz_0,"cluster_5, cluster_6"
bz_0_cluster_5_1mer-bz_0_cluster_6_1mer,seed-6_sample-0,0,,,,bz_0,"cluster_5, cluster_6"
bz_0_cluster_5_1mer-bz_0_cluster_6_1mer,seed-3_sample-0,0,,,,bz_0,"cluster_5, cluster_6"
bz_0_cluster_5_1mer-bz_0_cluster_6_1mer,seed-1_sample-0,0,,,,bz_0,"cluster_5, cluster_6"
bz_0_cluster_5_1mer-bz_0_cluster_6_1mer,seed-7_sample-0,0,,,,bz_0,"cluster_5, cluster_6"
bz_0_cluster_5_1mer-bz_0_cluster_1_1mer,seed-8_sample-0,0,,,,bz_0,"cluster_1, cluster_5"
bz_0_cluster_5_1mer-bz_0_cluster_1_1mer,seed-10_sample-0,0,,,,bz_0,"cluster_1, cluster_5"
bz_0_cluster_5_1mer-bz_0_cluster_1_1mer,seed-9_sample-0,0,,,,bz_0,"cluster_1, cluster_5"
bz_0_cluster_5_1mer-bz_0_cluster_1_1mer,seed-4_sample-0,0,,,,bz_0,"cluster_1, cluster_5"
bz_0_cluster_5_1mer-bz_0_cluster_1_1mer,seed-2_sample-0,0,,,,bz_0,"cluster_1, cluster_5"
bz_0_cluster_5_1mer-bz_0_cluster_1_1mer,seed-5_sample-0,0,,,,bz_0,"cluster_1, cluster_5"
bz_0_cluster_5_1mer-bz_0_cluster_1_1mer,seed-6_sample-0,0,,,,bz_0,"cluster_1, cluster_5"
bz_0_cluster_5_1mer-bz_0_cluster_1_1mer,seed-3_sample-0,0,,,,bz_0,"cluster_1, cluster_5"
bz_0_cluster_5_1mer-bz_0_cluster_1_1mer,seed-1_sample-0,0,,,,bz_0,"cluster_1, cluster_5"
bz_0_cluster_5_1mer-bz_0_cluster_1_1mer,seed-7_sample-0,0,,,,bz_0,"cluster_1, cluster_5"
bz_0_cluster_5_1mer-bz_0_cluster_3_1mer,seed-8_sample-0,0,,,,bz_0,"cluster_3, cluster_5"
bz_0_cluster_5_1mer-bz_0_cluster_3_1mer,seed-10_sample-0,0,,,,bz_0,"cluster_3, cluster_5"
bz_0_cluster_5_1mer-bz_0_cluster_3_1mer,seed-9_sample-0,0,,,,bz_0,"cluster_3, cluster_5"
bz_0_cluster_5_1mer-bz_0_cluster_3_1mer,seed-4_sample-0,0,,,,bz_0,"cluster_3, cluster_5"
bz_0_cluster_5_1mer-bz_0_cluster_3_1mer,seed-2_sample-0,0,,,,bz_0,"cluster_3, cluster_5"
bz_0_cluster_5_1mer-bz_0_cluster_3_1mer,seed-5_sample-0,0,,,,bz_0,"cluster_3, cluster_5"
bz_0_cluster_5_1mer-bz_0_cluster_3_1mer,seed-6_sample-0,0,,,,bz_0,"cluster_3, cluster_5"
bz_0_cluster_5_1mer-bz_0_cluster_3_1mer,seed-3_sample-0,0,,,,bz_0,"cluster_3, cluster_5"
bz_0_cluster_5_1mer-bz_0_cluster_3_1mer,seed-1_sample-0,0,,,,bz_0,"cluster_3, cluster_5"
bz_0_cluster_5_1mer-bz_0_cluster_3_1mer,seed-7_sample-0,0,,,,bz_0,"cluster_3, cluster_5"
bz_0_cluster_5_1mer-bz_0_cluster_2_1mer,seed-8_sample-0,0,,,,bz_0,"cluster_2, cluster_5"
bz_0_cluster_5_1mer-bz_0_cluster_2_1mer,seed-10_sample-0,0,,,,bz_0,"cluster_2, cluster_5"
bz_0_cluster_5_1mer-bz_0_cluster_2_1mer,seed-9_sample-0,0,,,,bz_0,"cluster_2, cluster_5"
bz_0_cluster_5_1mer-bz_0_cluster_2_1mer,seed-4_sample-0,0,,,,bz_0,"cluster_2, cluster_5"
bz_0_cluster_5_1mer-bz_0_cluster_2_1mer,seed-2_sample-0,0,,,,bz_0,"cluster_2, cluster_5"
bz_0_cluster_5_1mer-bz_0_cluster_2_1mer,seed-5_sample-0,0,,,,bz_0,"cluster_2, cluster_5"
bz_0_cluster_5_1mer-bz_0_cluster_2_1mer,seed-6_sample-0,0,,,,bz_0,"cluster_2, cluster_5"
bz_0_cluster_5_1mer-bz_0_cluster_2_1mer,seed-3_sample-0,0,,,,bz_0,"cluster_2, cluster_5"
bz_0_cluster_5_1mer-bz_0_cluster_2_1mer,seed-1_sample-0,0,,,,bz_0,"cluster_2, cluster_5"
bz_0_cluster_5_1mer-bz_0_cluster_2_1mer,seed-7_sample-0,0,,,,bz_0,"cluster_2, cluster_5"
bz_0_cluster_6_1mer-bz_0_cluster_1_1mer,seed-8_sample-0,18,0.51,0.5566666666666666,"[0.51, 0.6, 0.6, 0.52, 0.54, 0.56, 0.59, 0.54, 0.55, 0.52, 0.51, 0.54, 0.6, 0.6, 0.56, 0.54, 0.59, 0.55]",bz_0,"cluster_1, cluster_6"
bz_0_cluster_6_1mer-bz_0_cluster_1_1mer,seed-10_sample-0,28,0.51,0.5742857142857142,"[0.51, 0.55, 0.55, 0.54, 0.65, 0.63, 0.59, 0.59, 0.6, 0.63, 0.54, 0.52, 0.61, 0.53, 0.59, 0.55, 0.55, 0.54, 0.59, 0.51, 0.65, 0.63, 0.6, 0.54, 0.52, 0.63, 0.61, 0.53]",bz_0,"cluster_1, cluster_6"
bz_0_cluster_6_1mer-bz_0_cluster_1_1mer,seed-9_sample-0,30,0.51,0.5693333333333334,"[0.51, 0.53, 0.56, 0.53, 0.65, 0.63, 0.54, 0.58, 0.62, 0.64, 0.52, 0.55, 0.52, 0.63, 0.53, 0.54, 0.53, 0.56, 0.53, 0.58, 0.51, 0.65, 0.63, 0.62, 0.52, 0.55, 0.52, 0.64, 0.63, 0.53]",bz_0,"cluster_1, cluster_6"
bz_0_cluster_6_1mer-bz_0_cluster_1_1mer,seed-4_sample-0,26,0.51,0.5661538461538461,"[0.55, 0.52, 0.51, 0.63, 0.63, 0.57, 0.57, 0.59, 0.63, 0.53, 0.52, 0.59, 0.52, 0.57, 0.55, 0.52, 0.51, 0.57, 0.63, 0.63, 0.59, 0.53, 0.52, 0.63, 0.59, 0.52]",bz_0,"cluster_1, cluster_6"
bz_0_cluster_6_1mer-bz_0_cluster_1_1mer,seed-2_sample-0,30,0.53,0.5966666666666666,"[0.53, 0.55, 0.57, 0.57, 0.68, 0.67, 0.59, 0.61, 0.64, 0.67, 0.53, 0.58, 0.56, 0.65, 0.55, 0.59, 0.55, 0.57, 0.57, 0.61, 0.53, 0.68, 0.67, 0.64, 0.53, 0.58, 0.56, 0.67, 0.65, 0.55]",bz_0,"cluster_1, cluster_6"
bz_0_cluster_6_1mer-bz_0_cluster_1_1mer,seed-5_sample-0,24,0.51,0.565,"[0.55, 0.52, 0.52, 0.62, 0.61, 0.58, 0.55, 0.58, 0.62, 0.53, 0.59, 0.51, 0.58, 0.55, 0.52, 0.52, 0.55, 0.62, 0.61, 0.58, 0.53, 0.62, 0.59, 0.51]",bz_0,"cluster_1, cluster_6"
bz_0_cluster_6_1mer-bz_0_cluster_1_1mer,seed-6_sample-0,30,0.52,0.5873333333333333,"[0.52, 0.54, 0.55, 0.56, 0.66, 0.67, 0.59, 0.6, 0.63, 0.66, 0.53, 0.58, 0.55, 0.63, 0.54, 0.59, 0.54, 0.55, 0.56, 0.6, 0.52, 0.66, 0.67, 0.63, 0.53, 0.58, 0.55, 0.66, 0.63, 0.54]",bz_0,"cluster_1, cluster_6"
bz_0_cluster_6_1mer-bz_0_cluster_1_1mer,seed-3_sample-0,28,0.51,0.5728571428571428,"[0.55, 0.54, 0.53, 0.63, 0.64, 0.58, 0.59, 0.6, 0.64, 0.51, 0.55, 0.53, 0.61, 0.52, 0.58, 0.55, 0.54, 0.53, 0.59, 0.63, 0.64, 0.6, 0.51, 0.55, 0.53, 0.64, 0.61, 0.52]",bz_0,"cluster_1, cluster_6"
bz_0_cluster_6_1mer-bz_0_cluster_1_1mer,seed-1_sample-0,26,0.52,0.5753846153846154,"[0.54, 0.54, 0.54, 0.63, 0.64, 0.57, 0.57, 0.6, 0.64, 0.55, 0.52, 0.61, 0.53, 0.57, 0.54, 0.54, 0.54, 0.57, 0.63, 0.64, 0.6, 0.55, 0.52, 0.64, 0.61, 0.53]",bz_0,"cluster_1, cluster_6"
bz_0_cluster_6_1mer-bz_0_cluster_1_1mer,seed-7_sample-0,28,0.51,0.5714285714285715,"[0.52, 0.54, 0.52, 0.63, 0.64, 0.58, 0.57, 0.61, 0.64, 0.51, 0.55, 0.52, 0.63, 0.54, 0.58, 0.52, 0.54, 0.52, 0.57, 0.63, 0.64, 0.61, 0.51, 0.55, 0.52, 0.64, 0.63, 0.54]",bz_0,"cluster_1, cluster_6"
bz_0_cluster_6_1mer-bz_0_cluster_3_1mer,seed-8_sample-0,0,,,,bz_0,"cluster_3, cluster_6"
bz_0_cluster_6_1mer-bz_0_cluster_3_1mer,seed-10_sample-0,0,,,,bz_0,"cluster_3, cluster_6"
bz_0_cluster_6_1mer-bz_0_cluster_3_1mer,seed-9_sample-0,0,,,,bz_0,"cluster_3, cluster_6"
bz_0_cluster_6_1mer-bz_0_cluster_3_1mer,seed-4_sample-0,0,,,,bz_0,"cluster_3, cluster_6"
bz_0_cluster_6_1mer-bz_0_cluster_3_1mer,seed-2_sample-0,0,,,,bz_0,"cluster_3, cluster_6"
bz_0_cluster_6_1mer-bz_0_cluster_3_1mer,seed-5_sample-0,0,,,,bz_0,"cluster_3, cluster_6"
bz_0_cluster_6_1mer-bz_0_cluster_3_1mer,seed-6_sample-0,0,,,,bz_0,"cluster_3, cluster_6"
bz_0_cluster_6_1mer-bz_0_cluster_3_1mer,seed-3_sample-0,0,,,,bz_0,"cluster_3, cluster_6"
bz_0_cluster_6_1mer-bz_0_cluster_3_1mer,seed-1_sample-0,0,,,,bz_0,"cluster_3, cluster_6"
bz_0_cluster_6_1mer-bz_0_cluster_3_1mer,seed-7_sample-0,0,,,,bz_0,"cluster_3, cluster_6"
bz_0_cluster_6_1mer-bz_0_cluster_2_1mer,seed-8_sample-0,0,,,,bz_0,"cluster_2, cluster_6"
bz_0_cluster_6_1mer-bz_0_cluster_2_1mer,seed-10_sample-0,0,,,,bz_0,"cluster_2, cluster_6"
bz_0_cluster_6_1mer-bz_0_cluster_2_1mer,seed-9_sample-0,4,0.51,0.53,"[0.55, 0.51, 0.55, 0.51]",bz_0,"cluster_2, cluster_6"
bz_0_cluster_6_1mer-bz_0_cluster_2_1mer,seed-4_sample-0,0,,,,bz_0,"cluster_2, cluster_6"
bz_0_cluster_6_1mer-bz_0_cluster_2_1mer,seed-2_sample-0,0,,,,bz_0,"cluster_2, cluster_6"
bz_0_cluster_6_1mer-bz_0_cluster_2_1mer,seed-5_sample-0,0,,,,bz_0,"cluster_2, cluster_6"
bz_0_cluster_6_1mer-bz_0_cluster_2_1mer,seed-6_sample-0,0,,,,bz_0,"cluster_2, cluster_6"
bz_0_cluster_6_1mer-bz_0_cluster_2_1mer,seed-3_sample-0,2,0.51,0.51,"[0.51, 0.51]",bz_0,"cluster_2, cluster_6"
bz_0_cluster_6_1mer-bz_0_cluster_2_1mer,seed-1_sample-0,0,,,,bz_0,"cluster_2, cluster_6"
bz_0_cluster_6_1mer-bz_0_cluster_2_1mer,seed-7_sample-0,0,,,,bz_0,"cluster_2, cluster_6"
bz_0_cluster_1_1mer-bz_0_cluster_3_1mer,seed-8_sample-0,102,0.55,0.8317647058823529,"[0.82, 0.92, 0.87, 0.96, 0.92, 0.77, 0.96, 0.93, 0.83, 0.86, 0.97, 0.91, 0.94, 0.58, 0.94, 0.92, 0.95, 0.77, 0.95, 0.94, 0.96, 0.96, 0.97, 0.91, 0.94, 0.87, 0.94, 0.85, 0.67, 0.97, 0.83, 0.92, 0.64, 0.92, 0.8, 0.85, 0.83, 0.87, 0.9, 0.85, 0.75, 0.55, 0.69, 0.67, 0.58, 0.67, 0.71, 0.62, 0.59, 0.7, 0.73, 0.67, 0.58, 0.67, 0.71, 0.62, 0.83, 0.7, 0.59, 0.73, 0.77, 0.87, 0.96, 0.82, 0.92, 0.96, 0.93, 0.92, 0.8, 0.75, 0.85, 0.55, 0.91, 0.94, 0.77, 0.85, 0.83, 0.58, 0.87, 0.69, 0.67, 0.92, 0.9, 0.64, 0.96, 0.87, 0.94, 0.95, 0.97, 0.94, 0.97, 0.92, 0.85, 0.91, 0.92, 0.94, 0.83, 0.86, 0.97, 0.95, 0.96, 0.94]",bz_0,"cluster_1, cluster_3"
bz_0_cluster_1_1mer-bz_0_cluster_3_1mer,seed-10_sample-0,102,0.56,0.8311764705882353,"[0.82, 0.92, 0.86, 0.96, 0.91, 0.77, 0.96, 0.93, 0.82, 0.85, 0.97, 0.91, 0.94, 0.57, 0.93, 0.92, 0.95, 0.76, 0.95, 0.93, 0.95, 0.95, 0.97, 0.91, 0.94, 0.87, 0.94, 0.85, 0.67, 0.97, 0.83, 0.92, 0.63, 0.92, 0.81, 0.85, 0.83, 0.87, 0.9, 0.86, 0.76, 0.56, 0.7, 0.67, 0.61, 0.67, 0.71, 0.62, 0.6, 0.7, 0.72, 0.67, 0.61, 0.67, 0.71, 0.62, 0.82, 0.7, 0.6, 0.72, 0.77, 0.86, 0.96, 0.82, 0.92, 0.96, 0.93, 0.91, 0.81, 0.76, 0.85, 0.56, 0.91, 0.94, 0.76, 0.85, 0.83, 0.57, 0.87, 0.7, 0.67, 0.92, 0.9, 0.63, 0.95, 0.87, 0.93, 0.95, 0.97, 0.94, 0.97, 0.92, 0.86, 0.91, 0.92, 0.93, 0.83, 0.85, 0.97, 0.95, 0.95, 0.94]",bz_0,"cluster_1, cluster_3"
bz_0_cluster_1_1mer-bz_0_cluster_3_1mer,seed-9_sample-0,102,0.54,0.8249019607843138,"[0.82, 0.92, 0.86, 0.96, 0.91, 0.77, 0.95, 0.92, 0.83, 0.85, 0.97, 0.9, 0.94, 0.57, 0.93, 0.92, 0.94, 0.76, 0.95, 0.93, 0.95, 0.95, 0.97, 0.9, 0.93, 0.86, 0.94, 0.85, 0.67, 0.97, 0.82, 0.92, 0.62, 0.92, 0.79, 0.85, 0.82, 0.87, 0.9, 0.85, 0.74, 0.54, 0.68, 0.65, 0.58, 0.66, 0.69, 0.6, 0.58, 0.69, 0.71, 0.65, 0.58, 0.66, 0.69, 0.6, 0.83, 0.69, 0.58, 0.71, 0.77, 0.86, 0.95, 0.82, 0.92, 0.96, 0.92, 0.91, 0.79, 0.74, 0.85, 0.54, 0.9, 0.94, 0.76, 0.85, 0.82, 0.57, 0.87, 0.68, 0.67, 0.92, 0.9, 0.62, 0.95, 0.86, 0.93, 0.95, 0.97, 0.94, 0.97, 0.92, 0.85, 0.9, 0.92, 0.93, 0.82, 0.85, 0.97, 0.94, 0.95, 0.93]",bz_0,"cluster_1, cluster_3"
bz_0_cluster_1_1mer-bz_0_cluster_3_1mer,seed-4_sample-0,102,0.55,0.8262745098039215,"[0.82, 0.92, 0.86, 0.96, 0.91, 0.77, 0.95, 0.92, 0.82, 0.85, 0.97, 0.91, 0.94, 0.57, 0.93, 0.92, 0.94, 0.76, 0.95, 0.93, 0.95, 0.95, 0.97, 0.9, 0.93, 0.87, 0.94, 0.84, 0.66, 0.97, 0.82, 0.91, 0.63, 0.92, 0.79, 0.85, 0.82, 0.87, 0.89, 0.85, 0.74, 0.55, 0.68, 0.67, 0.59, 0.66, 0.7, 0.61, 0.59, 0.7, 0.72, 0.67, 0.59, 0.66, 0.7, 0.61, 0.82, 0.7, 0.59, 0.72, 0.77, 0.86, 0.95, 0.82, 0.92, 0.96, 0.92, 0.91, 0.79, 0.74, 0.85, 0.55, 0.91, 0.94, 0.76, 0.84, 0.82, 0.57, 0.87, 0.68, 0.66, 0.91, 0.89, 0.63, 0.95, 0.87, 0.93, 0.95, 0.97, 0.94, 0.97, 0.92, 0.85, 0.9, 0.92, 0.93, 0.82, 0.85, 0.97, 0.94, 0.95, 0.93]",bz_0,"cluster_1, cluster_3"
bz_0_cluster_1_1mer-bz_0_cluster_3_1mer,seed-2_sample-0,102,0.56,0.837843137254902,"[0.82, 0.92, 0.86, 0.96, 0.91, 0.75, 0.96, 0.93, 0.87, 0.84, 0.97, 0.91, 0.95, 0.59, 0.94, 0.93, 0.95, 0.77, 0.96, 0.94, 0.96, 0.96, 0.97, 0.91, 0.94, 0.87, 0.95, 0.85, 0.67, 0.97, 0.84, 0.92, 0.63, 0.93, 0.81, 0.86, 0.84, 0.88, 0.9, 0.87, 0.76, 0.56, 0.7, 0.69, 0.61, 0.68, 0.74, 0.65, 0.59, 0.73, 0.76, 0.69, 0.61, 0.68, 0.74, 0.65, 0.87, 0.73, 0.59, 0.76, 0.75, 0.86, 0.96, 0.82, 0.92, 0.96, 0.93, 0.91, 0.81, 0.76, 0.86, 0.56, 0.91, 0.95, 0.77, 0.85, 0.84, 0.59, 0.88, 0.7, 0.67, 0.92, 0.9, 0.63, 0.96, 0.87, 0.94, 0.96, 0.97, 0.95, 0.97, 0.93, 0.87, 0.91, 0.93, 0.94, 0.84, 0.84, 0.97, 0.95, 0.96, 0.94]",bz_0,"cluster_1, cluster_3"
bz_0_cluster_1_1mer-bz_0_cluster_3_1mer,seed-5_sample-0,102,0.56,0.8307843137254901,"[0.83, 0.92, 0.86, 0.96, 0.91, 0.78, 0.96, 0.93, 0.76, 0.87, 0.97, 0.91, 0.94, 0.56, 0.94, 0.93, 0.95, 0.76, 0.96, 0.94, 0.96, 0.96, 0.97, 0.91, 0.94, 0.87, 0.94, 0.85, 0.67, 0.97, 0.83, 0.92, 0.64, 0.92, 0.8, 0.85, 0.82, 0.87, 0.9, 0.86, 0.75, 0.56, 0.69, 0.67, 0.6, 0.66, 0.71, 0.61, 0.59, 0.71, 0.73, 0.67, 0.6, 0.66, 0.71, 0.61, 0.76, 0.71, 0.59, 0.73, 0.78, 0.86, 0.96, 0.83, 0.92, 0.96, 0.93, 0.91, 0.8, 0.75, 0.85, 0.56, 0.91, 0.94, 0.76, 0.85, 0.82, 0.56, 0.87, 0.69, 0.67, 0.92, 0.9, 0.64, 0.96, 0.87, 0.94, 0.96, 0.97, 0.94, 0.97, 0.92, 0.86, 0.91, 0.93, 0.94, 0.83, 0.87, 0.97, 0.95, 0.96, 0.94]",bz_0,"cluster_1, cluster_3"
bz_0_cluster_1_1mer-bz_0_cluster_3_1mer,seed-6_sample-0,102,0.56,0.8305882352941176,"[0.82, 0.91, 0.86, 0.96, 0.91, 0.77, 0.95, 0.92, 0.79, 0.86, 0.97, 0.9, 0.94, 0.57, 0.93, 0.92, 0.95, 0.76, 0.95, 0.94, 0.96, 0.95, 0.97, 0.91, 0.93, 0.87, 0.94, 0.85, 0.68, 0.97, 0.83, 0.92, 0.64, 0.92, 0.8, 0.86, 0.83, 0.87, 0.9, 0.86, 0.75, 0.56, 0.7, 0.67, 0.6, 0.67, 0.71, 0.62, 0.61, 0.71, 0.72, 0.67, 0.6, 0.67, 0.71, 0.62, 0.79, 0.71, 0.61, 0.72, 0.77, 0.86, 0.95, 0.82, 0.91, 0.96, 0.92, 0.91, 0.8, 0.75, 0.86, 0.56, 0.9, 0.94, 0.76, 0.85, 0.83, 0.57, 0.87, 0.7, 0.68, 0.92, 0.9, 0.64, 0.95, 0.87, 0.93, 0.95, 0.97, 0.94, 0.97, 0.92, 0.86, 0.91, 0.92, 0.94, 0.83, 0.86, 0.97, 0.95, 0.96, 0.93]",bz_0,"cluster_1, cluster_3"
bz_0_cluster_1_1mer-bz_0_cluster_3_1mer,seed-3_sample-0,102,0.55,0.8233333333333333,"[0.82, 0.91, 0.86, 0.96, 0.9, 0.77, 0.95, 0.91, 0.8, 0.85, 0.97, 0.9, 0.93, 0.57, 0.92, 0.91, 0.94, 0.76, 0.94, 0.92, 0.94, 0.94, 0.97, 0.89, 0.92, 0.86, 0.94, 0.83, 0.67, 0.96, 0.83, 0.91, 0.62, 0.91, 0.79, 0.84, 0.81, 0.85, 0.89, 0.84, 0.74, 0.55, 0.68, 0.67, 0.61, 0.67, 0.71, 0.62, 0.62, 0.7, 0.72, 0.67, 0.61, 0.67, 0.71, 0.62, 0.8, 0.7, 0.62, 0.72, 0.77, 0.86, 0.95, 0.82, 0.91, 0.96, 0.91, 0.9, 0.79, 0.74, 0.84, 0.55, 0.9, 0.93, 0.76, 0.83, 0.81, 0.57, 0.85, 0.68, 0.67, 0.91, 0.89, 0.62, 0.94, 0.86, 0.92, 0.94, 0.97, 0.94, 0.96, 0.91, 0.84, 0.89, 0.91, 0.92, 0.83, 0.85, 0.97, 0.94, 0.94, 0.92]",bz_0,"cluster_1, cluster_3"
bz_0_cluster_1_1mer-bz_0_cluster_3_1mer,seed-1_sample-0,102,0.53,0.8290196078431373,"[0.81, 0.92, 0.86, 0.96, 0.91, 0.76, 0.95, 0.92, 0.86, 0.84, 0.97, 0.91, 0.94, 0.59, 0.93, 0.91, 0.94, 0.77, 0.95, 0.93, 0.95, 0.95, 0.97, 0.9, 0.93, 0.86, 0.94, 0.84, 0.66, 0.96, 0.83, 0.91, 0.63, 0.92, 0.8, 0.85, 0.81, 0.87, 0.89, 0.85, 0.74, 0.53, 0.67, 0.66, 0.59, 0.68, 0.73, 0.64, 0.61, 0.73, 0.75, 0.66, 0.59, 0.68, 0.73, 0.64, 0.86, 0.73, 0.61, 0.75, 0.76, 0.86, 0.95, 0.81, 0.92, 0.96, 0.92, 0.91, 0.8, 0.74, 0.85, 0.53, 0.91, 0.94, 0.77, 0.84, 0.81, 0.59, 0.87, 0.67, 0.66, 0.91, 0.89, 0.63, 0.95, 0.86, 0.93, 0.95, 0.97, 0.94, 0.96, 0.92, 0.85, 0.9, 0.91, 0.93, 0.83, 0.84, 0.97, 0.94, 0.95, 0.93]",bz_0,"cluster_1, cluster_3"
bz_0_cluster_1_1mer-bz_0_cluster_3_1mer,seed-7_sample-0,102,0.55,0.8329411764705882,"[0.82, 0.92, 0.86, 0.96, 0.92, 0.76, 0.96, 0.93, 0.85, 0.84, 0.97, 0.91, 0.94, 0.58, 0.93, 0.93, 0.95, 0.77, 0.95, 0.94, 0.96, 0.96, 0.97, 0.91, 0.93, 0.87, 0.95, 0.84, 0.67, 0.97, 0.83, 0.92, 0.64, 0.92, 0.81, 0.85, 0.83, 0.88, 0.9, 0.86, 0.75, 0.55, 0.68, 0.68, 0.6, 0.67, 0.72, 0.63, 0.6, 0.71, 0.73, 0.68, 0.6, 0.67, 0.72, 0.63, 0.85, 0.71, 0.6, 0.73, 0.76, 0.86, 0.96, 0.82, 0.92, 0.96, 0.93, 0.92, 0.81, 0.75, 0.85, 0.55, 0.91, 0.94, 0.77, 0.84, 0.83, 0.58, 0.88, 0.68, 0.67, 0.92, 0.9, 0.64, 0.96, 0.87, 0.93, 0.95, 0.97, 0.95, 0.97, 0.92, 0.86, 0.91, 0.93, 0.94, 0.83, 0.84, 0.97, 0.95, 0.96, 0.93]",bz_0,"cluster_1, cluster_3"
bz_0_cluster_1_1mer-bz_0_cluster_2_1mer,seed-8_sample-0,0,,,,bz_0,"cluster_1, cluster_2"
bz_0_cluster_1_1mer-bz_0_cluster_2_1mer,seed-10_sample-0,0,,,,bz_0,"cluster_1, cluster_2"
bz_0_cluster_1_1mer-bz_0_cluster_2_1mer,seed-9_sample-0,0,,,,bz_0,"cluster_1, cluster_2"
bz_0_cluster_1_1mer-bz_0_cluster_2_1mer,seed-4_sample-0,0,,,,bz_0,"cluster_1, cluster_2"
bz_0_cluster_1_1mer-bz_0_cluster_2_1mer,seed-2_sample-0,0,,,,bz_0,"cluster_1, cluster_2"
bz_0_cluster_1_1mer-bz_0_cluster_2_1mer,seed-5_sample-0,0,,,,bz_0,"cluster_1, cluster_2"
bz_0_cluster_1_1mer-bz_0_cluster_2_1mer,seed-6_sample-0,0,,,,bz_0,"cluster_1, cluster_2"
bz_0_cluster_1_1mer-bz_0_cluster_2_1mer,seed-3_sample-0,0,,,,bz_0,"cluster_1, cluster_2"
bz_0_cluster_1_1mer-bz_0_cluster_2_1mer,seed-1_sample-0,0,,,,bz_0,"cluster_1, cluster_2"
bz_0_cluster_1_1mer-bz_0_cluster_2_1mer,seed-7_sample-0,0,,,,bz_0,"cluster_1, cluster_2"
bz_0_cluster_3_1mer-bz_0_cluster_2_1mer,seed-8_sample-0,0,,,,bz_0,"cluster_2, cluster_3"
bz_0_cluster_3_1mer-bz_0_cluster_2_1mer,seed-10_sample-0,0,,,,bz_0,"cluster_2, cluster_3"
bz_0_cluster_3_1mer-bz_0_cluster_2_1mer,seed-9_sample-0,0,,,,bz_0,"cluster_2, cluster_3"
bz_0_cluster_3_1mer-bz_0_cluster_2_1mer,seed-4_sample-0,0,,,,bz_0,"cluster_2, cluster_3"
bz_0_cluster_3_1mer-bz_0_cluster_2_1mer,seed-2_sample-0,0,,,,bz_0,"cluster_2, cluster_3"
bz_0_cluster_3_1mer-bz_0_cluster_2_1mer,seed-5_sample-0,0,,,,bz_0,"cluster_2, cluster_3"
bz_0_cluster_3_1mer-bz_0_cluster_2_1mer,seed-6_sample-0,0,,,,bz_0,"cluster_2, cluster_3"
bz_0_cluster_3_1mer-bz_0_cluster_2_1mer,seed-3_sample-0,0,,,,bz_0,"cluster_2, cluster_3"
bz_0_cluster_3_1mer-bz_0_cluster_2_1mer,seed-1_sample-0,0,,,,bz_0,"cluster_2, cluster_3"
bz_0_cluster_3_1mer-bz_0_cluster_2_1mer,seed-7_sample-0,0,,,,bz_0,"cluster_2, cluster_3"
bz_0_cluster_8_1mer-bz_0_cluster_8_1mer,seed-8_sample-0,42,0.54,0.699047619047619,"[0.59, 0.8, 0.7, 0.65, 0.68, 0.74, 0.8, 0.68, 0.77, 0.78, 0.7, 0.74, 0.79, 0.77, 0.55, 0.8, 0.66, 0.55, 0.81, 0.54, 0.58, 0.58, 0.8, 0.7, 0.66, 0.68, 0.74, 0.8, 0.68, 0.77, 0.79, 0.7, 0.74, 0.78, 0.77, 0.55, 0.81, 0.65, 0.55, 0.8, 0.54, 0.59]",bz_0,"cluster_8, cluster_8"
bz_0_cluster_8_1mer-bz_0_cluster_8_1mer,seed-10_sample-0,42,0.54,0.7004761904761905,"[0.59, 0.8, 0.7, 0.65, 0.68, 0.74, 0.8, 0.68, 0.77, 0.78, 0.7, 0.75, 0.79, 0.77, 0.56, 0.81, 0.66, 0.55, 0.8, 0.54, 0.59, 0.59, 0.8, 0.7, 0.66, 0.68, 0.75, 0.8, 0.68, 0.77, 0.79, 0.7, 0.74, 0.78, 0.77, 0.55, 0.8, 0.65, 0.56, 0.81, 0.54, 0.59]",bz_0,"cluster_8, cluster_8"
bz_0_cluster_8_1mer-bz_0_cluster_8_1mer,seed-9_sample-0,42,0.54,0.71,"[0.61, 0.8, 0.7, 0.68, 0.69, 0.75, 0.81, 0.68, 0.77, 0.78, 0.71, 0.76, 0.78, 0.78, 0.58, 0.81, 0.68, 0.58, 0.81, 0.54, 0.61, 0.61, 0.81, 0.71, 0.68, 0.68, 0.76, 0.8, 0.69, 0.77, 0.78, 0.7, 0.75, 0.78, 0.78, 0.58, 0.81, 0.68, 0.58, 0.81, 0.54, 0.61]",bz_0,"cluster_8, cluster_8"
bz_0_cluster_8_1mer-bz_0_cluster_8_1mer,seed-4_sample-0,136,0.53,0.8598529411764706,"[0.53, 0.61, 0.63, 0.76, 0.87, 0.74, 0.85, 0.69, 0.9, 0.88, 0.93, 0.9, 0.97, 0.91, 0.94, 0.85, 0.88, 0.91, 0.97, 0.82, 0.96, 0.98, 0.96, 0.94, 0.7, 0.6, 0.63, 0.75, 0.63, 0.9, 0.54, 0.75, 0.85, 0.69, 0.9, 0.97, 0.96, 0.93, 0.96, 0.99, 0.97, 0.96, 0.98, 0.96, 0.9, 0.96, 0.99, 0.96, 0.97, 0.7, 0.98, 0.93, 0.69, 0.98, 0.96, 0.82, 0.98, 0.61, 0.97, 0.96, 0.96, 0.94, 0.88, 0.91, 0.93, 0.94, 0.85, 0.7, 0.54, 0.6, 0.63, 0.75, 0.88, 0.75, 0.85, 0.69, 0.9, 0.88, 0.93, 0.91, 0.97, 0.91, 0.94, 0.85, 0.87, 0.9, 0.97, 0.82, 0.96, 0.98, 0.96, 0.94, 0.7, 0.61, 0.63, 0.74, 0.61, 0.9, 0.53, 0.76, 0.85, 0.69, 0.9, 0.97, 0.96, 0.93, 0.96, 0.99, 0.97, 0.96, 0.98, 0.96, 0.9, 0.96, 0.99, 0.96, 0.97, 0.69, 0.98, 0.93, 0.7, 0.98, 0.96, 0.82, 0.98, 0.63, 0.97, 0.96, 0.96, 0.94, 0.88, 0.91, 0.93, 0.94, 0.85, 0.7]",bz_0,"cluster_8, cluster_8"
bz_0_cluster_8_1mer-bz_0_cluster_8_1mer,seed-2_sample-0,42,0.54,0.7061904761904761,"[0.59, 0.81, 0.7, 0.67, 0.68, 0.74, 0.8, 0.69, 0.77, 0.78, 0.7, 0.76, 0.78, 0.78, 0.58, 0.81, 0.67, 0.58, 0.81, 0.54, 0.59, 0.59, 0.8, 0.7, 0.67, 0.69, 0.76, 0.81, 0.68, 0.77, 0.78, 0.7, 0.74, 0.78, 0.78, 0.58, 0.81, 0.67, 0.58, 0.81, 0.54, 0.59]",bz_0,"cluster_8, cluster_8"
bz_0_cluster_8_1mer-bz_0_cluster_8_1mer,seed-5_sample-0,136,0.52,0.8470588235294116,"[0.52, 0.59, 0.61, 0.73, 0.86, 0.7, 0.82, 0.67, 0.88, 0.85, 0.93, 0.89, 0.96, 0.89, 0.94, 0.84, 0.86, 0.89, 0.97, 0.81, 0.95, 0.97, 0.95, 0.93, 0.7, 0.59, 0.61, 0.71, 0.6, 0.88, 0.52, 0.73, 0.82, 0.66, 0.88, 0.97, 0.96, 0.92, 0.95, 0.99, 0.97, 0.95, 0.98, 0.95, 0.88, 0.96, 0.99, 0.95, 0.97, 0.66, 0.98, 0.92, 0.66, 0.98, 0.96, 0.81, 0.97, 0.6, 0.96, 0.95, 0.95, 0.93, 0.85, 0.9, 0.93, 0.94, 0.85, 0.7, 0.52, 0.59, 0.61, 0.73, 0.86, 0.71, 0.82, 0.66, 0.88, 0.85, 0.93, 0.89, 0.96, 0.9, 0.94, 0.85, 0.86, 0.89, 0.97, 0.81, 0.95, 0.97, 0.95, 0.93, 0.7, 0.59, 0.61, 0.7, 0.6, 0.88, 0.52, 0.73, 0.82, 0.67, 0.88, 0.97, 0.96, 0.92, 0.95, 0.99, 0.97, 0.95, 0.98, 0.95, 0.88, 0.96, 0.99, 0.95, 0.97, 0.66, 0.98, 0.92, 0.66, 0.98, 0.96, 0.81, 0.97, 0.6, 0.96, 0.95, 0.95, 0.93, 0.85, 0.89, 0.93, 0.94, 0.84, 0.7]",bz_0,"cluster_8, cluster_8"
bz_0_cluster_8_1mer-bz_0_cluster_8_1mer,seed-6_sample-0,42,0.54,0.7038095238095238,"[0.59, 0.8, 0.69, 0.67, 0.68, 0.75, 0.8, 0.68, 0.76, 0.79, 0.71, 0.75, 0.78, 0.78, 0.57, 0.8, 0.67, 0.57, 0.81, 0.54, 0.59, 0.59, 0.8, 0.71, 0.67, 0.68, 0.75, 0.8, 0.68, 0.76, 0.78, 0.69, 0.75, 0.79, 0.78, 0.57, 0.81, 0.67, 0.57, 0.8, 0.54, 0.59]",bz_0,"cluster_8, cluster_8"
bz_0_cluster_8_1mer-bz_0_cluster_8_1mer,seed-3_sample-0,136,0.53,0.8698529411764706,"[0.53, 0.62, 0.63, 0.75, 0.89, 0.76, 0.87, 0.73, 0.92, 0.9, 0.95, 0.92, 0.97, 0.92, 0.95, 0.87, 0.89, 0.92, 0.98, 0.82, 0.97, 0.98, 0.97, 0.95, 0.73, 0.63, 0.64, 0.77, 0.63, 0.91, 0.54, 0.75, 0.87, 0.73, 0.92, 0.98, 0.96, 0.94, 0.96, 0.99, 0.98, 0.96, 0.98, 0.96, 0.91, 0.96, 0.99, 0.96, 0.97, 0.67, 0.99, 0.94, 0.68, 0.99, 0.97, 0.83, 0.98, 0.64, 0.97, 0.97, 0.97, 0.95, 0.9, 0.92, 0.94, 0.95, 0.87, 0.74, 0.54, 0.63, 0.64, 0.75, 0.89, 0.77, 0.87, 0.73, 0.92, 0.9, 0.94, 0.92, 0.97, 0.92, 0.95, 0.87, 0.89, 0.92, 0.98, 0.83, 0.97, 0.98, 0.97, 0.95, 0.74, 0.62, 0.63, 0.76, 0.64, 0.91, 0.53, 0.75, 0.87, 0.73, 0.92, 0.98, 0.96, 0.94, 0.96, 0.99, 0.98, 0.96, 0.98, 0.96, 0.91, 0.96, 0.99, 0.96, 0.97, 0.68, 0.99, 0.94, 0.67, 0.99, 0.97, 0.82, 0.98, 0.63, 0.97, 0.97, 0.97, 0.95, 0.9, 0.92, 0.95, 0.95, 0.87, 0.73]",bz_0,"cluster_8, cluster_8"
bz_0_cluster_8_1mer-bz_0_cluster_8_1mer,seed-1_sample-0,42,0.52,0.6966666666666667,"[0.58, 0.8, 0.7, 0.65, 0.68, 0.74, 0.8, 0.67, 0.76, 0.79, 0.71, 0.74, 0.79, 0.76, 0.54, 0.8, 0.65, 0.55, 0.81, 0.52, 0.59, 0.59, 0.8, 0.71, 0.65, 0.67, 0.74, 0.8, 0.68, 0.76, 0.79, 0.7, 0.74, 0.79, 0.76, 0.55, 0.81, 0.65, 0.54, 0.8, 0.52, 0.58]",bz_0,"cluster_8, cluster_8"
bz_0_cluster_8_1mer-bz_0_cluster_8_1mer,seed-7_sample-0,42,0.59,0.722857142857143,"[0.62, 0.81, 0.72, 0.68, 0.7, 0.77, 0.81, 0.7, 0.78, 0.8, 0.71, 0.77, 0.8, 0.8, 0.61, 0.81, 0.68, 0.6, 0.82, 0.59, 0.6, 0.6, 0.81, 0.71, 0.68, 0.7, 0.77, 0.81, 0.7, 0.78, 0.8, 0.72, 0.77, 0.8, 0.8, 0.6, 0.82, 0.68, 0.61, 0.81, 0.59, 0.62]",bz_0,"cluster_8, cluster_8"
bz_0_cluster_7_1mer-bz_0_cluster_7_1mer,seed-8_sample-0,0,,,,bz_0,"cluster_7, cluster_7"
bz_0_cluster_7_1mer-bz_0_cluster_7_1mer,seed-10_sample-0,0,,,,bz_0,"cluster_7, cluster_7"
bz_0_cluster_7_1mer-bz_0_cluster_7_1mer,seed-9_sample-0,0,,,,bz_0,"cluster_7, cluster_7"
bz_0_cluster_7_1mer-bz_0_cluster_7_1mer,seed-4_sample-0,0,,,,bz_0,"cluster_7, cluster_7"
bz_0_cluster_7_1mer-bz_0_cluster_7_1mer,seed-2_sample-0,0,,,,bz_0,"cluster_7, cluster_7"
bz_0_cluster_7_1mer-bz_0_cluster_7_1mer,seed-5_sample-0,0,,,,bz_0,"cluster_7, cluster_7"
bz_0_cluster_7_1mer-bz_0_cluster_7_1mer,seed-6_sample-0,0,,,,bz_0,"cluster_7, cluster_7"
bz_0_cluster_7_1mer-bz_0_cluster_7_1mer,seed-3_sample-0,0,,,,bz_0,"cluster_7, cluster_7"
bz_0_cluster_7_1mer-bz_0_cluster_7_1mer,seed-1_sample-0,0,,,,bz_0,"cluster_7, cluster_7"
bz_0_cluster_7_1mer-bz_0_cluster_7_1mer,seed-7_sample-0,0,,,,bz_0,"cluster_7, cluster_7"
bz_0_cluster_0_1mer-bz_0_cluster_0_1mer,seed-8_sample-0,46,0.6,0.741304347826087,"[0.68, 0.75, 0.72, 0.79, 0.78, 0.72, 0.8, 0.83, 0.68, 0.78, 0.6, 0.77, 0.74, 0.72, 0.78, 0.69, 0.77, 0.72, 0.77, 0.77, 0.72, 0.69, 0.78, 0.68, 0.74, 0.72, 0.8, 0.78, 0.72, 0.79, 0.83, 0.68, 0.78, 0.6, 0.77, 0.75, 0.72, 0.77, 0.69, 0.78, 0.72, 0.77, 0.78, 0.72, 0.69, 0.77]",bz_0,"cluster_0, cluster_0"
bz_0_cluster_0_1mer-bz_0_cluster_0_1mer,seed-10_sample-0,46,0.61,0.742608695652174,"[0.68, 0.75, 0.71, 0.79, 0.79, 0.71, 0.79, 0.83, 0.68, 0.78, 0.61, 0.78, 0.75, 0.73, 0.78, 0.69, 0.77, 0.72, 0.78, 0.77, 0.72, 0.7, 0.77, 0.68, 0.75, 0.71, 0.79, 0.78, 0.73, 0.79, 0.83, 0.68, 0.79, 0.61, 0.78, 0.75, 0.71, 0.77, 0.7, 0.77, 0.72, 0.78, 0.78, 0.72, 0.69, 0.77]",bz_0,"cluster_0, cluster_0"
bz_0_cluster_0_1mer-bz_0_cluster_0_1mer,seed-9_sample-0,46,0.6,0.7421739130434782,"[0.67, 0.75, 0.72, 0.8, 0.78, 0.72, 0.79, 0.84, 0.68, 0.79, 0.6, 0.78, 0.74, 0.72, 0.77, 0.69, 0.77, 0.72, 0.78, 0.77, 0.72, 0.7, 0.77, 0.68, 0.74, 0.72, 0.79, 0.79, 0.72, 0.8, 0.84, 0.67, 0.78, 0.6, 0.78, 0.75, 0.72, 0.77, 0.7, 0.77, 0.72, 0.78, 0.77, 0.72, 0.69, 0.77]",bz_0,"cluster_0, cluster_0"
bz_0_cluster_0_1mer-bz_0_cluster_0_1mer,seed-4_sample-0,46,0.59,0.7382608695652174,"[0.67, 0.75, 0.71, 0.8, 0.78, 0.71, 0.79, 0.83, 0.67, 0.79, 0.59, 0.78, 0.74, 0.71, 0.77, 0.69, 0.77, 0.71, 0.77, 0.77, 0.72, 0.69, 0.77, 0.67, 0.74, 0.71, 0.79, 0.79, 0.71, 0.8, 0.83, 0.67, 0.78, 0.59, 0.77, 0.75, 0.71, 0.77, 0.69, 0.77, 0.72, 0.78, 0.77, 0.71, 0.69, 0.77]",bz_0,"cluster_0, cluster_0"
bz_0_cluster_0_1mer-bz_0_cluster_0_1mer,seed-2_sample-0,46,0.6,0.7369565217391304,"[0.67, 0.75, 0.71, 0.79, 0.78, 0.71, 0.79, 0.83, 0.68, 0.78, 0.6, 0.77, 0.74, 0.72, 0.77, 0.69, 0.76, 0.72, 0.77, 0.76, 0.71, 0.68, 0.77, 0.68, 0.74, 0.71, 0.79, 0.78, 0.72, 0.79, 0.83, 0.67, 0.78, 0.6, 0.77, 0.75, 0.71, 0.76, 0.68, 0.77, 0.71, 0.77, 0.77, 0.72, 0.69, 0.76]",bz_0,"cluster_0, cluster_0"
bz_0_cluster_0_1mer-bz_0_cluster_0_1mer,seed-5_sample-0,46,0.6,0.7378260869565217,"[0.66, 0.75, 0.71, 0.78, 0.79, 0.72, 0.79, 0.83, 0.66, 0.78, 0.6, 0.77, 0.74, 0.72, 0.78, 0.68, 0.76, 0.72, 0.78, 0.77, 0.72, 0.69, 0.77, 0.66, 0.74, 0.71, 0.79, 0.78, 0.72, 0.78, 0.83, 0.66, 0.79, 0.6, 0.78, 0.75, 0.72, 0.77, 0.69, 0.77, 0.72, 0.77, 0.78, 0.72, 0.68, 0.76]",bz_0,"cluster_0, cluster_0"
bz_0_cluster_0_1mer-bz_0_cluster_0_1mer,seed-6_sample-0,46,0.6,0.7408695652173912,"[0.68, 0.75, 0.71, 0.79, 0.79, 0.72, 0.79, 0.83, 0.68, 0.79, 0.6, 0.77, 0.75, 0.71, 0.77, 0.69, 0.77, 0.72, 0.78, 0.77, 0.72, 0.69, 0.77, 0.68, 0.75, 0.71, 0.79, 0.79, 0.71, 0.79, 0.83, 0.68, 0.79, 0.6, 0.78, 0.75, 0.72, 0.77, 0.69, 0.77, 0.72, 0.77, 0.77, 0.72, 0.69, 0.77]",bz_0,"cluster_0, cluster_0"
bz_0_cluster_0_1mer-bz_0_cluster_0_1mer,seed-3_sample-0,46,0.61,0.7404347826086957,"[0.68, 0.76, 0.71, 0.79, 0.78, 0.71, 0.79, 0.83, 0.67, 0.78, 0.61, 0.77, 0.75, 0.72, 0.77, 0.69, 0.77, 0.71, 0.78, 0.77, 0.73, 0.69, 0.77, 0.67, 0.75, 0.71, 0.79, 0.78, 0.72, 0.79, 0.83, 0.68, 0.78, 0.61, 0.78, 0.76, 0.71, 0.77, 0.69, 0.77, 0.73, 0.77, 0.77, 0.71, 0.69, 0.77]",bz_0,"cluster_0, cluster_0"
bz_0_cluster_0_1mer-bz_0_cluster_0_1mer,seed-1_sample-0,46,0.6,0.7382608695652174,"[0.68, 0.75, 0.71, 0.79, 0.79, 0.71, 0.77, 0.83, 0.68, 0.78, 0.6, 0.78, 0.74, 0.71, 0.77, 0.69, 0.77, 0.71, 0.77, 0.77, 0.72, 0.69, 0.77, 0.68, 0.74, 0.71, 0.77, 0.78, 0.71, 0.79, 0.83, 0.68, 0.79, 0.6, 0.77, 0.75, 0.71, 0.77, 0.69, 0.77, 0.72, 0.78, 0.77, 0.71, 0.69, 0.77]",bz_0,"cluster_0, cluster_0"
bz_0_cluster_0_1mer-bz_0_cluster_0_1mer,seed-7_sample-0,46,0.61,0.7369565217391304,"[0.66, 0.75, 0.71, 0.78, 0.78, 0.72, 0.78, 0.83, 0.67, 0.78, 0.61, 0.77, 0.75, 0.72, 0.77, 0.69, 0.76, 0.71, 0.77, 0.77, 0.71, 0.69, 0.77, 0.67, 0.75, 0.71, 0.78, 0.78, 0.72, 0.78, 0.83, 0.66, 0.78, 0.61, 0.77, 0.75, 0.72, 0.77, 0.69, 0.77, 0.71, 0.77, 0.77, 0.71, 0.69, 0.76]",bz_0,"cluster_0, cluster_0"
bz_0_cluster_4_1mer-bz_0_cluster_4_1mer,seed-8_sample-0,14,0.51,0.5828571428571429,"[0.51, 0.52, 0.57, 0.63, 0.71, 0.51, 0.63, 0.52, 0.51, 0.57, 0.63, 0.71, 0.51, 0.63]",bz_0,"cluster_4, cluster_4"
bz_0_cluster_4_1mer-bz_0_cluster_4_1mer,seed-10_sample-0,8,0.55,0.63,"[0.55, 0.61, 0.72, 0.64, 0.55, 0.61, 0.72, 0.64]",bz_0,"cluster_4, cluster_4"
bz_0_cluster_4_1mer-bz_0_cluster_4_1mer,seed-9_sample-0,10,0.51,0.6,"[0.54, 0.6, 0.71, 0.51, 0.64, 0.54, 0.6, 0.71, 0.51, 0.64]",bz_0,"cluster_4, cluster_4"
bz_0_cluster_4_1mer-bz_0_cluster_4_1mer,seed-4_sample-0,8,0.55,0.6275000000000001,"[0.55, 0.61, 0.72, 0.63, 0.55, 0.61, 0.72, 0.63]",bz_0,"cluster_4, cluster_4"
bz_0_cluster_4_1mer-bz_0_cluster_4_1mer,seed-2_sample-0,14,0.51,0.5842857142857143,"[0.51, 0.51, 0.56, 0.63, 0.72, 0.52, 0.64, 0.51, 0.51, 0.56, 0.63, 0.72, 0.52, 0.64]",bz_0,"cluster_4, cluster_4"
bz_0_cluster_4_1mer-bz_0_cluster_4_1mer,seed-5_sample-0,8,0.55,0.6275000000000001,"[0.55, 0.61, 0.72, 0.63, 0.55, 0.61, 0.72, 0.63]",bz_0,"cluster_4, cluster_4"
bz_0_cluster_4_1mer-bz_0_cluster_4_1mer,seed-6_sample-0,8,0.53,0.61,"[0.53, 0.58, 0.7, 0.63, 0.53, 0.58, 0.7, 0.63]",bz_0,"cluster_4, cluster_4"
bz_0_cluster_4_1mer-bz_0_cluster_4_1mer,seed-3_sample-0,8,0.55,0.6225,"[0.55, 0.61, 0.72, 0.61, 0.55, 0.61, 0.72, 0.61]",bz_0,"cluster_4, cluster_4"
bz_0_cluster_4_1mer-bz_0_cluster_4_1mer,seed-1_sample-0,12,0.51,0.5916666666666667,"[0.51, 0.51, 0.56, 0.62, 0.71, 0.64, 0.51, 0.51, 0.56, 0.62, 0.71, 0.64]",bz_0,"cluster_4, cluster_4"
bz_0_cluster_4_1mer-bz_0_cluster_4_1mer,seed-7_sample-0,10,0.51,0.6079999999999999,"[0.56, 0.61, 0.72, 0.51, 0.64, 0.56, 0.61, 0.72, 0.51, 0.64]",bz_0,"cluster_4, cluster_4"
bz_0_cluster_5_1mer-bz_0_cluster_5_1mer,seed-8_sample-0,0,,,,bz_0,"cluster_5, cluster_5"
bz_0_cluster_5_1mer-bz_0_cluster_5_1mer,seed-10_sample-0,0,,,,bz_0,"cluster_5, cluster_5"
bz_0_cluster_5_1mer-bz_0_cluster_5_1mer,seed-9_sample-0,0,,,,bz_0,"cluster_5, cluster_5"
bz_0_cluster_5_1mer-bz_0_cluster_5_1mer,seed-4_sample-0,0,,,,bz_0,"cluster_5, cluster_5"
bz_0_cluster_5_1mer-bz_0_cluster_5_1mer,seed-2_sample-0,0,,,,bz_0,"cluster_5, cluster_5"
bz_0_cluster_5_1mer-bz_0_cluster_5_1mer,seed-5_sample-0,0,,,,bz_0,"cluster_5, cluster_5"
bz_0_cluster_5_1mer-bz_0_cluster_5_1mer,seed-6_sample-0,0,,,,bz_0,"cluster_5, cluster_5"
bz_0_cluster_5_1mer-bz_0_cluster_5_1mer,seed-3_sample-0,0,,,,bz_0,"cluster_5, cluster_5"
bz_0_cluster_5_1mer-bz_0_cluster_5_1mer,seed-1_sample-0,0,,,,bz_0,"cluster_5, cluster_5"
bz_0_cluster_5_1mer-bz_0_cluster_5_1mer,seed-7_sample-0,0,,,,bz_0,"cluster_5, cluster_5"
bz_0_cluster_6_1mer-bz_0_cluster_6_1mer,seed-8_sample-0,134,0.51,0.5955223880597016,"[0.51, 0.56, 0.59, 0.65, 0.8, 0.52, 0.51, 0.61, 0.65, 0.51, 0.64, 0.68, 0.56, 0.56, 0.58, 0.63, 0.57, 0.52, 0.61, 0.52, 0.6, 0.79, 0.61, 0.65, 0.53, 0.64, 0.67, 0.52, 0.52, 0.54, 0.63, 0.56, 0.56, 0.63, 0.58, 0.55, 0.66, 0.51, 0.69, 0.56, 0.57, 0.53, 0.66, 0.52, 0.66, 0.61, 0.59, 0.61, 0.55, 0.6, 0.7, 0.55, 0.61, 0.58, 0.71, 0.54, 0.69, 0.55, 0.69, 0.61, 0.63, 0.54, 0.6, 0.55, 0.63, 0.52, 0.52, 0.52, 0.55, 0.6, 0.66, 0.79, 0.53, 0.51, 0.61, 0.64, 0.52, 0.65, 0.67, 0.54, 0.56, 0.58, 0.63, 0.56, 0.52, 0.63, 0.51, 0.59, 0.8, 0.61, 0.64, 0.52, 0.65, 0.68, 0.52, 0.51, 0.56, 0.63, 0.56, 0.57, 0.61, 0.58, 0.56, 0.65, 0.51, 0.69, 0.57, 0.56, 0.52, 0.66, 0.53, 0.66, 0.61, 0.58, 0.61, 0.55, 0.61, 0.71, 0.54, 0.6, 0.59, 0.7, 0.54, 0.69, 0.55, 0.69, 0.6, 0.63, 0.55, 0.61, 0.55, 0.63, 0.52, 0.52]",bz_0,"cluster_6, cluster_6"
bz_0_cluster_6_1mer-bz_0_cluster_6_1mer,seed-10_sample-0,146,0.51,0.6290410958904109,"[0.58, 0.64, 0.82, 0.7, 0.69, 0.79, 0.62, 0.69, 0.6, 0.77, 0.69, 0.66, 0.69, 0.64, 0.8, 0.73, 0.65, 0.73, 0.52, 0.51, 0.57, 0.56, 0.61, 0.53, 0.55, 0.53, 0.56, 0.59, 0.63, 0.82, 0.69, 0.7, 0.7, 0.78, 0.6, 0.77, 0.63, 0.64, 0.61, 0.68, 0.79, 0.67, 0.73, 0.72, 0.69, 0.51, 0.58, 0.53, 0.59, 0.61, 0.54, 0.54, 0.52, 0.56, 0.62, 0.6, 0.6, 0.59, 0.51, 0.58, 0.52, 0.58, 0.66, 0.52, 0.57, 0.65, 0.64, 0.64, 0.55, 0.58, 0.52, 0.55, 0.59, 0.59, 0.63, 0.82, 0.7, 0.69, 0.78, 0.61, 0.7, 0.6, 0.77, 0.68, 0.67, 0.69, 0.63, 0.79, 0.73, 0.64, 0.72, 0.53, 0.51, 0.59, 0.58, 0.61, 0.54, 0.54, 0.52, 0.56, 0.58, 0.64, 0.82, 0.69, 0.69, 0.7, 0.79, 0.6, 0.77, 0.64, 0.65, 0.62, 0.69, 0.8, 0.66, 0.73, 0.73, 0.69, 0.51, 0.56, 0.52, 0.57, 0.61, 0.53, 0.55, 0.53, 0.56, 0.62, 0.6, 0.6, 0.58, 0.59, 0.52, 0.57, 0.65, 0.52, 0.58, 0.51, 0.66, 0.64, 0.64, 0.55, 0.59, 0.52, 0.55, 0.58]",bz_0,"cluster_6, cluster_6"
bz_0_cluster_6_1mer-bz_0_cluster_6_1mer,seed-9_sample-0,92,0.52,0.7039130434782611,"[0.6, 0.68, 0.54, 0.66, 0.68, 0.7, 0.85, 0.69, 0.73, 0.81, 0.66, 0.75, 0.64, 0.81, 0.73, 0.69, 0.73, 0.68, 0.83, 0.76, 0.71, 0.76, 0.61, 0.65, 0.85, 0.73, 0.73, 0.68, 0.81, 0.64, 0.81, 0.68, 0.71, 0.65, 0.73, 0.83, 0.7, 0.76, 0.76, 0.73, 0.52, 0.68, 0.67, 0.52, 0.54, 0.7, 0.61, 0.68, 0.54, 0.65, 0.67, 0.7, 0.85, 0.68, 0.73, 0.81, 0.65, 0.73, 0.64, 0.81, 0.73, 0.7, 0.73, 0.68, 0.83, 0.76, 0.71, 0.76, 0.6, 0.66, 0.85, 0.73, 0.75, 0.69, 0.81, 0.64, 0.81, 0.68, 0.71, 0.66, 0.73, 0.83, 0.69, 0.76, 0.76, 0.73, 0.52, 0.68, 0.68, 0.52, 0.54, 0.7]",bz_0,"cluster_6, cluster_6"
bz_0_cluster_6_1mer-bz_0_cluster_6_1mer,seed-4_sample-0,104,0.51,0.6890384615384615,"[0.61, 0.67, 0.51, 0.53, 0.66, 0.66, 0.67, 0.85, 0.7, 0.73, 0.81, 0.67, 0.75, 0.64, 0.82, 0.74, 0.71, 0.74, 0.69, 0.83, 0.77, 0.7, 0.77, 0.61, 0.65, 0.85, 0.74, 0.75, 0.69, 0.82, 0.64, 0.83, 0.69, 0.72, 0.67, 0.73, 0.83, 0.7, 0.77, 0.77, 0.75, 0.67, 0.66, 0.54, 0.67, 0.56, 0.52, 0.52, 0.6, 0.59, 0.53, 0.53, 0.61, 0.67, 0.54, 0.65, 0.66, 0.67, 0.85, 0.69, 0.74, 0.82, 0.67, 0.75, 0.64, 0.83, 0.73, 0.7, 0.75, 0.69, 0.83, 0.77, 0.72, 0.77, 0.61, 0.66, 0.85, 0.73, 0.75, 0.7, 0.81, 0.64, 0.82, 0.69, 0.7, 0.67, 0.74, 0.83, 0.71, 0.77, 0.77, 0.74, 0.67, 0.66, 0.51, 0.53, 0.67, 0.56, 0.52, 0.52, 0.59, 0.6, 0.53, 0.53]",bz_0,"cluster_6, cluster_6"
bz_0_cluster_6_1mer-bz_0_cluster_6_1mer,seed-2_sample-0,122,0.51,0.6526229508196721,"[0.61, 0.65, 0.62, 0.57, 0.58, 0.84, 0.7, 0.71, 0.82, 0.64, 0.73, 0.64, 0.79, 0.71, 0.72, 0.72, 0.67, 0.82, 0.76, 0.68, 0.77, 0.6, 0.64, 0.84, 0.71, 0.73, 0.7, 0.81, 0.63, 0.8, 0.67, 0.68, 0.65, 0.72, 0.83, 0.71, 0.76, 0.76, 0.72, 0.53, 0.51, 0.51, 0.66, 0.56, 0.53, 0.51, 0.59, 0.6, 0.53, 0.53, 0.56, 0.56, 0.54, 0.6, 0.51, 0.53, 0.61, 0.56, 0.55, 0.51, 0.51, 0.6, 0.66, 0.64, 0.56, 0.59, 0.84, 0.7, 0.71, 0.81, 0.65, 0.73, 0.63, 0.8, 0.72, 0.71, 0.72, 0.67, 0.83, 0.76, 0.68, 0.76, 0.61, 0.62, 0.84, 0.71, 0.73, 0.7, 0.82, 0.64, 0.79, 0.67, 0.68, 0.64, 0.71, 0.82, 0.72, 0.76, 0.77, 0.72, 0.53, 0.51, 0.65, 0.57, 0.53, 0.51, 0.51, 0.58, 0.6, 0.53, 0.53, 0.56, 0.56, 0.53, 0.61, 0.54, 0.6, 0.55, 0.56, 0.51, 0.51, 0.51]",bz_0,"cluster_6, cluster_6"
bz_0_cluster_6_1mer-bz_0_cluster_6_1mer,seed-5_sample-0,100,0.51,0.6528,"[0.58, 0.6, 0.51, 0.6, 0.61, 0.59, 0.83, 0.66, 0.68, 0.78, 0.59, 0.7, 0.58, 0.78, 0.68, 0.66, 0.72, 0.63, 0.8, 0.72, 0.65, 0.72, 0.59, 0.61, 0.82, 0.69, 0.71, 0.66, 0.77, 0.58, 0.78, 0.63, 0.66, 0.58, 0.67, 0.79, 0.66, 0.71, 0.71, 0.72, 0.6, 0.62, 0.52, 0.59, 0.53, 0.58, 0.57, 0.56, 0.55, 0.51, 0.59, 0.6, 0.52, 0.61, 0.62, 0.59, 0.82, 0.66, 0.69, 0.77, 0.58, 0.71, 0.58, 0.78, 0.67, 0.66, 0.72, 0.63, 0.79, 0.71, 0.66, 0.71, 0.58, 0.6, 0.83, 0.68, 0.7, 0.66, 0.78, 0.58, 0.78, 0.63, 0.65, 0.59, 0.68, 0.8, 0.66, 0.72, 0.72, 0.72, 0.6, 0.61, 0.51, 0.59, 0.53, 0.57, 0.58, 0.55, 0.56, 0.51]",bz_0,"cluster_6, cluster_6"
bz_0_cluster_6_1mer-bz_0_cluster_6_1mer,seed-6_sample-0,134,0.54,0.6319402985074627,"[0.59, 0.63, 0.55, 0.8, 0.58, 0.65, 0.74, 0.55, 0.64, 0.56, 0.74, 0.61, 0.61, 0.65, 0.59, 0.75, 0.64, 0.62, 0.66, 0.59, 0.62, 0.81, 0.65, 0.63, 0.59, 0.74, 0.55, 0.74, 0.6, 0.62, 0.55, 0.61, 0.76, 0.62, 0.64, 0.66, 0.65, 0.55, 0.71, 0.58, 0.58, 0.54, 0.67, 0.54, 0.67, 0.62, 0.61, 0.63, 0.59, 0.63, 0.73, 0.56, 0.62, 0.6, 0.73, 0.55, 0.73, 0.58, 0.72, 0.64, 0.65, 0.56, 0.63, 0.57, 0.65, 0.55, 0.56, 0.59, 0.62, 0.55, 0.81, 0.59, 0.65, 0.74, 0.55, 0.63, 0.55, 0.74, 0.61, 0.62, 0.65, 0.6, 0.76, 0.64, 0.62, 0.66, 0.59, 0.63, 0.8, 0.65, 0.64, 0.58, 0.74, 0.56, 0.74, 0.59, 0.62, 0.55, 0.61, 0.75, 0.61, 0.64, 0.66, 0.65, 0.55, 0.71, 0.58, 0.58, 0.54, 0.67, 0.54, 0.67, 0.63, 0.6, 0.62, 0.59, 0.62, 0.73, 0.56, 0.63, 0.61, 0.73, 0.55, 0.72, 0.57, 0.73, 0.63, 0.65, 0.56, 0.64, 0.58, 0.65, 0.56, 0.55]",bz_0,"cluster_6, cluster_6"
bz_0_cluster_6_1mer-bz_0_cluster_6_1mer,seed-3_sample-0,118,0.51,0.6362711864406779,"[0.58, 0.64, 0.82, 0.64, 0.67, 0.76, 0.58, 0.68, 0.59, 0.77, 0.65, 0.63, 0.68, 0.61, 0.77, 0.69, 0.64, 0.7, 0.58, 0.64, 0.81, 0.68, 0.67, 0.64, 0.75, 0.58, 0.77, 0.62, 0.63, 0.57, 0.64, 0.78, 0.64, 0.7, 0.69, 0.68, 0.67, 0.52, 0.52, 0.62, 0.61, 0.57, 0.53, 0.58, 0.52, 0.58, 0.69, 0.52, 0.58, 0.53, 0.68, 0.64, 0.51, 0.64, 0.57, 0.61, 0.56, 0.51, 0.61, 0.58, 0.64, 0.81, 0.64, 0.68, 0.75, 0.57, 0.67, 0.58, 0.77, 0.64, 0.64, 0.68, 0.62, 0.78, 0.7, 0.63, 0.69, 0.58, 0.64, 0.82, 0.67, 0.68, 0.64, 0.76, 0.59, 0.77, 0.61, 0.64, 0.58, 0.65, 0.77, 0.63, 0.69, 0.7, 0.68, 0.67, 0.52, 0.52, 0.61, 0.62, 0.58, 0.53, 0.57, 0.52, 0.58, 0.68, 0.58, 0.53, 0.69, 0.64, 0.51, 0.64, 0.56, 0.61, 0.52, 0.57, 0.51, 0.61]",bz_0,"cluster_6, cluster_6"
bz_0_cluster_6_1mer-bz_0_cluster_6_1mer,seed-1_sample-0,112,0.51,0.655,"[0.59, 0.65, 0.83, 0.67, 0.71, 0.78, 0.62, 0.7, 0.61, 0.79, 0.68, 0.66, 0.7, 0.65, 0.8, 0.72, 0.68, 0.74, 0.59, 0.64, 0.84, 0.71, 0.7, 0.68, 0.78, 0.61, 0.79, 0.65, 0.68, 0.6, 0.68, 0.8, 0.66, 0.72, 0.73, 0.69, 0.63, 0.6, 0.59, 0.57, 0.51, 0.57, 0.51, 0.57, 0.67, 0.53, 0.56, 0.51, 0.66, 0.64, 0.64, 0.55, 0.58, 0.53, 0.55, 0.58, 0.59, 0.64, 0.84, 0.68, 0.71, 0.78, 0.6, 0.7, 0.61, 0.79, 0.68, 0.66, 0.69, 0.65, 0.8, 0.72, 0.68, 0.73, 0.59, 0.65, 0.83, 0.71, 0.7, 0.67, 0.78, 0.61, 0.79, 0.65, 0.68, 0.62, 0.68, 0.8, 0.66, 0.72, 0.74, 0.7, 0.63, 0.59, 0.6, 0.57, 0.51, 0.57, 0.51, 0.56, 0.66, 0.53, 0.57, 0.51, 0.67, 0.64, 0.64, 0.55, 0.58, 0.53, 0.55, 0.58]",bz_0,"cluster_6, cluster_6"
bz_0_cluster_6_1mer-bz_0_cluster_6_1mer,seed-7_sample-0,84,0.55,0.7076190476190476,"[0.61, 0.57, 0.65, 0.59, 0.55, 0.85, 0.7, 0.73, 0.81, 0.66, 0.75, 0.64, 0.81, 0.73, 0.7, 0.73, 0.68, 0.83, 0.76, 0.71, 0.78, 0.61, 0.66, 0.85, 0.74, 0.75, 0.7, 0.81, 0.64, 0.82, 0.68, 0.71, 0.65, 0.73, 0.83, 0.7, 0.76, 0.78, 0.73, 0.58, 0.59, 0.56, 0.61, 0.58, 0.66, 0.59, 0.56, 0.85, 0.7, 0.74, 0.81, 0.65, 0.75, 0.64, 0.82, 0.73, 0.7, 0.73, 0.68, 0.83, 0.76, 0.71, 0.78, 0.61, 0.65, 0.85, 0.73, 0.75, 0.7, 0.81, 0.64, 0.81, 0.68, 0.71, 0.66, 0.73, 0.83, 0.7, 0.76, 0.78, 0.73, 0.57, 0.59, 0.55]",bz_0,"cluster_6, cluster_6"
bz_0_cluster_1_1mer-bz_0_cluster_1_1mer,seed-8_sample-0,160,0.51,0.6713749999999999,"[0.53, 0.64, 0.68, 0.64, 0.76, 0.57, 0.68, 0.76, 0.52, 0.72, 0.58, 0.62, 0.59, 0.72, 0.71, 0.63, 0.51, 0.66, 0.72, 0.67, 0.75, 0.72, 0.62, 0.65, 0.54, 0.74, 0.78, 0.75, 0.58, 0.63, 0.66, 0.64, 0.66, 0.59, 0.6, 0.67, 0.51, 0.74, 0.71, 0.66, 0.68, 0.74, 0.73, 0.68, 0.63, 0.64, 0.52, 0.71, 0.71, 0.71, 0.68, 0.68, 0.72, 0.66, 0.77, 0.74, 0.64, 0.75, 0.71, 0.71, 0.76, 0.72, 0.76, 0.62, 0.75, 0.67, 0.74, 0.68, 0.72, 0.71, 0.7, 0.71, 0.75, 0.54, 0.78, 0.68, 0.52, 0.66, 0.63, 0.69, 0.53, 0.64, 0.68, 0.64, 0.76, 0.78, 0.57, 0.68, 0.76, 0.52, 0.68, 0.52, 0.72, 0.58, 0.76, 0.62, 0.72, 0.74, 0.75, 0.59, 0.51, 0.78, 0.58, 0.6, 0.74, 0.67, 0.71, 0.66, 0.68, 0.71, 0.72, 0.64, 0.63, 0.74, 0.63, 0.71, 0.71, 0.64, 0.68, 0.66, 0.73, 0.52, 0.66, 0.72, 0.62, 0.54, 0.64, 0.63, 0.67, 0.65, 0.59, 0.51, 0.75, 0.72, 0.66, 0.71, 0.68, 0.75, 0.62, 0.71, 0.75, 0.67, 0.66, 0.71, 0.77, 0.76, 0.68, 0.74, 0.72, 0.74, 0.71, 0.71, 0.68, 0.72, 0.7, 0.75, 0.66, 0.54, 0.63, 0.69]",bz_0,"cluster_1, cluster_1"
bz_0_cluster_1_1mer-bz_0_cluster_1_1mer,seed-10_sample-0,158,0.51,0.670759493670886,"[0.51, 0.63, 0.67, 0.64, 0.75, 0.55, 0.69, 0.76, 0.53, 0.71, 0.58, 0.62, 0.58, 0.71, 0.7, 0.63, 0.65, 0.72, 0.66, 0.74, 0.73, 0.62, 0.65, 0.53, 0.75, 0.78, 0.75, 0.58, 0.63, 0.65, 0.63, 0.66, 0.58, 0.61, 0.66, 0.52, 0.73, 0.72, 0.66, 0.67, 0.72, 0.72, 0.67, 0.63, 0.64, 0.53, 0.71, 0.71, 0.71, 0.68, 0.68, 0.72, 0.66, 0.76, 0.75, 0.64, 0.76, 0.7, 0.72, 0.75, 0.7, 0.76, 0.61, 0.75, 0.67, 0.72, 0.69, 0.72, 0.71, 0.7, 0.71, 0.76, 0.54, 0.77, 0.68, 0.53, 0.65, 0.63, 0.69, 0.51, 0.63, 0.67, 0.64, 0.75, 0.77, 0.55, 0.69, 0.76, 0.53, 0.68, 0.53, 0.71, 0.58, 0.76, 0.62, 0.73, 0.75, 0.75, 0.58, 0.52, 0.78, 0.58, 0.61, 0.73, 0.66, 0.72, 0.66, 0.67, 0.71, 0.72, 0.64, 0.63, 0.72, 0.63, 0.71, 0.71, 0.64, 0.68, 0.66, 0.72, 0.53, 0.65, 0.72, 0.62, 0.53, 0.63, 0.63, 0.66, 0.65, 0.58, 0.74, 0.71, 0.65, 0.7, 0.67, 0.76, 0.61, 0.7, 0.75, 0.67, 0.66, 0.72, 0.76, 0.75, 0.68, 0.75, 0.7, 0.72, 0.71, 0.71, 0.69, 0.72, 0.7, 0.76, 0.65, 0.54, 0.63, 0.69]",bz_0,"cluster_1, cluster_1"
bz_0_cluster_1_1mer-bz_0_cluster_1_1mer,seed-9_sample-0,154,0.51,0.6725974025974026,"[0.51, 0.64, 0.66, 0.64, 0.74, 0.55, 0.67, 0.75, 0.52, 0.71, 0.58, 0.62, 0.58, 0.72, 0.7, 0.62, 0.65, 0.72, 0.66, 0.74, 0.72, 0.62, 0.65, 0.74, 0.78, 0.74, 0.58, 0.61, 0.66, 0.63, 0.66, 0.59, 0.59, 0.67, 0.73, 0.71, 0.66, 0.67, 0.73, 0.73, 0.67, 0.63, 0.63, 0.53, 0.73, 0.71, 0.72, 0.68, 0.68, 0.73, 0.66, 0.76, 0.75, 0.64, 0.75, 0.7, 0.71, 0.76, 0.71, 0.75, 0.59, 0.76, 0.65, 0.73, 0.68, 0.71, 0.7, 0.7, 0.7, 0.75, 0.53, 0.77, 0.67, 0.53, 0.66, 0.63, 0.68, 0.51, 0.64, 0.66, 0.64, 0.74, 0.77, 0.55, 0.67, 0.75, 0.52, 0.67, 0.53, 0.71, 0.58, 0.75, 0.62, 0.72, 0.74, 0.74, 0.59, 0.78, 0.58, 0.59, 0.73, 0.67, 0.71, 0.66, 0.67, 0.73, 0.73, 0.64, 0.61, 0.73, 0.63, 0.71, 0.72, 0.63, 0.68, 0.66, 0.73, 0.53, 0.66, 0.72, 0.62, 0.63, 0.62, 0.66, 0.65, 0.58, 0.74, 0.72, 0.65, 0.7, 0.67, 0.75, 0.59, 0.7, 0.76, 0.65, 0.66, 0.71, 0.76, 0.76, 0.68, 0.75, 0.71, 0.73, 0.7, 0.7, 0.68, 0.71, 0.7, 0.75, 0.66, 0.53, 0.63, 0.68]",bz_0,"cluster_1, cluster_1"
bz_0_cluster_1_1mer-bz_0_cluster_1_1mer,seed-4_sample-0,156,0.52,0.6691025641025641,"[0.52, 0.63, 0.66, 0.63, 0.74, 0.55, 0.68, 0.75, 0.53, 0.71, 0.58, 0.62, 0.57, 0.71, 0.7, 0.62, 0.65, 0.71, 0.66, 0.74, 0.72, 0.62, 0.65, 0.52, 0.74, 0.77, 0.75, 0.58, 0.62, 0.65, 0.62, 0.66, 0.58, 0.59, 0.66, 0.73, 0.7, 0.66, 0.66, 0.74, 0.72, 0.65, 0.63, 0.63, 0.52, 0.74, 0.71, 0.71, 0.68, 0.68, 0.73, 0.67, 0.76, 0.75, 0.65, 0.75, 0.71, 0.71, 0.75, 0.72, 0.75, 0.58, 0.75, 0.66, 0.72, 0.67, 0.71, 0.7, 0.7, 0.7, 0.74, 0.53, 0.76, 0.68, 0.52, 0.66, 0.63, 0.68, 0.52, 0.63, 0.66, 0.63, 0.74, 0.76, 0.55, 0.68, 0.75, 0.53, 0.68, 0.52, 0.71, 0.58, 0.75, 0.62, 0.72, 0.74, 0.75, 0.58, 0.77, 0.58, 0.59, 0.73, 0.66, 0.7, 0.66, 0.66, 0.74, 0.73, 0.65, 0.62, 0.74, 0.63, 0.71, 0.71, 0.63, 0.68, 0.66, 0.72, 0.52, 0.65, 0.71, 0.62, 0.52, 0.62, 0.62, 0.66, 0.65, 0.57, 0.74, 0.71, 0.65, 0.7, 0.65, 0.75, 0.58, 0.71, 0.75, 0.66, 0.67, 0.71, 0.76, 0.75, 0.68, 0.75, 0.72, 0.72, 0.7, 0.7, 0.67, 0.71, 0.7, 0.74, 0.66, 0.53, 0.63, 0.68]",bz_0,"cluster_1, cluster_1"
bz_0_cluster_1_1mer-bz_0_cluster_1_1mer,seed-2_sample-0,158,0.52,0.6708860759493671,"[0.52, 0.64, 0.67, 0.64, 0.74, 0.55, 0.68, 0.76, 0.53, 0.71, 0.58, 0.62, 0.58, 0.72, 0.69, 0.62, 0.65, 0.72, 0.66, 0.74, 0.72, 0.63, 0.65, 0.52, 0.74, 0.77, 0.75, 0.58, 0.61, 0.65, 0.63, 0.66, 0.59, 0.61, 0.67, 0.53, 0.74, 0.71, 0.66, 0.66, 0.74, 0.72, 0.66, 0.63, 0.63, 0.53, 0.73, 0.71, 0.72, 0.68, 0.68, 0.74, 0.67, 0.77, 0.74, 0.65, 0.76, 0.71, 0.71, 0.76, 0.71, 0.75, 0.61, 0.75, 0.66, 0.73, 0.68, 0.72, 0.7, 0.71, 0.71, 0.75, 0.52, 0.77, 0.68, 0.53, 0.66, 0.63, 0.69, 0.52, 0.64, 0.67, 0.64, 0.74, 0.77, 0.55, 0.68, 0.76, 0.53, 0.68, 0.53, 0.71, 0.58, 0.75, 0.62, 0.72, 0.74, 0.75, 0.59, 0.53, 0.77, 0.58, 0.61, 0.74, 0.67, 0.71, 0.66, 0.66, 0.73, 0.74, 0.65, 0.61, 0.74, 0.63, 0.71, 0.72, 0.63, 0.68, 0.66, 0.72, 0.53, 0.65, 0.72, 0.63, 0.52, 0.63, 0.62, 0.66, 0.65, 0.58, 0.74, 0.72, 0.65, 0.69, 0.66, 0.76, 0.61, 0.71, 0.75, 0.66, 0.67, 0.71, 0.77, 0.76, 0.68, 0.74, 0.71, 0.73, 0.7, 0.71, 0.68, 0.72, 0.71, 0.75, 0.66, 0.52, 0.63, 0.69]",bz_0,"cluster_1, cluster_1"
bz_0_cluster_1_1mer-bz_0_cluster_1_1mer,seed-5_sample-0,158,0.51,0.6712658227848102,"[0.52, 0.64, 0.67, 0.64, 0.75, 0.57, 0.68, 0.76, 0.52, 0.72, 0.59, 0.62, 0.58, 0.72, 0.7, 0.62, 0.65, 0.72, 0.67, 0.75, 0.73, 0.62, 0.65, 0.52, 0.75, 0.77, 0.75, 0.58, 0.62, 0.65, 0.64, 0.66, 0.58, 0.6, 0.66, 0.52, 0.74, 0.72, 0.68, 0.67, 0.74, 0.72, 0.67, 0.64, 0.63, 0.51, 0.72, 0.7, 0.71, 0.68, 0.68, 0.71, 0.65, 0.77, 0.75, 0.65, 0.75, 0.71, 0.72, 0.76, 0.71, 0.76, 0.59, 0.75, 0.67, 0.73, 0.69, 0.71, 0.7, 0.7, 0.71, 0.76, 0.54, 0.77, 0.67, 0.52, 0.66, 0.63, 0.69, 0.52, 0.64, 0.67, 0.64, 0.75, 0.77, 0.57, 0.68, 0.76, 0.52, 0.67, 0.52, 0.72, 0.59, 0.76, 0.62, 0.73, 0.75, 0.75, 0.58, 0.52, 0.77, 0.58, 0.6, 0.74, 0.66, 0.72, 0.68, 0.67, 0.72, 0.71, 0.65, 0.62, 0.74, 0.64, 0.7, 0.71, 0.63, 0.68, 0.66, 0.72, 0.51, 0.65, 0.72, 0.62, 0.52, 0.64, 0.62, 0.67, 0.65, 0.58, 0.75, 0.72, 0.65, 0.7, 0.67, 0.75, 0.59, 0.71, 0.75, 0.67, 0.65, 0.72, 0.77, 0.76, 0.68, 0.75, 0.71, 0.73, 0.7, 0.71, 0.69, 0.71, 0.7, 0.76, 0.66, 0.54, 0.63, 0.69]",bz_0,"cluster_1, cluster_1"
bz_0_cluster_1_1mer-bz_0_cluster_1_1mer,seed-6_sample-0,156,0.51,0.6692307692307693,"[0.51, 0.63, 0.66, 0.63, 0.74, 0.55, 0.67, 0.76, 0.52, 0.7, 0.58, 0.61, 0.58, 0.71, 0.7, 0.62, 0.65, 0.72, 0.66, 0.74, 0.72, 0.62, 0.64, 0.74, 0.77, 0.74, 0.58, 0.61, 0.65, 0.62, 0.66, 0.58, 0.59, 0.66, 0.52, 0.73, 0.71, 0.67, 0.67, 0.73, 0.72, 0.67, 0.62, 0.62, 0.52, 0.73, 0.71, 0.72, 0.68, 0.68, 0.72, 0.66, 0.76, 0.74, 0.64, 0.76, 0.71, 0.72, 0.74, 0.71, 0.75, 0.6, 0.75, 0.67, 0.73, 0.67, 0.71, 0.7, 0.7, 0.71, 0.75, 0.53, 0.77, 0.68, 0.52, 0.66, 0.64, 0.68, 0.51, 0.63, 0.66, 0.63, 0.74, 0.77, 0.55, 0.67, 0.76, 0.52, 0.68, 0.52, 0.7, 0.58, 0.75, 0.61, 0.72, 0.74, 0.74, 0.58, 0.52, 0.77, 0.58, 0.59, 0.73, 0.66, 0.71, 0.67, 0.67, 0.73, 0.72, 0.64, 0.61, 0.73, 0.62, 0.71, 0.72, 0.62, 0.68, 0.66, 0.72, 0.52, 0.65, 0.72, 0.62, 0.62, 0.62, 0.66, 0.64, 0.58, 0.74, 0.71, 0.65, 0.7, 0.67, 0.76, 0.6, 0.71, 0.75, 0.67, 0.66, 0.72, 0.76, 0.74, 0.68, 0.74, 0.71, 0.73, 0.7, 0.71, 0.67, 0.71, 0.7, 0.75, 0.66, 0.53, 0.64, 0.68]",bz_0,"cluster_1, cluster_1"
bz_0_cluster_1_1mer-bz_0_cluster_1_1mer,seed-3_sample-0,158,0.51,0.670759493670886,"[0.52, 0.64, 0.67, 0.63, 0.74, 0.56, 0.68, 0.75, 0.53, 0.71, 0.58, 0.62, 0.58, 0.71, 0.7, 0.62, 0.66, 0.71, 0.66, 0.75, 0.73, 0.62, 0.66, 0.52, 0.76, 0.77, 0.74, 0.58, 0.62, 0.66, 0.63, 0.66, 0.59, 0.6, 0.67, 0.51, 0.73, 0.72, 0.67, 0.66, 0.73, 0.72, 0.67, 0.64, 0.64, 0.51, 0.71, 0.71, 0.71, 0.69, 0.68, 0.72, 0.65, 0.77, 0.75, 0.63, 0.77, 0.71, 0.72, 0.75, 0.71, 0.76, 0.61, 0.75, 0.67, 0.73, 0.69, 0.71, 0.71, 0.7, 0.71, 0.75, 0.53, 0.77, 0.68, 0.53, 0.66, 0.63, 0.69, 0.52, 0.64, 0.67, 0.63, 0.74, 0.77, 0.56, 0.68, 0.75, 0.53, 0.68, 0.53, 0.71, 0.58, 0.76, 0.62, 0.73, 0.76, 0.74, 0.59, 0.51, 0.77, 0.58, 0.6, 0.73, 0.67, 0.72, 0.67, 0.66, 0.71, 0.72, 0.63, 0.62, 0.73, 0.64, 0.71, 0.71, 0.64, 0.69, 0.66, 0.72, 0.51, 0.66, 0.71, 0.62, 0.52, 0.63, 0.62, 0.66, 0.66, 0.58, 0.75, 0.71, 0.66, 0.7, 0.67, 0.77, 0.61, 0.71, 0.75, 0.67, 0.65, 0.72, 0.77, 0.75, 0.68, 0.75, 0.71, 0.73, 0.71, 0.71, 0.69, 0.71, 0.7, 0.75, 0.66, 0.53, 0.63, 0.69]",bz_0,"cluster_1, cluster_1"
bz_0_cluster_1_1mer-bz_0_cluster_1_1mer,seed-1_sample-0,158,0.51,0.669240506329114,"[0.52, 0.64, 0.66, 0.64, 0.74, 0.56, 0.68, 0.76, 0.52, 0.71, 0.58, 0.62, 0.58, 0.72, 0.7, 0.62, 0.65, 0.71, 0.67, 0.75, 0.73, 0.62, 0.64, 0.52, 0.75, 0.77, 0.74, 0.58, 0.62, 0.66, 0.63, 0.66, 0.58, 0.61, 0.66, 0.52, 0.73, 0.71, 0.65, 0.67, 0.73, 0.72, 0.66, 0.64, 0.64, 0.51, 0.71, 0.7, 0.71, 0.68, 0.68, 0.72, 0.66, 0.76, 0.75, 0.65, 0.75, 0.7, 0.72, 0.75, 0.72, 0.76, 0.61, 0.76, 0.67, 0.73, 0.69, 0.71, 0.69, 0.69, 0.71, 0.74, 0.53, 0.77, 0.68, 0.53, 0.65, 0.63, 0.68, 0.52, 0.64, 0.66, 0.64, 0.74, 0.77, 0.56, 0.68, 0.76, 0.52, 0.68, 0.53, 0.71, 0.58, 0.76, 0.62, 0.73, 0.75, 0.74, 0.58, 0.52, 0.77, 0.58, 0.61, 0.73, 0.66, 0.71, 0.65, 0.67, 0.71, 0.72, 0.65, 0.62, 0.73, 0.64, 0.7, 0.71, 0.64, 0.68, 0.66, 0.72, 0.51, 0.66, 0.71, 0.62, 0.52, 0.63, 0.62, 0.67, 0.64, 0.58, 0.75, 0.72, 0.65, 0.7, 0.66, 0.75, 0.61, 0.7, 0.76, 0.67, 0.66, 0.72, 0.76, 0.75, 0.68, 0.75, 0.72, 0.73, 0.69, 0.71, 0.69, 0.71, 0.69, 0.74, 0.65, 0.53, 0.63, 0.68]",bz_0,"cluster_1, cluster_1"
bz_0_cluster_1_1mer-bz_0_cluster_1_1mer,seed-7_sample-0,158,0.51,0.6664556962025318,"[0.52, 0.63, 0.66, 0.63, 0.74, 0.55, 0.68, 0.75, 0.53, 0.71, 0.58, 0.62, 0.57, 0.71, 0.7, 0.61, 0.64, 0.71, 0.66, 0.73, 0.72, 0.62, 0.64, 0.52, 0.74, 0.76, 0.74, 0.58, 0.61, 0.65, 0.63, 0.66, 0.58, 0.6, 0.66, 0.51, 0.73, 0.71, 0.66, 0.66, 0.73, 0.72, 0.66, 0.63, 0.63, 0.51, 0.73, 0.71, 0.71, 0.68, 0.68, 0.73, 0.67, 0.76, 0.75, 0.62, 0.76, 0.7, 0.71, 0.75, 0.72, 0.74, 0.6, 0.75, 0.66, 0.73, 0.68, 0.71, 0.69, 0.7, 0.7, 0.75, 0.53, 0.76, 0.68, 0.53, 0.66, 0.63, 0.68, 0.52, 0.63, 0.66, 0.63, 0.74, 0.76, 0.55, 0.68, 0.75, 0.53, 0.68, 0.53, 0.71, 0.58, 0.74, 0.62, 0.72, 0.74, 0.74, 0.58, 0.51, 0.76, 0.58, 0.6, 0.73, 0.66, 0.71, 0.66, 0.66, 0.73, 0.73, 0.62, 0.61, 0.73, 0.63, 0.71, 0.71, 0.63, 0.68, 0.66, 0.72, 0.51, 0.65, 0.71, 0.62, 0.52, 0.63, 0.61, 0.66, 0.64, 0.57, 0.73, 0.71, 0.64, 0.7, 0.66, 0.76, 0.6, 0.7, 0.75, 0.66, 0.67, 0.71, 0.76, 0.75, 0.68, 0.75, 0.72, 0.73, 0.69, 0.7, 0.68, 0.71, 0.7, 0.75, 0.66, 0.53, 0.63, 0.68]",bz_0,"cluster_1, cluster_1"
bz_0_cluster_3_1mer-bz_0_cluster_3_1mer,seed-8_sample-0,0,,,,bz_0,"cluster_3, cluster_3"
bz_0_cluster_3_1mer-bz_0_cluster_3_1mer,seed-10_sample-0,0,,,,bz_0,"cluster_3, cluster_3"
bz_0_cluster_3_1mer-bz_0_cluster_3_1mer,seed-9_sample-0,0,,,,bz_0,"cluster_3, cluster_3"
bz_0_cluster_3_1mer-bz_0_cluster_3_1mer,seed-4_sample-0,0,,,,bz_0,"cluster_3, cluster_3"
bz_0_cluster_3_1mer-bz_0_cluster_3_1mer,seed-2_sample-0,0,,,,bz_0,"cluster_3, cluster_3"
bz_0_cluster_3_1mer-bz_0_cluster_3_1mer,seed-5_sample-0,0,,,,bz_0,"cluster_3, cluster_3"
bz_0_cluster_3_1mer-bz_0_cluster_3_1mer,seed-6_sample-0,0,,,,bz_0,"cluster_3, cluster_3"
bz_0_cluster_3_1mer-bz_0_cluster_3_1mer,seed-3_sample-0,0,,,,bz_0,"cluster_3, cluster_3"
bz_0_cluster_3_1mer-bz_0_cluster_3_1mer,seed-1_sample-0,0,,,,bz_0,"cluster_3, cluster_3"
bz_0_cluster_3_1mer-bz_0_cluster_3_1mer,seed-7_sample-0,0,,,,bz_0,"cluster_3, cluster_3"
bz_0_cluster_2_1mer-bz_0_cluster_2_1mer,seed-8_sample-0,0,,,,bz_0,"cluster_2, cluster_2"
bz_0_cluster_2_1mer-bz_0_cluster_2_1mer,seed-10_sample-0,0,,,,bz_0,"cluster_2, cluster_2"
bz_0_cluster_2_1mer-bz_0_cluster_2_1mer,seed-9_sample-0,0,,,,bz_0,"cluster_2, cluster_2"
bz_0_cluster_2_1mer-bz_0_cluster_2_1mer,seed-4_sample-0,0,,,,bz_0,"cluster_2, cluster_2"
bz_0_cluster_2_1mer-bz_0_cluster_2_1mer,seed-2_sample-0,0,,,,bz_0,"cluster_2, cluster_2"
bz_0_cluster_2_1mer-bz_0_cluster_2_1mer,seed-5_sample-0,0,,,,bz_0,"cluster_2, cluster_2"
bz_0_cluster_2_1mer-bz_0_cluster_2_1mer,seed-6_sample-0,0,,,,bz_0,"cluster_2, cluster_2"
bz_0_cluster_2_1mer-bz_0_cluster_2_1mer,seed-3_sample-0,0,,,,bz_0,"cluster_2, cluster_2"
bz_0_cluster_2_1mer-bz_0_cluster_2_1mer,seed-1_sample-0,0,,,,bz_0,"cluster_2, cluster_2"
bz_0_cluster_2_1mer-bz_0_cluster_2_1mer,seed-7_sample-0,0,,,,bz_0,"cluster_2, cluster_2"
bz_1_cluster_8_1mer-bz_1_cluster_7_1mer,seed-8_sample-0,0,,,,bz_1,"cluster_7, cluster_8"
bz_1_cluster_8_1mer-bz_1_cluster_7_1mer,seed-10_sample-0,0,,,,bz_1,"cluster_7, cluster_8"
bz_1_cluster_8_1mer-bz_1_cluster_7_1mer,seed-9_sample-0,0,,,,bz_1,"cluster_7, cluster_8"
bz_1_cluster_8_1mer-bz_1_cluster_7_1mer,seed-4_sample-0,0,,,,bz_1,"cluster_7, cluster_8"
bz_1_cluster_8_1mer-bz_1_cluster_7_1mer,seed-2_sample-0,0,,,,bz_1,"cluster_7, cluster_8"
bz_1_cluster_8_1mer-bz_1_cluster_7_1mer,seed-5_sample-0,0,,,,bz_1,"cluster_7, cluster_8"
bz_1_cluster_8_1mer-bz_1_cluster_7_1mer,seed-6_sample-0,0,,,,bz_1,"cluster_7, cluster_8"
bz_1_cluster_8_1mer-bz_1_cluster_7_1mer,seed-3_sample-0,0,,,,bz_1,"cluster_7, cluster_8"
bz_1_cluster_8_1mer-bz_1_cluster_7_1mer,seed-1_sample-0,0,,,,bz_1,"cluster_7, cluster_8"
bz_1_cluster_8_1mer-bz_1_cluster_7_1mer,seed-7_sample-0,0,,,,bz_1,"cluster_7, cluster_8"
bz_1_cluster_8_1mer-bz_1_cluster_0_1mer,seed-8_sample-0,0,,,,bz_1,"cluster_0, cluster_8"
bz_1_cluster_8_1mer-bz_1_cluster_0_1mer,seed-10_sample-0,0,,,,bz_1,"cluster_0, cluster_8"
bz_1_cluster_8_1mer-bz_1_cluster_0_1mer,seed-9_sample-0,0,,,,bz_1,"cluster_0, cluster_8"
bz_1_cluster_8_1mer-bz_1_cluster_0_1mer,seed-4_sample-0,0,,,,bz_1,"cluster_0, cluster_8"
bz_1_cluster_8_1mer-bz_1_cluster_0_1mer,seed-2_sample-0,0,,,,bz_1,"cluster_0, cluster_8"
bz_1_cluster_8_1mer-bz_1_cluster_0_1mer,seed-5_sample-0,0,,,,bz_1,"cluster_0, cluster_8"
bz_1_cluster_8_1mer-bz_1_cluster_0_1mer,seed-6_sample-0,0,,,,bz_1,"cluster_0, cluster_8"
bz_1_cluster_8_1mer-bz_1_cluster_0_1mer,seed-3_sample-0,0,,,,bz_1,"cluster_0, cluster_8"
bz_1_cluster_8_1mer-bz_1_cluster_0_1mer,seed-1_sample-0,0,,,,bz_1,"cluster_0, cluster_8"
bz_1_cluster_8_1mer-bz_1_cluster_0_1mer,seed-7_sample-0,0,,,,bz_1,"cluster_0, cluster_8"
bz_1_cluster_8_1mer-bz_1_cluster_4_1mer,seed-8_sample-0,0,,,,bz_1,"cluster_4, cluster_8"
bz_1_cluster_8_1mer-bz_1_cluster_4_1mer,seed-10_sample-0,0,,,,bz_1,"cluster_4, cluster_8"
bz_1_cluster_8_1mer-bz_1_cluster_4_1mer,seed-9_sample-0,0,,,,bz_1,"cluster_4, cluster_8"
bz_1_cluster_8_1mer-bz_1_cluster_4_1mer,seed-4_sample-0,0,,,,bz_1,"cluster_4, cluster_8"
bz_1_cluster_8_1mer-bz_1_cluster_4_1mer,seed-2_sample-0,0,,,,bz_1,"cluster_4, cluster_8"
bz_1_cluster_8_1mer-bz_1_cluster_4_1mer,seed-5_sample-0,0,,,,bz_1,"cluster_4, cluster_8"
bz_1_cluster_8_1mer-bz_1_cluster_4_1mer,seed-6_sample-0,0,,,,bz_1,"cluster_4, cluster_8"
bz_1_cluster_8_1mer-bz_1_cluster_4_1mer,seed-3_sample-0,0,,,,bz_1,"cluster_4, cluster_8"
bz_1_cluster_8_1mer-bz_1_cluster_4_1mer,seed-1_sample-0,0,,,,bz_1,"cluster_4, cluster_8"
bz_1_cluster_8_1mer-bz_1_cluster_4_1mer,seed-7_sample-0,0,,,,bz_1,"cluster_4, cluster_8"
bz_1_cluster_8_1mer-bz_1_cluster_5_1mer,seed-8_sample-0,0,,,,bz_1,"cluster_5, cluster_8"
bz_1_cluster_8_1mer-bz_1_cluster_5_1mer,seed-10_sample-0,0,,,,bz_1,"cluster_5, cluster_8"
bz_1_cluster_8_1mer-bz_1_cluster_5_1mer,seed-9_sample-0,0,,,,bz_1,"cluster_5, cluster_8"
bz_1_cluster_8_1mer-bz_1_cluster_5_1mer,seed-4_sample-0,0,,,,bz_1,"cluster_5, cluster_8"
bz_1_cluster_8_1mer-bz_1_cluster_5_1mer,seed-2_sample-0,0,,,,bz_1,"cluster_5, cluster_8"
bz_1_cluster_8_1mer-bz_1_cluster_5_1mer,seed-5_sample-0,0,,,,bz_1,"cluster_5, cluster_8"
bz_1_cluster_8_1mer-bz_1_cluster_5_1mer,seed-6_sample-0,0,,,,bz_1,"cluster_5, cluster_8"
bz_1_cluster_8_1mer-bz_1_cluster_5_1mer,seed-3_sample-0,0,,,,bz_1,"cluster_5, cluster_8"
bz_1_cluster_8_1mer-bz_1_cluster_5_1mer,seed-1_sample-0,0,,,,bz_1,"cluster_5, cluster_8"
bz_1_cluster_8_1mer-bz_1_cluster_5_1mer,seed-7_sample-0,0,,,,bz_1,"cluster_5, cluster_8"
bz_1_cluster_8_1mer-bz_1_cluster_6_1mer,seed-8_sample-0,0,,,,bz_1,"cluster_6, cluster_8"
bz_1_cluster_8_1mer-bz_1_cluster_6_1mer,seed-10_sample-0,0,,,,bz_1,"cluster_6, cluster_8"
bz_1_cluster_8_1mer-bz_1_cluster_6_1mer,seed-9_sample-0,0,,,,bz_1,"cluster_6, cluster_8"
bz_1_cluster_8_1mer-bz_1_cluster_6_1mer,seed-4_sample-0,0,,,,bz_1,"cluster_6, cluster_8"
bz_1_cluster_8_1mer-bz_1_cluster_6_1mer,seed-2_sample-0,0,,,,bz_1,"cluster_6, cluster_8"
bz_1_cluster_8_1mer-bz_1_cluster_6_1mer,seed-5_sample-0,0,,,,bz_1,"cluster_6, cluster_8"
bz_1_cluster_8_1mer-bz_1_cluster_6_1mer,seed-6_sample-0,0,,,,bz_1,"cluster_6, cluster_8"
bz_1_cluster_8_1mer-bz_1_cluster_6_1mer,seed-3_sample-0,0,,,,bz_1,"cluster_6, cluster_8"
bz_1_cluster_8_1mer-bz_1_cluster_6_1mer,seed-1_sample-0,0,,,,bz_1,"cluster_6, cluster_8"
bz_1_cluster_8_1mer-bz_1_cluster_6_1mer,seed-7_sample-0,0,,,,bz_1,"cluster_6, cluster_8"
bz_1_cluster_8_1mer-bz_1_cluster_1_1mer,seed-8_sample-0,0,,,,bz_1,"cluster_1, cluster_8"
bz_1_cluster_8_1mer-bz_1_cluster_1_1mer,seed-10_sample-0,0,,,,bz_1,"cluster_1, cluster_8"
bz_1_cluster_8_1mer-bz_1_cluster_1_1mer,seed-9_sample-0,0,,,,bz_1,"cluster_1, cluster_8"
bz_1_cluster_8_1mer-bz_1_cluster_1_1mer,seed-4_sample-0,0,,,,bz_1,"cluster_1, cluster_8"
bz_1_cluster_8_1mer-bz_1_cluster_1_1mer,seed-2_sample-0,0,,,,bz_1,"cluster_1, cluster_8"
bz_1_cluster_8_1mer-bz_1_cluster_1_1mer,seed-5_sample-0,0,,,,bz_1,"cluster_1, cluster_8"
bz_1_cluster_8_1mer-bz_1_cluster_1_1mer,seed-6_sample-0,0,,,,bz_1,"cluster_1, cluster_8"
bz_1_cluster_8_1mer-bz_1_cluster_1_1mer,seed-3_sample-0,0,,,,bz_1,"cluster_1, cluster_8"
bz_1_cluster_8_1mer-bz_1_cluster_1_1mer,seed-1_sample-0,0,,,,bz_1,"cluster_1, cluster_8"
bz_1_cluster_8_1mer-bz_1_cluster_1_1mer,seed-7_sample-0,0,,,,bz_1,"cluster_1, cluster_8"
bz_1_cluster_8_1mer-bz_1_cluster_3_1mer,seed-8_sample-0,0,,,,bz_1,"cluster_3, cluster_8"
bz_1_cluster_8_1mer-bz_1_cluster_3_1mer,seed-10_sample-0,0,,,,bz_1,"cluster_3, cluster_8"
bz_1_cluster_8_1mer-bz_1_cluster_3_1mer,seed-9_sample-0,0,,,,bz_1,"cluster_3, cluster_8"
bz_1_cluster_8_1mer-bz_1_cluster_3_1mer,seed-4_sample-0,0,,,,bz_1,"cluster_3, cluster_8"
bz_1_cluster_8_1mer-bz_1_cluster_3_1mer,seed-2_sample-0,0,,,,bz_1,"cluster_3, cluster_8"
bz_1_cluster_8_1mer-bz_1_cluster_3_1mer,seed-5_sample-0,0,,,,bz_1,"cluster_3, cluster_8"
bz_1_cluster_8_1mer-bz_1_cluster_3_1mer,seed-6_sample-0,0,,,,bz_1,"cluster_3, cluster_8"
bz_1_cluster_8_1mer-bz_1_cluster_3_1mer,seed-3_sample-0,0,,,,bz_1,"cluster_3, cluster_8"
bz_1_cluster_8_1mer-bz_1_cluster_3_1mer,seed-1_sample-0,0,,,,bz_1,"cluster_3, cluster_8"
bz_1_cluster_8_1mer-bz_1_cluster_3_1mer,seed-7_sample-0,0,,,,bz_1,"cluster_3, cluster_8"
bz_1_cluster_8_1mer-bz_1_cluster_2_1mer,seed-8_sample-0,0,,,,bz_1,"cluster_2, cluster_8"
bz_1_cluster_8_1mer-bz_1_cluster_2_1mer,seed-10_sample-0,0,,,,bz_1,"cluster_2, cluster_8"
bz_1_cluster_8_1mer-bz_1_cluster_2_1mer,seed-9_sample-0,0,,,,bz_1,"cluster_2, cluster_8"
bz_1_cluster_8_1mer-bz_1_cluster_2_1mer,seed-4_sample-0,0,,,,bz_1,"cluster_2, cluster_8"
bz_1_cluster_8_1mer-bz_1_cluster_2_1mer,seed-2_sample-0,0,,,,bz_1,"cluster_2, cluster_8"
bz_1_cluster_8_1mer-bz_1_cluster_2_1mer,seed-5_sample-0,0,,,,bz_1,"cluster_2, cluster_8"
bz_1_cluster_8_1mer-bz_1_cluster_2_1mer,seed-6_sample-0,0,,,,bz_1,"cluster_2, cluster_8"
bz_1_cluster_8_1mer-bz_1_cluster_2_1mer,seed-3_sample-0,0,,,,bz_1,"cluster_2, cluster_8"
bz_1_cluster_8_1mer-bz_1_cluster_2_1mer,seed-1_sample-0,0,,,,bz_1,"cluster_2, cluster_8"
bz_1_cluster_8_1mer-bz_1_cluster_2_1mer,seed-7_sample-0,0,,,,bz_1,"cluster_2, cluster_8"
bz_1_cluster_7_1mer-bz_1_cluster_0_1mer,seed-8_sample-0,46,0.51,0.7626086956521739,"[0.6, 0.51, 0.86, 0.75, 0.74, 0.79, 0.69, 0.74, 0.87, 0.82, 0.68, 0.86, 0.86, 0.74, 0.81, 0.72, 0.76, 0.78, 0.81, 0.81, 0.78, 0.8, 0.76, 0.81, 0.6, 0.51, 0.74, 0.87, 0.82, 0.68, 0.79, 0.86, 0.69, 0.81, 0.72, 0.78, 0.76, 0.8, 0.76, 0.86, 0.74, 0.86, 0.78, 0.74, 0.81, 0.75]",bz_1,"cluster_0, cluster_7"
bz_1_cluster_7_1mer-bz_1_cluster_0_1mer,seed-10_sample-0,44,0.54,0.7286363636363635,"[0.54, 0.8, 0.69, 0.69, 0.75, 0.65, 0.71, 0.83, 0.78, 0.64, 0.82, 0.8, 0.69, 0.77, 0.69, 0.71, 0.74, 0.75, 0.76, 0.74, 0.76, 0.72, 0.77, 0.54, 0.71, 0.83, 0.78, 0.64, 0.75, 0.82, 0.65, 0.76, 0.69, 0.74, 0.72, 0.76, 0.71, 0.8, 0.69, 0.8, 0.74, 0.69, 0.75, 0.69]",bz_1,"cluster_0, cluster_7"
bz_1_cluster_7_1mer-bz_1_cluster_0_1mer,seed-9_sample-0,44,0.55,0.7495454545454545,"[0.55, 0.82, 0.72, 0.71, 0.78, 0.67, 0.73, 0.85, 0.8, 0.67, 0.84, 0.83, 0.72, 0.78, 0.7, 0.73, 0.76, 0.77, 0.78, 0.76, 0.78, 0.74, 0.78, 0.55, 0.73, 0.85, 0.8, 0.67, 0.78, 0.84, 0.67, 0.78, 0.7, 0.76, 0.74, 0.78, 0.73, 0.82, 0.71, 0.83, 0.76, 0.72, 0.77, 0.72]",bz_1,"cluster_0, cluster_7"
bz_1_cluster_7_1mer-bz_1_cluster_0_1mer,seed-4_sample-0,42,0.57,0.7561904761904762,"[0.62, 0.57, 0.78, 0.71, 0.76, 0.87, 0.8, 0.66, 0.85, 0.88, 0.73, 0.82, 0.66, 0.76, 0.8, 0.8, 0.62, 0.8, 0.78, 0.81, 0.8, 0.82, 0.76, 0.87, 0.8, 0.66, 0.78, 0.85, 0.71, 0.8, 0.66, 0.78, 0.8, 0.81, 0.76, 0.62, 0.57, 0.88, 0.8, 0.73, 0.8, 0.62]",bz_1,"cluster_0, cluster_7"
bz_1_cluster_7_1mer-bz_1_cluster_0_1mer,seed-2_sample-0,42,0.56,0.7466666666666666,"[0.58, 0.56, 0.78, 0.69, 0.75, 0.87, 0.81, 0.65, 0.85, 0.86, 0.71, 0.8, 0.65, 0.76, 0.79, 0.79, 0.63, 0.79, 0.78, 0.8, 0.78, 0.8, 0.75, 0.87, 0.81, 0.65, 0.78, 0.85, 0.69, 0.79, 0.65, 0.78, 0.78, 0.8, 0.76, 0.58, 0.56, 0.86, 0.79, 0.71, 0.79, 0.63]",bz_1,"cluster_0, cluster_7"
bz_1_cluster_7_1mer-bz_1_cluster_0_1mer,seed-5_sample-0,54,0.58,0.734814814814815,"[0.59, 0.66, 0.66, 0.7, 0.73, 0.78, 0.75, 0.66, 0.8, 0.84, 0.77, 0.67, 0.83, 0.76, 0.71, 0.58, 0.71, 0.77, 0.74, 0.75, 0.83, 0.77, 0.78, 0.75, 0.73, 0.77, 0.75, 0.59, 0.66, 0.74, 0.66, 0.7, 0.76, 0.8, 0.84, 0.77, 0.67, 0.75, 0.83, 0.66, 0.75, 0.73, 0.75, 0.77, 0.75, 0.71, 0.58, 0.73, 0.78, 0.71, 0.77, 0.83, 0.77, 0.78]",bz_1,"cluster_0, cluster_7"
bz_1_cluster_7_1mer-bz_1_cluster_0_1mer,seed-6_sample-0,44,0.51,0.7440909090909091,"[0.53, 0.51, 0.78, 0.7, 0.77, 0.88, 0.82, 0.65, 0.87, 0.88, 0.73, 0.53, 0.82, 0.64, 0.77, 0.79, 0.81, 0.67, 0.81, 0.79, 0.82, 0.8, 0.82, 0.77, 0.88, 0.82, 0.65, 0.78, 0.87, 0.7, 0.81, 0.64, 0.79, 0.8, 0.82, 0.77, 0.53, 0.51, 0.88, 0.53, 0.79, 0.73, 0.81, 0.67]",bz_1,"cluster_0, cluster_7"
bz_1_cluster_7_1mer-bz_1_cluster_0_1mer,seed-3_sample-0,44,0.59,0.7631818181818182,"[0.59, 0.84, 0.73, 0.73, 0.79, 0.67, 0.74, 0.86, 0.81, 0.68, 0.84, 0.85, 0.73, 0.8, 0.72, 0.74, 0.76, 0.8, 0.79, 0.77, 0.8, 0.75, 0.8, 0.59, 0.74, 0.86, 0.81, 0.68, 0.79, 0.84, 0.67, 0.79, 0.72, 0.77, 0.75, 0.8, 0.74, 0.84, 0.73, 0.85, 0.76, 0.73, 0.8, 0.73]",bz_1,"cluster_0, cluster_7"
bz_1_cluster_7_1mer-bz_1_cluster_0_1mer,seed-1_sample-0,48,0.51,0.7087499999999999,"[0.52, 0.76, 0.66, 0.78, 0.85, 0.78, 0.64, 0.84, 0.61, 0.51, 0.53, 0.8, 0.57, 0.75, 0.76, 0.59, 0.75, 0.81, 0.73, 0.74, 0.76, 0.74, 0.77, 0.76, 0.76, 0.61, 0.78, 0.85, 0.78, 0.64, 0.76, 0.84, 0.66, 0.76, 0.59, 0.74, 0.76, 0.51, 0.77, 0.75, 0.53, 0.52, 0.8, 0.75, 0.81, 0.57, 0.73, 0.74]",bz_1,"cluster_0, cluster_7"
bz_1_cluster_7_1mer-bz_1_cluster_0_1mer,seed-7_sample-0,54,0.57,0.7355555555555556,"[0.57, 0.65, 0.66, 0.73, 0.75, 0.79, 0.75, 0.65, 0.79, 0.83, 0.76, 0.67, 0.82, 0.77, 0.72, 0.59, 0.71, 0.78, 0.75, 0.75, 0.84, 0.76, 0.78, 0.75, 0.73, 0.76, 0.75, 0.57, 0.65, 0.75, 0.66, 0.73, 0.77, 0.79, 0.83, 0.76, 0.67, 0.75, 0.82, 0.65, 0.75, 0.73, 0.75, 0.76, 0.75, 0.72, 0.59, 0.75, 0.79, 0.71, 0.78, 0.84, 0.76, 0.78]",bz_1,"cluster_0, cluster_7"
bz_1_cluster_7_1mer-bz_1_cluster_4_1mer,seed-8_sample-0,0,,,,bz_1,"cluster_4, cluster_7"
bz_1_cluster_7_1mer-bz_1_cluster_4_1mer,seed-10_sample-0,0,,,,bz_1,"cluster_4, cluster_7"
bz_1_cluster_7_1mer-bz_1_cluster_4_1mer,seed-9_sample-0,0,,,,bz_1,"cluster_4, cluster_7"
bz_1_cluster_7_1mer-bz_1_cluster_4_1mer,seed-4_sample-0,0,,,,bz_1,"cluster_4, cluster_7"
bz_1_cluster_7_1mer-bz_1_cluster_4_1mer,seed-2_sample-0,0,,,,bz_1,"cluster_4, cluster_7"
bz_1_cluster_7_1mer-bz_1_cluster_4_1mer,seed-5_sample-0,0,,,,bz_1,"cluster_4, cluster_7"
bz_1_cluster_7_1mer-bz_1_cluster_4_1mer,seed-6_sample-0,0,,,,bz_1,"cluster_4, cluster_7"
bz_1_cluster_7_1mer-bz_1_cluster_4_1mer,seed-3_sample-0,0,,,,bz_1,"cluster_4, cluster_7"
bz_1_cluster_7_1mer-bz_1_cluster_4_1mer,seed-1_sample-0,0,,,,bz_1,"cluster_4, cluster_7"
bz_1_cluster_7_1mer-bz_1_cluster_4_1mer,seed-7_sample-0,0,,,,bz_1,"cluster_4, cluster_7"
bz_1_cluster_7_1mer-bz_1_cluster_5_1mer,seed-8_sample-0,0,,,,bz_1,"cluster_5, cluster_7"
bz_1_cluster_7_1mer-bz_1_cluster_5_1mer,seed-10_sample-0,0,,,,bz_1,"cluster_5, cluster_7"
bz_1_cluster_7_1mer-bz_1_cluster_5_1mer,seed-9_sample-0,0,,,,bz_1,"cluster_5, cluster_7"
bz_1_cluster_7_1mer-bz_1_cluster_5_1mer,seed-4_sample-0,0,,,,bz_1,"cluster_5, cluster_7"
bz_1_cluster_7_1mer-bz_1_cluster_5_1mer,seed-2_sample-0,0,,,,bz_1,"cluster_5, cluster_7"
bz_1_cluster_7_1mer-bz_1_cluster_5_1mer,seed-5_sample-0,0,,,,bz_1,"cluster_5, cluster_7"
bz_1_cluster_7_1mer-bz_1_cluster_5_1mer,seed-6_sample-0,0,,,,bz_1,"cluster_5, cluster_7"
bz_1_cluster_7_1mer-bz_1_cluster_5_1mer,seed-3_sample-0,0,,,,bz_1,"cluster_5, cluster_7"
bz_1_cluster_7_1mer-bz_1_cluster_5_1mer,seed-1_sample-0,0,,,,bz_1,"cluster_5, cluster_7"
bz_1_cluster_7_1mer-bz_1_cluster_5_1mer,seed-7_sample-0,0,,,,bz_1,"cluster_5, cluster_7"
bz_1_cluster_7_1mer-bz_1_cluster_6_1mer,seed-8_sample-0,0,,,,bz_1,"cluster_6, cluster_7"
bz_1_cluster_7_1mer-bz_1_cluster_6_1mer,seed-10_sample-0,0,,,,bz_1,"cluster_6, cluster_7"
bz_1_cluster_7_1mer-bz_1_cluster_6_1mer,seed-9_sample-0,0,,,,bz_1,"cluster_6, cluster_7"
bz_1_cluster_7_1mer-bz_1_cluster_6_1mer,seed-4_sample-0,0,,,,bz_1,"cluster_6, cluster_7"
bz_1_cluster_7_1mer-bz_1_cluster_6_1mer,seed-2_sample-0,0,,,,bz_1,"cluster_6, cluster_7"
bz_1_cluster_7_1mer-bz_1_cluster_6_1mer,seed-5_sample-0,0,,,,bz_1,"cluster_6, cluster_7"
bz_1_cluster_7_1mer-bz_1_cluster_6_1mer,seed-6_sample-0,0,,,,bz_1,"cluster_6, cluster_7"
bz_1_cluster_7_1mer-bz_1_cluster_6_1mer,seed-3_sample-0,0,,,,bz_1,"cluster_6, cluster_7"
bz_1_cluster_7_1mer-bz_1_cluster_6_1mer,seed-1_sample-0,0,,,,bz_1,"cluster_6, cluster_7"
bz_1_cluster_7_1mer-bz_1_cluster_6_1mer,seed-7_sample-0,0,,,,bz_1,"cluster_6, cluster_7"
bz_1_cluster_7_1mer-bz_1_cluster_1_1mer,seed-8_sample-0,0,,,,bz_1,"cluster_1, cluster_7"
bz_1_cluster_7_1mer-bz_1_cluster_1_1mer,seed-10_sample-0,0,,,,bz_1,"cluster_1, cluster_7"
bz_1_cluster_7_1mer-bz_1_cluster_1_1mer,seed-9_sample-0,0,,,,bz_1,"cluster_1, cluster_7"
bz_1_cluster_7_1mer-bz_1_cluster_1_1mer,seed-4_sample-0,0,,,,bz_1,"cluster_1, cluster_7"
bz_1_cluster_7_1mer-bz_1_cluster_1_1mer,seed-2_sample-0,0,,,,bz_1,"cluster_1, cluster_7"
bz_1_cluster_7_1mer-bz_1_cluster_1_1mer,seed-5_sample-0,0,,,,bz_1,"cluster_1, cluster_7"
bz_1_cluster_7_1mer-bz_1_cluster_1_1mer,seed-6_sample-0,0,,,,bz_1,"cluster_1, cluster_7"
bz_1_cluster_7_1mer-bz_1_cluster_1_1mer,seed-3_sample-0,0,,,,bz_1,"cluster_1, cluster_7"
bz_1_cluster_7_1mer-bz_1_cluster_1_1mer,seed-1_sample-0,0,,,,bz_1,"cluster_1, cluster_7"
bz_1_cluster_7_1mer-bz_1_cluster_1_1mer,seed-7_sample-0,0,,,,bz_1,"cluster_1, cluster_7"
bz_1_cluster_7_1mer-bz_1_cluster_3_1mer,seed-8_sample-0,0,,,,bz_1,"cluster_3, cluster_7"
bz_1_cluster_7_1mer-bz_1_cluster_3_1mer,seed-10_sample-0,0,,,,bz_1,"cluster_3, cluster_7"
bz_1_cluster_7_1mer-bz_1_cluster_3_1mer,seed-9_sample-0,0,,,,bz_1,"cluster_3, cluster_7"
bz_1_cluster_7_1mer-bz_1_cluster_3_1mer,seed-4_sample-0,0,,,,bz_1,"cluster_3, cluster_7"
bz_1_cluster_7_1mer-bz_1_cluster_3_1mer,seed-2_sample-0,0,,,,bz_1,"cluster_3, cluster_7"
bz_1_cluster_7_1mer-bz_1_cluster_3_1mer,seed-5_sample-0,0,,,,bz_1,"cluster_3, cluster_7"
bz_1_cluster_7_1mer-bz_1_cluster_3_1mer,seed-6_sample-0,0,,,,bz_1,"cluster_3, cluster_7"
bz_1_cluster_7_1mer-bz_1_cluster_3_1mer,seed-3_sample-0,0,,,,bz_1,"cluster_3, cluster_7"
bz_1_cluster_7_1mer-bz_1_cluster_3_1mer,seed-1_sample-0,0,,,,bz_1,"cluster_3, cluster_7"
bz_1_cluster_7_1mer-bz_1_cluster_3_1mer,seed-7_sample-0,0,,,,bz_1,"cluster_3, cluster_7"
bz_1_cluster_7_1mer-bz_1_cluster_2_1mer,seed-8_sample-0,0,,,,bz_1,"cluster_2, cluster_7"
bz_1_cluster_7_1mer-bz_1_cluster_2_1mer,seed-10_sample-0,0,,,,bz_1,"cluster_2, cluster_7"
bz_1_cluster_7_1mer-bz_1_cluster_2_1mer,seed-9_sample-0,0,,,,bz_1,"cluster_2, cluster_7"
bz_1_cluster_7_1mer-bz_1_cluster_2_1mer,seed-4_sample-0,0,,,,bz_1,"cluster_2, cluster_7"
bz_1_cluster_7_1mer-bz_1_cluster_2_1mer,seed-2_sample-0,0,,,,bz_1,"cluster_2, cluster_7"
bz_1_cluster_7_1mer-bz_1_cluster_2_1mer,seed-5_sample-0,0,,,,bz_1,"cluster_2, cluster_7"
bz_1_cluster_7_1mer-bz_1_cluster_2_1mer,seed-6_sample-0,0,,,,bz_1,"cluster_2, cluster_7"
bz_1_cluster_7_1mer-bz_1_cluster_2_1mer,seed-3_sample-0,0,,,,bz_1,"cluster_2, cluster_7"
bz_1_cluster_7_1mer-bz_1_cluster_2_1mer,seed-1_sample-0,0,,,,bz_1,"cluster_2, cluster_7"
bz_1_cluster_7_1mer-bz_1_cluster_2_1mer,seed-7_sample-0,0,,,,bz_1,"cluster_2, cluster_7"
bz_1_cluster_0_1mer-bz_1_cluster_4_1mer,seed-8_sample-0,0,,,,bz_1,"cluster_0, cluster_4"
bz_1_cluster_0_1mer-bz_1_cluster_4_1mer,seed-10_sample-0,0,,,,bz_1,"cluster_0, cluster_4"
bz_1_cluster_0_1mer-bz_1_cluster_4_1mer,seed-9_sample-0,0,,,,bz_1,"cluster_0, cluster_4"
bz_1_cluster_0_1mer-bz_1_cluster_4_1mer,seed-4_sample-0,0,,,,bz_1,"cluster_0, cluster_4"
bz_1_cluster_0_1mer-bz_1_cluster_4_1mer,seed-2_sample-0,0,,,,bz_1,"cluster_0, cluster_4"
bz_1_cluster_0_1mer-bz_1_cluster_4_1mer,seed-5_sample-0,0,,,,bz_1,"cluster_0, cluster_4"
bz_1_cluster_0_1mer-bz_1_cluster_4_1mer,seed-6_sample-0,0,,,,bz_1,"cluster_0, cluster_4"
bz_1_cluster_0_1mer-bz_1_cluster_4_1mer,seed-3_sample-0,0,,,,bz_1,"cluster_0, cluster_4"
bz_1_cluster_0_1mer-bz_1_cluster_4_1mer,seed-1_sample-0,0,,,,bz_1,"cluster_0, cluster_4"
bz_1_cluster_0_1mer-bz_1_cluster_4_1mer,seed-7_sample-0,0,,,,bz_1,"cluster_0, cluster_4"
bz_1_cluster_0_1mer-bz_1_cluster_5_1mer,seed-8_sample-0,0,,,,bz_1,"cluster_0, cluster_5"
bz_1_cluster_0_1mer-bz_1_cluster_5_1mer,seed-10_sample-0,0,,,,bz_1,"cluster_0, cluster_5"
bz_1_cluster_0_1mer-bz_1_cluster_5_1mer,seed-9_sample-0,0,,,,bz_1,"cluster_0, cluster_5"
bz_1_cluster_0_1mer-bz_1_cluster_5_1mer,seed-4_sample-0,0,,,,bz_1,"cluster_0, cluster_5"
bz_1_cluster_0_1mer-bz_1_cluster_5_1mer,seed-2_sample-0,0,,,,bz_1,"cluster_0, cluster_5"
bz_1_cluster_0_1mer-bz_1_cluster_5_1mer,seed-5_sample-0,0,,,,bz_1,"cluster_0, cluster_5"
bz_1_cluster_0_1mer-bz_1_cluster_5_1mer,seed-6_sample-0,0,,,,bz_1,"cluster_0, cluster_5"
bz_1_cluster_0_1mer-bz_1_cluster_5_1mer,seed-3_sample-0,0,,,,bz_1,"cluster_0, cluster_5"
bz_1_cluster_0_1mer-bz_1_cluster_5_1mer,seed-1_sample-0,0,,,,bz_1,"cluster_0, cluster_5"
bz_1_cluster_0_1mer-bz_1_cluster_5_1mer,seed-7_sample-0,0,,,,bz_1,"cluster_0, cluster_5"
bz_1_cluster_0_1mer-bz_1_cluster_6_1mer,seed-8_sample-0,0,,,,bz_1,"cluster_0, cluster_6"
bz_1_cluster_0_1mer-bz_1_cluster_6_1mer,seed-10_sample-0,0,,,,bz_1,"cluster_0, cluster_6"
bz_1_cluster_0_1mer-bz_1_cluster_6_1mer,seed-9_sample-0,0,,,,bz_1,"cluster_0, cluster_6"
bz_1_cluster_0_1mer-bz_1_cluster_6_1mer,seed-4_sample-0,0,,,,bz_1,"cluster_0, cluster_6"
bz_1_cluster_0_1mer-bz_1_cluster_6_1mer,seed-2_sample-0,0,,,,bz_1,"cluster_0, cluster_6"
bz_1_cluster_0_1mer-bz_1_cluster_6_1mer,seed-5_sample-0,0,,,,bz_1,"cluster_0, cluster_6"
bz_1_cluster_0_1mer-bz_1_cluster_6_1mer,seed-6_sample-0,0,,,,bz_1,"cluster_0, cluster_6"
bz_1_cluster_0_1mer-bz_1_cluster_6_1mer,seed-3_sample-0,0,,,,bz_1,"cluster_0, cluster_6"
bz_1_cluster_0_1mer-bz_1_cluster_6_1mer,seed-1_sample-0,0,,,,bz_1,"cluster_0, cluster_6"
bz_1_cluster_0_1mer-bz_1_cluster_6_1mer,seed-7_sample-0,0,,,,bz_1,"cluster_0, cluster_6"
bz_1_cluster_0_1mer-bz_1_cluster_1_1mer,seed-8_sample-0,0,,,,bz_1,"cluster_0, cluster_1"
bz_1_cluster_0_1mer-bz_1_cluster_1_1mer,seed-10_sample-0,0,,,,bz_1,"cluster_0, cluster_1"
bz_1_cluster_0_1mer-bz_1_cluster_1_1mer,seed-9_sample-0,0,,,,bz_1,"cluster_0, cluster_1"
bz_1_cluster_0_1mer-bz_1_cluster_1_1mer,seed-4_sample-0,0,,,,bz_1,"cluster_0, cluster_1"
bz_1_cluster_0_1mer-bz_1_cluster_1_1mer,seed-2_sample-0,0,,,,bz_1,"cluster_0, cluster_1"
bz_1_cluster_0_1mer-bz_1_cluster_1_1mer,seed-5_sample-0,0,,,,bz_1,"cluster_0, cluster_1"
bz_1_cluster_0_1mer-bz_1_cluster_1_1mer,seed-6_sample-0,0,,,,bz_1,"cluster_0, cluster_1"
bz_1_cluster_0_1mer-bz_1_cluster_1_1mer,seed-3_sample-0,0,,,,bz_1,"cluster_0, cluster_1"
bz_1_cluster_0_1mer-bz_1_cluster_1_1mer,seed-1_sample-0,0,,,,bz_1,"cluster_0, cluster_1"
bz_1_cluster_0_1mer-bz_1_cluster_1_1mer,seed-7_sample-0,0,,,,bz_1,"cluster_0, cluster_1"
bz_1_cluster_0_1mer-bz_1_cluster_3_1mer,seed-8_sample-0,0,,,,bz_1,"cluster_0, cluster_3"
bz_1_cluster_0_1mer-bz_1_cluster_3_1mer,seed-10_sample-0,0,,,,bz_1,"cluster_0, cluster_3"
bz_1_cluster_0_1mer-bz_1_cluster_3_1mer,seed-9_sample-0,0,,,,bz_1,"cluster_0, cluster_3"
bz_1_cluster_0_1mer-bz_1_cluster_3_1mer,seed-4_sample-0,0,,,,bz_1,"cluster_0, cluster_3"
bz_1_cluster_0_1mer-bz_1_cluster_3_1mer,seed-2_sample-0,0,,,,bz_1,"cluster_0, cluster_3"
bz_1_cluster_0_1mer-bz_1_cluster_3_1mer,seed-5_sample-0,0,,,,bz_1,"cluster_0, cluster_3"
bz_1_cluster_0_1mer-bz_1_cluster_3_1mer,seed-6_sample-0,0,,,,bz_1,"cluster_0, cluster_3"
bz_1_cluster_0_1mer-bz_1_cluster_3_1mer,seed-3_sample-0,0,,,,bz_1,"cluster_0, cluster_3"
bz_1_cluster_0_1mer-bz_1_cluster_3_1mer,seed-1_sample-0,0,,,,bz_1,"cluster_0, cluster_3"
bz_1_cluster_0_1mer-bz_1_cluster_3_1mer,seed-7_sample-0,0,,,,bz_1,"cluster_0, cluster_3"
bz_1_cluster_0_1mer-bz_1_cluster_2_1mer,seed-8_sample-0,0,,,,bz_1,"cluster_0, cluster_2"
bz_1_cluster_0_1mer-bz_1_cluster_2_1mer,seed-10_sample-0,0,,,,bz_1,"cluster_0, cluster_2"
bz_1_cluster_0_1mer-bz_1_cluster_2_1mer,seed-9_sample-0,0,,,,bz_1,"cluster_0, cluster_2"
bz_1_cluster_0_1mer-bz_1_cluster_2_1mer,seed-4_sample-0,0,,,,bz_1,"cluster_0, cluster_2"
bz_1_cluster_0_1mer-bz_1_cluster_2_1mer,seed-2_sample-0,0,,,,bz_1,"cluster_0, cluster_2"
bz_1_cluster_0_1mer-bz_1_cluster_2_1mer,seed-5_sample-0,0,,,,bz_1,"cluster_0, cluster_2"
bz_1_cluster_0_1mer-bz_1_cluster_2_1mer,seed-6_sample-0,0,,,,bz_1,"cluster_0, cluster_2"
bz_1_cluster_0_1mer-bz_1_cluster_2_1mer,seed-3_sample-0,0,,,,bz_1,"cluster_0, cluster_2"
bz_1_cluster_0_1mer-bz_1_cluster_2_1mer,seed-1_sample-0,0,,,,bz_1,"cluster_0, cluster_2"
bz_1_cluster_0_1mer-bz_1_cluster_2_1mer,seed-7_sample-0,0,,,,bz_1,"cluster_0, cluster_2"
bz_1_cluster_4_1mer-bz_1_cluster_5_1mer,seed-8_sample-0,126,0.53,0.8311111111111112,"[0.79, 0.76, 0.57, 0.91, 0.89, 0.81, 0.89, 0.94, 0.85, 0.91, 0.83, 0.97, 0.94, 0.53, 0.96, 0.61, 0.84, 0.91, 0.97, 0.88, 0.54, 0.95, 0.88, 0.91, 0.89, 0.94, 0.89, 0.82, 0.92, 0.78, 0.81, 0.59, 0.78, 0.77, 0.57, 0.88, 0.91, 0.89, 0.92, 0.93, 0.84, 0.61, 0.71, 0.94, 0.81, 0.73, 0.96, 0.89, 0.92, 0.92, 0.94, 0.9, 0.64, 0.94, 0.73, 0.82, 0.88, 0.92, 0.75, 0.84, 0.81, 0.73, 0.8, 0.88, 0.89, 0.92, 0.61, 0.93, 0.71, 0.84, 0.94, 0.73, 0.92, 0.81, 0.96, 0.92, 0.94, 0.82, 0.89, 0.9, 0.94, 0.88, 0.73, 0.92, 0.75, 0.81, 0.73, 0.8, 0.89, 0.79, 0.57, 0.81, 0.91, 0.76, 0.91, 0.89, 0.94, 0.83, 0.85, 0.97, 0.53, 0.84, 0.91, 0.94, 0.96, 0.91, 0.97, 0.54, 0.91, 0.61, 0.88, 0.95, 0.89, 0.64, 0.94, 0.82, 0.88, 0.89, 0.92, 0.59, 0.77, 0.57, 0.84, 0.78, 0.81, 0.78]",bz_1,"cluster_4, cluster_5"
bz_1_cluster_4_1mer-bz_1_cluster_5_1mer,seed-10_sample-0,126,0.53,0.8296825396825396,"[0.79, 0.76, 0.57, 0.91, 0.9, 0.81, 0.89, 0.94, 0.84, 0.91, 0.83, 0.97, 0.94, 0.53, 0.96, 0.6, 0.84, 0.91, 0.97, 0.88, 0.54, 0.95, 0.89, 0.91, 0.89, 0.94, 0.88, 0.83, 0.92, 0.77, 0.81, 0.59, 0.79, 0.77, 0.57, 0.88, 0.91, 0.89, 0.91, 0.93, 0.83, 0.61, 0.71, 0.94, 0.81, 0.72, 0.96, 0.89, 0.91, 0.92, 0.94, 0.9, 0.64, 0.93, 0.72, 0.82, 0.88, 0.91, 0.75, 0.83, 0.82, 0.72, 0.79, 0.88, 0.89, 0.91, 0.61, 0.93, 0.71, 0.83, 0.94, 0.72, 0.91, 0.81, 0.96, 0.92, 0.94, 0.82, 0.89, 0.9, 0.93, 0.88, 0.72, 0.91, 0.75, 0.82, 0.72, 0.79, 0.9, 0.79, 0.57, 0.81, 0.91, 0.76, 0.91, 0.89, 0.94, 0.83, 0.84, 0.97, 0.53, 0.84, 0.91, 0.94, 0.96, 0.91, 0.97, 0.54, 0.91, 0.6, 0.88, 0.95, 0.89, 0.64, 0.94, 0.83, 0.89, 0.88, 0.92, 0.59, 0.77, 0.57, 0.83, 0.77, 0.81, 0.79]",bz_1,"cluster_4, cluster_5"
bz_1_cluster_4_1mer-bz_1_cluster_5_1mer,seed-9_sample-0,126,0.52,0.8301587301587302,"[0.79, 0.76, 0.57, 0.91, 0.9, 0.81, 0.89, 0.94, 0.84, 0.91, 0.82, 0.97, 0.94, 0.52, 0.96, 0.6, 0.84, 0.91, 0.97, 0.88, 0.54, 0.95, 0.88, 0.91, 0.89, 0.94, 0.88, 0.82, 0.92, 0.78, 0.81, 0.59, 0.79, 0.77, 0.57, 0.88, 0.91, 0.89, 0.92, 0.92, 0.83, 0.61, 0.71, 0.94, 0.81, 0.73, 0.96, 0.89, 0.91, 0.92, 0.94, 0.9, 0.64, 0.93, 0.73, 0.82, 0.88, 0.92, 0.76, 0.83, 0.82, 0.73, 0.8, 0.88, 0.89, 0.92, 0.61, 0.92, 0.71, 0.83, 0.94, 0.73, 0.91, 0.81, 0.96, 0.92, 0.94, 0.82, 0.89, 0.9, 0.93, 0.88, 0.73, 0.92, 0.76, 0.82, 0.73, 0.8, 0.9, 0.79, 0.57, 0.81, 0.91, 0.76, 0.91, 0.89, 0.94, 0.82, 0.84, 0.97, 0.52, 0.84, 0.91, 0.94, 0.96, 0.91, 0.97, 0.54, 0.91, 0.6, 0.88, 0.95, 0.89, 0.64, 0.94, 0.82, 0.88, 0.88, 0.92, 0.59, 0.77, 0.57, 0.83, 0.78, 0.81, 0.79]",bz_1,"cluster_4, cluster_5"
bz_1_cluster_4_1mer-bz_1_cluster_5_1mer,seed-4_sample-0,126,0.53,0.8303174603174605,"[0.79, 0.75, 0.57, 0.91, 0.9, 0.81, 0.89, 0.94, 0.84, 0.92, 0.83, 0.97, 0.94, 0.53, 0.96, 0.6, 0.83, 0.91, 0.97, 0.88, 0.54, 0.95, 0.88, 0.91, 0.89, 0.94, 0.88, 0.82, 0.92, 0.78, 0.81, 0.59, 0.79, 0.77, 0.56, 0.88, 0.91, 0.89, 0.91, 0.93, 0.83, 0.61, 0.7, 0.94, 0.81, 0.73, 0.96, 0.89, 0.92, 0.92, 0.94, 0.9, 0.64, 0.94, 0.73, 0.83, 0.87, 0.92, 0.75, 0.84, 0.82, 0.73, 0.8, 0.88, 0.89, 0.91, 0.61, 0.93, 0.7, 0.83, 0.94, 0.73, 0.92, 0.81, 0.96, 0.92, 0.94, 0.83, 0.89, 0.9, 0.94, 0.87, 0.73, 0.92, 0.75, 0.82, 0.73, 0.8, 0.9, 0.79, 0.57, 0.81, 0.91, 0.75, 0.91, 0.89, 0.94, 0.83, 0.84, 0.97, 0.53, 0.83, 0.92, 0.94, 0.96, 0.91, 0.97, 0.54, 0.91, 0.6, 0.88, 0.95, 0.89, 0.64, 0.94, 0.82, 0.88, 0.88, 0.92, 0.59, 0.77, 0.56, 0.84, 0.78, 0.81, 0.79]",bz_1,"cluster_4, cluster_5"
bz_1_cluster_4_1mer-bz_1_cluster_5_1mer,seed-2_sample-0,126,0.54,0.8303174603174603,"[0.79, 0.76, 0.57, 0.91, 0.9, 0.81, 0.89, 0.94, 0.84, 0.92, 0.83, 0.97, 0.94, 0.54, 0.96, 0.6, 0.83, 0.91, 0.97, 0.88, 0.54, 0.95, 0.89, 0.91, 0.89, 0.94, 0.88, 0.82, 0.92, 0.78, 0.81, 0.59, 0.79, 0.77, 0.57, 0.88, 0.91, 0.89, 0.91, 0.93, 0.83, 0.61, 0.7, 0.94, 0.81, 0.73, 0.96, 0.89, 0.92, 0.92, 0.94, 0.9, 0.64, 0.93, 0.73, 0.83, 0.87, 0.92, 0.75, 0.83, 0.81, 0.73, 0.79, 0.88, 0.89, 0.91, 0.61, 0.93, 0.7, 0.83, 0.94, 0.73, 0.92, 0.81, 0.96, 0.92, 0.94, 0.83, 0.89, 0.9, 0.93, 0.87, 0.73, 0.92, 0.75, 0.81, 0.73, 0.79, 0.9, 0.79, 0.57, 0.81, 0.91, 0.76, 0.91, 0.89, 0.94, 0.83, 0.84, 0.97, 0.54, 0.83, 0.92, 0.94, 0.96, 0.91, 0.97, 0.54, 0.91, 0.6, 0.88, 0.95, 0.89, 0.64, 0.94, 0.82, 0.89, 0.88, 0.92, 0.59, 0.77, 0.57, 0.83, 0.78, 0.81, 0.79]",bz_1,"cluster_4, cluster_5"
bz_1_cluster_4_1mer-bz_1_cluster_5_1mer,seed-5_sample-0,126,0.52,0.8301587301587302,"[0.79, 0.76, 0.58, 0.91, 0.89, 0.81, 0.89, 0.94, 0.84, 0.92, 0.83, 0.97, 0.94, 0.52, 0.96, 0.6, 0.84, 0.91, 0.97, 0.88, 0.54, 0.95, 0.89, 0.91, 0.89, 0.94, 0.88, 0.82, 0.92, 0.78, 0.81, 0.59, 0.78, 0.77, 0.57, 0.89, 0.91, 0.89, 0.92, 0.93, 0.83, 0.61, 0.7, 0.94, 0.81, 0.73, 0.96, 0.89, 0.91, 0.92, 0.94, 0.9, 0.63, 0.93, 0.73, 0.82, 0.88, 0.92, 0.74, 0.84, 0.81, 0.73, 0.8, 0.89, 0.89, 0.92, 0.61, 0.93, 0.7, 0.83, 0.94, 0.73, 0.91, 0.81, 0.96, 0.92, 0.94, 0.82, 0.89, 0.9, 0.93, 0.88, 0.73, 0.92, 0.74, 0.81, 0.73, 0.8, 0.89, 0.79, 0.58, 0.81, 0.91, 0.76, 0.91, 0.89, 0.94, 0.83, 0.84, 0.97, 0.52, 0.84, 0.92, 0.94, 0.96, 0.91, 0.97, 0.54, 0.91, 0.6, 0.88, 0.95, 0.89, 0.63, 0.94, 0.82, 0.89, 0.88, 0.92, 0.59, 0.77, 0.57, 0.84, 0.78, 0.81, 0.78]",bz_1,"cluster_4, cluster_5"
bz_1_cluster_4_1mer-bz_1_cluster_5_1mer,seed-6_sample-0,126,0.53,0.8287301587301589,"[0.79, 0.76, 0.57, 0.91, 0.9, 0.81, 0.89, 0.93, 0.84, 0.91, 0.82, 0.97, 0.94, 0.53, 0.96, 0.6, 0.83, 0.91, 0.96, 0.88, 0.55, 0.95, 0.89, 0.91, 0.89, 0.94, 0.88, 0.82, 0.92, 0.78, 0.81, 0.59, 0.78, 0.77, 0.57, 0.88, 0.9, 0.89, 0.91, 0.92, 0.83, 0.61, 0.7, 0.94, 0.81, 0.73, 0.96, 0.89, 0.92, 0.92, 0.94, 0.9, 0.63, 0.93, 0.72, 0.82, 0.87, 0.92, 0.75, 0.83, 0.81, 0.73, 0.79, 0.88, 0.89, 0.91, 0.61, 0.92, 0.7, 0.83, 0.94, 0.73, 0.92, 0.81, 0.96, 0.92, 0.94, 0.82, 0.89, 0.9, 0.93, 0.87, 0.72, 0.92, 0.75, 0.81, 0.73, 0.79, 0.9, 0.79, 0.57, 0.81, 0.9, 0.76, 0.91, 0.89, 0.93, 0.82, 0.84, 0.97, 0.53, 0.83, 0.91, 0.94, 0.96, 0.91, 0.96, 0.55, 0.91, 0.6, 0.88, 0.95, 0.89, 0.63, 0.94, 0.82, 0.89, 0.88, 0.92, 0.59, 0.77, 0.57, 0.83, 0.78, 0.81, 0.78]",bz_1,"cluster_4, cluster_5"
bz_1_cluster_4_1mer-bz_1_cluster_5_1mer,seed-3_sample-0,126,0.53,0.8288888888888889,"[0.79, 0.76, 0.57, 0.91, 0.9, 0.81, 0.89, 0.94, 0.84, 0.91, 0.83, 0.97, 0.94, 0.53, 0.96, 0.6, 0.84, 0.91, 0.96, 0.88, 0.54, 0.95, 0.88, 0.91, 0.89, 0.94, 0.88, 0.82, 0.92, 0.78, 0.81, 0.59, 0.78, 0.77, 0.57, 0.88, 0.91, 0.89, 0.91, 0.93, 0.83, 0.6, 0.7, 0.94, 0.81, 0.72, 0.96, 0.89, 0.92, 0.92, 0.94, 0.9, 0.63, 0.93, 0.73, 0.82, 0.87, 0.92, 0.75, 0.83, 0.81, 0.72, 0.79, 0.88, 0.89, 0.91, 0.6, 0.93, 0.7, 0.83, 0.94, 0.72, 0.92, 0.81, 0.96, 0.92, 0.94, 0.82, 0.89, 0.9, 0.93, 0.87, 0.73, 0.92, 0.75, 0.81, 0.72, 0.79, 0.9, 0.79, 0.57, 0.81, 0.91, 0.76, 0.91, 0.89, 0.94, 0.83, 0.84, 0.97, 0.53, 0.84, 0.91, 0.94, 0.96, 0.91, 0.96, 0.54, 0.91, 0.6, 0.88, 0.95, 0.89, 0.63, 0.94, 0.82, 0.88, 0.88, 0.92, 0.59, 0.77, 0.57, 0.83, 0.78, 0.81, 0.78]",bz_1,"cluster_4, cluster_5"
bz_1_cluster_4_1mer-bz_1_cluster_5_1mer,seed-1_sample-0,126,0.53,0.8285714285714286,"[0.78, 0.76, 0.57, 0.91, 0.89, 0.8, 0.89, 0.93, 0.84, 0.91, 0.83, 0.97, 0.94, 0.53, 0.96, 0.6, 0.83, 0.91, 0.96, 0.88, 0.54, 0.95, 0.88, 0.91, 0.89, 0.94, 0.88, 0.82, 0.92, 0.77, 0.82, 0.59, 0.78, 0.77, 0.56, 0.88, 0.91, 0.89, 0.92, 0.92, 0.83, 0.61, 0.71, 0.93, 0.81, 0.73, 0.96, 0.89, 0.91, 0.92, 0.94, 0.9, 0.63, 0.93, 0.73, 0.82, 0.88, 0.92, 0.75, 0.84, 0.81, 0.73, 0.79, 0.88, 0.89, 0.92, 0.61, 0.92, 0.71, 0.83, 0.93, 0.73, 0.91, 0.81, 0.96, 0.92, 0.94, 0.82, 0.89, 0.9, 0.93, 0.88, 0.73, 0.92, 0.75, 0.81, 0.73, 0.79, 0.89, 0.78, 0.57, 0.8, 0.91, 0.76, 0.91, 0.89, 0.93, 0.83, 0.84, 0.97, 0.53, 0.83, 0.91, 0.94, 0.96, 0.91, 0.96, 0.54, 0.91, 0.6, 0.88, 0.95, 0.89, 0.63, 0.94, 0.82, 0.88, 0.88, 0.92, 0.59, 0.77, 0.56, 0.84, 0.77, 0.82, 0.78]",bz_1,"cluster_4, cluster_5"
bz_1_cluster_4_1mer-bz_1_cluster_5_1mer,seed-7_sample-0,126,0.52,0.8311111111111112,"[0.79, 0.76, 0.58, 0.91, 0.9, 0.81, 0.89, 0.94, 0.84, 0.91, 0.83, 0.97, 0.94, 0.52, 0.96, 0.61, 0.84, 0.92, 0.97, 0.88, 0.54, 0.95, 0.89, 0.91, 0.89, 0.94, 0.88, 0.83, 0.92, 0.77, 0.81, 0.59, 0.79, 0.78, 0.57, 0.88, 0.91, 0.89, 0.92, 0.93, 0.83, 0.61, 0.71, 0.94, 0.81, 0.73, 0.96, 0.89, 0.91, 0.92, 0.94, 0.9, 0.63, 0.93, 0.73, 0.83, 0.88, 0.92, 0.75, 0.83, 0.82, 0.73, 0.8, 0.88, 0.89, 0.92, 0.61, 0.93, 0.71, 0.83, 0.94, 0.73, 0.91, 0.81, 0.96, 0.92, 0.94, 0.83, 0.89, 0.9, 0.93, 0.88, 0.73, 0.92, 0.75, 0.82, 0.73, 0.8, 0.9, 0.79, 0.58, 0.81, 0.91, 0.76, 0.91, 0.89, 0.94, 0.83, 0.84, 0.97, 0.52, 0.84, 0.91, 0.94, 0.96, 0.92, 0.97, 0.54, 0.91, 0.61, 0.88, 0.95, 0.89, 0.63, 0.94, 0.83, 0.89, 0.88, 0.92, 0.59, 0.78, 0.57, 0.83, 0.77, 0.81, 0.79]",bz_1,"cluster_4, cluster_5"
bz_1_cluster_4_1mer-bz_1_cluster_6_1mer,seed-8_sample-0,0,,,,bz_1,"cluster_4, cluster_6"
bz_1_cluster_4_1mer-bz_1_cluster_6_1mer,seed-10_sample-0,0,,,,bz_1,"cluster_4, cluster_6"
bz_1_cluster_4_1mer-bz_1_cluster_6_1mer,seed-9_sample-0,0,,,,bz_1,"cluster_4, cluster_6"
bz_1_cluster_4_1mer-bz_1_cluster_6_1mer,seed-4_sample-0,0,,,,bz_1,"cluster_4, cluster_6"
bz_1_cluster_4_1mer-bz_1_cluster_6_1mer,seed-2_sample-0,0,,,,bz_1,"cluster_4, cluster_6"
bz_1_cluster_4_1mer-bz_1_cluster_6_1mer,seed-5_sample-0,0,,,,bz_1,"cluster_4, cluster_6"
bz_1_cluster_4_1mer-bz_1_cluster_6_1mer,seed-6_sample-0,0,,,,bz_1,"cluster_4, cluster_6"
bz_1_cluster_4_1mer-bz_1_cluster_6_1mer,seed-3_sample-0,0,,,,bz_1,"cluster_4, cluster_6"
bz_1_cluster_4_1mer-bz_1_cluster_6_1mer,seed-1_sample-0,0,,,,bz_1,"cluster_4, cluster_6"
bz_1_cluster_4_1mer-bz_1_cluster_6_1mer,seed-7_sample-0,0,,,,bz_1,"cluster_4, cluster_6"
bz_1_cluster_4_1mer-bz_1_cluster_1_1mer,seed-8_sample-0,0,,,,bz_1,"cluster_1, cluster_4"
bz_1_cluster_4_1mer-bz_1_cluster_1_1mer,seed-10_sample-0,0,,,,bz_1,"cluster_1, cluster_4"
bz_1_cluster_4_1mer-bz_1_cluster_1_1mer,seed-9_sample-0,0,,,,bz_1,"cluster_1, cluster_4"
bz_1_cluster_4_1mer-bz_1_cluster_1_1mer,seed-4_sample-0,0,,,,bz_1,"cluster_1, cluster_4"
bz_1_cluster_4_1mer-bz_1_cluster_1_1mer,seed-2_sample-0,0,,,,bz_1,"cluster_1, cluster_4"
bz_1_cluster_4_1mer-bz_1_cluster_1_1mer,seed-5_sample-0,0,,,,bz_1,"cluster_1, cluster_4"
bz_1_cluster_4_1mer-bz_1_cluster_1_1mer,seed-6_sample-0,0,,,,bz_1,"cluster_1, cluster_4"
bz_1_cluster_4_1mer-bz_1_cluster_1_1mer,seed-3_sample-0,0,,,,bz_1,"cluster_1, cluster_4"
bz_1_cluster_4_1mer-bz_1_cluster_1_1mer,seed-1_sample-0,0,,,,bz_1,"cluster_1, cluster_4"
bz_1_cluster_4_1mer-bz_1_cluster_1_1mer,seed-7_sample-0,0,,,,bz_1,"cluster_1, cluster_4"
bz_1_cluster_4_1mer-bz_1_cluster_3_1mer,seed-8_sample-0,0,,,,bz_1,"cluster_3, cluster_4"
bz_1_cluster_4_1mer-bz_1_cluster_3_1mer,seed-10_sample-0,0,,,,bz_1,"cluster_3, cluster_4"
bz_1_cluster_4_1mer-bz_1_cluster_3_1mer,seed-9_sample-0,0,,,,bz_1,"cluster_3, cluster_4"
bz_1_cluster_4_1mer-bz_1_cluster_3_1mer,seed-4_sample-0,0,,,,bz_1,"cluster_3, cluster_4"
bz_1_cluster_4_1mer-bz_1_cluster_3_1mer,seed-2_sample-0,0,,,,bz_1,"cluster_3, cluster_4"
bz_1_cluster_4_1mer-bz_1_cluster_3_1mer,seed-5_sample-0,0,,,,bz_1,"cluster_3, cluster_4"
bz_1_cluster_4_1mer-bz_1_cluster_3_1mer,seed-6_sample-0,0,,,,bz_1,"cluster_3, cluster_4"
bz_1_cluster_4_1mer-bz_1_cluster_3_1mer,seed-3_sample-0,0,,,,bz_1,"cluster_3, cluster_4"
bz_1_cluster_4_1mer-bz_1_cluster_3_1mer,seed-1_sample-0,0,,,,bz_1,"cluster_3, cluster_4"
bz_1_cluster_4_1mer-bz_1_cluster_3_1mer,seed-7_sample-0,0,,,,bz_1,"cluster_3, cluster_4"
bz_1_cluster_4_1mer-bz_1_cluster_2_1mer,seed-8_sample-0,0,,,,bz_1,"cluster_2, cluster_4"
bz_1_cluster_4_1mer-bz_1_cluster_2_1mer,seed-10_sample-0,0,,,,bz_1,"cluster_2, cluster_4"
bz_1_cluster_4_1mer-bz_1_cluster_2_1mer,seed-9_sample-0,0,,,,bz_1,"cluster_2, cluster_4"
bz_1_cluster_4_1mer-bz_1_cluster_2_1mer,seed-4_sample-0,0,,,,bz_1,"cluster_2, cluster_4"
bz_1_cluster_4_1mer-bz_1_cluster_2_1mer,seed-2_sample-0,0,,,,bz_1,"cluster_2, cluster_4"
bz_1_cluster_4_1mer-bz_1_cluster_2_1mer,seed-5_sample-0,0,,,,bz_1,"cluster_2, cluster_4"
bz_1_cluster_4_1mer-bz_1_cluster_2_1mer,seed-6_sample-0,0,,,,bz_1,"cluster_2, cluster_4"
bz_1_cluster_4_1mer-bz_1_cluster_2_1mer,seed-3_sample-0,0,,,,bz_1,"cluster_2, cluster_4"
bz_1_cluster_4_1mer-bz_1_cluster_2_1mer,seed-1_sample-0,0,,,,bz_1,"cluster_2, cluster_4"
bz_1_cluster_4_1mer-bz_1_cluster_2_1mer,seed-7_sample-0,0,,,,bz_1,"cluster_2, cluster_4"
bz_1_cluster_5_1mer-bz_1_cluster_6_1mer,seed-8_sample-0,0,,,,bz_1,"cluster_5, cluster_6"
bz_1_cluster_5_1mer-bz_1_cluster_6_1mer,seed-10_sample-0,0,,,,bz_1,"cluster_5, cluster_6"
bz_1_cluster_5_1mer-bz_1_cluster_6_1mer,seed-9_sample-0,0,,,,bz_1,"cluster_5, cluster_6"
bz_1_cluster_5_1mer-bz_1_cluster_6_1mer,seed-4_sample-0,0,,,,bz_1,"cluster_5, cluster_6"
bz_1_cluster_5_1mer-bz_1_cluster_6_1mer,seed-2_sample-0,0,,,,bz_1,"cluster_5, cluster_6"
bz_1_cluster_5_1mer-bz_1_cluster_6_1mer,seed-5_sample-0,0,,,,bz_1,"cluster_5, cluster_6"
bz_1_cluster_5_1mer-bz_1_cluster_6_1mer,seed-6_sample-0,0,,,,bz_1,"cluster_5, cluster_6"
bz_1_cluster_5_1mer-bz_1_cluster_6_1mer,seed-3_sample-0,0,,,,bz_1,"cluster_5, cluster_6"
bz_1_cluster_5_1mer-bz_1_cluster_6_1mer,seed-1_sample-0,0,,,,bz_1,"cluster_5, cluster_6"
bz_1_cluster_5_1mer-bz_1_cluster_6_1mer,seed-7_sample-0,0,,,,bz_1,"cluster_5, cluster_6"
bz_1_cluster_5_1mer-bz_1_cluster_1_1mer,seed-8_sample-0,0,,,,bz_1,"cluster_1, cluster_5"
bz_1_cluster_5_1mer-bz_1_cluster_1_1mer,seed-10_sample-0,0,,,,bz_1,"cluster_1, cluster_5"
bz_1_cluster_5_1mer-bz_1_cluster_1_1mer,seed-9_sample-0,0,,,,bz_1,"cluster_1, cluster_5"
bz_1_cluster_5_1mer-bz_1_cluster_1_1mer,seed-4_sample-0,0,,,,bz_1,"cluster_1, cluster_5"
bz_1_cluster_5_1mer-bz_1_cluster_1_1mer,seed-2_sample-0,0,,,,bz_1,"cluster_1, cluster_5"
bz_1_cluster_5_1mer-bz_1_cluster_1_1mer,seed-5_sample-0,0,,,,bz_1,"cluster_1, cluster_5"
bz_1_cluster_5_1mer-bz_1_cluster_1_1mer,seed-6_sample-0,0,,,,bz_1,"cluster_1, cluster_5"
bz_1_cluster_5_1mer-bz_1_cluster_1_1mer,seed-3_sample-0,0,,,,bz_1,"cluster_1, cluster_5"
bz_1_cluster_5_1mer-bz_1_cluster_1_1mer,seed-1_sample-0,0,,,,bz_1,"cluster_1, cluster_5"
bz_1_cluster_5_1mer-bz_1_cluster_1_1mer,seed-7_sample-0,0,,,,bz_1,"cluster_1, cluster_5"
bz_1_cluster_5_1mer-bz_1_cluster_3_1mer,seed-8_sample-0,0,,,,bz_1,"cluster_3, cluster_5"
bz_1_cluster_5_1mer-bz_1_cluster_3_1mer,seed-10_sample-0,0,,,,bz_1,"cluster_3, cluster_5"
bz_1_cluster_5_1mer-bz_1_cluster_3_1mer,seed-9_sample-0,0,,,,bz_1,"cluster_3, cluster_5"
bz_1_cluster_5_1mer-bz_1_cluster_3_1mer,seed-4_sample-0,0,,,,bz_1,"cluster_3, cluster_5"
bz_1_cluster_5_1mer-bz_1_cluster_3_1mer,seed-2_sample-0,0,,,,bz_1,"cluster_3, cluster_5"
bz_1_cluster_5_1mer-bz_1_cluster_3_1mer,seed-5_sample-0,0,,,,bz_1,"cluster_3, cluster_5"
bz_1_cluster_5_1mer-bz_1_cluster_3_1mer,seed-6_sample-0,0,,,,bz_1,"cluster_3, cluster_5"
bz_1_cluster_5_1mer-bz_1_cluster_3_1mer,seed-3_sample-0,0,,,,bz_1,"cluster_3, cluster_5"
bz_1_cluster_5_1mer-bz_1_cluster_3_1mer,seed-1_sample-0,0,,,,bz_1,"cluster_3, cluster_5"
bz_1_cluster_5_1mer-bz_1_cluster_3_1mer,seed-7_sample-0,0,,,,bz_1,"cluster_3, cluster_5"
bz_1_cluster_5_1mer-bz_1_cluster_2_1mer,seed-8_sample-0,0,,,,bz_1,"cluster_2, cluster_5"
bz_1_cluster_5_1mer-bz_1_cluster_2_1mer,seed-10_sample-0,0,,,,bz_1,"cluster_2, cluster_5"
bz_1_cluster_5_1mer-bz_1_cluster_2_1mer,seed-9_sample-0,0,,,,bz_1,"cluster_2, cluster_5"
bz_1_cluster_5_1mer-bz_1_cluster_2_1mer,seed-4_sample-0,0,,,,bz_1,"cluster_2, cluster_5"
bz_1_cluster_5_1mer-bz_1_cluster_2_1mer,seed-2_sample-0,0,,,,bz_1,"cluster_2, cluster_5"
bz_1_cluster_5_1mer-bz_1_cluster_2_1mer,seed-5_sample-0,0,,,,bz_1,"cluster_2, cluster_5"
bz_1_cluster_5_1mer-bz_1_cluster_2_1mer,seed-6_sample-0,0,,,,bz_1,"cluster_2, cluster_5"
bz_1_cluster_5_1mer-bz_1_cluster_2_1mer,seed-3_sample-0,0,,,,bz_1,"cluster_2, cluster_5"
bz_1_cluster_5_1mer-bz_1_cluster_2_1mer,seed-1_sample-0,0,,,,bz_1,"cluster_2, cluster_5"
bz_1_cluster_5_1mer-bz_1_cluster_2_1mer,seed-7_sample-0,0,,,,bz_1,"cluster_2, cluster_5"
bz_1_cluster_6_1mer-bz_1_cluster_1_1mer,seed-8_sample-0,0,,,,bz_1,"cluster_1, cluster_6"
bz_1_cluster_6_1mer-bz_1_cluster_1_1mer,seed-10_sample-0,0,,,,bz_1,"cluster_1, cluster_6"
bz_1_cluster_6_1mer-bz_1_cluster_1_1mer,seed-9_sample-0,0,,,,bz_1,"cluster_1, cluster_6"
bz_1_cluster_6_1mer-bz_1_cluster_1_1mer,seed-4_sample-0,0,,,,bz_1,"cluster_1, cluster_6"
bz_1_cluster_6_1mer-bz_1_cluster_1_1mer,seed-2_sample-0,0,,,,bz_1,"cluster_1, cluster_6"
bz_1_cluster_6_1mer-bz_1_cluster_1_1mer,seed-5_sample-0,0,,,,bz_1,"cluster_1, cluster_6"
bz_1_cluster_6_1mer-bz_1_cluster_1_1mer,seed-6_sample-0,0,,,,bz_1,"cluster_1, cluster_6"
bz_1_cluster_6_1mer-bz_1_cluster_1_1mer,seed-3_sample-0,0,,,,bz_1,"cluster_1, cluster_6"
bz_1_cluster_6_1mer-bz_1_cluster_1_1mer,seed-1_sample-0,0,,,,bz_1,"cluster_1, cluster_6"
bz_1_cluster_6_1mer-bz_1_cluster_1_1mer,seed-7_sample-0,0,,,,bz_1,"cluster_1, cluster_6"
bz_1_cluster_6_1mer-bz_1_cluster_3_1mer,seed-8_sample-0,0,,,,bz_1,"cluster_3, cluster_6"
bz_1_cluster_6_1mer-bz_1_cluster_3_1mer,seed-10_sample-0,0,,,,bz_1,"cluster_3, cluster_6"
bz_1_cluster_6_1mer-bz_1_cluster_3_1mer,seed-9_sample-0,0,,,,bz_1,"cluster_3, cluster_6"
bz_1_cluster_6_1mer-bz_1_cluster_3_1mer,seed-4_sample-0,0,,,,bz_1,"cluster_3, cluster_6"
bz_1_cluster_6_1mer-bz_1_cluster_3_1mer,seed-2_sample-0,0,,,,bz_1,"cluster_3, cluster_6"
bz_1_cluster_6_1mer-bz_1_cluster_3_1mer,seed-5_sample-0,0,,,,bz_1,"cluster_3, cluster_6"
bz_1_cluster_6_1mer-bz_1_cluster_3_1mer,seed-6_sample-0,0,,,,bz_1,"cluster_3, cluster_6"
bz_1_cluster_6_1mer-bz_1_cluster_3_1mer,seed-3_sample-0,0,,,,bz_1,"cluster_3, cluster_6"
bz_1_cluster_6_1mer-bz_1_cluster_3_1mer,seed-1_sample-0,0,,,,bz_1,"cluster_3, cluster_6"
bz_1_cluster_6_1mer-bz_1_cluster_3_1mer,seed-7_sample-0,0,,,,bz_1,"cluster_3, cluster_6"
bz_1_cluster_6_1mer-bz_1_cluster_2_1mer,seed-8_sample-0,0,,,,bz_1,"cluster_2, cluster_6"
bz_1_cluster_6_1mer-bz_1_cluster_2_1mer,seed-10_sample-0,0,,,,bz_1,"cluster_2, cluster_6"
bz_1_cluster_6_1mer-bz_1_cluster_2_1mer,seed-9_sample-0,0,,,,bz_1,"cluster_2, cluster_6"
bz_1_cluster_6_1mer-bz_1_cluster_2_1mer,seed-4_sample-0,0,,,,bz_1,"cluster_2, cluster_6"
bz_1_cluster_6_1mer-bz_1_cluster_2_1mer,seed-2_sample-0,0,,,,bz_1,"cluster_2, cluster_6"
bz_1_cluster_6_1mer-bz_1_cluster_2_1mer,seed-5_sample-0,0,,,,bz_1,"cluster_2, cluster_6"
bz_1_cluster_6_1mer-bz_1_cluster_2_1mer,seed-6_sample-0,0,,,,bz_1,"cluster_2, cluster_6"
bz_1_cluster_6_1mer-bz_1_cluster_2_1mer,seed-3_sample-0,0,,,,bz_1,"cluster_2, cluster_6"
bz_1_cluster_6_1mer-bz_1_cluster_2_1mer,seed-1_sample-0,0,,,,bz_1,"cluster_2, cluster_6"
bz_1_cluster_6_1mer-bz_1_cluster_2_1mer,seed-7_sample-0,0,,,,bz_1,"cluster_2, cluster_6"
bz_1_cluster_1_1mer-bz_1_cluster_3_1mer,seed-8_sample-0,0,,,,bz_1,"cluster_1, cluster_3"
bz_1_cluster_1_1mer-bz_1_cluster_3_1mer,seed-10_sample-0,0,,,,bz_1,"cluster_1, cluster_3"
bz_1_cluster_1_1mer-bz_1_cluster_3_1mer,seed-9_sample-0,0,,,,bz_1,"cluster_1, cluster_3"
bz_1_cluster_1_1mer-bz_1_cluster_3_1mer,seed-4_sample-0,0,,,,bz_1,"cluster_1, cluster_3"
bz_1_cluster_1_1mer-bz_1_cluster_3_1mer,seed-2_sample-0,0,,,,bz_1,"cluster_1, cluster_3"
bz_1_cluster_1_1mer-bz_1_cluster_3_1mer,seed-5_sample-0,0,,,,bz_1,"cluster_1, cluster_3"
bz_1_cluster_1_1mer-bz_1_cluster_3_1mer,seed-6_sample-0,0,,,,bz_1,"cluster_1, cluster_3"
bz_1_cluster_1_1mer-bz_1_cluster_3_1mer,seed-3_sample-0,0,,,,bz_1,"cluster_1, cluster_3"
bz_1_cluster_1_1mer-bz_1_cluster_3_1mer,seed-1_sample-0,64,0.53,0.8162499999999999,"[0.81, 0.91, 0.56, 0.86, 0.9, 0.94, 0.91, 0.95, 0.93, 0.94, 0.96, 0.95, 0.96, 0.95, 0.94, 0.92, 0.81, 0.96, 0.95, 0.76, 0.87, 0.55, 0.9, 0.89, 0.9, 0.65, 0.63, 0.53, 0.68, 0.56, 0.55, 0.54, 0.81, 0.96, 0.87, 0.65, 0.92, 0.95, 0.96, 0.94, 0.95, 0.96, 0.95, 0.95, 0.94, 0.56, 0.93, 0.94, 0.81, 0.86, 0.91, 0.9, 0.91, 0.55, 0.54, 0.55, 0.63, 0.9, 0.53, 0.68, 0.56, 0.76, 0.89, 0.9]",bz_1,"cluster_1, cluster_3"
bz_1_cluster_1_1mer-bz_1_cluster_3_1mer,seed-7_sample-0,2,0.51,0.51,"[0.51, 0.51]",bz_1,"cluster_1, cluster_3"
bz_1_cluster_1_1mer-bz_1_cluster_2_1mer,seed-8_sample-0,0,,,,bz_1,"cluster_1, cluster_2"
bz_1_cluster_1_1mer-bz_1_cluster_2_1mer,seed-10_sample-0,0,,,,bz_1,"cluster_1, cluster_2"
bz_1_cluster_1_1mer-bz_1_cluster_2_1mer,seed-9_sample-0,0,,,,bz_1,"cluster_1, cluster_2"
bz_1_cluster_1_1mer-bz_1_cluster_2_1mer,seed-4_sample-0,0,,,,bz_1,"cluster_1, cluster_2"
bz_1_cluster_1_1mer-bz_1_cluster_2_1mer,seed-2_sample-0,0,,,,bz_1,"cluster_1, cluster_2"
bz_1_cluster_1_1mer-bz_1_cluster_2_1mer,seed-5_sample-0,0,,,,bz_1,"cluster_1, cluster_2"
bz_1_cluster_1_1mer-bz_1_cluster_2_1mer,seed-6_sample-0,0,,,,bz_1,"cluster_1, cluster_2"
bz_1_cluster_1_1mer-bz_1_cluster_2_1mer,seed-3_sample-0,0,,,,bz_1,"cluster_1, cluster_2"
bz_1_cluster_1_1mer-bz_1_cluster_2_1mer,seed-1_sample-0,0,,,,bz_1,"cluster_1, cluster_2"
bz_1_cluster_1_1mer-bz_1_cluster_2_1mer,seed-7_sample-0,0,,,,bz_1,"cluster_1, cluster_2"
bz_1_cluster_3_1mer-bz_1_cluster_2_1mer,seed-8_sample-0,0,,,,bz_1,"cluster_2, cluster_3"
bz_1_cluster_3_1mer-bz_1_cluster_2_1mer,seed-10_sample-0,0,,,,bz_1,"cluster_2, cluster_3"
bz_1_cluster_3_1mer-bz_1_cluster_2_1mer,seed-9_sample-0,0,,,,bz_1,"cluster_2, cluster_3"
bz_1_cluster_3_1mer-bz_1_cluster_2_1mer,seed-4_sample-0,0,,,,bz_1,"cluster_2, cluster_3"
bz_1_cluster_3_1mer-bz_1_cluster_2_1mer,seed-2_sample-0,0,,,,bz_1,"cluster_2, cluster_3"
bz_1_cluster_3_1mer-bz_1_cluster_2_1mer,seed-5_sample-0,0,,,,bz_1,"cluster_2, cluster_3"
bz_1_cluster_3_1mer-bz_1_cluster_2_1mer,seed-6_sample-0,0,,,,bz_1,"cluster_2, cluster_3"
bz_1_cluster_3_1mer-bz_1_cluster_2_1mer,seed-3_sample-0,0,,,,bz_1,"cluster_2, cluster_3"
bz_1_cluster_3_1mer-bz_1_cluster_2_1mer,seed-1_sample-0,0,,,,bz_1,"cluster_2, cluster_3"
bz_1_cluster_3_1mer-bz_1_cluster_2_1mer,seed-7_sample-0,0,,,,bz_1,"cluster_2, cluster_3"
bz_1_cluster_8_1mer-bz_1_cluster_8_1mer,seed-8_sample-0,32,0.58,0.846875,"[0.59, 0.6, 0.95, 0.88, 0.96, 0.88, 0.87, 0.94, 0.96, 0.87, 0.97, 0.97, 0.97, 0.95, 0.58, 0.61, 0.58, 0.61, 0.94, 0.88, 0.96, 0.88, 0.87, 0.95, 0.96, 0.87, 0.97, 0.97, 0.97, 0.95, 0.59, 0.6]",bz_1,"cluster_8, cluster_8"
bz_1_cluster_8_1mer-bz_1_cluster_8_1mer,seed-10_sample-0,32,0.58,0.845,"[0.58, 0.6, 0.94, 0.87, 0.96, 0.88, 0.87, 0.94, 0.96, 0.87, 0.97, 0.97, 0.97, 0.95, 0.58, 0.61, 0.58, 0.61, 0.94, 0.88, 0.96, 0.87, 0.87, 0.94, 0.96, 0.87, 0.97, 0.97, 0.97, 0.95, 0.58, 0.6]",bz_1,"cluster_8, cluster_8"
bz_1_cluster_8_1mer-bz_1_cluster_8_1mer,seed-9_sample-0,32,0.58,0.845,"[0.58, 0.6, 0.94, 0.88, 0.96, 0.88, 0.87, 0.94, 0.96, 0.87, 0.97, 0.97, 0.97, 0.95, 0.58, 0.6, 0.58, 0.6, 0.94, 0.88, 0.96, 0.88, 0.87, 0.94, 0.96, 0.87, 0.97, 0.97, 0.97, 0.95, 0.58, 0.6]",bz_1,"cluster_8, cluster_8"
bz_1_cluster_8_1mer-bz_1_cluster_8_1mer,seed-4_sample-0,32,0.57,0.8443749999999999,"[0.57, 0.6, 0.94, 0.88, 0.96, 0.88, 0.87, 0.94, 0.96, 0.87, 0.97, 0.97, 0.97, 0.95, 0.58, 0.6, 0.58, 0.6, 0.94, 0.88, 0.96, 0.88, 0.87, 0.94, 0.96, 0.87, 0.97, 0.97, 0.97, 0.95, 0.57, 0.6]",bz_1,"cluster_8, cluster_8"
bz_1_cluster_8_1mer-bz_1_cluster_8_1mer,seed-2_sample-0,32,0.57,0.84375,"[0.57, 0.6, 0.94, 0.88, 0.96, 0.88, 0.87, 0.94, 0.96, 0.87, 0.97, 0.97, 0.97, 0.95, 0.58, 0.59, 0.58, 0.59, 0.94, 0.88, 0.96, 0.88, 0.87, 0.94, 0.96, 0.87, 0.97, 0.97, 0.97, 0.95, 0.57, 0.6]",bz_1,"cluster_8, cluster_8"
bz_1_cluster_8_1mer-bz_1_cluster_8_1mer,seed-5_sample-0,32,0.58,0.845625,"[0.58, 0.6, 0.94, 0.88, 0.96, 0.88, 0.87, 0.94, 0.96, 0.87, 0.97, 0.97, 0.97, 0.95, 0.59, 0.6, 0.59, 0.6, 0.94, 0.88, 0.96, 0.88, 0.87, 0.94, 0.96, 0.87, 0.97, 0.97, 0.97, 0.95, 0.58, 0.6]",bz_1,"cluster_8, cluster_8"
bz_1_cluster_8_1mer-bz_1_cluster_8_1mer,seed-6_sample-0,32,0.58,0.84625,"[0.58, 0.61, 0.94, 0.88, 0.96, 0.88, 0.86, 0.94, 0.96, 0.87, 0.97, 0.97, 0.97, 0.95, 0.59, 0.61, 0.59, 0.61, 0.94, 0.88, 0.96, 0.88, 0.87, 0.94, 0.96, 0.86, 0.97, 0.97, 0.97, 0.95, 0.58, 0.61]",bz_1,"cluster_8, cluster_8"
bz_1_cluster_8_1mer-bz_1_cluster_8_1mer,seed-3_sample-0,32,0.59,0.8487499999999999,"[0.6, 0.62, 0.94, 0.88, 0.96, 0.88, 0.87, 0.94, 0.96, 0.87, 0.97, 0.97, 0.97, 0.95, 0.59, 0.61, 0.59, 0.61, 0.94, 0.88, 0.96, 0.88, 0.87, 0.94, 0.96, 0.87, 0.97, 0.97, 0.97, 0.95, 0.6, 0.62]",bz_1,"cluster_8, cluster_8"
bz_1_cluster_8_1mer-bz_1_cluster_8_1mer,seed-1_sample-0,32,0.58,0.84375,"[0.58, 0.59, 0.94, 0.87, 0.96, 0.88, 0.87, 0.94, 0.96, 0.87, 0.97, 0.97, 0.97, 0.95, 0.58, 0.6, 0.58, 0.6, 0.94, 0.88, 0.96, 0.87, 0.87, 0.94, 0.96, 0.87, 0.97, 0.97, 0.97, 0.95, 0.58, 0.59]",bz_1,"cluster_8, cluster_8"
bz_1_cluster_8_1mer-bz_1_cluster_8_1mer,seed-7_sample-0,32,0.58,0.846875,"[0.59, 0.61, 0.94, 0.88, 0.96, 0.88, 0.87, 0.94, 0.96, 0.87, 0.97, 0.97, 0.97, 0.95, 0.58, 0.61, 0.58, 0.61, 0.94, 0.88, 0.96, 0.88, 0.87, 0.94, 0.96, 0.87, 0.97, 0.97, 0.97, 0.95, 0.59, 0.61]",bz_1,"cluster_8, cluster_8"
bz_1_cluster_7_1mer-bz_1_cluster_7_1mer,seed-8_sample-0,0,,,,bz_1,"cluster_7, cluster_7"
bz_1_cluster_7_1mer-bz_1_cluster_7_1mer,seed-10_sample-0,0,,,,bz_1,"cluster_7, cluster_7"
bz_1_cluster_7_1mer-bz_1_cluster_7_1mer,seed-9_sample-0,0,,,,bz_1,"cluster_7, cluster_7"
bz_1_cluster_7_1mer-bz_1_cluster_7_1mer,seed-4_sample-0,0,,,,bz_1,"cluster_7, cluster_7"
bz_1_cluster_7_1mer-bz_1_cluster_7_1mer,seed-2_sample-0,0,,,,bz_1,"cluster_7, cluster_7"
bz_1_cluster_7_1mer-bz_1_cluster_7_1mer,seed-5_sample-0,0,,,,bz_1,"cluster_7, cluster_7"
bz_1_cluster_7_1mer-bz_1_cluster_7_1mer,seed-6_sample-0,0,,,,bz_1,"cluster_7, cluster_7"
bz_1_cluster_7_1mer-bz_1_cluster_7_1mer,seed-3_sample-0,0,,,,bz_1,"cluster_7, cluster_7"
bz_1_cluster_7_1mer-bz_1_cluster_7_1mer,seed-1_sample-0,0,,,,bz_1,"cluster_7, cluster_7"
bz_1_cluster_7_1mer-bz_1_cluster_7_1mer,seed-7_sample-0,0,,,,bz_1,"cluster_7, cluster_7"
bz_1_cluster_0_1mer-bz_1_cluster_0_1mer,seed-8_sample-0,0,,,,bz_1,"cluster_0, cluster_0"
bz_1_cluster_0_1mer-bz_1_cluster_0_1mer,seed-10_sample-0,0,,,,bz_1,"cluster_0, cluster_0"
bz_1_cluster_0_1mer-bz_1_cluster_0_1mer,seed-9_sample-0,0,,,,bz_1,"cluster_0, cluster_0"
bz_1_cluster_0_1mer-bz_1_cluster_0_1mer,seed-4_sample-0,0,,,,bz_1,"cluster_0, cluster_0"
bz_1_cluster_0_1mer-bz_1_cluster_0_1mer,seed-2_sample-0,0,,,,bz_1,"cluster_0, cluster_0"
bz_1_cluster_0_1mer-bz_1_cluster_0_1mer,seed-5_sample-0,0,,,,bz_1,"cluster_0, cluster_0"
bz_1_cluster_0_1mer-bz_1_cluster_0_1mer,seed-6_sample-0,0,,,,bz_1,"cluster_0, cluster_0"
bz_1_cluster_0_1mer-bz_1_cluster_0_1mer,seed-3_sample-0,0,,,,bz_1,"cluster_0, cluster_0"
bz_1_cluster_0_1mer-bz_1_cluster_0_1mer,seed-1_sample-0,0,,,,bz_1,"cluster_0, cluster_0"
bz_1_cluster_0_1mer-bz_1_cluster_0_1mer,seed-7_sample-0,0,,,,bz_1,"cluster_0, cluster_0"
bz_1_cluster_4_1mer-bz_1_cluster_4_1mer,seed-8_sample-0,72,0.51,0.6030555555555556,"[0.55, 0.69, 0.53, 0.59, 0.72, 0.57, 0.57, 0.8, 0.52, 0.57, 0.84, 0.61, 0.51, 0.59, 0.79, 0.61, 0.56, 0.71, 0.52, 0.51, 0.69, 0.57, 0.53, 0.55, 0.59, 0.52, 0.69, 0.52, 0.72, 0.52, 0.56, 0.7, 0.53, 0.56, 0.59, 0.51, 0.56, 0.69, 0.53, 0.59, 0.71, 0.57, 0.57, 0.79, 0.52, 0.57, 0.84, 0.61, 0.51, 0.59, 0.8, 0.61, 0.55, 0.72, 0.52, 0.51, 0.69, 0.57, 0.53, 0.51, 0.56, 0.59, 0.52, 0.7, 0.52, 0.72, 0.53, 0.55, 0.69, 0.52, 0.56, 0.59]",bz_1,"cluster_4, cluster_4"
bz_1_cluster_4_1mer-bz_1_cluster_4_1mer,seed-10_sample-0,74,0.51,0.6021621621621622,"[0.55, 0.69, 0.53, 0.59, 0.72, 0.57, 0.57, 0.79, 0.52, 0.56, 0.84, 0.61, 0.51, 0.58, 0.79, 0.62, 0.56, 0.72, 0.52, 0.51, 0.69, 0.58, 0.54, 0.51, 0.55, 0.6, 0.53, 0.69, 0.53, 0.73, 0.53, 0.56, 0.69, 0.53, 0.57, 0.59, 0.51, 0.56, 0.69, 0.54, 0.58, 0.72, 0.58, 0.56, 0.79, 0.52, 0.57, 0.84, 0.62, 0.51, 0.59, 0.79, 0.61, 0.55, 0.72, 0.52, 0.51, 0.69, 0.57, 0.53, 0.51, 0.56, 0.59, 0.53, 0.69, 0.53, 0.73, 0.53, 0.55, 0.69, 0.53, 0.57, 0.6, 0.51]",bz_1,"cluster_4, cluster_4"
bz_1_cluster_4_1mer-bz_1_cluster_4_1mer,seed-9_sample-0,72,0.51,0.6019444444444445,"[0.55, 0.68, 0.53, 0.58, 0.71, 0.58, 0.57, 0.8, 0.52, 0.56, 0.84, 0.62, 0.51, 0.58, 0.8, 0.61, 0.56, 0.72, 0.52, 0.51, 0.69, 0.57, 0.53, 0.55, 0.59, 0.51, 0.68, 0.52, 0.73, 0.52, 0.55, 0.69, 0.53, 0.56, 0.59, 0.51, 0.56, 0.69, 0.53, 0.58, 0.72, 0.57, 0.56, 0.8, 0.52, 0.57, 0.84, 0.61, 0.51, 0.58, 0.8, 0.62, 0.55, 0.71, 0.52, 0.51, 0.68, 0.58, 0.53, 0.51, 0.55, 0.59, 0.52, 0.69, 0.51, 0.73, 0.53, 0.55, 0.68, 0.52, 0.56, 0.59]",bz_1,"cluster_4, cluster_4"
bz_1_cluster_4_1mer-bz_1_cluster_4_1mer,seed-4_sample-0,72,0.51,0.6061111111111112,"[0.55, 0.69, 0.54, 0.58, 0.73, 0.58, 0.56, 0.8, 0.52, 0.56, 0.84, 0.62, 0.52, 0.58, 0.79, 0.62, 0.55, 0.73, 0.53, 0.52, 0.7, 0.58, 0.55, 0.55, 0.6, 0.51, 0.69, 0.51, 0.73, 0.53, 0.56, 0.69, 0.53, 0.57, 0.6, 0.51, 0.55, 0.7, 0.55, 0.58, 0.73, 0.58, 0.56, 0.79, 0.53, 0.56, 0.84, 0.62, 0.52, 0.58, 0.8, 0.62, 0.55, 0.73, 0.52, 0.52, 0.69, 0.58, 0.54, 0.51, 0.56, 0.6, 0.51, 0.69, 0.51, 0.73, 0.53, 0.55, 0.69, 0.53, 0.57, 0.6]",bz_1,"cluster_4, cluster_4"
bz_1_cluster_4_1mer-bz_1_cluster_4_1mer,seed-2_sample-0,74,0.51,0.6051351351351353,"[0.55, 0.69, 0.54, 0.59, 0.72, 0.58, 0.57, 0.8, 0.53, 0.57, 0.85, 0.61, 0.52, 0.58, 0.8, 0.61, 0.57, 0.73, 0.52, 0.51, 0.69, 0.58, 0.53, 0.52, 0.56, 0.59, 0.53, 0.69, 0.52, 0.73, 0.53, 0.56, 0.7, 0.53, 0.57, 0.6, 0.52, 0.57, 0.69, 0.53, 0.58, 0.73, 0.58, 0.57, 0.8, 0.52, 0.57, 0.85, 0.61, 0.51, 0.59, 0.8, 0.61, 0.55, 0.72, 0.53, 0.52, 0.69, 0.58, 0.54, 0.52, 0.56, 0.6, 0.52, 0.7, 0.53, 0.73, 0.53, 0.56, 0.69, 0.53, 0.57, 0.59, 0.52]",bz_1,"cluster_4, cluster_4"
bz_1_cluster_4_1mer-bz_1_cluster_4_1mer,seed-5_sample-0,70,0.51,0.6048571428571428,"[0.55, 0.69, 0.53, 0.58, 0.72, 0.58, 0.56, 0.8, 0.52, 0.56, 0.84, 0.62, 0.52, 0.58, 0.8, 0.61, 0.55, 0.72, 0.52, 0.52, 0.69, 0.57, 0.53, 0.55, 0.58, 0.51, 0.69, 0.52, 0.72, 0.52, 0.55, 0.69, 0.52, 0.57, 0.59, 0.55, 0.69, 0.53, 0.58, 0.72, 0.57, 0.56, 0.8, 0.52, 0.56, 0.84, 0.61, 0.52, 0.58, 0.8, 0.62, 0.55, 0.72, 0.52, 0.52, 0.69, 0.58, 0.53, 0.55, 0.59, 0.52, 0.69, 0.51, 0.72, 0.52, 0.55, 0.69, 0.52, 0.57, 0.58]",bz_1,"cluster_4, cluster_4"
bz_1_cluster_4_1mer-bz_1_cluster_4_1mer,seed-6_sample-0,74,0.51,0.5997297297297297,"[0.55, 0.68, 0.53, 0.59, 0.72, 0.58, 0.57, 0.79, 0.52, 0.56, 0.84, 0.61, 0.51, 0.59, 0.79, 0.61, 0.55, 0.72, 0.52, 0.51, 0.69, 0.58, 0.54, 0.51, 0.55, 0.6, 0.52, 0.68, 0.51, 0.73, 0.51, 0.56, 0.69, 0.52, 0.57, 0.58, 0.51, 0.55, 0.69, 0.54, 0.59, 0.72, 0.58, 0.56, 0.79, 0.52, 0.57, 0.84, 0.61, 0.51, 0.59, 0.79, 0.61, 0.55, 0.72, 0.52, 0.51, 0.68, 0.58, 0.53, 0.51, 0.56, 0.58, 0.51, 0.69, 0.52, 0.73, 0.52, 0.55, 0.68, 0.51, 0.57, 0.6, 0.51]",bz_1,"cluster_4, cluster_4"
bz_1_cluster_4_1mer-bz_1_cluster_4_1mer,seed-3_sample-0,74,0.51,0.6043243243243244,"[0.56, 0.69, 0.53, 0.59, 0.73, 0.58, 0.57, 0.8, 0.53, 0.57, 0.84, 0.61, 0.52, 0.59, 0.8, 0.62, 0.56, 0.72, 0.53, 0.51, 0.7, 0.58, 0.54, 0.51, 0.55, 0.59, 0.53, 0.69, 0.52, 0.73, 0.52, 0.56, 0.7, 0.53, 0.56, 0.59, 0.51, 0.56, 0.7, 0.54, 0.59, 0.72, 0.58, 0.57, 0.8, 0.53, 0.57, 0.84, 0.62, 0.51, 0.59, 0.8, 0.61, 0.56, 0.73, 0.53, 0.52, 0.69, 0.58, 0.53, 0.51, 0.56, 0.59, 0.52, 0.7, 0.53, 0.73, 0.53, 0.55, 0.69, 0.52, 0.56, 0.59, 0.51]",bz_1,"cluster_4, cluster_4"
bz_1_cluster_4_1mer-bz_1_cluster_4_1mer,seed-1_sample-0,74,0.51,0.6043243243243243,"[0.55, 0.69, 0.54, 0.59, 0.71, 0.57, 0.58, 0.79, 0.52, 0.58, 0.84, 0.6, 0.51, 0.58, 0.79, 0.61, 0.56, 0.72, 0.53, 0.51, 0.69, 0.57, 0.54, 0.52, 0.56, 0.6, 0.52, 0.69, 0.53, 0.74, 0.53, 0.57, 0.7, 0.53, 0.58, 0.6, 0.52, 0.56, 0.69, 0.54, 0.58, 0.72, 0.57, 0.58, 0.79, 0.53, 0.58, 0.84, 0.61, 0.51, 0.59, 0.79, 0.6, 0.55, 0.71, 0.52, 0.51, 0.69, 0.57, 0.54, 0.52, 0.57, 0.6, 0.53, 0.7, 0.52, 0.74, 0.53, 0.56, 0.69, 0.53, 0.58, 0.6, 0.52]",bz_1,"cluster_4, cluster_4"
bz_1_cluster_4_1mer-bz_1_cluster_4_1mer,seed-7_sample-0,74,0.51,0.6043243243243244,"[0.56, 0.69, 0.53, 0.58, 0.72, 0.58, 0.58, 0.8, 0.52, 0.57, 0.84, 0.61, 0.51, 0.58, 0.8, 0.61, 0.55, 0.72, 0.52, 0.52, 0.69, 0.57, 0.53, 0.52, 0.56, 0.6, 0.53, 0.7, 0.52, 0.73, 0.52, 0.57, 0.7, 0.53, 0.58, 0.6, 0.52, 0.55, 0.69, 0.53, 0.58, 0.72, 0.57, 0.57, 0.8, 0.52, 0.58, 0.84, 0.61, 0.52, 0.58, 0.8, 0.61, 0.56, 0.72, 0.52, 0.51, 0.69, 0.58, 0.53, 0.52, 0.57, 0.6, 0.52, 0.7, 0.53, 0.73, 0.53, 0.56, 0.7, 0.52, 0.58, 0.6, 0.52]",bz_1,"cluster_4, cluster_4"
bz_1_cluster_5_1mer-bz_1_cluster_5_1mer,seed-8_sample-0,108,0.52,0.6716666666666666,"[0.66, 0.57, 0.66, 0.6, 0.69, 0.62, 0.79, 0.72, 0.67, 0.7, 0.79, 0.6, 0.73, 0.7, 0.67, 0.69, 0.62, 0.58, 0.7, 0.53, 0.75, 0.64, 0.59, 0.7, 0.56, 0.71, 0.66, 0.7, 0.71, 0.66, 0.69, 0.68, 0.75, 0.76, 0.7, 0.67, 0.7, 0.67, 0.7, 0.74, 0.68, 0.67, 0.65, 0.69, 0.52, 0.73, 0.69, 0.66, 0.69, 0.76, 0.56, 0.64, 0.72, 0.58, 0.67, 0.58, 0.65, 0.6, 0.69, 0.62, 0.79, 0.73, 0.67, 0.7, 0.79, 0.6, 0.72, 0.7, 0.66, 0.69, 0.62, 0.57, 0.69, 0.52, 0.73, 0.64, 0.58, 0.69, 0.56, 0.72, 0.66, 0.7, 0.7, 0.67, 0.69, 0.67, 0.74, 0.76, 0.7, 0.68, 0.7, 0.67, 0.71, 0.75, 0.68, 0.66, 0.66, 0.7, 0.53, 0.75, 0.7, 0.66, 0.69, 0.76, 0.56, 0.64, 0.71, 0.59]",bz_1,"cluster_5, cluster_5"
bz_1_cluster_5_1mer-bz_1_cluster_5_1mer,seed-10_sample-0,108,0.52,0.669074074074074,"[0.67, 0.57, 0.67, 0.6, 0.68, 0.61, 0.79, 0.72, 0.67, 0.7, 0.79, 0.61, 0.72, 0.7, 0.67, 0.69, 0.61, 0.58, 0.69, 0.53, 0.73, 0.64, 0.58, 0.69, 0.55, 0.71, 0.66, 0.69, 0.7, 0.65, 0.69, 0.67, 0.75, 0.76, 0.69, 0.67, 0.7, 0.67, 0.7, 0.75, 0.68, 0.66, 0.66, 0.69, 0.52, 0.73, 0.68, 0.65, 0.69, 0.75, 0.56, 0.64, 0.72, 0.58, 0.67, 0.58, 0.66, 0.61, 0.69, 0.61, 0.79, 0.72, 0.67, 0.7, 0.79, 0.6, 0.72, 0.7, 0.67, 0.68, 0.61, 0.57, 0.69, 0.52, 0.73, 0.64, 0.58, 0.68, 0.56, 0.72, 0.65, 0.69, 0.7, 0.66, 0.69, 0.67, 0.75, 0.75, 0.69, 0.67, 0.7, 0.67, 0.7, 0.75, 0.68, 0.65, 0.67, 0.69, 0.53, 0.73, 0.69, 0.66, 0.69, 0.76, 0.55, 0.64, 0.71, 0.58]",bz_1,"cluster_5, cluster_5"
bz_1_cluster_5_1mer-bz_1_cluster_5_1mer,seed-9_sample-0,108,0.53,0.6785185185185185,"[0.67, 0.56, 0.67, 0.61, 0.69, 0.61, 0.8, 0.73, 0.67, 0.71, 0.8, 0.6, 0.73, 0.71, 0.68, 0.69, 0.62, 0.58, 0.71, 0.54, 0.75, 0.65, 0.59, 0.7, 0.57, 0.73, 0.67, 0.71, 0.71, 0.66, 0.69, 0.68, 0.76, 0.77, 0.7, 0.68, 0.7, 0.68, 0.72, 0.75, 0.68, 0.66, 0.67, 0.71, 0.53, 0.73, 0.7, 0.67, 0.71, 0.76, 0.58, 0.66, 0.73, 0.6, 0.68, 0.58, 0.67, 0.6, 0.69, 0.62, 0.8, 0.73, 0.68, 0.71, 0.8, 0.61, 0.73, 0.71, 0.67, 0.69, 0.61, 0.56, 0.71, 0.53, 0.73, 0.66, 0.6, 0.7, 0.58, 0.73, 0.67, 0.7, 0.72, 0.66, 0.71, 0.68, 0.75, 0.76, 0.71, 0.68, 0.7, 0.67, 0.71, 0.76, 0.68, 0.66, 0.67, 0.71, 0.54, 0.75, 0.7, 0.67, 0.69, 0.77, 0.57, 0.65, 0.73, 0.59]",bz_1,"cluster_5, cluster_5"
bz_1_cluster_5_1mer-bz_1_cluster_5_1mer,seed-4_sample-0,108,0.52,0.6766666666666666,"[0.67, 0.57, 0.67, 0.61, 0.69, 0.62, 0.8, 0.73, 0.67, 0.71, 0.8, 0.61, 0.73, 0.71, 0.67, 0.69, 0.62, 0.58, 0.7, 0.52, 0.74, 0.65, 0.59, 0.7, 0.56, 0.72, 0.66, 0.7, 0.71, 0.66, 0.7, 0.69, 0.77, 0.76, 0.7, 0.68, 0.7, 0.68, 0.71, 0.74, 0.68, 0.67, 0.66, 0.7, 0.53, 0.74, 0.7, 0.67, 0.7, 0.76, 0.56, 0.65, 0.73, 0.6, 0.67, 0.58, 0.66, 0.61, 0.69, 0.62, 0.8, 0.73, 0.68, 0.71, 0.8, 0.61, 0.73, 0.71, 0.67, 0.69, 0.62, 0.57, 0.7, 0.53, 0.74, 0.65, 0.6, 0.7, 0.56, 0.73, 0.67, 0.7, 0.71, 0.67, 0.7, 0.68, 0.74, 0.76, 0.7, 0.69, 0.7, 0.67, 0.71, 0.77, 0.68, 0.66, 0.67, 0.7, 0.52, 0.74, 0.7, 0.66, 0.7, 0.76, 0.56, 0.65, 0.72, 0.59]",bz_1,"cluster_5, cluster_5"
bz_1_cluster_5_1mer-bz_1_cluster_5_1mer,seed-2_sample-0,110,0.51,0.6778181818181818,"[0.68, 0.56, 0.68, 0.61, 0.7, 0.62, 0.51, 0.8, 0.73, 0.68, 0.7, 0.8, 0.62, 0.74, 0.71, 0.67, 0.7, 0.62, 0.57, 0.71, 0.54, 0.75, 0.65, 0.6, 0.69, 0.57, 0.72, 0.67, 0.71, 0.72, 0.66, 0.69, 0.7, 0.76, 0.77, 0.7, 0.69, 0.71, 0.68, 0.72, 0.75, 0.68, 0.67, 0.67, 0.71, 0.55, 0.75, 0.7, 0.67, 0.7, 0.76, 0.58, 0.65, 0.73, 0.6, 0.67, 0.57, 0.67, 0.62, 0.7, 0.62, 0.51, 0.8, 0.74, 0.68, 0.71, 0.8, 0.61, 0.73, 0.7, 0.68, 0.7, 0.62, 0.56, 0.71, 0.55, 0.75, 0.65, 0.6, 0.7, 0.58, 0.73, 0.67, 0.7, 0.72, 0.67, 0.7, 0.69, 0.75, 0.76, 0.71, 0.7, 0.71, 0.68, 0.72, 0.76, 0.68, 0.66, 0.68, 0.71, 0.54, 0.75, 0.69, 0.67, 0.69, 0.77, 0.57, 0.65, 0.72, 0.6]",bz_1,"cluster_5, cluster_5"
bz_1_cluster_5_1mer-bz_1_cluster_5_1mer,seed-5_sample-0,110,0.51,0.6778181818181818,"[0.67, 0.57, 0.68, 0.61, 0.7, 0.62, 0.51, 0.8, 0.73, 0.68, 0.71, 0.8, 0.62, 0.73, 0.71, 0.68, 0.69, 0.62, 0.58, 0.71, 0.54, 0.74, 0.65, 0.6, 0.7, 0.57, 0.72, 0.67, 0.7, 0.71, 0.66, 0.7, 0.69, 0.77, 0.77, 0.71, 0.69, 0.72, 0.68, 0.72, 0.76, 0.69, 0.67, 0.67, 0.71, 0.53, 0.74, 0.7, 0.67, 0.7, 0.75, 0.57, 0.66, 0.73, 0.6, 0.68, 0.58, 0.67, 0.62, 0.69, 0.62, 0.51, 0.8, 0.73, 0.68, 0.71, 0.8, 0.61, 0.73, 0.71, 0.67, 0.7, 0.62, 0.57, 0.71, 0.53, 0.74, 0.66, 0.6, 0.7, 0.57, 0.73, 0.67, 0.71, 0.72, 0.67, 0.7, 0.69, 0.76, 0.75, 0.7, 0.69, 0.72, 0.68, 0.71, 0.77, 0.69, 0.66, 0.68, 0.71, 0.54, 0.74, 0.7, 0.67, 0.7, 0.77, 0.57, 0.65, 0.72, 0.6]",bz_1,"cluster_5, cluster_5"
bz_1_cluster_5_1mer-bz_1_cluster_5_1mer,seed-6_sample-0,110,0.52,0.6814545454545453,"[0.68, 0.57, 0.68, 0.62, 0.7, 0.62, 0.52, 0.8, 0.74, 0.68, 0.71, 0.8, 0.61, 0.74, 0.72, 0.69, 0.7, 0.62, 0.57, 0.71, 0.54, 0.75, 0.66, 0.6, 0.71, 0.58, 0.73, 0.67, 0.71, 0.71, 0.67, 0.71, 0.69, 0.77, 0.77, 0.71, 0.69, 0.71, 0.68, 0.72, 0.76, 0.7, 0.67, 0.68, 0.72, 0.54, 0.74, 0.69, 0.67, 0.71, 0.76, 0.58, 0.66, 0.73, 0.61, 0.69, 0.57, 0.68, 0.61, 0.7, 0.62, 0.52, 0.8, 0.74, 0.68, 0.72, 0.8, 0.62, 0.74, 0.71, 0.68, 0.7, 0.62, 0.57, 0.72, 0.54, 0.74, 0.66, 0.61, 0.69, 0.58, 0.73, 0.67, 0.71, 0.72, 0.67, 0.71, 0.69, 0.76, 0.76, 0.71, 0.69, 0.71, 0.68, 0.71, 0.77, 0.7, 0.67, 0.68, 0.71, 0.54, 0.75, 0.71, 0.67, 0.71, 0.77, 0.58, 0.66, 0.73, 0.6]",bz_1,"cluster_5, cluster_5"
bz_1_cluster_5_1mer-bz_1_cluster_5_1mer,seed-3_sample-0,108,0.54,0.6824074074074075,"[0.67, 0.57, 0.67, 0.61, 0.7, 0.62, 0.8, 0.73, 0.68, 0.71, 0.81, 0.62, 0.74, 0.71, 0.68, 0.7, 0.62, 0.57, 0.71, 0.54, 0.75, 0.65, 0.6, 0.7, 0.57, 0.73, 0.67, 0.72, 0.72, 0.67, 0.69, 0.68, 0.78, 0.77, 0.7, 0.69, 0.7, 0.68, 0.71, 0.76, 0.69, 0.66, 0.67, 0.71, 0.55, 0.74, 0.71, 0.68, 0.71, 0.76, 0.57, 0.66, 0.74, 0.6, 0.68, 0.57, 0.67, 0.62, 0.7, 0.62, 0.81, 0.74, 0.68, 0.71, 0.8, 0.61, 0.73, 0.71, 0.67, 0.7, 0.62, 0.57, 0.71, 0.55, 0.74, 0.66, 0.6, 0.71, 0.57, 0.74, 0.68, 0.7, 0.71, 0.66, 0.71, 0.69, 0.76, 0.76, 0.72, 0.68, 0.7, 0.68, 0.72, 0.78, 0.69, 0.67, 0.67, 0.71, 0.54, 0.75, 0.7, 0.67, 0.69, 0.77, 0.57, 0.65, 0.73, 0.6]",bz_1,"cluster_5, cluster_5"
bz_1_cluster_5_1mer-bz_1_cluster_5_1mer,seed-1_sample-0,108,0.53,0.6803703703703703,"[0.67, 0.57, 0.68, 0.61, 0.7, 0.62, 0.8, 0.73, 0.67, 0.71, 0.8, 0.61, 0.74, 0.72, 0.67, 0.69, 0.62, 0.58, 0.71, 0.54, 0.75, 0.66, 0.6, 0.71, 0.57, 0.73, 0.66, 0.71, 0.72, 0.67, 0.7, 0.69, 0.76, 0.77, 0.7, 0.69, 0.71, 0.67, 0.7, 0.76, 0.69, 0.66, 0.68, 0.7, 0.53, 0.74, 0.69, 0.67, 0.7, 0.76, 0.57, 0.65, 0.73, 0.6, 0.67, 0.58, 0.68, 0.61, 0.69, 0.62, 0.8, 0.74, 0.67, 0.72, 0.8, 0.61, 0.73, 0.71, 0.67, 0.7, 0.62, 0.57, 0.7, 0.53, 0.74, 0.65, 0.6, 0.69, 0.57, 0.73, 0.67, 0.7, 0.7, 0.66, 0.7, 0.69, 0.76, 0.76, 0.71, 0.69, 0.71, 0.67, 0.72, 0.76, 0.69, 0.67, 0.68, 0.71, 0.54, 0.75, 0.71, 0.66, 0.7, 0.77, 0.57, 0.66, 0.73, 0.6]",bz_1,"cluster_5, cluster_5"
bz_1_cluster_5_1mer-bz_1_cluster_5_1mer,seed-7_sample-0,108,0.54,0.6790740740740739,"[0.67, 0.57, 0.68, 0.61, 0.7, 0.62, 0.79, 0.73, 0.67, 0.71, 0.8, 0.61, 0.73, 0.71, 0.67, 0.69, 0.61, 0.57, 0.71, 0.54, 0.74, 0.65, 0.6, 0.7, 0.57, 0.73, 0.67, 0.71, 0.71, 0.66, 0.7, 0.69, 0.76, 0.77, 0.7, 0.68, 0.71, 0.67, 0.71, 0.75, 0.69, 0.67, 0.67, 0.71, 0.54, 0.74, 0.7, 0.66, 0.7, 0.76, 0.58, 0.65, 0.73, 0.6, 0.67, 0.57, 0.67, 0.61, 0.69, 0.61, 0.8, 0.73, 0.67, 0.71, 0.79, 0.61, 0.73, 0.71, 0.67, 0.7, 0.62, 0.57, 0.71, 0.54, 0.74, 0.65, 0.6, 0.7, 0.58, 0.73, 0.66, 0.7, 0.71, 0.67, 0.7, 0.68, 0.75, 0.76, 0.71, 0.69, 0.71, 0.67, 0.71, 0.76, 0.69, 0.66, 0.68, 0.71, 0.54, 0.74, 0.7, 0.67, 0.7, 0.77, 0.57, 0.65, 0.73, 0.6]",bz_1,"cluster_5, cluster_5"
bz_1_cluster_6_1mer-bz_1_cluster_6_1mer,seed-8_sample-0,92,0.52,0.6452173913043477,"[0.53, 0.58, 0.58, 0.73, 0.69, 0.68, 0.6, 0.72, 0.59, 0.72, 0.55, 0.7, 0.66, 0.72, 0.52, 0.68, 0.67, 0.6, 0.68, 0.54, 0.67, 0.67, 0.54, 0.75, 0.71, 0.67, 0.7, 0.69, 0.68, 0.61, 0.69, 0.68, 0.69, 0.57, 0.66, 0.62, 0.66, 0.61, 0.69, 0.6, 0.62, 0.68, 0.79, 0.58, 0.58, 0.53, 0.53, 0.58, 0.58, 0.73, 0.68, 0.69, 0.59, 0.72, 0.6, 0.72, 0.55, 0.72, 0.67, 0.7, 0.52, 0.68, 0.67, 0.61, 0.68, 0.54, 0.66, 0.67, 0.54, 0.75, 0.7, 0.68, 0.71, 0.69, 0.69, 0.6, 0.69, 0.67, 0.68, 0.57, 0.66, 0.62, 0.66, 0.6, 0.68, 0.61, 0.62, 0.69, 0.79, 0.58, 0.58, 0.53]",bz_1,"cluster_6, cluster_6"
bz_1_cluster_6_1mer-bz_1_cluster_6_1mer,seed-10_sample-0,94,0.51,0.645531914893617,"[0.53, 0.58, 0.58, 0.73, 0.68, 0.68, 0.6, 0.73, 0.6, 0.73, 0.57, 0.71, 0.67, 0.71, 0.52, 0.69, 0.67, 0.6, 0.69, 0.55, 0.67, 0.68, 0.55, 0.75, 0.71, 0.68, 0.7, 0.68, 0.68, 0.61, 0.69, 0.69, 0.69, 0.57, 0.66, 0.62, 0.66, 0.51, 0.61, 0.69, 0.6, 0.62, 0.69, 0.8, 0.59, 0.59, 0.53, 0.53, 0.58, 0.58, 0.73, 0.68, 0.68, 0.6, 0.73, 0.6, 0.73, 0.57, 0.71, 0.67, 0.71, 0.52, 0.69, 0.68, 0.61, 0.69, 0.55, 0.67, 0.67, 0.55, 0.75, 0.7, 0.69, 0.71, 0.69, 0.69, 0.6, 0.68, 0.68, 0.68, 0.57, 0.66, 0.62, 0.66, 0.51, 0.6, 0.69, 0.61, 0.62, 0.69, 0.8, 0.59, 0.59, 0.53]",bz_1,"cluster_6, cluster_6"
bz_1_cluster_6_1mer-bz_1_cluster_6_1mer,seed-9_sample-0,92,0.52,0.6502173913043479,"[0.54, 0.58, 0.58, 0.73, 0.7, 0.69, 0.6, 0.73, 0.59, 0.73, 0.57, 0.72, 0.68, 0.72, 0.53, 0.69, 0.67, 0.61, 0.68, 0.55, 0.68, 0.68, 0.56, 0.75, 0.7, 0.68, 0.7, 0.69, 0.69, 0.61, 0.69, 0.69, 0.7, 0.56, 0.67, 0.61, 0.66, 0.61, 0.69, 0.6, 0.62, 0.7, 0.79, 0.59, 0.58, 0.52, 0.54, 0.58, 0.58, 0.73, 0.69, 0.7, 0.59, 0.73, 0.6, 0.73, 0.57, 0.72, 0.68, 0.72, 0.53, 0.68, 0.68, 0.61, 0.69, 0.56, 0.68, 0.67, 0.55, 0.75, 0.7, 0.69, 0.7, 0.69, 0.7, 0.61, 0.69, 0.68, 0.69, 0.56, 0.66, 0.62, 0.67, 0.6, 0.7, 0.61, 0.61, 0.69, 0.79, 0.58, 0.59, 0.52]",bz_1,"cluster_6, cluster_6"
bz_1_cluster_6_1mer-bz_1_cluster_6_1mer,seed-4_sample-0,94,0.51,0.6470212765957446,"[0.54, 0.59, 0.58, 0.74, 0.69, 0.69, 0.6, 0.73, 0.6, 0.74, 0.58, 0.7, 0.67, 0.71, 0.52, 0.69, 0.68, 0.6, 0.7, 0.55, 0.68, 0.67, 0.55, 0.76, 0.7, 0.69, 0.7, 0.69, 0.69, 0.61, 0.69, 0.69, 0.69, 0.56, 0.66, 0.61, 0.65, 0.51, 0.61, 0.69, 0.6, 0.62, 0.69, 0.8, 0.58, 0.59, 0.53, 0.54, 0.58, 0.59, 0.74, 0.69, 0.69, 0.6, 0.74, 0.6, 0.73, 0.58, 0.71, 0.68, 0.7, 0.52, 0.7, 0.67, 0.61, 0.69, 0.55, 0.67, 0.68, 0.55, 0.76, 0.7, 0.69, 0.7, 0.69, 0.69, 0.6, 0.69, 0.69, 0.69, 0.56, 0.65, 0.62, 0.66, 0.51, 0.6, 0.69, 0.61, 0.61, 0.69, 0.8, 0.59, 0.58, 0.53]",bz_1,"cluster_6, cluster_6"
bz_1_cluster_6_1mer-bz_1_cluster_6_1mer,seed-2_sample-0,92,0.53,0.6519565217391305,"[0.55, 0.59, 0.59, 0.74, 0.69, 0.69, 0.6, 0.73, 0.59, 0.73, 0.57, 0.71, 0.68, 0.71, 0.53, 0.69, 0.68, 0.61, 0.68, 0.55, 0.68, 0.68, 0.55, 0.75, 0.71, 0.69, 0.71, 0.69, 0.68, 0.61, 0.69, 0.69, 0.69, 0.57, 0.67, 0.62, 0.67, 0.61, 0.7, 0.6, 0.62, 0.7, 0.79, 0.59, 0.59, 0.53, 0.55, 0.59, 0.59, 0.74, 0.69, 0.69, 0.59, 0.73, 0.6, 0.73, 0.57, 0.71, 0.68, 0.71, 0.53, 0.68, 0.68, 0.61, 0.69, 0.55, 0.68, 0.68, 0.55, 0.75, 0.71, 0.69, 0.71, 0.69, 0.69, 0.61, 0.69, 0.69, 0.68, 0.57, 0.67, 0.62, 0.67, 0.6, 0.7, 0.61, 0.62, 0.7, 0.79, 0.59, 0.59, 0.53]",bz_1,"cluster_6, cluster_6"
bz_1_cluster_6_1mer-bz_1_cluster_6_1mer,seed-5_sample-0,92,0.52,0.6478260869565217,"[0.53, 0.58, 0.59, 0.74, 0.69, 0.69, 0.6, 0.73, 0.6, 0.72, 0.57, 0.71, 0.67, 0.71, 0.52, 0.68, 0.67, 0.6, 0.69, 0.55, 0.68, 0.67, 0.54, 0.76, 0.7, 0.68, 0.7, 0.69, 0.68, 0.61, 0.69, 0.69, 0.69, 0.57, 0.66, 0.61, 0.66, 0.6, 0.69, 0.6, 0.62, 0.69, 0.79, 0.58, 0.58, 0.53, 0.53, 0.59, 0.58, 0.74, 0.69, 0.69, 0.6, 0.72, 0.6, 0.73, 0.57, 0.71, 0.68, 0.71, 0.52, 0.69, 0.67, 0.61, 0.68, 0.54, 0.67, 0.67, 0.55, 0.76, 0.7, 0.69, 0.7, 0.69, 0.69, 0.6, 0.69, 0.68, 0.68, 0.57, 0.66, 0.62, 0.66, 0.6, 0.69, 0.6, 0.61, 0.69, 0.79, 0.58, 0.58, 0.53]",bz_1,"cluster_6, cluster_6"
bz_1_cluster_6_1mer-bz_1_cluster_6_1mer,seed-6_sample-0,94,0.51,0.6472340425531915,"[0.54, 0.58, 0.58, 0.73, 0.69, 0.69, 0.6, 0.73, 0.59, 0.73, 0.57, 0.71, 0.68, 0.71, 0.53, 0.7, 0.68, 0.61, 0.69, 0.55, 0.68, 0.68, 0.55, 0.75, 0.7, 0.69, 0.7, 0.69, 0.69, 0.61, 0.69, 0.69, 0.69, 0.57, 0.66, 0.62, 0.66, 0.51, 0.6, 0.69, 0.6, 0.62, 0.7, 0.79, 0.58, 0.59, 0.53, 0.54, 0.58, 0.58, 0.73, 0.69, 0.69, 0.59, 0.73, 0.6, 0.73, 0.57, 0.71, 0.68, 0.71, 0.53, 0.69, 0.68, 0.61, 0.7, 0.55, 0.68, 0.68, 0.55, 0.75, 0.7, 0.69, 0.7, 0.69, 0.69, 0.61, 0.69, 0.69, 0.69, 0.57, 0.66, 0.62, 0.66, 0.51, 0.6, 0.7, 0.6, 0.62, 0.69, 0.79, 0.59, 0.58, 0.53]",bz_1,"cluster_6, cluster_6"
bz_1_cluster_6_1mer-bz_1_cluster_6_1mer,seed-3_sample-0,94,0.51,0.6468085106382978,"[0.54, 0.57, 0.57, 0.73, 0.69, 0.69, 0.59, 0.73, 0.59, 0.72, 0.57, 0.72, 0.68, 0.71, 0.52, 0.69, 0.67, 0.61, 0.69, 0.55, 0.68, 0.68, 0.55, 0.76, 0.71, 0.69, 0.71, 0.69, 0.69, 0.61, 0.69, 0.69, 0.69, 0.57, 0.67, 0.62, 0.66, 0.51, 0.6, 0.69, 0.6, 0.62, 0.69, 0.79, 0.59, 0.59, 0.53, 0.54, 0.57, 0.57, 0.73, 0.69, 0.69, 0.59, 0.72, 0.59, 0.73, 0.57, 0.71, 0.68, 0.72, 0.52, 0.69, 0.68, 0.61, 0.69, 0.55, 0.68, 0.67, 0.55, 0.76, 0.71, 0.69, 0.71, 0.69, 0.69, 0.61, 0.69, 0.69, 0.69, 0.57, 0.66, 0.62, 0.67, 0.51, 0.6, 0.69, 0.6, 0.62, 0.69, 0.79, 0.59, 0.59, 0.53]",bz_1,"cluster_6, cluster_6"
bz_1_cluster_6_1mer-bz_1_cluster_6_1mer,seed-1_sample-0,92,0.52,0.6478260869565217,"[0.54, 0.57, 0.58, 0.73, 0.7, 0.69, 0.59, 0.73, 0.6, 0.72, 0.58, 0.71, 0.67, 0.71, 0.52, 0.68, 0.66, 0.61, 0.69, 0.54, 0.68, 0.68, 0.55, 0.75, 0.7, 0.68, 0.7, 0.68, 0.68, 0.61, 0.69, 0.69, 0.69, 0.57, 0.66, 0.61, 0.66, 0.6, 0.69, 0.6, 0.62, 0.69, 0.8, 0.58, 0.59, 0.53, 0.54, 0.58, 0.57, 0.73, 0.69, 0.7, 0.6, 0.72, 0.59, 0.73, 0.58, 0.71, 0.68, 0.71, 0.52, 0.69, 0.68, 0.61, 0.68, 0.55, 0.67, 0.66, 0.54, 0.75, 0.7, 0.69, 0.7, 0.69, 0.69, 0.61, 0.68, 0.68, 0.68, 0.57, 0.66, 0.62, 0.66, 0.6, 0.69, 0.6, 0.61, 0.69, 0.8, 0.59, 0.58, 0.53]",bz_1,"cluster_6, cluster_6"
bz_1_cluster_6_1mer-bz_1_cluster_6_1mer,seed-7_sample-0,94,0.51,0.6470212765957446,"[0.54, 0.58, 0.57, 0.73, 0.7, 0.68, 0.6, 0.73, 0.59, 0.73, 0.57, 0.7, 0.68, 0.71, 0.52, 0.68, 0.68, 0.61, 0.69, 0.55, 0.68, 0.68, 0.55, 0.76, 0.7, 0.69, 0.71, 0.69, 0.69, 0.61, 0.69, 0.69, 0.69, 0.56, 0.67, 0.61, 0.67, 0.51, 0.6, 0.69, 0.61, 0.62, 0.7, 0.8, 0.58, 0.59, 0.53, 0.54, 0.57, 0.58, 0.73, 0.68, 0.7, 0.59, 0.73, 0.6, 0.73, 0.57, 0.71, 0.68, 0.7, 0.52, 0.69, 0.68, 0.61, 0.68, 0.55, 0.68, 0.68, 0.55, 0.76, 0.71, 0.69, 0.7, 0.69, 0.69, 0.61, 0.69, 0.69, 0.69, 0.56, 0.67, 0.62, 0.67, 0.51, 0.61, 0.7, 0.6, 0.61, 0.69, 0.8, 0.59, 0.58, 0.53]",bz_1,"cluster_6, cluster_6"
bz_1_cluster_1_1mer-bz_1_cluster_1_1mer,seed-8_sample-0,96,0.51,0.5797916666666666,"[0.51, 0.57, 0.57, 0.51, 0.55, 0.53, 0.55, 0.58, 0.58, 0.58, 0.62, 0.62, 0.51, 0.51, 0.58, 0.6, 0.58, 0.52, 0.53, 0.65, 0.61, 0.59, 0.54, 0.61, 0.69, 0.56, 0.52, 0.69, 0.59, 0.58, 0.54, 0.59, 0.56, 0.64, 0.52, 0.67, 0.67, 0.63, 0.64, 0.64, 0.65, 0.56, 0.52, 0.58, 0.52, 0.62, 0.54, 0.51, 0.51, 0.57, 0.57, 0.51, 0.55, 0.55, 0.58, 0.58, 0.56, 0.54, 0.58, 0.62, 0.58, 0.53, 0.69, 0.59, 0.59, 0.56, 0.51, 0.62, 0.51, 0.58, 0.6, 0.65, 0.52, 0.61, 0.54, 0.61, 0.69, 0.58, 0.59, 0.52, 0.63, 0.64, 0.58, 0.65, 0.64, 0.67, 0.64, 0.56, 0.53, 0.52, 0.67, 0.52, 0.52, 0.62, 0.54, 0.51]",bz_1,"cluster_1, cluster_1"
bz_1_cluster_1_1mer-bz_1_cluster_1_1mer,seed-10_sample-0,96,0.51,0.5810416666666667,"[0.51, 0.58, 0.57, 0.52, 0.55, 0.53, 0.55, 0.59, 0.6, 0.58, 0.62, 0.62, 0.51, 0.52, 0.56, 0.62, 0.57, 0.52, 0.53, 0.66, 0.61, 0.59, 0.54, 0.61, 0.69, 0.56, 0.52, 0.69, 0.59, 0.58, 0.51, 0.59, 0.57, 0.64, 0.52, 0.67, 0.68, 0.63, 0.65, 0.63, 0.65, 0.56, 0.53, 0.58, 0.51, 0.63, 0.54, 0.51, 0.51, 0.58, 0.57, 0.52, 0.55, 0.55, 0.59, 0.58, 0.57, 0.51, 0.6, 0.62, 0.58, 0.53, 0.69, 0.59, 0.59, 0.56, 0.51, 0.62, 0.52, 0.56, 0.62, 0.66, 0.52, 0.61, 0.54, 0.61, 0.69, 0.57, 0.59, 0.52, 0.63, 0.63, 0.58, 0.65, 0.64, 0.67, 0.65, 0.56, 0.53, 0.52, 0.68, 0.53, 0.51, 0.63, 0.54, 0.51]",bz_1,"cluster_1, cluster_1"
bz_1_cluster_1_1mer-bz_1_cluster_1_1mer,seed-9_sample-0,92,0.51,0.5865217391304347,"[0.51, 0.56, 0.58, 0.52, 0.55, 0.54, 0.55, 0.57, 0.58, 0.57, 0.63, 0.63, 0.51, 0.57, 0.62, 0.58, 0.53, 0.53, 0.66, 0.62, 0.6, 0.55, 0.61, 0.69, 0.58, 0.53, 0.7, 0.59, 0.58, 0.52, 0.6, 0.57, 0.65, 0.53, 0.69, 0.68, 0.63, 0.65, 0.64, 0.65, 0.56, 0.51, 0.59, 0.51, 0.62, 0.54, 0.51, 0.56, 0.58, 0.52, 0.55, 0.55, 0.57, 0.58, 0.57, 0.52, 0.58, 0.63, 0.57, 0.53, 0.69, 0.59, 0.6, 0.58, 0.51, 0.63, 0.57, 0.62, 0.66, 0.53, 0.62, 0.55, 0.61, 0.7, 0.58, 0.6, 0.53, 0.63, 0.64, 0.59, 0.65, 0.65, 0.69, 0.65, 0.56, 0.54, 0.53, 0.68, 0.51, 0.51, 0.62, 0.54]",bz_1,"cluster_1, cluster_1"
bz_1_cluster_1_1mer-bz_1_cluster_1_1mer,seed-4_sample-0,98,0.51,0.5808163265306122,"[0.52, 0.51, 0.57, 0.57, 0.51, 0.56, 0.54, 0.55, 0.58, 0.57, 0.58, 0.62, 0.64, 0.52, 0.51, 0.56, 0.61, 0.57, 0.54, 0.54, 0.65, 0.62, 0.59, 0.54, 0.6, 0.69, 0.57, 0.53, 0.7, 0.59, 0.58, 0.52, 0.6, 0.57, 0.65, 0.52, 0.69, 0.67, 0.63, 0.65, 0.64, 0.65, 0.56, 0.51, 0.59, 0.51, 0.62, 0.54, 0.51, 0.52, 0.51, 0.57, 0.57, 0.51, 0.56, 0.55, 0.58, 0.58, 0.57, 0.52, 0.57, 0.62, 0.58, 0.54, 0.69, 0.59, 0.6, 0.57, 0.52, 0.64, 0.51, 0.56, 0.61, 0.65, 0.53, 0.62, 0.54, 0.6, 0.7, 0.57, 0.59, 0.54, 0.63, 0.64, 0.59, 0.65, 0.65, 0.69, 0.65, 0.56, 0.54, 0.52, 0.67, 0.51, 0.51, 0.62, 0.54, 0.51]",bz_1,"cluster_1, cluster_1"
bz_1_cluster_1_1mer-bz_1_cluster_1_1mer,seed-2_sample-0,96,0.51,0.5822916666666667,"[0.52, 0.57, 0.57, 0.51, 0.55, 0.53, 0.55, 0.58, 0.58, 0.57, 0.61, 0.63, 0.52, 0.52, 0.58, 0.61, 0.58, 0.53, 0.54, 0.64, 0.61, 0.6, 0.54, 0.61, 0.68, 0.57, 0.52, 0.7, 0.59, 0.57, 0.53, 0.6, 0.57, 0.64, 0.53, 0.68, 0.67, 0.64, 0.65, 0.63, 0.65, 0.57, 0.53, 0.58, 0.52, 0.63, 0.54, 0.51, 0.52, 0.57, 0.57, 0.51, 0.55, 0.55, 0.58, 0.57, 0.57, 0.53, 0.58, 0.61, 0.57, 0.54, 0.68, 0.59, 0.6, 0.57, 0.52, 0.63, 0.52, 0.58, 0.61, 0.64, 0.52, 0.61, 0.54, 0.61, 0.7, 0.58, 0.6, 0.53, 0.64, 0.63, 0.58, 0.65, 0.64, 0.68, 0.65, 0.57, 0.53, 0.53, 0.67, 0.53, 0.52, 0.63, 0.54, 0.51]",bz_1,"cluster_1, cluster_1"
bz_1_cluster_1_1mer-bz_1_cluster_1_1mer,seed-5_sample-0,98,0.51,0.5793877551020408,"[0.52, 0.58, 0.57, 0.51, 0.55, 0.53, 0.54, 0.58, 0.59, 0.58, 0.62, 0.62, 0.52, 0.52, 0.56, 0.61, 0.58, 0.52, 0.53, 0.66, 0.61, 0.59, 0.52, 0.61, 0.68, 0.57, 0.53, 0.7, 0.59, 0.58, 0.51, 0.6, 0.57, 0.65, 0.52, 0.69, 0.67, 0.62, 0.65, 0.63, 0.65, 0.56, 0.51, 0.59, 0.51, 0.52, 0.62, 0.54, 0.51, 0.52, 0.58, 0.57, 0.51, 0.55, 0.54, 0.58, 0.58, 0.57, 0.51, 0.59, 0.62, 0.58, 0.53, 0.68, 0.59, 0.6, 0.57, 0.52, 0.62, 0.52, 0.56, 0.61, 0.66, 0.53, 0.61, 0.52, 0.61, 0.7, 0.58, 0.59, 0.52, 0.62, 0.63, 0.59, 0.65, 0.65, 0.69, 0.65, 0.56, 0.53, 0.52, 0.67, 0.51, 0.51, 0.52, 0.62, 0.54, 0.51]",bz_1,"cluster_1, cluster_1"
bz_1_cluster_1_1mer-bz_1_cluster_1_1mer,seed-6_sample-0,94,0.51,0.5840425531914893,"[0.52, 0.57, 0.58, 0.51, 0.55, 0.53, 0.54, 0.59, 0.6, 0.6, 0.63, 0.63, 0.51, 0.52, 0.56, 0.62, 0.58, 0.52, 0.53, 0.65, 0.62, 0.6, 0.54, 0.61, 0.69, 0.58, 0.52, 0.71, 0.59, 0.59, 0.52, 0.6, 0.57, 0.65, 0.52, 0.68, 0.66, 0.62, 0.64, 0.63, 0.64, 0.56, 0.58, 0.52, 0.62, 0.54, 0.51, 0.52, 0.57, 0.58, 0.51, 0.55, 0.54, 0.59, 0.59, 0.57, 0.52, 0.6, 0.63, 0.6, 0.53, 0.69, 0.59, 0.6, 0.58, 0.51, 0.63, 0.52, 0.56, 0.62, 0.65, 0.52, 0.62, 0.54, 0.61, 0.71, 0.58, 0.6, 0.52, 0.62, 0.63, 0.58, 0.64, 0.65, 0.68, 0.64, 0.56, 0.53, 0.52, 0.66, 0.52, 0.62, 0.54, 0.51]",bz_1,"cluster_1, cluster_1"
bz_1_cluster_1_1mer-bz_1_cluster_1_1mer,seed-3_sample-0,98,0.51,0.5814285714285713,"[0.52, 0.57, 0.58, 0.52, 0.55, 0.53, 0.56, 0.58, 0.59, 0.58, 0.62, 0.63, 0.52, 0.51, 0.56, 0.61, 0.59, 0.53, 0.53, 0.66, 0.62, 0.59, 0.54, 0.61, 0.69, 0.58, 0.53, 0.69, 0.59, 0.58, 0.52, 0.6, 0.56, 0.64, 0.53, 0.68, 0.66, 0.64, 0.64, 0.64, 0.65, 0.55, 0.52, 0.59, 0.51, 0.52, 0.63, 0.54, 0.51, 0.52, 0.57, 0.58, 0.52, 0.55, 0.56, 0.58, 0.58, 0.56, 0.52, 0.59, 0.62, 0.58, 0.53, 0.69, 0.59, 0.6, 0.58, 0.52, 0.63, 0.51, 0.56, 0.61, 0.66, 0.53, 0.62, 0.54, 0.61, 0.69, 0.59, 0.59, 0.53, 0.64, 0.64, 0.59, 0.65, 0.64, 0.68, 0.64, 0.55, 0.53, 0.53, 0.66, 0.51, 0.52, 0.52, 0.63, 0.54, 0.51]",bz_1,"cluster_1, cluster_1"
bz_1_cluster_1_1mer-bz_1_cluster_1_1mer,seed-1_sample-0,98,0.51,0.5804081632653061,"[0.52, 0.51, 0.57, 0.57, 0.51, 0.56, 0.53, 0.55, 0.58, 0.58, 0.59, 0.63, 0.62, 0.51, 0.51, 0.55, 0.61, 0.58, 0.53, 0.53, 0.66, 0.62, 0.59, 0.53, 0.61, 0.68, 0.57, 0.52, 0.7, 0.6, 0.58, 0.52, 0.6, 0.57, 0.64, 0.52, 0.68, 0.66, 0.64, 0.65, 0.64, 0.65, 0.56, 0.51, 0.6, 0.52, 0.63, 0.54, 0.51, 0.52, 0.51, 0.57, 0.57, 0.51, 0.56, 0.55, 0.58, 0.58, 0.57, 0.52, 0.58, 0.63, 0.59, 0.53, 0.68, 0.6, 0.6, 0.57, 0.51, 0.62, 0.51, 0.55, 0.61, 0.66, 0.52, 0.62, 0.53, 0.61, 0.7, 0.58, 0.59, 0.53, 0.64, 0.64, 0.6, 0.65, 0.64, 0.68, 0.65, 0.56, 0.53, 0.52, 0.66, 0.51, 0.52, 0.63, 0.54, 0.51]",bz_1,"cluster_1, cluster_1"
bz_1_cluster_1_1mer-bz_1_cluster_1_1mer,seed-7_sample-0,96,0.51,0.5833333333333334,"[0.52, 0.51, 0.57, 0.57, 0.51, 0.55, 0.53, 0.55, 0.59, 0.58, 0.58, 0.63, 0.64, 0.52, 0.51, 0.57, 0.62, 0.58, 0.54, 0.54, 0.64, 0.62, 0.6, 0.55, 0.61, 0.69, 0.56, 0.52, 0.7, 0.59, 0.58, 0.52, 0.6, 0.57, 0.65, 0.53, 0.67, 0.67, 0.64, 0.64, 0.65, 0.65, 0.56, 0.59, 0.52, 0.62, 0.54, 0.51, 0.52, 0.51, 0.57, 0.57, 0.51, 0.55, 0.55, 0.59, 0.58, 0.57, 0.52, 0.58, 0.63, 0.58, 0.54, 0.69, 0.59, 0.6, 0.56, 0.52, 0.64, 0.51, 0.57, 0.62, 0.64, 0.52, 0.62, 0.55, 0.61, 0.7, 0.58, 0.6, 0.54, 0.64, 0.65, 0.59, 0.65, 0.65, 0.67, 0.64, 0.56, 0.53, 0.53, 0.67, 0.52, 0.62, 0.54, 0.51]",bz_1,"cluster_1, cluster_1"
bz_1_cluster_3_1mer-bz_1_cluster_3_1mer,seed-8_sample-0,0,,,,bz_1,"cluster_3, cluster_3"
bz_1_cluster_3_1mer-bz_1_cluster_3_1mer,seed-10_sample-0,0,,,,bz_1,"cluster_3, cluster_3"
bz_1_cluster_3_1mer-bz_1_cluster_3_1mer,seed-9_sample-0,0,,,,bz_1,"cluster_3, cluster_3"
bz_1_cluster_3_1mer-bz_1_cluster_3_1mer,seed-4_sample-0,0,,,,bz_1,"cluster_3, cluster_3"
bz_1_cluster_3_1mer-bz_1_cluster_3_1mer,seed-2_sample-0,0,,,,bz_1,"cluster_3, cluster_3"
bz_1_cluster_3_1mer-bz_1_cluster_3_1mer,seed-5_sample-0,0,,,,bz_1,"cluster_3, cluster_3"
bz_1_cluster_3_1mer-bz_1_cluster_3_1mer,seed-6_sample-0,0,,,,bz_1,"cluster_3, cluster_3"
bz_1_cluster_3_1mer-bz_1_cluster_3_1mer,seed-3_sample-0,0,,,,bz_1,"cluster_3, cluster_3"
bz_1_cluster_3_1mer-bz_1_cluster_3_1mer,seed-1_sample-0,0,,,,bz_1,"cluster_3, cluster_3"
bz_1_cluster_3_1mer-bz_1_cluster_3_1mer,seed-7_sample-0,0,,,,bz_1,"cluster_3, cluster_3"
bz_1_cluster_2_1mer-bz_1_cluster_2_1mer,seed-8_sample-0,20,0.57,0.6249999999999999,"[0.57, 0.61, 0.77, 0.59, 0.67, 0.59, 0.58, 0.59, 0.61, 0.67, 0.59, 0.61, 0.77, 0.58, 0.67, 0.57, 0.59, 0.59, 0.61, 0.67]",bz_1,"cluster_2, cluster_2"
bz_1_cluster_2_1mer-bz_1_cluster_2_1mer,seed-10_sample-0,20,0.58,0.622,"[0.58, 0.6, 0.77, 0.58, 0.67, 0.58, 0.58, 0.58, 0.61, 0.67, 0.58, 0.61, 0.77, 0.58, 0.67, 0.58, 0.58, 0.58, 0.6, 0.67]",bz_1,"cluster_2, cluster_2"
bz_1_cluster_2_1mer-bz_1_cluster_2_1mer,seed-9_sample-0,20,0.58,0.628,"[0.59, 0.61, 0.78, 0.58, 0.67, 0.58, 0.58, 0.6, 0.62, 0.67, 0.58, 0.62, 0.78, 0.58, 0.67, 0.59, 0.58, 0.6, 0.61, 0.67]",bz_1,"cluster_2, cluster_2"
bz_1_cluster_2_1mer-bz_1_cluster_2_1mer,seed-4_sample-0,20,0.57,0.6239999999999999,"[0.57, 0.6, 0.78, 0.59, 0.68, 0.58, 0.58, 0.59, 0.6, 0.67, 0.58, 0.6, 0.78, 0.58, 0.67, 0.57, 0.59, 0.59, 0.6, 0.68]",bz_1,"cluster_2, cluster_2"
bz_1_cluster_2_1mer-bz_1_cluster_2_1mer,seed-2_sample-0,20,0.58,0.627,"[0.58, 0.61, 0.78, 0.59, 0.67, 0.59, 0.58, 0.59, 0.61, 0.67, 0.59, 0.61, 0.78, 0.58, 0.67, 0.58, 0.59, 0.59, 0.61, 0.67]",bz_1,"cluster_2, cluster_2"
bz_1_cluster_2_1mer-bz_1_cluster_2_1mer,seed-5_sample-0,20,0.57,0.625,"[0.57, 0.61, 0.78, 0.58, 0.67, 0.58, 0.58, 0.59, 0.61, 0.68, 0.58, 0.61, 0.78, 0.58, 0.68, 0.57, 0.58, 0.59, 0.61, 0.67]",bz_1,"cluster_2, cluster_2"
bz_1_cluster_2_1mer-bz_1_cluster_2_1mer,seed-6_sample-0,20,0.57,0.626,"[0.57, 0.61, 0.78, 0.59, 0.68, 0.58, 0.58, 0.59, 0.61, 0.67, 0.58, 0.61, 0.78, 0.58, 0.67, 0.57, 0.59, 0.59, 0.61, 0.68]",bz_1,"cluster_2, cluster_2"
bz_1_cluster_2_1mer-bz_1_cluster_2_1mer,seed-3_sample-0,20,0.58,0.63,"[0.59, 0.61, 0.78, 0.58, 0.68, 0.6, 0.58, 0.59, 0.61, 0.68, 0.6, 0.61, 0.78, 0.58, 0.68, 0.59, 0.58, 0.59, 0.61, 0.68]",bz_1,"cluster_2, cluster_2"
bz_1_cluster_2_1mer-bz_1_cluster_2_1mer,seed-1_sample-0,20,0.57,0.6239999999999999,"[0.57, 0.61, 0.78, 0.58, 0.67, 0.59, 0.58, 0.59, 0.61, 0.66, 0.59, 0.61, 0.78, 0.58, 0.66, 0.57, 0.58, 0.59, 0.61, 0.67]",bz_1,"cluster_2, cluster_2"
bz_1_cluster_2_1mer-bz_1_cluster_2_1mer,seed-7_sample-0,20,0.57,0.6249999999999999,"[0.57, 0.61, 0.78, 0.59, 0.67, 0.59, 0.58, 0.59, 0.61, 0.66, 0.59, 0.61, 0.78, 0.58, 0.66, 0.57, 0.59, 0.59, 0.61, 0.67]",bz_1,"cluster_2, cluster_2"
bz_10_cluster_2_1mer-bz_10_cluster_3_1mer,seed-8_sample-0,0,,,,bz_10,"cluster_2, cluster_3"
bz_10_cluster_2_1mer-bz_10_cluster_3_1mer,seed-10_sample-0,0,,,,bz_10,"cluster_2, cluster_3"
bz_10_cluster_2_1mer-bz_10_cluster_3_1mer,seed-9_sample-0,0,,,,bz_10,"cluster_2, cluster_3"
bz_10_cluster_2_1mer-bz_10_cluster_3_1mer,seed-4_sample-0,0,,,,bz_10,"cluster_2, cluster_3"
bz_10_cluster_2_1mer-bz_10_cluster_3_1mer,seed-2_sample-0,0,,,,bz_10,"cluster_2, cluster_3"
bz_10_cluster_2_1mer-bz_10_cluster_3_1mer,seed-5_sample-0,0,,,,bz_10,"cluster_2, cluster_3"
bz_10_cluster_2_1mer-bz_10_cluster_3_1mer,seed-6_sample-0,0,,,,bz_10,"cluster_2, cluster_3"
bz_10_cluster_2_1mer-bz_10_cluster_3_1mer,seed-3_sample-0,0,,,,bz_10,"cluster_2, cluster_3"
bz_10_cluster_2_1mer-bz_10_cluster_3_1mer,seed-1_sample-0,0,,,,bz_10,"cluster_2, cluster_3"
bz_10_cluster_2_1mer-bz_10_cluster_3_1mer,seed-7_sample-0,0,,,,bz_10,"cluster_2, cluster_3"
bz_10_cluster_2_1mer-bz_10_cluster_1_1mer,seed-8_sample-0,0,,,,bz_10,"cluster_1, cluster_2"
bz_10_cluster_2_1mer-bz_10_cluster_1_1mer,seed-10_sample-0,0,,,,bz_10,"cluster_1, cluster_2"
bz_10_cluster_2_1mer-bz_10_cluster_1_1mer,seed-9_sample-0,0,,,,bz_10,"cluster_1, cluster_2"
bz_10_cluster_2_1mer-bz_10_cluster_1_1mer,seed-4_sample-0,0,,,,bz_10,"cluster_1, cluster_2"
bz_10_cluster_2_1mer-bz_10_cluster_1_1mer,seed-2_sample-0,0,,,,bz_10,"cluster_1, cluster_2"
bz_10_cluster_2_1mer-bz_10_cluster_1_1mer,seed-5_sample-0,0,,,,bz_10,"cluster_1, cluster_2"
bz_10_cluster_2_1mer-bz_10_cluster_1_1mer,seed-6_sample-0,0,,,,bz_10,"cluster_1, cluster_2"
bz_10_cluster_2_1mer-bz_10_cluster_1_1mer,seed-3_sample-0,0,,,,bz_10,"cluster_1, cluster_2"
bz_10_cluster_2_1mer-bz_10_cluster_1_1mer,seed-1_sample-0,0,,,,bz_10,"cluster_1, cluster_2"
bz_10_cluster_2_1mer-bz_10_cluster_1_1mer,seed-7_sample-0,0,,,,bz_10,"cluster_1, cluster_2"
bz_10_cluster_2_1mer-bz_10_cluster_6_1mer,seed-8_sample-0,44,0.54,0.6045454545454545,"[0.54, 0.55, 0.61, 0.58, 0.63, 0.63, 0.66, 0.64, 0.56, 0.68, 0.65, 0.64, 0.56, 0.66, 0.58, 0.54, 0.61, 0.61, 0.6, 0.59, 0.6, 0.58, 0.54, 0.55, 0.63, 0.61, 0.58, 0.63, 0.64, 0.66, 0.56, 0.64, 0.68, 0.65, 0.56, 0.58, 0.66, 0.54, 0.6, 0.61, 0.61, 0.59, 0.58, 0.6]",bz_10,"cluster_2, cluster_6"
bz_10_cluster_2_1mer-bz_10_cluster_6_1mer,seed-10_sample-0,52,0.51,0.6373076923076924,"[0.59, 0.62, 0.64, 0.62, 0.69, 0.67, 0.7, 0.52, 0.69, 0.62, 0.71, 0.71, 0.51, 0.52, 0.69, 0.63, 0.71, 0.65, 0.59, 0.66, 0.66, 0.66, 0.66, 0.64, 0.64, 0.57, 0.59, 0.62, 0.69, 0.64, 0.62, 0.67, 0.69, 0.7, 0.62, 0.69, 0.71, 0.52, 0.71, 0.52, 0.63, 0.65, 0.71, 0.59, 0.66, 0.51, 0.66, 0.66, 0.66, 0.64, 0.64, 0.57]",bz_10,"cluster_2, cluster_6"
bz_10_cluster_2_1mer-bz_10_cluster_6_1mer,seed-9_sample-0,52,0.51,0.6365384615384614,"[0.59, 0.62, 0.65, 0.61, 0.69, 0.68, 0.7, 0.52, 0.69, 0.61, 0.72, 0.71, 0.51, 0.52, 0.69, 0.63, 0.71, 0.65, 0.59, 0.66, 0.65, 0.66, 0.66, 0.64, 0.64, 0.55, 0.59, 0.62, 0.69, 0.65, 0.61, 0.68, 0.69, 0.7, 0.61, 0.69, 0.72, 0.52, 0.71, 0.52, 0.63, 0.65, 0.71, 0.59, 0.66, 0.51, 0.66, 0.65, 0.66, 0.64, 0.64, 0.55]",bz_10,"cluster_2, cluster_6"
bz_10_cluster_2_1mer-bz_10_cluster_6_1mer,seed-4_sample-0,54,0.52,0.6592592592592593,"[0.61, 0.64, 0.68, 0.65, 0.71, 0.71, 0.72, 0.53, 0.73, 0.64, 0.74, 0.73, 0.52, 0.54, 0.73, 0.66, 0.73, 0.69, 0.62, 0.7, 0.7, 0.68, 0.68, 0.67, 0.68, 0.53, 0.58, 0.61, 0.64, 0.71, 0.68, 0.65, 0.71, 0.73, 0.72, 0.64, 0.73, 0.74, 0.53, 0.73, 0.54, 0.66, 0.69, 0.73, 0.62, 0.68, 0.52, 0.7, 0.7, 0.68, 0.68, 0.67, 0.53, 0.58]",bz_10,"cluster_2, cluster_6"
bz_10_cluster_2_1mer-bz_10_cluster_6_1mer,seed-2_sample-0,54,0.51,0.66,"[0.6, 0.62, 0.7, 0.63, 0.7, 0.7, 0.73, 0.56, 0.71, 0.61, 0.74, 0.74, 0.54, 0.52, 0.72, 0.69, 0.75, 0.7, 0.61, 0.7, 0.7, 0.69, 0.72, 0.69, 0.68, 0.51, 0.56, 0.6, 0.62, 0.7, 0.7, 0.63, 0.7, 0.71, 0.73, 0.61, 0.72, 0.74, 0.56, 0.74, 0.52, 0.69, 0.7, 0.75, 0.61, 0.69, 0.54, 0.7, 0.7, 0.72, 0.68, 0.69, 0.51, 0.56]",bz_10,"cluster_2, cluster_6"
bz_10_cluster_2_1mer-bz_10_cluster_6_1mer,seed-5_sample-0,52,0.51,0.6407692307692308,"[0.6, 0.62, 0.65, 0.63, 0.69, 0.67, 0.71, 0.52, 0.69, 0.61, 0.72, 0.72, 0.51, 0.52, 0.69, 0.63, 0.71, 0.66, 0.6, 0.66, 0.66, 0.67, 0.66, 0.65, 0.65, 0.56, 0.6, 0.62, 0.69, 0.65, 0.63, 0.67, 0.69, 0.71, 0.61, 0.69, 0.72, 0.52, 0.72, 0.52, 0.63, 0.66, 0.71, 0.6, 0.67, 0.51, 0.66, 0.66, 0.66, 0.65, 0.65, 0.56]",bz_10,"cluster_2, cluster_6"
bz_10_cluster_2_1mer-bz_10_cluster_6_1mer,seed-6_sample-0,44,0.55,0.6250000000000001,"[0.56, 0.59, 0.62, 0.6, 0.66, 0.64, 0.67, 0.66, 0.58, 0.7, 0.68, 0.66, 0.59, 0.68, 0.61, 0.55, 0.62, 0.62, 0.62, 0.62, 0.62, 0.6, 0.56, 0.59, 0.66, 0.62, 0.6, 0.64, 0.66, 0.67, 0.58, 0.66, 0.7, 0.68, 0.59, 0.61, 0.68, 0.55, 0.62, 0.62, 0.62, 0.62, 0.6, 0.62]",bz_10,"cluster_2, cluster_6"
bz_10_cluster_2_1mer-bz_10_cluster_6_1mer,seed-3_sample-0,52,0.51,0.6353846153846153,"[0.59, 0.6, 0.65, 0.62, 0.69, 0.67, 0.7, 0.52, 0.69, 0.61, 0.72, 0.71, 0.51, 0.51, 0.69, 0.63, 0.7, 0.65, 0.59, 0.66, 0.66, 0.66, 0.66, 0.65, 0.64, 0.54, 0.59, 0.6, 0.69, 0.65, 0.62, 0.67, 0.69, 0.7, 0.61, 0.69, 0.72, 0.52, 0.71, 0.51, 0.63, 0.65, 0.7, 0.59, 0.66, 0.51, 0.66, 0.66, 0.66, 0.64, 0.65, 0.54]",bz_10,"cluster_2, cluster_6"
bz_10_cluster_2_1mer-bz_10_cluster_6_1mer,seed-1_sample-0,52,0.51,0.6388461538461538,"[0.6, 0.62, 0.65, 0.62, 0.69, 0.67, 0.7, 0.52, 0.7, 0.61, 0.73, 0.71, 0.52, 0.51, 0.7, 0.63, 0.71, 0.65, 0.59, 0.66, 0.65, 0.66, 0.66, 0.65, 0.65, 0.55, 0.6, 0.62, 0.69, 0.65, 0.62, 0.67, 0.7, 0.7, 0.61, 0.7, 0.73, 0.52, 0.71, 0.51, 0.63, 0.65, 0.71, 0.59, 0.66, 0.52, 0.66, 0.65, 0.66, 0.65, 0.65, 0.55]",bz_10,"cluster_2, cluster_6"
bz_10_cluster_2_1mer-bz_10_cluster_6_1mer,seed-7_sample-0,52,0.51,0.6307692307692307,"[0.59, 0.62, 0.65, 0.61, 0.68, 0.66, 0.69, 0.51, 0.69, 0.6, 0.72, 0.69, 0.51, 0.52, 0.69, 0.62, 0.7, 0.64, 0.58, 0.65, 0.65, 0.65, 0.65, 0.64, 0.64, 0.55, 0.59, 0.62, 0.68, 0.65, 0.61, 0.66, 0.69, 0.69, 0.6, 0.69, 0.72, 0.51, 0.69, 0.52, 0.62, 0.64, 0.7, 0.58, 0.65, 0.51, 0.65, 0.65, 0.65, 0.64, 0.64, 0.55]",bz_10,"cluster_2, cluster_6"
bz_10_cluster_2_1mer-bz_10_cluster_0_1mer,seed-8_sample-0,0,,,,bz_10,"cluster_0, cluster_2"
bz_10_cluster_2_1mer-bz_10_cluster_0_1mer,seed-10_sample-0,0,,,,bz_10,"cluster_0, cluster_2"
bz_10_cluster_2_1mer-bz_10_cluster_0_1mer,seed-9_sample-0,0,,,,bz_10,"cluster_0, cluster_2"
bz_10_cluster_2_1mer-bz_10_cluster_0_1mer,seed-4_sample-0,0,,,,bz_10,"cluster_0, cluster_2"
bz_10_cluster_2_1mer-bz_10_cluster_0_1mer,seed-2_sample-0,0,,,,bz_10,"cluster_0, cluster_2"
bz_10_cluster_2_1mer-bz_10_cluster_0_1mer,seed-5_sample-0,0,,,,bz_10,"cluster_0, cluster_2"
bz_10_cluster_2_1mer-bz_10_cluster_0_1mer,seed-6_sample-0,0,,,,bz_10,"cluster_0, cluster_2"
bz_10_cluster_2_1mer-bz_10_cluster_0_1mer,seed-3_sample-0,0,,,,bz_10,"cluster_0, cluster_2"
bz_10_cluster_2_1mer-bz_10_cluster_0_1mer,seed-1_sample-0,0,,,,bz_10,"cluster_0, cluster_2"
bz_10_cluster_2_1mer-bz_10_cluster_0_1mer,seed-7_sample-0,0,,,,bz_10,"cluster_0, cluster_2"
bz_10_cluster_2_1mer-bz_10_cluster_7_1mer,seed-8_sample-0,0,,,,bz_10,"cluster_2, cluster_7"
bz_10_cluster_2_1mer-bz_10_cluster_7_1mer,seed-10_sample-0,0,,,,bz_10,"cluster_2, cluster_7"
bz_10_cluster_2_1mer-bz_10_cluster_7_1mer,seed-9_sample-0,0,,,,bz_10,"cluster_2, cluster_7"
bz_10_cluster_2_1mer-bz_10_cluster_7_1mer,seed-4_sample-0,0,,,,bz_10,"cluster_2, cluster_7"
bz_10_cluster_2_1mer-bz_10_cluster_7_1mer,seed-2_sample-0,0,,,,bz_10,"cluster_2, cluster_7"
bz_10_cluster_2_1mer-bz_10_cluster_7_1mer,seed-5_sample-0,0,,,,bz_10,"cluster_2, cluster_7"
bz_10_cluster_2_1mer-bz_10_cluster_7_1mer,seed-6_sample-0,0,,,,bz_10,"cluster_2, cluster_7"
bz_10_cluster_2_1mer-bz_10_cluster_7_1mer,seed-3_sample-0,0,,,,bz_10,"cluster_2, cluster_7"
bz_10_cluster_2_1mer-bz_10_cluster_7_1mer,seed-1_sample-0,0,,,,bz_10,"cluster_2, cluster_7"
bz_10_cluster_2_1mer-bz_10_cluster_7_1mer,seed-7_sample-0,0,,,,bz_10,"cluster_2, cluster_7"
bz_10_cluster_2_1mer-bz_10_cluster_8_1mer,seed-8_sample-0,0,,,,bz_10,"cluster_2, cluster_8"
bz_10_cluster_2_1mer-bz_10_cluster_8_1mer,seed-10_sample-0,0,,,,bz_10,"cluster_2, cluster_8"
bz_10_cluster_2_1mer-bz_10_cluster_8_1mer,seed-9_sample-0,0,,,,bz_10,"cluster_2, cluster_8"
bz_10_cluster_2_1mer-bz_10_cluster_8_1mer,seed-4_sample-0,0,,,,bz_10,"cluster_2, cluster_8"
bz_10_cluster_2_1mer-bz_10_cluster_8_1mer,seed-2_sample-0,0,,,,bz_10,"cluster_2, cluster_8"
bz_10_cluster_2_1mer-bz_10_cluster_8_1mer,seed-5_sample-0,0,,,,bz_10,"cluster_2, cluster_8"
bz_10_cluster_2_1mer-bz_10_cluster_8_1mer,seed-6_sample-0,0,,,,bz_10,"cluster_2, cluster_8"
bz_10_cluster_2_1mer-bz_10_cluster_8_1mer,seed-3_sample-0,0,,,,bz_10,"cluster_2, cluster_8"
bz_10_cluster_2_1mer-bz_10_cluster_8_1mer,seed-1_sample-0,0,,,,bz_10,"cluster_2, cluster_8"
bz_10_cluster_2_1mer-bz_10_cluster_8_1mer,seed-7_sample-0,0,,,,bz_10,"cluster_2, cluster_8"
bz_10_cluster_3_1mer-bz_10_cluster_1_1mer,seed-8_sample-0,62,0.51,0.7174193548387096,"[0.83, 0.67, 0.8, 0.69, 0.83, 0.74, 0.65, 0.66, 0.81, 0.81, 0.76, 0.62, 0.55, 0.55, 0.51, 0.62, 0.69, 0.84, 0.78, 0.59, 0.84, 0.84, 0.52, 0.77, 0.72, 0.75, 0.65, 0.84, 0.79, 0.79, 0.73, 0.65, 0.66, 0.81, 0.62, 0.81, 0.83, 0.76, 0.69, 0.84, 0.74, 0.84, 0.65, 0.79, 0.8, 0.84, 0.84, 0.75, 0.79, 0.73, 0.83, 0.67, 0.78, 0.52, 0.77, 0.62, 0.69, 0.59, 0.72, 0.55, 0.55, 0.51]",bz_10,"cluster_1, cluster_3"
bz_10_cluster_3_1mer-bz_10_cluster_1_1mer,seed-10_sample-0,62,0.51,0.6925806451612901,"[0.81, 0.66, 0.77, 0.67, 0.8, 0.71, 0.62, 0.63, 0.78, 0.78, 0.75, 0.6, 0.55, 0.52, 0.51, 0.56, 0.64, 0.82, 0.75, 0.51, 0.82, 0.83, 0.57, 0.75, 0.66, 0.72, 0.63, 0.82, 0.76, 0.76, 0.71, 0.62, 0.63, 0.78, 0.6, 0.78, 0.8, 0.75, 0.67, 0.82, 0.71, 0.82, 0.63, 0.76, 0.77, 0.82, 0.83, 0.72, 0.76, 0.71, 0.81, 0.66, 0.75, 0.57, 0.75, 0.56, 0.64, 0.51, 0.66, 0.55, 0.52, 0.51]",bz_10,"cluster_1, cluster_3"
bz_10_cluster_3_1mer-bz_10_cluster_1_1mer,seed-9_sample-0,58,0.53,0.7251724137931035,"[0.83, 0.68, 0.78, 0.69, 0.82, 0.73, 0.64, 0.65, 0.8, 0.8, 0.76, 0.61, 0.53, 0.61, 0.69, 0.83, 0.78, 0.55, 0.83, 0.83, 0.6, 0.79, 0.7, 0.74, 0.63, 0.84, 0.78, 0.77, 0.74, 0.64, 0.65, 0.8, 0.61, 0.8, 0.82, 0.76, 0.69, 0.84, 0.73, 0.83, 0.63, 0.78, 0.78, 0.83, 0.83, 0.74, 0.77, 0.74, 0.83, 0.68, 0.78, 0.6, 0.79, 0.61, 0.69, 0.55, 0.7, 0.53]",bz_10,"cluster_1, cluster_3"
bz_10_cluster_3_1mer-bz_10_cluster_1_1mer,seed-4_sample-0,60,0.51,0.695,"[0.81, 0.65, 0.77, 0.66, 0.8, 0.71, 0.62, 0.63, 0.77, 0.77, 0.75, 0.59, 0.55, 0.51, 0.57, 0.64, 0.82, 0.75, 0.52, 0.81, 0.82, 0.57, 0.75, 0.65, 0.71, 0.62, 0.82, 0.75, 0.74, 0.72, 0.62, 0.63, 0.77, 0.59, 0.77, 0.8, 0.75, 0.66, 0.82, 0.71, 0.81, 0.62, 0.75, 0.77, 0.82, 0.82, 0.71, 0.74, 0.72, 0.81, 0.65, 0.75, 0.57, 0.75, 0.57, 0.64, 0.52, 0.65, 0.55, 0.51]",bz_10,"cluster_1, cluster_3"
bz_10_cluster_3_1mer-bz_10_cluster_1_1mer,seed-2_sample-0,60,0.52,0.699,"[0.81, 0.65, 0.78, 0.67, 0.8, 0.71, 0.62, 0.63, 0.77, 0.78, 0.75, 0.61, 0.55, 0.52, 0.57, 0.65, 0.82, 0.76, 0.53, 0.82, 0.82, 0.56, 0.74, 0.65, 0.73, 0.62, 0.82, 0.76, 0.75, 0.72, 0.62, 0.63, 0.77, 0.61, 0.78, 0.8, 0.75, 0.67, 0.82, 0.71, 0.82, 0.62, 0.76, 0.78, 0.82, 0.82, 0.73, 0.75, 0.72, 0.81, 0.65, 0.76, 0.56, 0.74, 0.57, 0.65, 0.53, 0.65, 0.55, 0.52]",bz_10,"cluster_1, cluster_3"
bz_10_cluster_3_1mer-bz_10_cluster_1_1mer,seed-5_sample-0,58,0.53,0.7213793103448276,"[0.83, 0.68, 0.78, 0.68, 0.81, 0.73, 0.64, 0.65, 0.8, 0.79, 0.75, 0.61, 0.53, 0.6, 0.68, 0.83, 0.77, 0.54, 0.83, 0.83, 0.6, 0.79, 0.7, 0.73, 0.63, 0.83, 0.78, 0.77, 0.73, 0.64, 0.65, 0.8, 0.61, 0.79, 0.81, 0.75, 0.68, 0.83, 0.73, 0.83, 0.63, 0.78, 0.78, 0.83, 0.83, 0.73, 0.77, 0.73, 0.83, 0.68, 0.77, 0.6, 0.79, 0.6, 0.68, 0.54, 0.7, 0.53]",bz_10,"cluster_1, cluster_3"
bz_10_cluster_3_1mer-bz_10_cluster_1_1mer,seed-6_sample-0,60,0.51,0.698,"[0.81, 0.66, 0.78, 0.66, 0.8, 0.71, 0.62, 0.63, 0.78, 0.77, 0.75, 0.6, 0.55, 0.53, 0.56, 0.64, 0.82, 0.75, 0.51, 0.82, 0.83, 0.56, 0.74, 0.65, 0.73, 0.62, 0.82, 0.76, 0.76, 0.72, 0.62, 0.63, 0.78, 0.6, 0.77, 0.8, 0.75, 0.66, 0.82, 0.71, 0.82, 0.62, 0.76, 0.78, 0.82, 0.83, 0.73, 0.76, 0.72, 0.81, 0.66, 0.75, 0.56, 0.74, 0.56, 0.64, 0.51, 0.65, 0.55, 0.53]",bz_10,"cluster_1, cluster_3"
bz_10_cluster_3_1mer-bz_10_cluster_1_1mer,seed-3_sample-0,58,0.51,0.7075862068965517,"[0.81, 0.66, 0.78, 0.68, 0.8, 0.72, 0.63, 0.64, 0.79, 0.79, 0.75, 0.6, 0.53, 0.51, 0.55, 0.66, 0.83, 0.76, 0.55, 0.82, 0.83, 0.72, 0.67, 0.74, 0.62, 0.83, 0.77, 0.77, 0.71, 0.63, 0.64, 0.79, 0.6, 0.79, 0.8, 0.75, 0.68, 0.83, 0.72, 0.82, 0.62, 0.77, 0.78, 0.83, 0.83, 0.74, 0.77, 0.71, 0.81, 0.66, 0.76, 0.72, 0.55, 0.66, 0.55, 0.67, 0.53, 0.51]",bz_10,"cluster_1, cluster_3"
bz_10_cluster_3_1mer-bz_10_cluster_1_1mer,seed-1_sample-0,60,0.51,0.7176666666666665,"[0.83, 0.67, 0.79, 0.68, 0.82, 0.73, 0.65, 0.65, 0.8, 0.8, 0.75, 0.62, 0.54, 0.51, 0.61, 0.68, 0.83, 0.78, 0.55, 0.83, 0.83, 0.58, 0.78, 0.69, 0.75, 0.64, 0.84, 0.78, 0.78, 0.74, 0.65, 0.65, 0.8, 0.62, 0.8, 0.82, 0.75, 0.68, 0.84, 0.73, 0.83, 0.64, 0.78, 0.79, 0.83, 0.83, 0.75, 0.78, 0.74, 0.83, 0.67, 0.78, 0.58, 0.78, 0.61, 0.68, 0.55, 0.69, 0.54, 0.51]",bz_10,"cluster_1, cluster_3"
bz_10_cluster_3_1mer-bz_10_cluster_1_1mer,seed-7_sample-0,58,0.52,0.7275862068965517,"[0.84, 0.69, 0.79, 0.68, 0.82, 0.73, 0.64, 0.66, 0.8, 0.79, 0.77, 0.61, 0.52, 0.62, 0.69, 0.83, 0.77, 0.55, 0.84, 0.84, 0.6, 0.8, 0.7, 0.74, 0.64, 0.84, 0.78, 0.78, 0.74, 0.64, 0.66, 0.8, 0.61, 0.79, 0.82, 0.77, 0.68, 0.84, 0.73, 0.84, 0.64, 0.78, 0.79, 0.83, 0.84, 0.74, 0.78, 0.74, 0.84, 0.69, 0.77, 0.6, 0.8, 0.62, 0.69, 0.55, 0.7, 0.52]",bz_10,"cluster_1, cluster_3"
bz_10_cluster_3_1mer-bz_10_cluster_6_1mer,seed-8_sample-0,0,,,,bz_10,"cluster_3, cluster_6"
bz_10_cluster_3_1mer-bz_10_cluster_6_1mer,seed-10_sample-0,0,,,,bz_10,"cluster_3, cluster_6"
bz_10_cluster_3_1mer-bz_10_cluster_6_1mer,seed-9_sample-0,0,,,,bz_10,"cluster_3, cluster_6"
bz_10_cluster_3_1mer-bz_10_cluster_6_1mer,seed-4_sample-0,0,,,,bz_10,"cluster_3, cluster_6"
bz_10_cluster_3_1mer-bz_10_cluster_6_1mer,seed-2_sample-0,0,,,,bz_10,"cluster_3, cluster_6"
bz_10_cluster_3_1mer-bz_10_cluster_6_1mer,seed-5_sample-0,0,,,,bz_10,"cluster_3, cluster_6"
bz_10_cluster_3_1mer-bz_10_cluster_6_1mer,seed-6_sample-0,0,,,,bz_10,"cluster_3, cluster_6"
bz_10_cluster_3_1mer-bz_10_cluster_6_1mer,seed-3_sample-0,0,,,,bz_10,"cluster_3, cluster_6"
bz_10_cluster_3_1mer-bz_10_cluster_6_1mer,seed-1_sample-0,0,,,,bz_10,"cluster_3, cluster_6"
bz_10_cluster_3_1mer-bz_10_cluster_6_1mer,seed-7_sample-0,0,,,,bz_10,"cluster_3, cluster_6"
bz_10_cluster_3_1mer-bz_10_cluster_0_1mer,seed-8_sample-0,0,,,,bz_10,"cluster_0, cluster_3"
bz_10_cluster_3_1mer-bz_10_cluster_0_1mer,seed-10_sample-0,0,,,,bz_10,"cluster_0, cluster_3"
bz_10_cluster_3_1mer-bz_10_cluster_0_1mer,seed-9_sample-0,0,,,,bz_10,"cluster_0, cluster_3"
bz_10_cluster_3_1mer-bz_10_cluster_0_1mer,seed-4_sample-0,0,,,,bz_10,"cluster_0, cluster_3"
bz_10_cluster_3_1mer-bz_10_cluster_0_1mer,seed-2_sample-0,0,,,,bz_10,"cluster_0, cluster_3"
bz_10_cluster_3_1mer-bz_10_cluster_0_1mer,seed-5_sample-0,0,,,,bz_10,"cluster_0, cluster_3"
bz_10_cluster_3_1mer-bz_10_cluster_0_1mer,seed-6_sample-0,0,,,,bz_10,"cluster_0, cluster_3"
bz_10_cluster_3_1mer-bz_10_cluster_0_1mer,seed-3_sample-0,0,,,,bz_10,"cluster_0, cluster_3"
bz_10_cluster_3_1mer-bz_10_cluster_0_1mer,seed-1_sample-0,0,,,,bz_10,"cluster_0, cluster_3"
bz_10_cluster_3_1mer-bz_10_cluster_0_1mer,seed-7_sample-0,0,,,,bz_10,"cluster_0, cluster_3"
bz_10_cluster_3_1mer-bz_10_cluster_7_1mer,seed-8_sample-0,0,,,,bz_10,"cluster_3, cluster_7"
bz_10_cluster_3_1mer-bz_10_cluster_7_1mer,seed-10_sample-0,0,,,,bz_10,"cluster_3, cluster_7"
bz_10_cluster_3_1mer-bz_10_cluster_7_1mer,seed-9_sample-0,0,,,,bz_10,"cluster_3, cluster_7"
bz_10_cluster_3_1mer-bz_10_cluster_7_1mer,seed-4_sample-0,0,,,,bz_10,"cluster_3, cluster_7"
bz_10_cluster_3_1mer-bz_10_cluster_7_1mer,seed-2_sample-0,0,,,,bz_10,"cluster_3, cluster_7"
bz_10_cluster_3_1mer-bz_10_cluster_7_1mer,seed-5_sample-0,0,,,,bz_10,"cluster_3, cluster_7"
bz_10_cluster_3_1mer-bz_10_cluster_7_1mer,seed-6_sample-0,0,,,,bz_10,"cluster_3, cluster_7"
bz_10_cluster_3_1mer-bz_10_cluster_7_1mer,seed-3_sample-0,0,,,,bz_10,"cluster_3, cluster_7"
bz_10_cluster_3_1mer-bz_10_cluster_7_1mer,seed-1_sample-0,0,,,,bz_10,"cluster_3, cluster_7"
bz_10_cluster_3_1mer-bz_10_cluster_7_1mer,seed-7_sample-0,0,,,,bz_10,"cluster_3, cluster_7"
bz_10_cluster_3_1mer-bz_10_cluster_8_1mer,seed-8_sample-0,0,,,,bz_10,"cluster_3, cluster_8"
bz_10_cluster_3_1mer-bz_10_cluster_8_1mer,seed-10_sample-0,0,,,,bz_10,"cluster_3, cluster_8"
bz_10_cluster_3_1mer-bz_10_cluster_8_1mer,seed-9_sample-0,0,,,,bz_10,"cluster_3, cluster_8"
bz_10_cluster_3_1mer-bz_10_cluster_8_1mer,seed-4_sample-0,0,,,,bz_10,"cluster_3, cluster_8"
bz_10_cluster_3_1mer-bz_10_cluster_8_1mer,seed-2_sample-0,0,,,,bz_10,"cluster_3, cluster_8"
bz_10_cluster_3_1mer-bz_10_cluster_8_1mer,seed-5_sample-0,0,,,,bz_10,"cluster_3, cluster_8"
bz_10_cluster_3_1mer-bz_10_cluster_8_1mer,seed-6_sample-0,0,,,,bz_10,"cluster_3, cluster_8"
bz_10_cluster_3_1mer-bz_10_cluster_8_1mer,seed-3_sample-0,0,,,,bz_10,"cluster_3, cluster_8"
bz_10_cluster_3_1mer-bz_10_cluster_8_1mer,seed-1_sample-0,0,,,,bz_10,"cluster_3, cluster_8"
bz_10_cluster_3_1mer-bz_10_cluster_8_1mer,seed-7_sample-0,0,,,,bz_10,"cluster_3, cluster_8"
bz_10_cluster_1_1mer-bz_10_cluster_6_1mer,seed-8_sample-0,0,,,,bz_10,"cluster_1, cluster_6"
bz_10_cluster_1_1mer-bz_10_cluster_6_1mer,seed-10_sample-0,0,,,,bz_10,"cluster_1, cluster_6"
bz_10_cluster_1_1mer-bz_10_cluster_6_1mer,seed-9_sample-0,0,,,,bz_10,"cluster_1, cluster_6"
bz_10_cluster_1_1mer-bz_10_cluster_6_1mer,seed-4_sample-0,0,,,,bz_10,"cluster_1, cluster_6"
bz_10_cluster_1_1mer-bz_10_cluster_6_1mer,seed-2_sample-0,0,,,,bz_10,"cluster_1, cluster_6"
bz_10_cluster_1_1mer-bz_10_cluster_6_1mer,seed-5_sample-0,0,,,,bz_10,"cluster_1, cluster_6"
bz_10_cluster_1_1mer-bz_10_cluster_6_1mer,seed-6_sample-0,0,,,,bz_10,"cluster_1, cluster_6"
bz_10_cluster_1_1mer-bz_10_cluster_6_1mer,seed-3_sample-0,0,,,,bz_10,"cluster_1, cluster_6"
bz_10_cluster_1_1mer-bz_10_cluster_6_1mer,seed-1_sample-0,0,,,,bz_10,"cluster_1, cluster_6"
bz_10_cluster_1_1mer-bz_10_cluster_6_1mer,seed-7_sample-0,0,,,,bz_10,"cluster_1, cluster_6"
bz_10_cluster_1_1mer-bz_10_cluster_0_1mer,seed-8_sample-0,0,,,,bz_10,"cluster_0, cluster_1"
bz_10_cluster_1_1mer-bz_10_cluster_0_1mer,seed-10_sample-0,0,,,,bz_10,"cluster_0, cluster_1"
bz_10_cluster_1_1mer-bz_10_cluster_0_1mer,seed-9_sample-0,0,,,,bz_10,"cluster_0, cluster_1"
bz_10_cluster_1_1mer-bz_10_cluster_0_1mer,seed-4_sample-0,0,,,,bz_10,"cluster_0, cluster_1"
bz_10_cluster_1_1mer-bz_10_cluster_0_1mer,seed-2_sample-0,0,,,,bz_10,"cluster_0, cluster_1"
bz_10_cluster_1_1mer-bz_10_cluster_0_1mer,seed-5_sample-0,0,,,,bz_10,"cluster_0, cluster_1"
bz_10_cluster_1_1mer-bz_10_cluster_0_1mer,seed-6_sample-0,0,,,,bz_10,"cluster_0, cluster_1"
bz_10_cluster_1_1mer-bz_10_cluster_0_1mer,seed-3_sample-0,0,,,,bz_10,"cluster_0, cluster_1"
bz_10_cluster_1_1mer-bz_10_cluster_0_1mer,seed-1_sample-0,0,,,,bz_10,"cluster_0, cluster_1"
bz_10_cluster_1_1mer-bz_10_cluster_0_1mer,seed-7_sample-0,0,,,,bz_10,"cluster_0, cluster_1"
bz_10_cluster_1_1mer-bz_10_cluster_7_1mer,seed-8_sample-0,0,,,,bz_10,"cluster_1, cluster_7"
bz_10_cluster_1_1mer-bz_10_cluster_7_1mer,seed-10_sample-0,0,,,,bz_10,"cluster_1, cluster_7"
bz_10_cluster_1_1mer-bz_10_cluster_7_1mer,seed-9_sample-0,0,,,,bz_10,"cluster_1, cluster_7"
bz_10_cluster_1_1mer-bz_10_cluster_7_1mer,seed-4_sample-0,0,,,,bz_10,"cluster_1, cluster_7"
bz_10_cluster_1_1mer-bz_10_cluster_7_1mer,seed-2_sample-0,0,,,,bz_10,"cluster_1, cluster_7"
bz_10_cluster_1_1mer-bz_10_cluster_7_1mer,seed-5_sample-0,0,,,,bz_10,"cluster_1, cluster_7"
bz_10_cluster_1_1mer-bz_10_cluster_7_1mer,seed-6_sample-0,0,,,,bz_10,"cluster_1, cluster_7"
bz_10_cluster_1_1mer-bz_10_cluster_7_1mer,seed-3_sample-0,0,,,,bz_10,"cluster_1, cluster_7"
bz_10_cluster_1_1mer-bz_10_cluster_7_1mer,seed-1_sample-0,0,,,,bz_10,"cluster_1, cluster_7"
bz_10_cluster_1_1mer-bz_10_cluster_7_1mer,seed-7_sample-0,0,,,,bz_10,"cluster_1, cluster_7"
bz_10_cluster_1_1mer-bz_10_cluster_8_1mer,seed-8_sample-0,0,,,,bz_10,"cluster_1, cluster_8"
bz_10_cluster_1_1mer-bz_10_cluster_8_1mer,seed-10_sample-0,0,,,,bz_10,"cluster_1, cluster_8"
bz_10_cluster_1_1mer-bz_10_cluster_8_1mer,seed-9_sample-0,0,,,,bz_10,"cluster_1, cluster_8"
bz_10_cluster_1_1mer-bz_10_cluster_8_1mer,seed-4_sample-0,0,,,,bz_10,"cluster_1, cluster_8"
bz_10_cluster_1_1mer-bz_10_cluster_8_1mer,seed-2_sample-0,0,,,,bz_10,"cluster_1, cluster_8"
bz_10_cluster_1_1mer-bz_10_cluster_8_1mer,seed-5_sample-0,0,,,,bz_10,"cluster_1, cluster_8"
bz_10_cluster_1_1mer-bz_10_cluster_8_1mer,seed-6_sample-0,0,,,,bz_10,"cluster_1, cluster_8"
bz_10_cluster_1_1mer-bz_10_cluster_8_1mer,seed-3_sample-0,0,,,,bz_10,"cluster_1, cluster_8"
bz_10_cluster_1_1mer-bz_10_cluster_8_1mer,seed-1_sample-0,0,,,,bz_10,"cluster_1, cluster_8"
bz_10_cluster_1_1mer-bz_10_cluster_8_1mer,seed-7_sample-0,0,,,,bz_10,"cluster_1, cluster_8"
bz_10_cluster_6_1mer-bz_10_cluster_0_1mer,seed-8_sample-0,0,,,,bz_10,"cluster_0, cluster_6"
bz_10_cluster_6_1mer-bz_10_cluster_0_1mer,seed-10_sample-0,0,,,,bz_10,"cluster_0, cluster_6"
bz_10_cluster_6_1mer-bz_10_cluster_0_1mer,seed-9_sample-0,0,,,,bz_10,"cluster_0, cluster_6"
bz_10_cluster_6_1mer-bz_10_cluster_0_1mer,seed-4_sample-0,0,,,,bz_10,"cluster_0, cluster_6"
bz_10_cluster_6_1mer-bz_10_cluster_0_1mer,seed-2_sample-0,0,,,,bz_10,"cluster_0, cluster_6"
bz_10_cluster_6_1mer-bz_10_cluster_0_1mer,seed-5_sample-0,0,,,,bz_10,"cluster_0, cluster_6"
bz_10_cluster_6_1mer-bz_10_cluster_0_1mer,seed-6_sample-0,0,,,,bz_10,"cluster_0, cluster_6"
bz_10_cluster_6_1mer-bz_10_cluster_0_1mer,seed-3_sample-0,0,,,,bz_10,"cluster_0, cluster_6"
bz_10_cluster_6_1mer-bz_10_cluster_0_1mer,seed-1_sample-0,0,,,,bz_10,"cluster_0, cluster_6"
bz_10_cluster_6_1mer-bz_10_cluster_0_1mer,seed-7_sample-0,0,,,,bz_10,"cluster_0, cluster_6"
bz_10_cluster_6_1mer-bz_10_cluster_7_1mer,seed-8_sample-0,0,,,,bz_10,"cluster_6, cluster_7"
bz_10_cluster_6_1mer-bz_10_cluster_7_1mer,seed-10_sample-0,0,,,,bz_10,"cluster_6, cluster_7"
bz_10_cluster_6_1mer-bz_10_cluster_7_1mer,seed-9_sample-0,0,,,,bz_10,"cluster_6, cluster_7"
bz_10_cluster_6_1mer-bz_10_cluster_7_1mer,seed-4_sample-0,0,,,,bz_10,"cluster_6, cluster_7"
bz_10_cluster_6_1mer-bz_10_cluster_7_1mer,seed-2_sample-0,0,,,,bz_10,"cluster_6, cluster_7"
bz_10_cluster_6_1mer-bz_10_cluster_7_1mer,seed-5_sample-0,0,,,,bz_10,"cluster_6, cluster_7"
bz_10_cluster_6_1mer-bz_10_cluster_7_1mer,seed-6_sample-0,0,,,,bz_10,"cluster_6, cluster_7"
bz_10_cluster_6_1mer-bz_10_cluster_7_1mer,seed-3_sample-0,0,,,,bz_10,"cluster_6, cluster_7"
bz_10_cluster_6_1mer-bz_10_cluster_7_1mer,seed-1_sample-0,0,,,,bz_10,"cluster_6, cluster_7"
bz_10_cluster_6_1mer-bz_10_cluster_7_1mer,seed-7_sample-0,0,,,,bz_10,"cluster_6, cluster_7"
bz_10_cluster_6_1mer-bz_10_cluster_8_1mer,seed-8_sample-0,0,,,,bz_10,"cluster_6, cluster_8"
bz_10_cluster_6_1mer-bz_10_cluster_8_1mer,seed-10_sample-0,0,,,,bz_10,"cluster_6, cluster_8"
bz_10_cluster_6_1mer-bz_10_cluster_8_1mer,seed-9_sample-0,0,,,,bz_10,"cluster_6, cluster_8"
bz_10_cluster_6_1mer-bz_10_cluster_8_1mer,seed-4_sample-0,0,,,,bz_10,"cluster_6, cluster_8"
bz_10_cluster_6_1mer-bz_10_cluster_8_1mer,seed-2_sample-0,0,,,,bz_10,"cluster_6, cluster_8"
bz_10_cluster_6_1mer-bz_10_cluster_8_1mer,seed-5_sample-0,0,,,,bz_10,"cluster_6, cluster_8"
bz_10_cluster_6_1mer-bz_10_cluster_8_1mer,seed-6_sample-0,0,,,,bz_10,"cluster_6, cluster_8"
bz_10_cluster_6_1mer-bz_10_cluster_8_1mer,seed-3_sample-0,0,,,,bz_10,"cluster_6, cluster_8"
bz_10_cluster_6_1mer-bz_10_cluster_8_1mer,seed-1_sample-0,0,,,,bz_10,"cluster_6, cluster_8"
bz_10_cluster_6_1mer-bz_10_cluster_8_1mer,seed-7_sample-0,0,,,,bz_10,"cluster_6, cluster_8"
bz_10_cluster_0_1mer-bz_10_cluster_7_1mer,seed-8_sample-0,72,0.56,0.77,"[0.81, 0.72, 0.84, 0.72, 0.8, 0.7, 0.63, 0.8, 0.83, 0.84, 0.8, 0.83, 0.66, 0.56, 0.77, 0.77, 0.81, 0.63, 0.87, 0.79, 0.84, 0.79, 0.83, 0.87, 0.83, 0.7, 0.72, 0.84, 0.8, 0.69, 0.89, 0.89, 0.69, 0.65, 0.69, 0.82, 0.84, 0.89, 0.65, 0.89, 0.69, 0.69, 0.81, 0.72, 0.82, 0.8, 0.8, 0.63, 0.83, 0.87, 0.87, 0.72, 0.79, 0.84, 0.77, 0.77, 0.84, 0.83, 0.8, 0.81, 0.79, 0.83, 0.83, 0.66, 0.56, 0.7, 0.69, 0.84, 0.8, 0.72, 0.7, 0.63]",bz_10,"cluster_0, cluster_7"
bz_10_cluster_0_1mer-bz_10_cluster_7_1mer,seed-10_sample-0,74,0.52,0.7589189189189189,"[0.81, 0.71, 0.84, 0.7, 0.79, 0.67, 0.57, 0.8, 0.83, 0.83, 0.81, 0.82, 0.64, 0.55, 0.77, 0.77, 0.81, 0.62, 0.87, 0.79, 0.84, 0.78, 0.83, 0.87, 0.83, 0.72, 0.7, 0.83, 0.8, 0.7, 0.89, 0.89, 0.7, 0.66, 0.69, 0.83, 0.52, 0.83, 0.89, 0.66, 0.89, 0.7, 0.69, 0.81, 0.71, 0.83, 0.8, 0.8, 0.62, 0.83, 0.87, 0.87, 0.7, 0.79, 0.83, 0.77, 0.77, 0.84, 0.83, 0.81, 0.81, 0.78, 0.83, 0.52, 0.82, 0.64, 0.55, 0.72, 0.7, 0.84, 0.79, 0.7, 0.67, 0.57]",bz_10,"cluster_0, cluster_7"
bz_10_cluster_0_1mer-bz_10_cluster_7_1mer,seed-9_sample-0,72,0.56,0.7711111111111112,"[0.81, 0.72, 0.85, 0.72, 0.8, 0.7, 0.62, 0.8, 0.83, 0.85, 0.81, 0.83, 0.64, 0.56, 0.77, 0.78, 0.81, 0.62, 0.87, 0.79, 0.84, 0.79, 0.83, 0.87, 0.83, 0.71, 0.72, 0.84, 0.8, 0.7, 0.89, 0.88, 0.7, 0.66, 0.7, 0.82, 0.84, 0.89, 0.66, 0.88, 0.7, 0.7, 0.81, 0.72, 0.82, 0.8, 0.8, 0.62, 0.83, 0.87, 0.87, 0.72, 0.79, 0.85, 0.77, 0.78, 0.84, 0.83, 0.81, 0.81, 0.79, 0.83, 0.83, 0.64, 0.56, 0.71, 0.7, 0.85, 0.8, 0.72, 0.7, 0.62]",bz_10,"cluster_0, cluster_7"
bz_10_cluster_0_1mer-bz_10_cluster_7_1mer,seed-4_sample-0,74,0.51,0.7624324324324325,"[0.81, 0.73, 0.84, 0.73, 0.8, 0.7, 0.63, 0.79, 0.82, 0.84, 0.8, 0.82, 0.65, 0.56, 0.77, 0.78, 0.81, 0.63, 0.87, 0.78, 0.84, 0.78, 0.83, 0.87, 0.83, 0.71, 0.71, 0.84, 0.79, 0.7, 0.89, 0.89, 0.7, 0.65, 0.69, 0.82, 0.51, 0.84, 0.89, 0.65, 0.89, 0.7, 0.69, 0.81, 0.73, 0.82, 0.79, 0.79, 0.63, 0.83, 0.87, 0.87, 0.71, 0.78, 0.84, 0.77, 0.78, 0.84, 0.82, 0.8, 0.81, 0.78, 0.83, 0.51, 0.82, 0.65, 0.56, 0.71, 0.7, 0.84, 0.8, 0.73, 0.7, 0.63]",bz_10,"cluster_0, cluster_7"
bz_10_cluster_0_1mer-bz_10_cluster_7_1mer,seed-2_sample-0,72,0.55,0.7666666666666667,"[0.8, 0.72, 0.84, 0.71, 0.79, 0.69, 0.6, 0.79, 0.82, 0.84, 0.81, 0.82, 0.65, 0.55, 0.77, 0.78, 0.81, 0.62, 0.87, 0.78, 0.84, 0.79, 0.83, 0.87, 0.83, 0.71, 0.72, 0.84, 0.79, 0.69, 0.89, 0.89, 0.69, 0.65, 0.69, 0.82, 0.84, 0.89, 0.65, 0.89, 0.69, 0.69, 0.8, 0.72, 0.82, 0.79, 0.79, 0.62, 0.83, 0.87, 0.87, 0.72, 0.78, 0.84, 0.77, 0.78, 0.84, 0.82, 0.81, 0.81, 0.79, 0.83, 0.82, 0.65, 0.55, 0.71, 0.69, 0.84, 0.79, 0.71, 0.69, 0.6]",bz_10,"cluster_0, cluster_7"
bz_10_cluster_0_1mer-bz_10_cluster_7_1mer,seed-5_sample-0,74,0.51,0.7589189189189189,"[0.81, 0.72, 0.84, 0.72, 0.79, 0.68, 0.58, 0.8, 0.82, 0.84, 0.8, 0.82, 0.65, 0.55, 0.77, 0.77, 0.81, 0.63, 0.87, 0.78, 0.84, 0.79, 0.83, 0.87, 0.83, 0.71, 0.71, 0.84, 0.79, 0.69, 0.89, 0.89, 0.69, 0.64, 0.68, 0.83, 0.51, 0.84, 0.89, 0.64, 0.89, 0.69, 0.68, 0.81, 0.72, 0.83, 0.79, 0.8, 0.63, 0.83, 0.87, 0.87, 0.71, 0.78, 0.84, 0.77, 0.77, 0.84, 0.82, 0.8, 0.81, 0.79, 0.83, 0.51, 0.82, 0.65, 0.55, 0.71, 0.69, 0.84, 0.79, 0.72, 0.68, 0.58]",bz_10,"cluster_0, cluster_7"
bz_10_cluster_0_1mer-bz_10_cluster_7_1mer,seed-6_sample-0,72,0.55,0.7622222222222221,"[0.81, 0.71, 0.84, 0.71, 0.79, 0.67, 0.59, 0.79, 0.82, 0.84, 0.8, 0.82, 0.62, 0.55, 0.77, 0.77, 0.8, 0.61, 0.87, 0.78, 0.84, 0.78, 0.83, 0.87, 0.83, 0.69, 0.71, 0.83, 0.78, 0.68, 0.89, 0.88, 0.7, 0.66, 0.7, 0.81, 0.83, 0.89, 0.66, 0.88, 0.7, 0.7, 0.81, 0.71, 0.81, 0.78, 0.79, 0.61, 0.83, 0.87, 0.87, 0.71, 0.78, 0.84, 0.77, 0.77, 0.84, 0.82, 0.8, 0.8, 0.78, 0.83, 0.82, 0.62, 0.55, 0.69, 0.68, 0.84, 0.79, 0.71, 0.67, 0.59]",bz_10,"cluster_0, cluster_7"
bz_10_cluster_0_1mer-bz_10_cluster_7_1mer,seed-3_sample-0,70,0.54,0.7491428571428572,"[0.79, 0.68, 0.77, 0.67, 0.68, 0.6, 0.78, 0.81, 0.83, 0.78, 0.81, 0.58, 0.54, 0.76, 0.77, 0.8, 0.62, 0.86, 0.78, 0.83, 0.77, 0.82, 0.86, 0.82, 0.69, 0.7, 0.84, 0.78, 0.68, 0.88, 0.87, 0.68, 0.63, 0.67, 0.79, 0.84, 0.88, 0.63, 0.87, 0.68, 0.67, 0.79, 0.68, 0.79, 0.78, 0.78, 0.62, 0.82, 0.86, 0.86, 0.7, 0.78, 0.83, 0.76, 0.77, 0.83, 0.81, 0.78, 0.8, 0.77, 0.82, 0.81, 0.58, 0.54, 0.69, 0.68, 0.77, 0.68, 0.67, 0.6]",bz_10,"cluster_0, cluster_7"
bz_10_cluster_0_1mer-bz_10_cluster_7_1mer,seed-1_sample-0,72,0.55,0.7611111111111112,"[0.81, 0.71, 0.84, 0.71, 0.78, 0.67, 0.58, 0.8, 0.82, 0.84, 0.79, 0.82, 0.62, 0.55, 0.77, 0.78, 0.8, 0.61, 0.86, 0.78, 0.85, 0.78, 0.83, 0.86, 0.83, 0.7, 0.7, 0.83, 0.79, 0.69, 0.89, 0.88, 0.69, 0.65, 0.68, 0.81, 0.83, 0.89, 0.65, 0.88, 0.69, 0.68, 0.81, 0.71, 0.81, 0.79, 0.8, 0.61, 0.83, 0.86, 0.86, 0.7, 0.78, 0.84, 0.77, 0.78, 0.85, 0.82, 0.79, 0.8, 0.78, 0.83, 0.82, 0.62, 0.55, 0.7, 0.69, 0.84, 0.78, 0.71, 0.67, 0.58]",bz_10,"cluster_0, cluster_7"
bz_10_cluster_0_1mer-bz_10_cluster_7_1mer,seed-7_sample-0,74,0.51,0.7594594594594596,"[0.81, 0.72, 0.84, 0.72, 0.79, 0.68, 0.59, 0.79, 0.83, 0.85, 0.8, 0.84, 0.62, 0.56, 0.77, 0.77, 0.81, 0.61, 0.86, 0.79, 0.85, 0.78, 0.83, 0.87, 0.83, 0.7, 0.7, 0.84, 0.79, 0.7, 0.89, 0.88, 0.7, 0.66, 0.7, 0.82, 0.51, 0.84, 0.89, 0.66, 0.88, 0.7, 0.7, 0.81, 0.72, 0.82, 0.79, 0.79, 0.61, 0.83, 0.86, 0.87, 0.7, 0.79, 0.85, 0.77, 0.77, 0.85, 0.83, 0.8, 0.81, 0.78, 0.83, 0.51, 0.84, 0.62, 0.56, 0.7, 0.7, 0.84, 0.79, 0.72, 0.68, 0.59]",bz_10,"cluster_0, cluster_7"
bz_10_cluster_0_1mer-bz_10_cluster_8_1mer,seed-8_sample-0,0,,,,bz_10,"cluster_0, cluster_8"
bz_10_cluster_0_1mer-bz_10_cluster_8_1mer,seed-10_sample-0,0,,,,bz_10,"cluster_0, cluster_8"
bz_10_cluster_0_1mer-bz_10_cluster_8_1mer,seed-9_sample-0,0,,,,bz_10,"cluster_0, cluster_8"
bz_10_cluster_0_1mer-bz_10_cluster_8_1mer,seed-4_sample-0,0,,,,bz_10,"cluster_0, cluster_8"
bz_10_cluster_0_1mer-bz_10_cluster_8_1mer,seed-2_sample-0,0,,,,bz_10,"cluster_0, cluster_8"
bz_10_cluster_0_1mer-bz_10_cluster_8_1mer,seed-5_sample-0,0,,,,bz_10,"cluster_0, cluster_8"
bz_10_cluster_0_1mer-bz_10_cluster_8_1mer,seed-6_sample-0,0,,,,bz_10,"cluster_0, cluster_8"
bz_10_cluster_0_1mer-bz_10_cluster_8_1mer,seed-3_sample-0,0,,,,bz_10,"cluster_0, cluster_8"
bz_10_cluster_0_1mer-bz_10_cluster_8_1mer,seed-1_sample-0,0,,,,bz_10,"cluster_0, cluster_8"
bz_10_cluster_0_1mer-bz_10_cluster_8_1mer,seed-7_sample-0,0,,,,bz_10,"cluster_0, cluster_8"
bz_10_cluster_7_1mer-bz_10_cluster_8_1mer,seed-8_sample-0,0,,,,bz_10,"cluster_7, cluster_8"
bz_10_cluster_7_1mer-bz_10_cluster_8_1mer,seed-10_sample-0,0,,,,bz_10,"cluster_7, cluster_8"
bz_10_cluster_7_1mer-bz_10_cluster_8_1mer,seed-9_sample-0,0,,,,bz_10,"cluster_7, cluster_8"
bz_10_cluster_7_1mer-bz_10_cluster_8_1mer,seed-4_sample-0,0,,,,bz_10,"cluster_7, cluster_8"
bz_10_cluster_7_1mer-bz_10_cluster_8_1mer,seed-2_sample-0,0,,,,bz_10,"cluster_7, cluster_8"
bz_10_cluster_7_1mer-bz_10_cluster_8_1mer,seed-5_sample-0,0,,,,bz_10,"cluster_7, cluster_8"
bz_10_cluster_7_1mer-bz_10_cluster_8_1mer,seed-6_sample-0,0,,,,bz_10,"cluster_7, cluster_8"
bz_10_cluster_7_1mer-bz_10_cluster_8_1mer,seed-3_sample-0,0,,,,bz_10,"cluster_7, cluster_8"
bz_10_cluster_7_1mer-bz_10_cluster_8_1mer,seed-1_sample-0,0,,,,bz_10,"cluster_7, cluster_8"
bz_10_cluster_7_1mer-bz_10_cluster_8_1mer,seed-7_sample-0,0,,,,bz_10,"cluster_7, cluster_8"
bz_10_cluster_2_1mer-bz_10_cluster_2_1mer,seed-8_sample-0,0,,,,bz_10,"cluster_2, cluster_2"
bz_10_cluster_2_1mer-bz_10_cluster_2_1mer,seed-10_sample-0,0,,,,bz_10,"cluster_2, cluster_2"
bz_10_cluster_2_1mer-bz_10_cluster_2_1mer,seed-9_sample-0,0,,,,bz_10,"cluster_2, cluster_2"
bz_10_cluster_2_1mer-bz_10_cluster_2_1mer,seed-4_sample-0,0,,,,bz_10,"cluster_2, cluster_2"
bz_10_cluster_2_1mer-bz_10_cluster_2_1mer,seed-2_sample-0,0,,,,bz_10,"cluster_2, cluster_2"
bz_10_cluster_2_1mer-bz_10_cluster_2_1mer,seed-5_sample-0,0,,,,bz_10,"cluster_2, cluster_2"
bz_10_cluster_2_1mer-bz_10_cluster_2_1mer,seed-6_sample-0,0,,,,bz_10,"cluster_2, cluster_2"
bz_10_cluster_2_1mer-bz_10_cluster_2_1mer,seed-3_sample-0,0,,,,bz_10,"cluster_2, cluster_2"
bz_10_cluster_2_1mer-bz_10_cluster_2_1mer,seed-1_sample-0,0,,,,bz_10,"cluster_2, cluster_2"
bz_10_cluster_2_1mer-bz_10_cluster_2_1mer,seed-7_sample-0,0,,,,bz_10,"cluster_2, cluster_2"
bz_10_cluster_3_1mer-bz_10_cluster_3_1mer,seed-8_sample-0,0,,,,bz_10,"cluster_3, cluster_3"
bz_10_cluster_3_1mer-bz_10_cluster_3_1mer,seed-10_sample-0,0,,,,bz_10,"cluster_3, cluster_3"
bz_10_cluster_3_1mer-bz_10_cluster_3_1mer,seed-9_sample-0,0,,,,bz_10,"cluster_3, cluster_3"
bz_10_cluster_3_1mer-bz_10_cluster_3_1mer,seed-4_sample-0,0,,,,bz_10,"cluster_3, cluster_3"
bz_10_cluster_3_1mer-bz_10_cluster_3_1mer,seed-2_sample-0,0,,,,bz_10,"cluster_3, cluster_3"
bz_10_cluster_3_1mer-bz_10_cluster_3_1mer,seed-5_sample-0,0,,,,bz_10,"cluster_3, cluster_3"
bz_10_cluster_3_1mer-bz_10_cluster_3_1mer,seed-6_sample-0,0,,,,bz_10,"cluster_3, cluster_3"
bz_10_cluster_3_1mer-bz_10_cluster_3_1mer,seed-3_sample-0,0,,,,bz_10,"cluster_3, cluster_3"
bz_10_cluster_3_1mer-bz_10_cluster_3_1mer,seed-1_sample-0,0,,,,bz_10,"cluster_3, cluster_3"
bz_10_cluster_3_1mer-bz_10_cluster_3_1mer,seed-7_sample-0,0,,,,bz_10,"cluster_3, cluster_3"
bz_10_cluster_1_1mer-bz_10_cluster_1_1mer,seed-8_sample-0,8,0.52,0.55,"[0.53, 0.54, 0.61, 0.52, 0.53, 0.61, 0.54, 0.52]",bz_10,"cluster_1, cluster_1"
bz_10_cluster_1_1mer-bz_10_cluster_1_1mer,seed-10_sample-0,2,0.57,0.57,"[0.57, 0.57]",bz_10,"cluster_1, cluster_1"
bz_10_cluster_1_1mer-bz_10_cluster_1_1mer,seed-9_sample-0,6,0.51,0.5366666666666666,"[0.53, 0.57, 0.51, 0.53, 0.57, 0.51]",bz_10,"cluster_1, cluster_1"
bz_10_cluster_1_1mer-bz_10_cluster_1_1mer,seed-4_sample-0,2,0.58,0.58,"[0.58, 0.58]",bz_10,"cluster_1, cluster_1"
bz_10_cluster_1_1mer-bz_10_cluster_1_1mer,seed-2_sample-0,14,0.51,0.55,"[0.55, 0.51, 0.52, 0.58, 0.52, 0.62, 0.55, 0.55, 0.51, 0.62, 0.52, 0.58, 0.55, 0.52]",bz_10,"cluster_1, cluster_1"
bz_10_cluster_1_1mer-bz_10_cluster_1_1mer,seed-5_sample-0,8,0.51,0.5449999999999999,"[0.54, 0.52, 0.61, 0.51, 0.54, 0.61, 0.52, 0.51]",bz_10,"cluster_1, cluster_1"
bz_10_cluster_1_1mer-bz_10_cluster_1_1mer,seed-6_sample-0,8,0.54,0.565,"[0.55, 0.55, 0.62, 0.54, 0.55, 0.62, 0.55, 0.54]",bz_10,"cluster_1, cluster_1"
bz_10_cluster_1_1mer-bz_10_cluster_1_1mer,seed-3_sample-0,8,0.54,0.565,"[0.55, 0.55, 0.62, 0.54, 0.55, 0.62, 0.55, 0.54]",bz_10,"cluster_1, cluster_1"
bz_10_cluster_1_1mer-bz_10_cluster_1_1mer,seed-1_sample-0,2,0.55,0.55,"[0.55, 0.55]",bz_10,"cluster_1, cluster_1"
bz_10_cluster_1_1mer-bz_10_cluster_1_1mer,seed-7_sample-0,12,0.51,0.5466666666666666,"[0.55, 0.51, 0.56, 0.51, 0.61, 0.54, 0.55, 0.61, 0.51, 0.56, 0.54, 0.51]",bz_10,"cluster_1, cluster_1"
bz_10_cluster_6_1mer-bz_10_cluster_6_1mer,seed-8_sample-0,144,0.51,0.6881944444444446,"[0.64, 0.76, 0.56, 0.57, 0.68, 0.87, 0.77, 0.81, 0.84, 0.8, 0.82, 0.79, 0.87, 0.83, 0.78, 0.86, 0.79, 0.8, 0.86, 0.72, 0.66, 0.68, 0.63, 0.77, 0.87, 0.82, 0.82, 0.76, 0.83, 0.78, 0.87, 0.79, 0.8, 0.82, 0.86, 0.78, 0.86, 0.65, 0.73, 0.78, 0.57, 0.57, 0.51, 0.64, 0.55, 0.55, 0.52, 0.53, 0.71, 0.58, 0.57, 0.53, 0.58, 0.65, 0.61, 0.59, 0.64, 0.56, 0.62, 0.6, 0.63, 0.58, 0.63, 0.57, 0.6, 0.62, 0.6, 0.56, 0.53, 0.53, 0.52, 0.52, 0.63, 0.77, 0.57, 0.57, 0.68, 0.87, 0.76, 0.82, 0.83, 0.8, 0.82, 0.78, 0.87, 0.82, 0.78, 0.86, 0.78, 0.79, 0.86, 0.73, 0.65, 0.68, 0.64, 0.76, 0.87, 0.81, 0.82, 0.77, 0.84, 0.79, 0.87, 0.8, 0.8, 0.83, 0.86, 0.79, 0.86, 0.66, 0.72, 0.78, 0.56, 0.57, 0.51, 0.64, 0.55, 0.55, 0.53, 0.52, 0.71, 0.57, 0.58, 0.53, 0.59, 0.64, 0.6, 0.58, 0.65, 0.56, 0.63, 0.6, 0.62, 0.58, 0.62, 0.56, 0.61, 0.63, 0.6, 0.57, 0.53, 0.53, 0.52, 0.52]",bz_10,"cluster_6, cluster_6"
bz_10_cluster_6_1mer-bz_10_cluster_6_1mer,seed-10_sample-0,120,0.51,0.7146666666666666,"[0.64, 0.59, 0.78, 0.74, 0.67, 0.67, 0.87, 0.76, 0.8, 0.84, 0.81, 0.81, 0.78, 0.87, 0.83, 0.78, 0.85, 0.81, 0.8, 0.86, 0.75, 0.68, 0.66, 0.64, 0.78, 0.88, 0.81, 0.82, 0.77, 0.84, 0.79, 0.88, 0.79, 0.81, 0.83, 0.85, 0.81, 0.86, 0.69, 0.75, 0.78, 0.75, 0.59, 0.67, 0.61, 0.51, 0.51, 0.68, 0.54, 0.53, 0.52, 0.55, 0.57, 0.52, 0.56, 0.52, 0.53, 0.56, 0.57, 0.56, 0.64, 0.59, 0.78, 0.75, 0.67, 0.66, 0.88, 0.77, 0.81, 0.84, 0.81, 0.82, 0.79, 0.88, 0.83, 0.78, 0.85, 0.81, 0.79, 0.86, 0.75, 0.69, 0.67, 0.64, 0.78, 0.87, 0.8, 0.81, 0.76, 0.84, 0.78, 0.87, 0.8, 0.81, 0.83, 0.85, 0.81, 0.86, 0.68, 0.75, 0.78, 0.74, 0.59, 0.67, 0.61, 0.51, 0.51, 0.68, 0.53, 0.54, 0.52, 0.56, 0.57, 0.52, 0.55, 0.53, 0.52, 0.56, 0.57, 0.56]",bz_10,"cluster_6, cluster_6"
bz_10_cluster_6_1mer-bz_10_cluster_6_1mer,seed-9_sample-0,162,0.51,0.6796296296296297,"[0.6, 0.77, 0.65, 0.58, 0.56, 0.86, 0.74, 0.78, 0.82, 0.78, 0.8, 0.77, 0.86, 0.8, 0.76, 0.83, 0.78, 0.76, 0.83, 0.72, 0.66, 0.57, 0.6, 0.77, 0.86, 0.79, 0.8, 0.73, 0.81, 0.76, 0.86, 0.75, 0.77, 0.8, 0.83, 0.77, 0.83, 0.65, 0.72, 0.75, 0.63, 0.58, 0.55, 0.54, 0.66, 0.61, 0.53, 0.61, 0.58, 0.53, 0.59, 0.78, 0.64, 0.62, 0.58, 0.63, 0.7, 0.63, 0.64, 0.7, 0.67, 0.67, 0.51, 0.67, 0.68, 0.62, 0.67, 0.61, 0.53, 0.63, 0.51, 0.67, 0.67, 0.61, 0.59, 0.58, 0.53, 0.56, 0.53, 0.52, 0.56, 0.6, 0.77, 0.63, 0.58, 0.57, 0.86, 0.73, 0.79, 0.81, 0.77, 0.8, 0.76, 0.86, 0.8, 0.75, 0.83, 0.77, 0.75, 0.83, 0.72, 0.65, 0.56, 0.6, 0.77, 0.86, 0.78, 0.8, 0.74, 0.82, 0.77, 0.86, 0.76, 0.78, 0.8, 0.83, 0.78, 0.83, 0.66, 0.72, 0.76, 0.65, 0.58, 0.54, 0.55, 0.66, 0.61, 0.53, 0.61, 0.59, 0.53, 0.58, 0.78, 0.62, 0.64, 0.58, 0.64, 0.7, 0.63, 0.63, 0.7, 0.67, 0.68, 0.51, 0.67, 0.67, 0.62, 0.67, 0.61, 0.53, 0.63, 0.51, 0.67, 0.67, 0.61, 0.58, 0.59, 0.52, 0.56, 0.53, 0.53, 0.56]",bz_10,"cluster_6, cluster_6"
bz_10_cluster_6_1mer-bz_10_cluster_6_1mer,seed-4_sample-0,172,0.51,0.6946511627906976,"[0.64, 0.52, 0.59, 0.77, 0.66, 0.65, 0.68, 0.88, 0.78, 0.81, 0.85, 0.82, 0.82, 0.78, 0.88, 0.84, 0.79, 0.86, 0.82, 0.8, 0.86, 0.75, 0.68, 0.52, 0.68, 0.65, 0.77, 0.88, 0.81, 0.82, 0.77, 0.85, 0.78, 0.88, 0.8, 0.82, 0.83, 0.86, 0.81, 0.86, 0.68, 0.75, 0.78, 0.64, 0.59, 0.66, 0.56, 0.57, 0.7, 0.63, 0.55, 0.64, 0.6, 0.55, 0.6, 0.79, 0.66, 0.65, 0.6, 0.65, 0.72, 0.64, 0.64, 0.72, 0.73, 0.69, 0.51, 0.67, 0.7, 0.65, 0.67, 0.61, 0.54, 0.64, 0.51, 0.67, 0.67, 0.62, 0.59, 0.59, 0.52, 0.56, 0.53, 0.52, 0.55, 0.51, 0.65, 0.52, 0.59, 0.77, 0.64, 0.66, 0.68, 0.88, 0.77, 0.81, 0.85, 0.82, 0.82, 0.78, 0.88, 0.83, 0.78, 0.86, 0.81, 0.8, 0.86, 0.75, 0.68, 0.52, 0.68, 0.64, 0.77, 0.88, 0.81, 0.82, 0.78, 0.85, 0.78, 0.88, 0.8, 0.82, 0.84, 0.86, 0.82, 0.86, 0.68, 0.75, 0.79, 0.66, 0.59, 0.65, 0.57, 0.56, 0.7, 0.64, 0.55, 0.63, 0.6, 0.55, 0.6, 0.79, 0.65, 0.66, 0.6, 0.64, 0.72, 0.64, 0.65, 0.72, 0.73, 0.7, 0.51, 0.67, 0.69, 0.65, 0.67, 0.62, 0.53, 0.64, 0.51, 0.67, 0.67, 0.61, 0.59, 0.59, 0.52, 0.55, 0.54, 0.52, 0.56, 0.51]",bz_10,"cluster_6, cluster_6"
bz_10_cluster_6_1mer-bz_10_cluster_6_1mer,seed-2_sample-0,176,0.51,0.6979545454545455,"[0.51, 0.62, 0.57, 0.8, 0.75, 0.66, 0.87, 0.76, 0.54, 0.8, 0.83, 0.81, 0.82, 0.78, 0.87, 0.82, 0.76, 0.84, 0.8, 0.77, 0.86, 0.74, 0.71, 0.8, 0.87, 0.8, 0.82, 0.76, 0.82, 0.78, 0.87, 0.78, 0.8, 0.83, 0.84, 0.79, 0.86, 0.71, 0.74, 0.76, 0.62, 0.75, 0.54, 0.57, 0.65, 0.52, 0.6, 0.6, 0.72, 0.66, 0.57, 0.66, 0.63, 0.57, 0.65, 0.82, 0.67, 0.68, 0.62, 0.67, 0.74, 0.66, 0.67, 0.74, 0.73, 0.72, 0.54, 0.71, 0.72, 0.65, 0.69, 0.64, 0.57, 0.66, 0.55, 0.7, 0.7, 0.63, 0.63, 0.52, 0.62, 0.57, 0.6, 0.57, 0.56, 0.51, 0.6, 0.53, 0.62, 0.57, 0.8, 0.75, 0.65, 0.87, 0.76, 0.54, 0.8, 0.82, 0.8, 0.82, 0.78, 0.87, 0.83, 0.76, 0.84, 0.79, 0.78, 0.86, 0.74, 0.71, 0.51, 0.8, 0.87, 0.8, 0.82, 0.76, 0.83, 0.78, 0.87, 0.77, 0.81, 0.82, 0.84, 0.8, 0.86, 0.71, 0.74, 0.76, 0.62, 0.75, 0.54, 0.57, 0.66, 0.52, 0.6, 0.6, 0.72, 0.66, 0.57, 0.66, 0.65, 0.57, 0.63, 0.82, 0.68, 0.67, 0.62, 0.67, 0.74, 0.66, 0.67, 0.74, 0.73, 0.72, 0.55, 0.7, 0.72, 0.65, 0.7, 0.63, 0.57, 0.66, 0.54, 0.69, 0.71, 0.64, 0.62, 0.51, 0.63, 0.56, 0.6, 0.57, 0.57, 0.52, 0.6, 0.53]",bz_10,"cluster_6, cluster_6"
bz_10_cluster_6_1mer-bz_10_cluster_6_1mer,seed-5_sample-0,172,0.51,0.7052325581395349,"[0.6, 0.8, 0.73, 0.65, 0.64, 0.88, 0.78, 0.82, 0.84, 0.83, 0.82, 0.79, 0.88, 0.84, 0.77, 0.86, 0.81, 0.79, 0.87, 0.75, 0.7, 0.64, 0.59, 0.8, 0.88, 0.81, 0.82, 0.78, 0.84, 0.79, 0.87, 0.8, 0.82, 0.84, 0.86, 0.81, 0.87, 0.71, 0.76, 0.77, 0.74, 0.51, 0.64, 0.6, 0.6, 0.71, 0.66, 0.57, 0.66, 0.64, 0.57, 0.64, 0.81, 0.68, 0.68, 0.62, 0.67, 0.74, 0.66, 0.67, 0.74, 0.74, 0.71, 0.54, 0.7, 0.71, 0.66, 0.7, 0.64, 0.56, 0.66, 0.54, 0.69, 0.7, 0.64, 0.51, 0.62, 0.51, 0.62, 0.54, 0.6, 0.55, 0.54, 0.51, 0.6, 0.54, 0.59, 0.51, 0.8, 0.74, 0.64, 0.64, 0.88, 0.78, 0.81, 0.84, 0.82, 0.82, 0.79, 0.87, 0.84, 0.77, 0.86, 0.81, 0.8, 0.87, 0.76, 0.71, 0.64, 0.6, 0.8, 0.88, 0.82, 0.82, 0.78, 0.84, 0.79, 0.88, 0.79, 0.83, 0.84, 0.86, 0.81, 0.87, 0.7, 0.75, 0.77, 0.73, 0.65, 0.6, 0.6, 0.71, 0.66, 0.57, 0.66, 0.64, 0.57, 0.64, 0.81, 0.68, 0.68, 0.62, 0.67, 0.74, 0.66, 0.67, 0.74, 0.74, 0.71, 0.54, 0.7, 0.71, 0.66, 0.69, 0.64, 0.55, 0.66, 0.54, 0.7, 0.7, 0.64, 0.51, 0.62, 0.51, 0.62, 0.54, 0.6, 0.56, 0.54, 0.51, 0.6, 0.54]",bz_10,"cluster_6, cluster_6"
bz_10_cluster_6_1mer-bz_10_cluster_6_1mer,seed-6_sample-0,186,0.51,0.6781720430107527,"[0.55, 0.51, 0.72, 0.68, 0.59, 0.6, 0.84, 0.72, 0.76, 0.79, 0.74, 0.78, 0.73, 0.82, 0.78, 0.74, 0.79, 0.73, 0.73, 0.78, 0.69, 0.65, 0.6, 0.55, 0.73, 0.84, 0.77, 0.79, 0.72, 0.8, 0.73, 0.82, 0.73, 0.74, 0.78, 0.79, 0.72, 0.79, 0.66, 0.7, 0.73, 0.68, 0.51, 0.6, 0.55, 0.62, 0.61, 0.73, 0.68, 0.59, 0.68, 0.67, 0.59, 0.67, 0.84, 0.71, 0.72, 0.63, 0.69, 0.77, 0.67, 0.52, 0.69, 0.77, 0.52, 0.51, 0.8, 0.74, 0.57, 0.73, 0.74, 0.68, 0.72, 0.67, 0.58, 0.68, 0.57, 0.72, 0.73, 0.66, 0.54, 0.65, 0.56, 0.64, 0.58, 0.62, 0.59, 0.58, 0.56, 0.62, 0.59, 0.51, 0.51, 0.55, 0.51, 0.73, 0.68, 0.6, 0.6, 0.84, 0.72, 0.77, 0.8, 0.74, 0.79, 0.73, 0.82, 0.78, 0.73, 0.79, 0.72, 0.73, 0.79, 0.7, 0.66, 0.6, 0.55, 0.72, 0.84, 0.76, 0.78, 0.72, 0.79, 0.73, 0.82, 0.73, 0.74, 0.78, 0.79, 0.73, 0.78, 0.65, 0.69, 0.74, 0.68, 0.51, 0.59, 0.55, 0.61, 0.62, 0.73, 0.68, 0.59, 0.68, 0.67, 0.59, 0.67, 0.84, 0.72, 0.71, 0.63, 0.69, 0.77, 0.68, 0.52, 0.69, 0.51, 0.77, 0.52, 0.8, 0.74, 0.57, 0.73, 0.74, 0.68, 0.72, 0.66, 0.59, 0.67, 0.57, 0.72, 0.73, 0.67, 0.54, 0.64, 0.56, 0.65, 0.58, 0.62, 0.58, 0.58, 0.56, 0.62, 0.59, 0.51, 0.51]",bz_10,"cluster_6, cluster_6"
bz_10_cluster_6_1mer-bz_10_cluster_6_1mer,seed-3_sample-0,166,0.51,0.6939759036144579,"[0.68, 0.59, 0.78, 0.78, 0.68, 0.87, 0.76, 0.63, 0.8, 0.82, 0.79, 0.82, 0.77, 0.86, 0.82, 0.75, 0.83, 0.79, 0.78, 0.85, 0.74, 0.71, 0.78, 0.86, 0.8, 0.81, 0.76, 0.82, 0.78, 0.86, 0.78, 0.79, 0.82, 0.84, 0.79, 0.85, 0.71, 0.75, 0.75, 0.68, 0.78, 0.63, 0.6, 0.67, 0.54, 0.54, 0.68, 0.62, 0.53, 0.61, 0.6, 0.53, 0.6, 0.77, 0.63, 0.63, 0.59, 0.64, 0.71, 0.63, 0.63, 0.7, 0.69, 0.67, 0.51, 0.66, 0.68, 0.63, 0.66, 0.61, 0.53, 0.64, 0.51, 0.66, 0.67, 0.61, 0.58, 0.58, 0.54, 0.56, 0.53, 0.53, 0.56, 0.68, 0.6, 0.78, 0.78, 0.67, 0.86, 0.76, 0.63, 0.8, 0.82, 0.79, 0.81, 0.78, 0.86, 0.82, 0.75, 0.84, 0.79, 0.78, 0.85, 0.75, 0.71, 0.78, 0.87, 0.8, 0.82, 0.76, 0.82, 0.77, 0.86, 0.78, 0.79, 0.82, 0.83, 0.79, 0.85, 0.71, 0.74, 0.75, 0.68, 0.78, 0.63, 0.59, 0.68, 0.54, 0.54, 0.68, 0.61, 0.53, 0.62, 0.6, 0.53, 0.6, 0.77, 0.63, 0.63, 0.59, 0.63, 0.7, 0.64, 0.64, 0.71, 0.69, 0.68, 0.51, 0.67, 0.67, 0.63, 0.66, 0.61, 0.53, 0.63, 0.51, 0.66, 0.66, 0.61, 0.58, 0.58, 0.53, 0.56, 0.53, 0.54, 0.56]",bz_10,"cluster_6, cluster_6"
bz_10_cluster_6_1mer-bz_10_cluster_6_1mer,seed-1_sample-0,174,0.51,0.6962068965517242,"[0.54, 0.63, 0.54, 0.79, 0.74, 0.66, 0.87, 0.77, 0.55, 0.81, 0.83, 0.8, 0.81, 0.78, 0.88, 0.83, 0.76, 0.84, 0.8, 0.79, 0.86, 0.76, 0.71, 0.52, 0.81, 0.87, 0.81, 0.82, 0.77, 0.84, 0.78, 0.87, 0.78, 0.81, 0.83, 0.85, 0.8, 0.86, 0.7, 0.75, 0.76, 0.63, 0.75, 0.55, 0.54, 0.66, 0.56, 0.58, 0.7, 0.64, 0.56, 0.65, 0.62, 0.56, 0.63, 0.81, 0.67, 0.67, 0.61, 0.66, 0.74, 0.66, 0.66, 0.73, 0.75, 0.7, 0.54, 0.69, 0.7, 0.64, 0.69, 0.63, 0.55, 0.65, 0.53, 0.68, 0.69, 0.63, 0.61, 0.61, 0.55, 0.58, 0.55, 0.55, 0.51, 0.59, 0.53, 0.52, 0.63, 0.54, 0.81, 0.75, 0.66, 0.87, 0.77, 0.55, 0.81, 0.84, 0.81, 0.82, 0.78, 0.87, 0.83, 0.76, 0.85, 0.8, 0.78, 0.86, 0.75, 0.7, 0.54, 0.79, 0.87, 0.81, 0.81, 0.77, 0.83, 0.78, 0.88, 0.79, 0.8, 0.83, 0.84, 0.8, 0.86, 0.71, 0.76, 0.76, 0.63, 0.74, 0.55, 0.54, 0.66, 0.58, 0.56, 0.7, 0.65, 0.56, 0.64, 0.63, 0.56, 0.62, 0.81, 0.67, 0.67, 0.61, 0.66, 0.73, 0.65, 0.66, 0.74, 0.75, 0.7, 0.53, 0.69, 0.7, 0.64, 0.68, 0.63, 0.55, 0.66, 0.54, 0.69, 0.69, 0.63, 0.61, 0.51, 0.61, 0.55, 0.59, 0.55, 0.55, 0.58, 0.53]",bz_10,"cluster_6, cluster_6"
bz_10_cluster_6_1mer-bz_10_cluster_6_1mer,seed-7_sample-0,174,0.51,0.7001149425287356,"[0.67, 0.58, 0.79, 0.76, 0.7, 0.87, 0.77, 0.61, 0.8, 0.83, 0.8, 0.82, 0.78, 0.87, 0.82, 0.77, 0.84, 0.81, 0.78, 0.85, 0.75, 0.72, 0.8, 0.87, 0.81, 0.82, 0.77, 0.83, 0.78, 0.87, 0.78, 0.8, 0.82, 0.84, 0.79, 0.86, 0.72, 0.75, 0.76, 0.66, 0.77, 0.61, 0.59, 0.69, 0.57, 0.56, 0.69, 0.64, 0.56, 0.64, 0.62, 0.55, 0.62, 0.79, 0.66, 0.66, 0.63, 0.67, 0.73, 0.65, 0.65, 0.74, 0.75, 0.7, 0.54, 0.7, 0.71, 0.66, 0.69, 0.63, 0.56, 0.66, 0.53, 0.68, 0.7, 0.63, 0.51, 0.62, 0.51, 0.62, 0.55, 0.6, 0.55, 0.55, 0.52, 0.59, 0.54, 0.66, 0.59, 0.8, 0.77, 0.69, 0.87, 0.77, 0.61, 0.81, 0.83, 0.8, 0.82, 0.78, 0.87, 0.82, 0.76, 0.84, 0.79, 0.78, 0.86, 0.75, 0.72, 0.79, 0.87, 0.8, 0.82, 0.77, 0.83, 0.78, 0.87, 0.78, 0.8, 0.82, 0.84, 0.81, 0.85, 0.72, 0.75, 0.77, 0.67, 0.76, 0.61, 0.58, 0.7, 0.56, 0.57, 0.69, 0.64, 0.55, 0.64, 0.62, 0.56, 0.62, 0.79, 0.66, 0.66, 0.63, 0.65, 0.74, 0.66, 0.67, 0.73, 0.75, 0.71, 0.53, 0.7, 0.7, 0.66, 0.68, 0.63, 0.55, 0.65, 0.54, 0.69, 0.7, 0.63, 0.51, 0.62, 0.52, 0.62, 0.55, 0.59, 0.56, 0.55, 0.51, 0.6, 0.54]",bz_10,"cluster_6, cluster_6"
bz_10_cluster_0_1mer-bz_10_cluster_0_1mer,seed-8_sample-0,44,0.52,0.6095454545454545,"[0.64, 0.6, 0.52, 0.53, 0.7, 0.65, 0.53, 0.73, 0.65, 0.69, 0.53, 0.63, 0.6, 0.65, 0.58, 0.64, 0.55, 0.65, 0.59, 0.54, 0.66, 0.55, 0.63, 0.6, 0.52, 0.53, 0.69, 0.65, 0.53, 0.73, 0.65, 0.7, 0.54, 0.64, 0.6, 0.65, 0.59, 0.66, 0.55, 0.65, 0.58, 0.53, 0.64, 0.55]",bz_10,"cluster_0, cluster_0"
bz_10_cluster_0_1mer-bz_10_cluster_0_1mer,seed-10_sample-0,44,0.54,0.6331818181818183,"[0.66, 0.62, 0.56, 0.55, 0.72, 0.67, 0.54, 0.73, 0.67, 0.71, 0.57, 0.66, 0.61, 0.67, 0.62, 0.66, 0.59, 0.67, 0.62, 0.57, 0.66, 0.6, 0.66, 0.61, 0.56, 0.54, 0.71, 0.67, 0.55, 0.73, 0.67, 0.72, 0.57, 0.66, 0.62, 0.67, 0.62, 0.66, 0.6, 0.67, 0.62, 0.57, 0.66, 0.59]",bz_10,"cluster_0, cluster_0"
bz_10_cluster_0_1mer-bz_10_cluster_0_1mer,seed-9_sample-0,44,0.54,0.6272727272727272,"[0.65, 0.62, 0.54, 0.54, 0.72, 0.67, 0.54, 0.74, 0.67, 0.71, 0.56, 0.65, 0.61, 0.66, 0.6, 0.65, 0.58, 0.67, 0.61, 0.56, 0.66, 0.59, 0.65, 0.61, 0.54, 0.54, 0.71, 0.66, 0.54, 0.74, 0.67, 0.72, 0.56, 0.65, 0.62, 0.67, 0.61, 0.66, 0.59, 0.67, 0.6, 0.56, 0.65, 0.58]",bz_10,"cluster_0, cluster_0"
bz_10_cluster_0_1mer-bz_10_cluster_0_1mer,seed-4_sample-0,44,0.55,0.6368181818181818,"[0.67, 0.63, 0.56, 0.55, 0.72, 0.68, 0.56, 0.72, 0.67, 0.71, 0.56, 0.65, 0.62, 0.68, 0.63, 0.66, 0.6, 0.67, 0.63, 0.58, 0.66, 0.6, 0.65, 0.62, 0.56, 0.56, 0.71, 0.68, 0.55, 0.72, 0.67, 0.72, 0.58, 0.67, 0.63, 0.68, 0.63, 0.66, 0.6, 0.67, 0.63, 0.56, 0.66, 0.6]",bz_10,"cluster_0, cluster_0"
bz_10_cluster_0_1mer-bz_10_cluster_0_1mer,seed-2_sample-0,44,0.52,0.6095454545454545,"[0.64, 0.6, 0.52, 0.52, 0.7, 0.66, 0.52, 0.72, 0.65, 0.68, 0.54, 0.62, 0.6, 0.65, 0.59, 0.63, 0.57, 0.65, 0.59, 0.54, 0.65, 0.57, 0.62, 0.6, 0.52, 0.52, 0.68, 0.65, 0.52, 0.72, 0.65, 0.7, 0.54, 0.64, 0.6, 0.66, 0.59, 0.65, 0.57, 0.65, 0.59, 0.54, 0.63, 0.57]",bz_10,"cluster_0, cluster_0"
bz_10_cluster_0_1mer-bz_10_cluster_0_1mer,seed-5_sample-0,44,0.53,0.6281818181818182,"[0.66, 0.62, 0.54, 0.53, 0.71, 0.67, 0.54, 0.73, 0.66, 0.7, 0.56, 0.65, 0.62, 0.66, 0.61, 0.66, 0.6, 0.66, 0.62, 0.56, 0.66, 0.6, 0.65, 0.62, 0.54, 0.54, 0.7, 0.66, 0.53, 0.73, 0.66, 0.71, 0.56, 0.66, 0.62, 0.67, 0.62, 0.66, 0.6, 0.66, 0.61, 0.56, 0.66, 0.6]",bz_10,"cluster_0, cluster_0"
bz_10_cluster_0_1mer-bz_10_cluster_0_1mer,seed-6_sample-0,44,0.54,0.6304545454545454,"[0.66, 0.62, 0.54, 0.55, 0.71, 0.67, 0.54, 0.73, 0.66, 0.71, 0.56, 0.65, 0.63, 0.67, 0.61, 0.66, 0.61, 0.66, 0.62, 0.56, 0.66, 0.59, 0.65, 0.63, 0.54, 0.54, 0.71, 0.67, 0.55, 0.73, 0.66, 0.71, 0.56, 0.66, 0.62, 0.67, 0.62, 0.66, 0.59, 0.66, 0.61, 0.56, 0.66, 0.61]",bz_10,"cluster_0, cluster_0"
bz_10_cluster_0_1mer-bz_10_cluster_0_1mer,seed-3_sample-0,44,0.53,0.6227272727272727,"[0.66, 0.61, 0.53, 0.53, 0.71, 0.65, 0.54, 0.73, 0.66, 0.7, 0.55, 0.65, 0.62, 0.67, 0.6, 0.65, 0.58, 0.66, 0.61, 0.56, 0.65, 0.58, 0.65, 0.62, 0.53, 0.54, 0.7, 0.67, 0.53, 0.73, 0.66, 0.71, 0.56, 0.66, 0.61, 0.65, 0.61, 0.65, 0.58, 0.66, 0.6, 0.55, 0.65, 0.58]",bz_10,"cluster_0, cluster_0"
bz_10_cluster_0_1mer-bz_10_cluster_0_1mer,seed-1_sample-0,44,0.52,0.6168181818181818,"[0.64, 0.61, 0.54, 0.53, 0.71, 0.66, 0.52, 0.71, 0.65, 0.7, 0.55, 0.63, 0.61, 0.65, 0.59, 0.64, 0.58, 0.66, 0.6, 0.55, 0.66, 0.58, 0.63, 0.61, 0.54, 0.52, 0.7, 0.65, 0.53, 0.71, 0.66, 0.71, 0.55, 0.64, 0.61, 0.66, 0.6, 0.66, 0.58, 0.65, 0.59, 0.55, 0.64, 0.58]",bz_10,"cluster_0, cluster_0"
bz_10_cluster_0_1mer-bz_10_cluster_0_1mer,seed-7_sample-0,44,0.53,0.6295454545454545,"[0.66, 0.62, 0.53, 0.53, 0.73, 0.66, 0.55, 0.74, 0.67, 0.7, 0.56, 0.65, 0.62, 0.67, 0.61, 0.65, 0.6, 0.67, 0.62, 0.56, 0.65, 0.6, 0.65, 0.62, 0.53, 0.55, 0.7, 0.67, 0.53, 0.74, 0.67, 0.73, 0.56, 0.66, 0.62, 0.66, 0.62, 0.65, 0.6, 0.67, 0.61, 0.56, 0.65, 0.6]",bz_10,"cluster_0, cluster_0"
bz_10_cluster_7_1mer-bz_10_cluster_7_1mer,seed-8_sample-0,0,,,,bz_10,"cluster_7, cluster_7"
bz_10_cluster_7_1mer-bz_10_cluster_7_1mer,seed-10_sample-0,0,,,,bz_10,"cluster_7, cluster_7"
bz_10_cluster_7_1mer-bz_10_cluster_7_1mer,seed-9_sample-0,0,,,,bz_10,"cluster_7, cluster_7"
bz_10_cluster_7_1mer-bz_10_cluster_7_1mer,seed-4_sample-0,0,,,,bz_10,"cluster_7, cluster_7"
bz_10_cluster_7_1mer-bz_10_cluster_7_1mer,seed-2_sample-0,0,,,,bz_10,"cluster_7, cluster_7"
bz_10_cluster_7_1mer-bz_10_cluster_7_1mer,seed-5_sample-0,0,,,,bz_10,"cluster_7, cluster_7"
bz_10_cluster_7_1mer-bz_10_cluster_7_1mer,seed-6_sample-0,0,,,,bz_10,"cluster_7, cluster_7"
bz_10_cluster_7_1mer-bz_10_cluster_7_1mer,seed-3_sample-0,0,,,,bz_10,"cluster_7, cluster_7"
bz_10_cluster_7_1mer-bz_10_cluster_7_1mer,seed-1_sample-0,0,,,,bz_10,"cluster_7, cluster_7"
bz_10_cluster_7_1mer-bz_10_cluster_7_1mer,seed-7_sample-0,0,,,,bz_10,"cluster_7, cluster_7"
bz_10_cluster_8_1mer-bz_10_cluster_8_1mer,seed-8_sample-0,40,0.53,0.805,"[0.53, 0.91, 0.88, 0.85, 0.81, 0.86, 0.91, 0.8, 0.92, 0.88, 0.53, 0.88, 0.86, 0.88, 0.86, 0.56, 0.89, 0.85, 0.55, 0.89, 0.53, 0.91, 0.88, 0.85, 0.8, 0.86, 0.91, 0.81, 0.92, 0.88, 0.53, 0.88, 0.86, 0.88, 0.86, 0.55, 0.89, 0.85, 0.56, 0.89]",bz_10,"cluster_8, cluster_8"
bz_10_cluster_8_1mer-bz_10_cluster_8_1mer,seed-10_sample-0,40,0.53,0.8039999999999999,"[0.53, 0.91, 0.88, 0.85, 0.81, 0.86, 0.91, 0.81, 0.92, 0.88, 0.53, 0.87, 0.86, 0.88, 0.86, 0.55, 0.89, 0.84, 0.55, 0.89, 0.53, 0.91, 0.87, 0.84, 0.81, 0.86, 0.91, 0.81, 0.92, 0.88, 0.53, 0.88, 0.86, 0.88, 0.86, 0.55, 0.89, 0.85, 0.55, 0.89]",bz_10,"cluster_8, cluster_8"
bz_10_cluster_8_1mer-bz_10_cluster_8_1mer,seed-9_sample-0,40,0.52,0.8015000000000001,"[0.52, 0.91, 0.88, 0.85, 0.8, 0.86, 0.91, 0.8, 0.92, 0.87, 0.52, 0.88, 0.86, 0.88, 0.86, 0.55, 0.88, 0.84, 0.55, 0.89, 0.52, 0.91, 0.88, 0.84, 0.8, 0.86, 0.91, 0.8, 0.92, 0.88, 0.52, 0.88, 0.86, 0.87, 0.86, 0.55, 0.89, 0.85, 0.55, 0.88]",bz_10,"cluster_8, cluster_8"
bz_10_cluster_8_1mer-bz_10_cluster_8_1mer,seed-4_sample-0,40,0.53,0.8015000000000001,"[0.53, 0.91, 0.88, 0.85, 0.8, 0.85, 0.91, 0.8, 0.92, 0.88, 0.53, 0.87, 0.86, 0.88, 0.85, 0.55, 0.88, 0.85, 0.55, 0.88, 0.53, 0.91, 0.87, 0.85, 0.8, 0.86, 0.91, 0.8, 0.92, 0.88, 0.53, 0.88, 0.85, 0.88, 0.85, 0.55, 0.88, 0.85, 0.55, 0.88]",bz_10,"cluster_8, cluster_8"
bz_10_cluster_8_1mer-bz_10_cluster_8_1mer,seed-2_sample-0,40,0.53,0.8019999999999999,"[0.53, 0.91, 0.87, 0.85, 0.81, 0.86, 0.91, 0.8, 0.92, 0.88, 0.53, 0.88, 0.85, 0.88, 0.85, 0.55, 0.88, 0.84, 0.55, 0.89, 0.53, 0.91, 0.88, 0.84, 0.8, 0.85, 0.91, 0.81, 0.92, 0.88, 0.53, 0.87, 0.86, 0.88, 0.85, 0.55, 0.89, 0.85, 0.55, 0.88]",bz_10,"cluster_8, cluster_8"
bz_10_cluster_8_1mer-bz_10_cluster_8_1mer,seed-5_sample-0,40,0.53,0.8019999999999999,"[0.53, 0.91, 0.88, 0.85, 0.8, 0.85, 0.91, 0.8, 0.92, 0.88, 0.53, 0.88, 0.86, 0.88, 0.86, 0.55, 0.88, 0.84, 0.54, 0.89, 0.53, 0.91, 0.88, 0.84, 0.8, 0.86, 0.91, 0.8, 0.92, 0.88, 0.53, 0.88, 0.85, 0.88, 0.86, 0.54, 0.89, 0.85, 0.55, 0.88]",bz_10,"cluster_8, cluster_8"
bz_10_cluster_8_1mer-bz_10_cluster_8_1mer,seed-6_sample-0,40,0.53,0.8039999999999999,"[0.53, 0.91, 0.88, 0.85, 0.8, 0.86, 0.91, 0.81, 0.92, 0.88, 0.53, 0.88, 0.86, 0.88, 0.86, 0.55, 0.89, 0.84, 0.55, 0.89, 0.53, 0.91, 0.88, 0.84, 0.81, 0.86, 0.91, 0.8, 0.92, 0.88, 0.53, 0.88, 0.86, 0.88, 0.86, 0.55, 0.89, 0.85, 0.55, 0.89]",bz_10,"cluster_8, cluster_8"
bz_10_cluster_8_1mer-bz_10_cluster_8_1mer,seed-3_sample-0,40,0.52,0.8015000000000001,"[0.52, 0.91, 0.88, 0.84, 0.8, 0.86, 0.91, 0.8, 0.92, 0.88, 0.52, 0.88, 0.86, 0.88, 0.86, 0.56, 0.89, 0.84, 0.54, 0.88, 0.52, 0.91, 0.88, 0.84, 0.8, 0.86, 0.91, 0.8, 0.92, 0.88, 0.52, 0.88, 0.86, 0.88, 0.86, 0.54, 0.88, 0.84, 0.56, 0.89]",bz_10,"cluster_8, cluster_8"
bz_10_cluster_8_1mer-bz_10_cluster_8_1mer,seed-1_sample-0,40,0.53,0.805,"[0.53, 0.91, 0.88, 0.85, 0.81, 0.86, 0.91, 0.81, 0.93, 0.88, 0.53, 0.88, 0.86, 0.88, 0.86, 0.55, 0.89, 0.84, 0.55, 0.89, 0.53, 0.91, 0.88, 0.84, 0.81, 0.86, 0.91, 0.81, 0.93, 0.88, 0.53, 0.88, 0.86, 0.88, 0.86, 0.55, 0.89, 0.85, 0.55, 0.89]",bz_10,"cluster_8, cluster_8"
bz_10_cluster_8_1mer-bz_10_cluster_8_1mer,seed-7_sample-0,40,0.52,0.8035,"[0.53, 0.91, 0.88, 0.85, 0.81, 0.86, 0.91, 0.8, 0.92, 0.88, 0.52, 0.87, 0.86, 0.88, 0.86, 0.55, 0.89, 0.85, 0.55, 0.89, 0.52, 0.91, 0.87, 0.85, 0.8, 0.86, 0.91, 0.81, 0.92, 0.88, 0.53, 0.88, 0.86, 0.88, 0.86, 0.55, 0.89, 0.85, 0.55, 0.89]",bz_10,"cluster_8, cluster_8"
bz_11_cluster_2_1mer-bz_11_cluster_3_1mer,seed-8_sample-0,0,,,,bz_11,"cluster_2, cluster_3"
bz_11_cluster_2_1mer-bz_11_cluster_3_1mer,seed-10_sample-0,0,,,,bz_11,"cluster_2, cluster_3"
bz_11_cluster_2_1mer-bz_11_cluster_3_1mer,seed-9_sample-0,0,,,,bz_11,"cluster_2, cluster_3"
bz_11_cluster_2_1mer-bz_11_cluster_3_1mer,seed-4_sample-0,0,,,,bz_11,"cluster_2, cluster_3"
bz_11_cluster_2_1mer-bz_11_cluster_3_1mer,seed-2_sample-0,0,,,,bz_11,"cluster_2, cluster_3"
bz_11_cluster_2_1mer-bz_11_cluster_3_1mer,seed-5_sample-0,0,,,,bz_11,"cluster_2, cluster_3"
bz_11_cluster_2_1mer-bz_11_cluster_3_1mer,seed-6_sample-0,0,,,,bz_11,"cluster_2, cluster_3"
bz_11_cluster_2_1mer-bz_11_cluster_3_1mer,seed-3_sample-0,0,,,,bz_11,"cluster_2, cluster_3"
bz_11_cluster_2_1mer-bz_11_cluster_3_1mer,seed-1_sample-0,0,,,,bz_11,"cluster_2, cluster_3"
bz_11_cluster_2_1mer-bz_11_cluster_3_1mer,seed-7_sample-0,0,,,,bz_11,"cluster_2, cluster_3"
bz_11_cluster_2_1mer-bz_11_cluster_1_1mer,seed-8_sample-0,0,,,,bz_11,"cluster_1, cluster_2"
bz_11_cluster_2_1mer-bz_11_cluster_1_1mer,seed-10_sample-0,0,,,,bz_11,"cluster_1, cluster_2"
bz_11_cluster_2_1mer-bz_11_cluster_1_1mer,seed-9_sample-0,0,,,,bz_11,"cluster_1, cluster_2"
bz_11_cluster_2_1mer-bz_11_cluster_1_1mer,seed-4_sample-0,0,,,,bz_11,"cluster_1, cluster_2"
bz_11_cluster_2_1mer-bz_11_cluster_1_1mer,seed-2_sample-0,0,,,,bz_11,"cluster_1, cluster_2"
bz_11_cluster_2_1mer-bz_11_cluster_1_1mer,seed-5_sample-0,0,,,,bz_11,"cluster_1, cluster_2"
bz_11_cluster_2_1mer-bz_11_cluster_1_1mer,seed-6_sample-0,0,,,,bz_11,"cluster_1, cluster_2"
bz_11_cluster_2_1mer-bz_11_cluster_1_1mer,seed-3_sample-0,0,,,,bz_11,"cluster_1, cluster_2"
bz_11_cluster_2_1mer-bz_11_cluster_1_1mer,seed-1_sample-0,0,,,,bz_11,"cluster_1, cluster_2"
bz_11_cluster_2_1mer-bz_11_cluster_1_1mer,seed-7_sample-0,0,,,,bz_11,"cluster_1, cluster_2"
bz_11_cluster_2_1mer-bz_11_cluster_5_1mer,seed-8_sample-0,32,0.51,0.575,"[0.6, 0.53, 0.59, 0.55, 0.62, 0.67, 0.53, 0.6, 0.61, 0.53, 0.6, 0.55, 0.63, 0.55, 0.53, 0.51, 0.53, 0.59, 0.67, 0.55, 0.53, 0.6, 0.61, 0.62, 0.53, 0.55, 0.6, 0.6, 0.63, 0.51, 0.55, 0.53]",bz_11,"cluster_2, cluster_5"
bz_11_cluster_2_1mer-bz_11_cluster_5_1mer,seed-10_sample-0,46,0.52,0.6326086956521738,"[0.59, 0.71, 0.59, 0.7, 0.6, 0.63, 0.56, 0.69, 0.76, 0.6, 0.69, 0.68, 0.59, 0.64, 0.54, 0.62, 0.73, 0.52, 0.65, 0.59, 0.6, 0.61, 0.66, 0.54, 0.59, 0.7, 0.76, 0.6, 0.63, 0.6, 0.56, 0.69, 0.68, 0.69, 0.59, 0.62, 0.64, 0.71, 0.59, 0.73, 0.66, 0.52, 0.61, 0.65, 0.59, 0.6]",bz_11,"cluster_2, cluster_5"
bz_11_cluster_2_1mer-bz_11_cluster_5_1mer,seed-9_sample-0,44,0.55,0.6318181818181817,"[0.59, 0.7, 0.59, 0.68, 0.59, 0.63, 0.55, 0.69, 0.75, 0.59, 0.68, 0.68, 0.59, 0.64, 0.55, 0.62, 0.72, 0.64, 0.59, 0.59, 0.59, 0.65, 0.55, 0.59, 0.68, 0.75, 0.59, 0.63, 0.59, 0.55, 0.68, 0.68, 0.69, 0.59, 0.62, 0.64, 0.7, 0.59, 0.72, 0.65, 0.59, 0.64, 0.59, 0.59]",bz_11,"cluster_2, cluster_5"
bz_11_cluster_2_1mer-bz_11_cluster_5_1mer,seed-4_sample-0,48,0.51,0.6370833333333333,"[0.6, 0.73, 0.59, 0.7, 0.61, 0.64, 0.56, 0.69, 0.76, 0.61, 0.69, 0.7, 0.61, 0.65, 0.56, 0.64, 0.51, 0.73, 0.54, 0.67, 0.6, 0.61, 0.62, 0.67, 0.56, 0.59, 0.7, 0.76, 0.61, 0.64, 0.61, 0.56, 0.69, 0.7, 0.69, 0.61, 0.64, 0.65, 0.73, 0.6, 0.51, 0.73, 0.67, 0.54, 0.62, 0.67, 0.6, 0.61]",bz_11,"cluster_2, cluster_5"
bz_11_cluster_2_1mer-bz_11_cluster_5_1mer,seed-2_sample-0,46,0.51,0.6386956521739132,"[0.59, 0.72, 0.6, 0.69, 0.61, 0.64, 0.56, 0.69, 0.77, 0.61, 0.69, 0.69, 0.6, 0.65, 0.55, 0.63, 0.73, 0.51, 0.66, 0.6, 0.61, 0.62, 0.67, 0.55, 0.6, 0.69, 0.77, 0.61, 0.64, 0.61, 0.56, 0.69, 0.69, 0.69, 0.6, 0.63, 0.65, 0.72, 0.59, 0.73, 0.67, 0.51, 0.62, 0.66, 0.6, 0.61]",bz_11,"cluster_2, cluster_5"
bz_11_cluster_2_1mer-bz_11_cluster_5_1mer,seed-5_sample-0,46,0.51,0.6326086956521739,"[0.59, 0.72, 0.59, 0.69, 0.6, 0.63, 0.55, 0.69, 0.76, 0.6, 0.68, 0.69, 0.59, 0.64, 0.55, 0.63, 0.73, 0.51, 0.65, 0.6, 0.6, 0.6, 0.66, 0.55, 0.59, 0.69, 0.76, 0.6, 0.63, 0.6, 0.55, 0.68, 0.69, 0.69, 0.59, 0.63, 0.64, 0.72, 0.59, 0.73, 0.66, 0.51, 0.6, 0.65, 0.6, 0.6]",bz_11,"cluster_2, cluster_5"
bz_11_cluster_2_1mer-bz_11_cluster_5_1mer,seed-6_sample-0,42,0.51,0.5942857142857143,"[0.52, 0.65, 0.57, 0.67, 0.58, 0.61, 0.53, 0.66, 0.73, 0.57, 0.65, 0.66, 0.56, 0.62, 0.53, 0.59, 0.65, 0.55, 0.54, 0.51, 0.53, 0.53, 0.57, 0.67, 0.73, 0.58, 0.61, 0.57, 0.53, 0.65, 0.66, 0.66, 0.56, 0.59, 0.62, 0.65, 0.52, 0.65, 0.53, 0.55, 0.54, 0.51]",bz_11,"cluster_2, cluster_5"
bz_11_cluster_2_1mer-bz_11_cluster_5_1mer,seed-3_sample-0,32,0.51,0.5700000000000001,"[0.59, 0.52, 0.59, 0.54, 0.62, 0.66, 0.51, 0.6, 0.61, 0.52, 0.59, 0.55, 0.63, 0.55, 0.53, 0.51, 0.52, 0.59, 0.66, 0.54, 0.51, 0.6, 0.61, 0.62, 0.52, 0.55, 0.59, 0.59, 0.63, 0.51, 0.55, 0.53]",bz_11,"cluster_2, cluster_5"
bz_11_cluster_2_1mer-bz_11_cluster_5_1mer,seed-1_sample-0,42,0.51,0.5919047619047619,"[0.51, 0.65, 0.57, 0.65, 0.57, 0.59, 0.53, 0.66, 0.73, 0.57, 0.65, 0.66, 0.56, 0.62, 0.52, 0.59, 0.66, 0.55, 0.55, 0.51, 0.53, 0.52, 0.57, 0.65, 0.73, 0.57, 0.59, 0.57, 0.53, 0.65, 0.66, 0.66, 0.56, 0.59, 0.62, 0.65, 0.51, 0.66, 0.53, 0.55, 0.55, 0.51]",bz_11,"cluster_2, cluster_5"
bz_11_cluster_2_1mer-bz_11_cluster_5_1mer,seed-7_sample-0,46,0.52,0.6191304347826087,"[0.58, 0.69, 0.58, 0.67, 0.59, 0.61, 0.52, 0.67, 0.74, 0.58, 0.66, 0.67, 0.57, 0.63, 0.53, 0.61, 0.72, 0.53, 0.65, 0.58, 0.6, 0.6, 0.66, 0.53, 0.58, 0.67, 0.74, 0.59, 0.61, 0.58, 0.52, 0.66, 0.67, 0.67, 0.57, 0.61, 0.63, 0.69, 0.58, 0.72, 0.66, 0.53, 0.6, 0.65, 0.58, 0.6]",bz_11,"cluster_2, cluster_5"
bz_11_cluster_2_1mer-bz_11_cluster_4_1mer,seed-8_sample-0,16,0.52,0.5874999999999999,"[0.71, 0.55, 0.57, 0.62, 0.53, 0.58, 0.52, 0.62, 0.71, 0.57, 0.52, 0.62, 0.62, 0.55, 0.53, 0.58]",bz_11,"cluster_2, cluster_4"
bz_11_cluster_2_1mer-bz_11_cluster_4_1mer,seed-10_sample-0,14,0.51,0.5757142857142857,"[0.72, 0.52, 0.57, 0.58, 0.51, 0.53, 0.6, 0.72, 0.57, 0.53, 0.6, 0.58, 0.52, 0.51]",bz_11,"cluster_2, cluster_4"
bz_11_cluster_2_1mer-bz_11_cluster_4_1mer,seed-9_sample-0,0,,,,bz_11,"cluster_2, cluster_4"
bz_11_cluster_2_1mer-bz_11_cluster_4_1mer,seed-4_sample-0,0,,,,bz_11,"cluster_2, cluster_4"
bz_11_cluster_2_1mer-bz_11_cluster_4_1mer,seed-2_sample-0,0,,,,bz_11,"cluster_2, cluster_4"
bz_11_cluster_2_1mer-bz_11_cluster_4_1mer,seed-5_sample-0,12,0.51,0.565,"[0.68, 0.55, 0.54, 0.52, 0.51, 0.59, 0.68, 0.55, 0.51, 0.59, 0.54, 0.52]",bz_11,"cluster_2, cluster_4"
bz_11_cluster_2_1mer-bz_11_cluster_4_1mer,seed-6_sample-0,0,,,,bz_11,"cluster_2, cluster_4"
bz_11_cluster_2_1mer-bz_11_cluster_4_1mer,seed-3_sample-0,0,,,,bz_11,"cluster_2, cluster_4"
bz_11_cluster_2_1mer-bz_11_cluster_4_1mer,seed-1_sample-0,14,0.53,0.5757142857142857,"[0.69, 0.53, 0.55, 0.58, 0.55, 0.53, 0.6, 0.69, 0.55, 0.53, 0.6, 0.58, 0.53, 0.55]",bz_11,"cluster_2, cluster_4"
bz_11_cluster_2_1mer-bz_11_cluster_4_1mer,seed-7_sample-0,16,0.51,0.5700000000000001,"[0.69, 0.54, 0.55, 0.59, 0.52, 0.56, 0.51, 0.6, 0.69, 0.55, 0.51, 0.6, 0.59, 0.54, 0.52, 0.56]",bz_11,"cluster_2, cluster_4"
bz_11_cluster_2_1mer-bz_11_cluster_0_1mer,seed-8_sample-0,0,,,,bz_11,"cluster_0, cluster_2"
bz_11_cluster_2_1mer-bz_11_cluster_0_1mer,seed-10_sample-0,0,,,,bz_11,"cluster_0, cluster_2"
bz_11_cluster_2_1mer-bz_11_cluster_0_1mer,seed-9_sample-0,0,,,,bz_11,"cluster_0, cluster_2"
bz_11_cluster_2_1mer-bz_11_cluster_0_1mer,seed-4_sample-0,0,,,,bz_11,"cluster_0, cluster_2"
bz_11_cluster_2_1mer-bz_11_cluster_0_1mer,seed-2_sample-0,0,,,,bz_11,"cluster_0, cluster_2"
bz_11_cluster_2_1mer-bz_11_cluster_0_1mer,seed-5_sample-0,0,,,,bz_11,"cluster_0, cluster_2"
bz_11_cluster_2_1mer-bz_11_cluster_0_1mer,seed-6_sample-0,0,,,,bz_11,"cluster_0, cluster_2"
bz_11_cluster_2_1mer-bz_11_cluster_0_1mer,seed-3_sample-0,0,,,,bz_11,"cluster_0, cluster_2"
bz_11_cluster_2_1mer-bz_11_cluster_0_1mer,seed-1_sample-0,0,,,,bz_11,"cluster_0, cluster_2"
bz_11_cluster_2_1mer-bz_11_cluster_0_1mer,seed-7_sample-0,0,,,,bz_11,"cluster_0, cluster_2"
bz_11_cluster_2_1mer-bz_11_cluster_7_1mer,seed-8_sample-0,0,,,,bz_11,"cluster_2, cluster_7"
bz_11_cluster_2_1mer-bz_11_cluster_7_1mer,seed-10_sample-0,0,,,,bz_11,"cluster_2, cluster_7"
bz_11_cluster_2_1mer-bz_11_cluster_7_1mer,seed-9_sample-0,0,,,,bz_11,"cluster_2, cluster_7"
bz_11_cluster_2_1mer-bz_11_cluster_7_1mer,seed-4_sample-0,0,,,,bz_11,"cluster_2, cluster_7"
bz_11_cluster_2_1mer-bz_11_cluster_7_1mer,seed-2_sample-0,0,,,,bz_11,"cluster_2, cluster_7"
bz_11_cluster_2_1mer-bz_11_cluster_7_1mer,seed-5_sample-0,0,,,,bz_11,"cluster_2, cluster_7"
bz_11_cluster_2_1mer-bz_11_cluster_7_1mer,seed-6_sample-0,0,,,,bz_11,"cluster_2, cluster_7"
bz_11_cluster_2_1mer-bz_11_cluster_7_1mer,seed-3_sample-0,0,,,,bz_11,"cluster_2, cluster_7"
bz_11_cluster_2_1mer-bz_11_cluster_7_1mer,seed-1_sample-0,0,,,,bz_11,"cluster_2, cluster_7"
bz_11_cluster_2_1mer-bz_11_cluster_7_1mer,seed-7_sample-0,0,,,,bz_11,"cluster_2, cluster_7"
bz_11_cluster_2_1mer-bz_11_cluster_8_1mer,seed-8_sample-0,0,,,,bz_11,"cluster_2, cluster_8"
bz_11_cluster_2_1mer-bz_11_cluster_8_1mer,seed-10_sample-0,0,,,,bz_11,"cluster_2, cluster_8"
bz_11_cluster_2_1mer-bz_11_cluster_8_1mer,seed-9_sample-0,0,,,,bz_11,"cluster_2, cluster_8"
bz_11_cluster_2_1mer-bz_11_cluster_8_1mer,seed-4_sample-0,0,,,,bz_11,"cluster_2, cluster_8"
bz_11_cluster_2_1mer-bz_11_cluster_8_1mer,seed-2_sample-0,0,,,,bz_11,"cluster_2, cluster_8"
bz_11_cluster_2_1mer-bz_11_cluster_8_1mer,seed-5_sample-0,0,,,,bz_11,"cluster_2, cluster_8"
bz_11_cluster_2_1mer-bz_11_cluster_8_1mer,seed-6_sample-0,0,,,,bz_11,"cluster_2, cluster_8"
bz_11_cluster_2_1mer-bz_11_cluster_8_1mer,seed-3_sample-0,0,,,,bz_11,"cluster_2, cluster_8"
bz_11_cluster_2_1mer-bz_11_cluster_8_1mer,seed-1_sample-0,0,,,,bz_11,"cluster_2, cluster_8"
bz_11_cluster_2_1mer-bz_11_cluster_8_1mer,seed-7_sample-0,0,,,,bz_11,"cluster_2, cluster_8"
bz_11_cluster_3_1mer-bz_11_cluster_1_1mer,seed-8_sample-0,86,0.6,0.844186046511628,"[0.62, 0.61, 0.65, 0.95, 0.92, 0.93, 0.65, 0.9, 0.94, 0.97, 0.95, 0.94, 0.74, 0.67, 0.84, 0.6, 0.91, 0.67, 0.84, 0.87, 0.69, 0.67, 0.9, 0.9, 0.96, 0.84, 0.67, 0.95, 0.96, 0.93, 0.96, 0.91, 0.86, 0.92, 0.92, 0.91, 0.8, 0.94, 0.96, 0.91, 0.95, 0.92, 0.7, 0.9, 0.94, 0.92, 0.97, 0.94, 0.95, 0.93, 0.95, 0.94, 0.65, 0.96, 0.91, 0.67, 0.92, 0.91, 0.95, 0.91, 0.95, 0.61, 0.96, 0.96, 0.92, 0.92, 0.7, 0.84, 0.93, 0.67, 0.67, 0.96, 0.8, 0.9, 0.91, 0.74, 0.84, 0.84, 0.87, 0.9, 0.86, 0.67, 0.6, 0.69, 0.62, 0.65]",bz_11,"cluster_1, cluster_3"
bz_11_cluster_3_1mer-bz_11_cluster_1_1mer,seed-10_sample-0,86,0.59,0.8448837209302326,"[0.63, 0.61, 0.66, 0.94, 0.92, 0.94, 0.65, 0.89, 0.93, 0.97, 0.95, 0.94, 0.74, 0.67, 0.84, 0.59, 0.91, 0.67, 0.84, 0.87, 0.7, 0.68, 0.9, 0.9, 0.96, 0.84, 0.69, 0.95, 0.96, 0.93, 0.96, 0.92, 0.86, 0.92, 0.92, 0.91, 0.8, 0.93, 0.96, 0.92, 0.95, 0.92, 0.69, 0.89, 0.93, 0.92, 0.97, 0.94, 0.94, 0.94, 0.95, 0.93, 0.65, 0.96, 0.91, 0.69, 0.92, 0.92, 0.95, 0.91, 0.95, 0.61, 0.96, 0.96, 0.92, 0.92, 0.69, 0.84, 0.93, 0.67, 0.68, 0.96, 0.8, 0.9, 0.92, 0.74, 0.84, 0.84, 0.87, 0.9, 0.86, 0.67, 0.59, 0.7, 0.63, 0.66]",bz_11,"cluster_1, cluster_3"
bz_11_cluster_3_1mer-bz_11_cluster_1_1mer,seed-9_sample-0,86,0.59,0.846046511627907,"[0.63, 0.62, 0.66, 0.95, 0.92, 0.94, 0.65, 0.9, 0.94, 0.97, 0.95, 0.94, 0.75, 0.67, 0.85, 0.59, 0.91, 0.66, 0.84, 0.87, 0.69, 0.67, 0.9, 0.9, 0.96, 0.84, 0.69, 0.95, 0.96, 0.93, 0.96, 0.92, 0.87, 0.92, 0.92, 0.91, 0.8, 0.93, 0.96, 0.92, 0.95, 0.92, 0.7, 0.9, 0.94, 0.92, 0.97, 0.94, 0.95, 0.94, 0.95, 0.93, 0.65, 0.96, 0.91, 0.69, 0.92, 0.92, 0.95, 0.91, 0.95, 0.62, 0.96, 0.96, 0.92, 0.92, 0.7, 0.84, 0.93, 0.66, 0.67, 0.96, 0.8, 0.9, 0.92, 0.75, 0.85, 0.84, 0.87, 0.9, 0.87, 0.67, 0.59, 0.69, 0.63, 0.66]",bz_11,"cluster_1, cluster_3"
bz_11_cluster_3_1mer-bz_11_cluster_1_1mer,seed-4_sample-0,86,0.59,0.8437209302325581,"[0.62, 0.62, 0.66, 0.95, 0.92, 0.93, 0.64, 0.89, 0.94, 0.97, 0.95, 0.94, 0.74, 0.67, 0.84, 0.59, 0.91, 0.68, 0.83, 0.87, 0.69, 0.67, 0.9, 0.9, 0.96, 0.84, 0.67, 0.95, 0.96, 0.93, 0.96, 0.91, 0.86, 0.92, 0.92, 0.91, 0.8, 0.94, 0.96, 0.91, 0.95, 0.92, 0.69, 0.89, 0.94, 0.92, 0.97, 0.94, 0.95, 0.93, 0.95, 0.94, 0.64, 0.96, 0.91, 0.67, 0.92, 0.91, 0.95, 0.91, 0.95, 0.62, 0.96, 0.96, 0.92, 0.92, 0.69, 0.84, 0.93, 0.68, 0.67, 0.96, 0.8, 0.9, 0.91, 0.74, 0.84, 0.83, 0.87, 0.9, 0.86, 0.67, 0.59, 0.69, 0.62, 0.66]",bz_11,"cluster_1, cluster_3"
bz_11_cluster_3_1mer-bz_11_cluster_1_1mer,seed-2_sample-0,86,0.59,0.8481395348837211,"[0.62, 0.63, 0.66, 0.95, 0.92, 0.94, 0.66, 0.9, 0.94, 0.97, 0.95, 0.94, 0.75, 0.68, 0.85, 0.59, 0.91, 0.67, 0.84, 0.87, 0.7, 0.68, 0.9, 0.9, 0.96, 0.84, 0.68, 0.95, 0.96, 0.93, 0.97, 0.92, 0.86, 0.93, 0.93, 0.91, 0.8, 0.94, 0.97, 0.92, 0.95, 0.92, 0.71, 0.9, 0.94, 0.92, 0.97, 0.94, 0.95, 0.94, 0.95, 0.94, 0.66, 0.97, 0.91, 0.68, 0.93, 0.92, 0.95, 0.91, 0.95, 0.63, 0.96, 0.96, 0.93, 0.92, 0.71, 0.84, 0.93, 0.67, 0.68, 0.97, 0.8, 0.9, 0.92, 0.75, 0.85, 0.84, 0.87, 0.9, 0.86, 0.68, 0.59, 0.7, 0.62, 0.66]",bz_11,"cluster_1, cluster_3"
bz_11_cluster_3_1mer-bz_11_cluster_1_1mer,seed-5_sample-0,88,0.51,0.8359090909090909,"[0.61, 0.62, 0.65, 0.94, 0.51, 0.92, 0.93, 0.65, 0.89, 0.93, 0.97, 0.95, 0.94, 0.74, 0.68, 0.85, 0.6, 0.91, 0.67, 0.83, 0.88, 0.7, 0.67, 0.9, 0.9, 0.96, 0.84, 0.68, 0.94, 0.96, 0.93, 0.96, 0.91, 0.86, 0.92, 0.92, 0.91, 0.8, 0.93, 0.96, 0.91, 0.95, 0.92, 0.68, 0.89, 0.51, 0.93, 0.92, 0.97, 0.94, 0.94, 0.93, 0.95, 0.93, 0.65, 0.96, 0.91, 0.68, 0.92, 0.91, 0.94, 0.91, 0.95, 0.62, 0.96, 0.96, 0.92, 0.92, 0.68, 0.84, 0.93, 0.67, 0.67, 0.96, 0.8, 0.9, 0.91, 0.74, 0.85, 0.83, 0.88, 0.9, 0.86, 0.68, 0.6, 0.7, 0.61, 0.65]",bz_11,"cluster_1, cluster_3"
bz_11_cluster_3_1mer-bz_11_cluster_1_1mer,seed-6_sample-0,86,0.59,0.8469767441860465,"[0.62, 0.61, 0.66, 0.95, 0.92, 0.94, 0.65, 0.9, 0.94, 0.97, 0.95, 0.94, 0.75, 0.67, 0.85, 0.59, 0.91, 0.68, 0.84, 0.88, 0.69, 0.68, 0.9, 0.9, 0.96, 0.84, 0.69, 0.95, 0.96, 0.93, 0.97, 0.92, 0.87, 0.92, 0.92, 0.91, 0.8, 0.94, 0.96, 0.91, 0.95, 0.93, 0.7, 0.9, 0.94, 0.92, 0.97, 0.94, 0.95, 0.94, 0.95, 0.94, 0.65, 0.96, 0.91, 0.69, 0.92, 0.91, 0.95, 0.91, 0.95, 0.61, 0.96, 0.96, 0.92, 0.93, 0.7, 0.84, 0.93, 0.68, 0.68, 0.97, 0.8, 0.9, 0.92, 0.75, 0.85, 0.84, 0.88, 0.9, 0.87, 0.67, 0.59, 0.69, 0.62, 0.66]",bz_11,"cluster_1, cluster_3"
bz_11_cluster_3_1mer-bz_11_cluster_1_1mer,seed-3_sample-0,86,0.59,0.8430232558139537,"[0.63, 0.6, 0.65, 0.94, 0.92, 0.93, 0.65, 0.88, 0.93, 0.97, 0.94, 0.94, 0.75, 0.67, 0.84, 0.59, 0.91, 0.67, 0.84, 0.87, 0.7, 0.68, 0.89, 0.9, 0.96, 0.85, 0.69, 0.94, 0.96, 0.93, 0.96, 0.91, 0.86, 0.92, 0.92, 0.91, 0.79, 0.93, 0.96, 0.91, 0.94, 0.93, 0.69, 0.88, 0.93, 0.92, 0.97, 0.94, 0.94, 0.93, 0.94, 0.93, 0.65, 0.96, 0.91, 0.69, 0.92, 0.91, 0.94, 0.91, 0.94, 0.6, 0.96, 0.96, 0.92, 0.93, 0.69, 0.85, 0.93, 0.67, 0.68, 0.96, 0.79, 0.89, 0.91, 0.75, 0.84, 0.84, 0.87, 0.9, 0.86, 0.67, 0.59, 0.7, 0.63, 0.65]",bz_11,"cluster_1, cluster_3"
bz_11_cluster_3_1mer-bz_11_cluster_1_1mer,seed-1_sample-0,86,0.59,0.8432558139534887,"[0.62, 0.61, 0.65, 0.94, 0.92, 0.93, 0.65, 0.89, 0.93, 0.97, 0.95, 0.94, 0.74, 0.67, 0.84, 0.59, 0.91, 0.68, 0.84, 0.87, 0.7, 0.67, 0.9, 0.9, 0.96, 0.84, 0.68, 0.94, 0.96, 0.93, 0.96, 0.91, 0.86, 0.92, 0.93, 0.91, 0.79, 0.93, 0.96, 0.91, 0.94, 0.93, 0.69, 0.89, 0.93, 0.92, 0.97, 0.94, 0.94, 0.93, 0.95, 0.93, 0.65, 0.96, 0.91, 0.68, 0.93, 0.91, 0.94, 0.91, 0.94, 0.61, 0.96, 0.96, 0.92, 0.93, 0.69, 0.84, 0.93, 0.68, 0.67, 0.96, 0.79, 0.9, 0.91, 0.74, 0.84, 0.84, 0.87, 0.9, 0.86, 0.67, 0.59, 0.7, 0.62, 0.65]",bz_11,"cluster_1, cluster_3"
bz_11_cluster_3_1mer-bz_11_cluster_1_1mer,seed-7_sample-0,88,0.51,0.8393181818181819,"[0.61, 0.62, 0.67, 0.95, 0.51, 0.92, 0.94, 0.64, 0.9, 0.94, 0.97, 0.95, 0.94, 0.74, 0.67, 0.85, 0.59, 0.91, 0.68, 0.84, 0.87, 0.7, 0.67, 0.9, 0.9, 0.96, 0.84, 0.68, 0.95, 0.96, 0.93, 0.97, 0.92, 0.87, 0.93, 0.93, 0.91, 0.8, 0.94, 0.96, 0.92, 0.95, 0.93, 0.7, 0.9, 0.51, 0.94, 0.92, 0.97, 0.94, 0.95, 0.94, 0.95, 0.94, 0.64, 0.96, 0.91, 0.68, 0.93, 0.92, 0.95, 0.91, 0.95, 0.62, 0.96, 0.96, 0.93, 0.93, 0.7, 0.84, 0.93, 0.68, 0.67, 0.97, 0.8, 0.9, 0.92, 0.74, 0.85, 0.84, 0.87, 0.9, 0.87, 0.67, 0.59, 0.7, 0.61, 0.67]",bz_11,"cluster_1, cluster_3"
bz_11_cluster_3_1mer-bz_11_cluster_5_1mer,seed-8_sample-0,0,,,,bz_11,"cluster_3, cluster_5"
bz_11_cluster_3_1mer-bz_11_cluster_5_1mer,seed-10_sample-0,0,,,,bz_11,"cluster_3, cluster_5"
bz_11_cluster_3_1mer-bz_11_cluster_5_1mer,seed-9_sample-0,0,,,,bz_11,"cluster_3, cluster_5"
bz_11_cluster_3_1mer-bz_11_cluster_5_1mer,seed-4_sample-0,0,,,,bz_11,"cluster_3, cluster_5"
bz_11_cluster_3_1mer-bz_11_cluster_5_1mer,seed-2_sample-0,0,,,,bz_11,"cluster_3, cluster_5"
bz_11_cluster_3_1mer-bz_11_cluster_5_1mer,seed-5_sample-0,0,,,,bz_11,"cluster_3, cluster_5"
bz_11_cluster_3_1mer-bz_11_cluster_5_1mer,seed-6_sample-0,0,,,,bz_11,"cluster_3, cluster_5"
bz_11_cluster_3_1mer-bz_11_cluster_5_1mer,seed-3_sample-0,0,,,,bz_11,"cluster_3, cluster_5"
bz_11_cluster_3_1mer-bz_11_cluster_5_1mer,seed-1_sample-0,0,,,,bz_11,"cluster_3, cluster_5"
bz_11_cluster_3_1mer-bz_11_cluster_5_1mer,seed-7_sample-0,0,,,,bz_11,"cluster_3, cluster_5"
bz_11_cluster_3_1mer-bz_11_cluster_4_1mer,seed-8_sample-0,0,,,,bz_11,"cluster_3, cluster_4"
bz_11_cluster_3_1mer-bz_11_cluster_4_1mer,seed-10_sample-0,0,,,,bz_11,"cluster_3, cluster_4"
bz_11_cluster_3_1mer-bz_11_cluster_4_1mer,seed-9_sample-0,0,,,,bz_11,"cluster_3, cluster_4"
bz_11_cluster_3_1mer-bz_11_cluster_4_1mer,seed-4_sample-0,0,,,,bz_11,"cluster_3, cluster_4"
bz_11_cluster_3_1mer-bz_11_cluster_4_1mer,seed-2_sample-0,0,,,,bz_11,"cluster_3, cluster_4"
bz_11_cluster_3_1mer-bz_11_cluster_4_1mer,seed-5_sample-0,0,,,,bz_11,"cluster_3, cluster_4"
bz_11_cluster_3_1mer-bz_11_cluster_4_1mer,seed-6_sample-0,0,,,,bz_11,"cluster_3, cluster_4"
bz_11_cluster_3_1mer-bz_11_cluster_4_1mer,seed-3_sample-0,0,,,,bz_11,"cluster_3, cluster_4"
bz_11_cluster_3_1mer-bz_11_cluster_4_1mer,seed-1_sample-0,0,,,,bz_11,"cluster_3, cluster_4"
bz_11_cluster_3_1mer-bz_11_cluster_4_1mer,seed-7_sample-0,0,,,,bz_11,"cluster_3, cluster_4"
bz_11_cluster_3_1mer-bz_11_cluster_0_1mer,seed-8_sample-0,0,,,,bz_11,"cluster_0, cluster_3"
bz_11_cluster_3_1mer-bz_11_cluster_0_1mer,seed-10_sample-0,0,,,,bz_11,"cluster_0, cluster_3"
bz_11_cluster_3_1mer-bz_11_cluster_0_1mer,seed-9_sample-0,0,,,,bz_11,"cluster_0, cluster_3"
bz_11_cluster_3_1mer-bz_11_cluster_0_1mer,seed-4_sample-0,0,,,,bz_11,"cluster_0, cluster_3"
bz_11_cluster_3_1mer-bz_11_cluster_0_1mer,seed-2_sample-0,0,,,,bz_11,"cluster_0, cluster_3"
bz_11_cluster_3_1mer-bz_11_cluster_0_1mer,seed-5_sample-0,0,,,,bz_11,"cluster_0, cluster_3"
bz_11_cluster_3_1mer-bz_11_cluster_0_1mer,seed-6_sample-0,0,,,,bz_11,"cluster_0, cluster_3"
bz_11_cluster_3_1mer-bz_11_cluster_0_1mer,seed-3_sample-0,0,,,,bz_11,"cluster_0, cluster_3"
bz_11_cluster_3_1mer-bz_11_cluster_0_1mer,seed-1_sample-0,0,,,,bz_11,"cluster_0, cluster_3"
bz_11_cluster_3_1mer-bz_11_cluster_0_1mer,seed-7_sample-0,0,,,,bz_11,"cluster_0, cluster_3"
bz_11_cluster_3_1mer-bz_11_cluster_7_1mer,seed-8_sample-0,0,,,,bz_11,"cluster_3, cluster_7"
bz_11_cluster_3_1mer-bz_11_cluster_7_1mer,seed-10_sample-0,0,,,,bz_11,"cluster_3, cluster_7"
bz_11_cluster_3_1mer-bz_11_cluster_7_1mer,seed-9_sample-0,0,,,,bz_11,"cluster_3, cluster_7"
bz_11_cluster_3_1mer-bz_11_cluster_7_1mer,seed-4_sample-0,0,,,,bz_11,"cluster_3, cluster_7"
bz_11_cluster_3_1mer-bz_11_cluster_7_1mer,seed-2_sample-0,0,,,,bz_11,"cluster_3, cluster_7"
bz_11_cluster_3_1mer-bz_11_cluster_7_1mer,seed-5_sample-0,0,,,,bz_11,"cluster_3, cluster_7"
bz_11_cluster_3_1mer-bz_11_cluster_7_1mer,seed-6_sample-0,0,,,,bz_11,"cluster_3, cluster_7"
bz_11_cluster_3_1mer-bz_11_cluster_7_1mer,seed-3_sample-0,0,,,,bz_11,"cluster_3, cluster_7"
bz_11_cluster_3_1mer-bz_11_cluster_7_1mer,seed-1_sample-0,0,,,,bz_11,"cluster_3, cluster_7"
bz_11_cluster_3_1mer-bz_11_cluster_7_1mer,seed-7_sample-0,0,,,,bz_11,"cluster_3, cluster_7"
bz_11_cluster_3_1mer-bz_11_cluster_8_1mer,seed-8_sample-0,0,,,,bz_11,"cluster_3, cluster_8"
bz_11_cluster_3_1mer-bz_11_cluster_8_1mer,seed-10_sample-0,0,,,,bz_11,"cluster_3, cluster_8"
bz_11_cluster_3_1mer-bz_11_cluster_8_1mer,seed-9_sample-0,0,,,,bz_11,"cluster_3, cluster_8"
bz_11_cluster_3_1mer-bz_11_cluster_8_1mer,seed-4_sample-0,0,,,,bz_11,"cluster_3, cluster_8"
bz_11_cluster_3_1mer-bz_11_cluster_8_1mer,seed-2_sample-0,0,,,,bz_11,"cluster_3, cluster_8"
bz_11_cluster_3_1mer-bz_11_cluster_8_1mer,seed-5_sample-0,0,,,,bz_11,"cluster_3, cluster_8"
bz_11_cluster_3_1mer-bz_11_cluster_8_1mer,seed-6_sample-0,0,,,,bz_11,"cluster_3, cluster_8"
bz_11_cluster_3_1mer-bz_11_cluster_8_1mer,seed-3_sample-0,0,,,,bz_11,"cluster_3, cluster_8"
bz_11_cluster_3_1mer-bz_11_cluster_8_1mer,seed-1_sample-0,0,,,,bz_11,"cluster_3, cluster_8"
bz_11_cluster_3_1mer-bz_11_cluster_8_1mer,seed-7_sample-0,0,,,,bz_11,"cluster_3, cluster_8"
bz_11_cluster_1_1mer-bz_11_cluster_5_1mer,seed-8_sample-0,0,,,,bz_11,"cluster_1, cluster_5"
bz_11_cluster_1_1mer-bz_11_cluster_5_1mer,seed-10_sample-0,0,,,,bz_11,"cluster_1, cluster_5"
bz_11_cluster_1_1mer-bz_11_cluster_5_1mer,seed-9_sample-0,0,,,,bz_11,"cluster_1, cluster_5"
bz_11_cluster_1_1mer-bz_11_cluster_5_1mer,seed-4_sample-0,0,,,,bz_11,"cluster_1, cluster_5"
bz_11_cluster_1_1mer-bz_11_cluster_5_1mer,seed-2_sample-0,0,,,,bz_11,"cluster_1, cluster_5"
bz_11_cluster_1_1mer-bz_11_cluster_5_1mer,seed-5_sample-0,0,,,,bz_11,"cluster_1, cluster_5"
bz_11_cluster_1_1mer-bz_11_cluster_5_1mer,seed-6_sample-0,0,,,,bz_11,"cluster_1, cluster_5"
bz_11_cluster_1_1mer-bz_11_cluster_5_1mer,seed-3_sample-0,0,,,,bz_11,"cluster_1, cluster_5"
bz_11_cluster_1_1mer-bz_11_cluster_5_1mer,seed-1_sample-0,0,,,,bz_11,"cluster_1, cluster_5"
bz_11_cluster_1_1mer-bz_11_cluster_5_1mer,seed-7_sample-0,0,,,,bz_11,"cluster_1, cluster_5"
bz_11_cluster_1_1mer-bz_11_cluster_4_1mer,seed-8_sample-0,0,,,,bz_11,"cluster_1, cluster_4"
bz_11_cluster_1_1mer-bz_11_cluster_4_1mer,seed-10_sample-0,0,,,,bz_11,"cluster_1, cluster_4"
bz_11_cluster_1_1mer-bz_11_cluster_4_1mer,seed-9_sample-0,0,,,,bz_11,"cluster_1, cluster_4"
bz_11_cluster_1_1mer-bz_11_cluster_4_1mer,seed-4_sample-0,0,,,,bz_11,"cluster_1, cluster_4"
bz_11_cluster_1_1mer-bz_11_cluster_4_1mer,seed-2_sample-0,0,,,,bz_11,"cluster_1, cluster_4"
bz_11_cluster_1_1mer-bz_11_cluster_4_1mer,seed-5_sample-0,0,,,,bz_11,"cluster_1, cluster_4"
bz_11_cluster_1_1mer-bz_11_cluster_4_1mer,seed-6_sample-0,0,,,,bz_11,"cluster_1, cluster_4"
bz_11_cluster_1_1mer-bz_11_cluster_4_1mer,seed-3_sample-0,0,,,,bz_11,"cluster_1, cluster_4"
bz_11_cluster_1_1mer-bz_11_cluster_4_1mer,seed-1_sample-0,0,,,,bz_11,"cluster_1, cluster_4"
bz_11_cluster_1_1mer-bz_11_cluster_4_1mer,seed-7_sample-0,0,,,,bz_11,"cluster_1, cluster_4"
bz_11_cluster_1_1mer-bz_11_cluster_0_1mer,seed-8_sample-0,0,,,,bz_11,"cluster_0, cluster_1"
bz_11_cluster_1_1mer-bz_11_cluster_0_1mer,seed-10_sample-0,0,,,,bz_11,"cluster_0, cluster_1"
bz_11_cluster_1_1mer-bz_11_cluster_0_1mer,seed-9_sample-0,0,,,,bz_11,"cluster_0, cluster_1"
bz_11_cluster_1_1mer-bz_11_cluster_0_1mer,seed-4_sample-0,0,,,,bz_11,"cluster_0, cluster_1"
bz_11_cluster_1_1mer-bz_11_cluster_0_1mer,seed-2_sample-0,0,,,,bz_11,"cluster_0, cluster_1"
bz_11_cluster_1_1mer-bz_11_cluster_0_1mer,seed-5_sample-0,0,,,,bz_11,"cluster_0, cluster_1"
bz_11_cluster_1_1mer-bz_11_cluster_0_1mer,seed-6_sample-0,0,,,,bz_11,"cluster_0, cluster_1"
bz_11_cluster_1_1mer-bz_11_cluster_0_1mer,seed-3_sample-0,0,,,,bz_11,"cluster_0, cluster_1"
bz_11_cluster_1_1mer-bz_11_cluster_0_1mer,seed-1_sample-0,0,,,,bz_11,"cluster_0, cluster_1"
bz_11_cluster_1_1mer-bz_11_cluster_0_1mer,seed-7_sample-0,0,,,,bz_11,"cluster_0, cluster_1"
bz_11_cluster_1_1mer-bz_11_cluster_7_1mer,seed-8_sample-0,0,,,,bz_11,"cluster_1, cluster_7"
bz_11_cluster_1_1mer-bz_11_cluster_7_1mer,seed-10_sample-0,8,0.51,0.5575,"[0.55, 0.57, 0.6, 0.51, 0.55, 0.57, 0.6, 0.51]",bz_11,"cluster_1, cluster_7"
bz_11_cluster_1_1mer-bz_11_cluster_7_1mer,seed-9_sample-0,4,0.51,0.52,"[0.51, 0.53, 0.51, 0.53]",bz_11,"cluster_1, cluster_7"
bz_11_cluster_1_1mer-bz_11_cluster_7_1mer,seed-4_sample-0,6,0.54,0.5633333333333334,"[0.54, 0.56, 0.59, 0.54, 0.56, 0.59]",bz_11,"cluster_1, cluster_7"
bz_11_cluster_1_1mer-bz_11_cluster_7_1mer,seed-2_sample-0,0,,,,bz_11,"cluster_1, cluster_7"
bz_11_cluster_1_1mer-bz_11_cluster_7_1mer,seed-5_sample-0,0,,,,bz_11,"cluster_1, cluster_7"
bz_11_cluster_1_1mer-bz_11_cluster_7_1mer,seed-6_sample-0,24,0.51,0.5724999999999999,"[0.52, 0.51, 0.57, 0.63, 0.59, 0.66, 0.67, 0.57, 0.53, 0.52, 0.59, 0.51, 0.63, 0.66, 0.67, 0.52, 0.53, 0.52, 0.51, 0.59, 0.59, 0.51, 0.57, 0.57]",bz_11,"cluster_1, cluster_7"
bz_11_cluster_1_1mer-bz_11_cluster_7_1mer,seed-3_sample-0,10,0.54,0.576,"[0.58, 0.54, 0.6, 0.62, 0.54, 0.58, 0.6, 0.62, 0.54, 0.54]",bz_11,"cluster_1, cluster_7"
bz_11_cluster_1_1mer-bz_11_cluster_7_1mer,seed-1_sample-0,0,,,,bz_11,"cluster_1, cluster_7"
bz_11_cluster_1_1mer-bz_11_cluster_7_1mer,seed-7_sample-0,4,0.52,0.535,"[0.52, 0.55, 0.52, 0.55]",bz_11,"cluster_1, cluster_7"
bz_11_cluster_1_1mer-bz_11_cluster_8_1mer,seed-8_sample-0,0,,,,bz_11,"cluster_1, cluster_8"
bz_11_cluster_1_1mer-bz_11_cluster_8_1mer,seed-10_sample-0,0,,,,bz_11,"cluster_1, cluster_8"
bz_11_cluster_1_1mer-bz_11_cluster_8_1mer,seed-9_sample-0,0,,,,bz_11,"cluster_1, cluster_8"
bz_11_cluster_1_1mer-bz_11_cluster_8_1mer,seed-4_sample-0,0,,,,bz_11,"cluster_1, cluster_8"
bz_11_cluster_1_1mer-bz_11_cluster_8_1mer,seed-2_sample-0,0,,,,bz_11,"cluster_1, cluster_8"
bz_11_cluster_1_1mer-bz_11_cluster_8_1mer,seed-5_sample-0,0,,,,bz_11,"cluster_1, cluster_8"
bz_11_cluster_1_1mer-bz_11_cluster_8_1mer,seed-6_sample-0,0,,,,bz_11,"cluster_1, cluster_8"
bz_11_cluster_1_1mer-bz_11_cluster_8_1mer,seed-3_sample-0,0,,,,bz_11,"cluster_1, cluster_8"
bz_11_cluster_1_1mer-bz_11_cluster_8_1mer,seed-1_sample-0,0,,,,bz_11,"cluster_1, cluster_8"
bz_11_cluster_1_1mer-bz_11_cluster_8_1mer,seed-7_sample-0,0,,,,bz_11,"cluster_1, cluster_8"
bz_11_cluster_5_1mer-bz_11_cluster_4_1mer,seed-8_sample-0,180,0.52,0.8844444444444444,"[0.99, 0.99, 0.99, 1.0, 0.99, 0.99, 1.0, 0.97, 1.0, 0.99, 1.0, 1.0, 0.99, 0.98, 0.99, 0.98, 0.99, 0.98, 0.88, 0.97, 0.84, 0.92, 0.93, 0.76, 0.99, 0.75, 0.65, 0.92, 1.0, 0.85, 0.97, 0.98, 0.77, 1.0, 0.99, 0.95, 1.0, 0.71, 0.99, 1.0, 1.0, 1.0, 0.88, 1.0, 1.0, 1.0, 1.0, 1.0, 1.0, 0.53, 1.0, 0.99, 1.0, 1.0, 1.0, 0.91, 0.99, 0.99, 0.99, 0.99, 0.98, 0.98, 0.66, 0.81, 0.86, 0.91, 0.66, 0.55, 0.76, 0.65, 0.52, 0.82, 0.52, 0.82, 0.81, 0.66, 0.78, 0.78, 0.77, 0.55, 0.82, 0.86, 0.77, 0.86, 0.75, 0.77, 0.83, 0.87, 0.76, 0.55, 0.75, 0.85, 0.65, 0.97, 0.99, 0.92, 0.98, 1.0, 0.95, 0.99, 0.99, 1.0, 1.0, 0.99, 1.0, 0.88, 1.0, 0.71, 1.0, 1.0, 1.0, 1.0, 1.0, 1.0, 1.0, 1.0, 1.0, 0.99, 1.0, 0.99, 0.98, 0.81, 0.55, 0.91, 0.98, 0.66, 0.86, 0.91, 0.76, 0.65, 0.99, 0.99, 0.99, 1.0, 0.77, 0.99, 0.99, 1.0, 0.99, 1.0, 0.99, 0.97, 1.0, 0.99, 1.0, 1.0, 0.99, 0.98, 0.53, 0.99, 0.88, 0.84, 0.98, 0.98, 0.97, 0.92, 0.99, 0.93, 0.76, 0.66, 0.52, 0.52, 0.82, 0.82, 0.55, 0.81, 0.78, 0.66, 0.78, 0.82, 0.86, 0.77, 0.77, 0.77, 0.86, 0.75, 0.83, 0.87, 0.76, 0.55]",bz_11,"cluster_4, cluster_5"
bz_11_cluster_5_1mer-bz_11_cluster_4_1mer,seed-10_sample-0,178,0.51,0.8880898876404494,"[0.99, 0.99, 0.99, 1.0, 0.99, 0.99, 1.0, 0.97, 1.0, 0.99, 1.0, 1.0, 0.99, 0.98, 0.99, 0.98, 0.99, 0.98, 0.87, 0.97, 0.83, 0.92, 0.93, 0.76, 0.99, 0.76, 0.64, 0.92, 1.0, 0.85, 0.97, 0.98, 0.78, 1.0, 0.99, 0.94, 1.0, 0.71, 0.99, 1.0, 1.0, 1.0, 0.88, 1.0, 1.0, 1.0, 1.0, 1.0, 1.0, 0.53, 1.0, 0.99, 1.0, 1.0, 1.0, 0.92, 0.99, 0.99, 0.99, 0.99, 0.98, 0.98, 0.66, 0.82, 0.87, 0.91, 0.67, 0.55, 0.78, 0.67, 0.82, 0.51, 0.82, 0.8, 0.66, 0.77, 0.78, 0.76, 0.54, 0.81, 0.85, 0.76, 0.86, 0.75, 0.77, 0.82, 0.86, 0.76, 0.55, 0.76, 0.85, 0.64, 0.97, 0.99, 0.92, 0.98, 1.0, 0.94, 0.99, 0.99, 1.0, 1.0, 0.99, 1.0, 0.88, 1.0, 0.71, 1.0, 1.0, 1.0, 1.0, 1.0, 1.0, 1.0, 1.0, 1.0, 0.99, 1.0, 0.99, 0.98, 0.82, 0.55, 0.92, 0.98, 0.66, 0.87, 0.91, 0.78, 0.67, 0.99, 0.99, 0.99, 1.0, 0.78, 0.99, 0.99, 1.0, 0.99, 1.0, 0.99, 0.97, 1.0, 0.99, 1.0, 1.0, 0.99, 0.98, 0.53, 0.99, 0.87, 0.83, 0.98, 0.98, 0.97, 0.92, 0.99, 0.93, 0.76, 0.67, 0.51, 0.82, 0.82, 0.54, 0.8, 0.77, 0.66, 0.78, 0.81, 0.85, 0.76, 0.76, 0.77, 0.86, 0.75, 0.82, 0.86, 0.76, 0.55]",bz_11,"cluster_4, cluster_5"
bz_11_cluster_5_1mer-bz_11_cluster_4_1mer,seed-9_sample-0,180,0.51,0.8836666666666667,"[0.99, 0.99, 0.99, 1.0, 0.99, 0.99, 0.99, 0.97, 1.0, 0.99, 1.0, 1.0, 0.99, 0.98, 0.99, 0.98, 0.99, 0.98, 0.88, 0.97, 0.83, 0.92, 0.93, 0.76, 0.99, 0.76, 0.64, 0.92, 1.0, 0.85, 0.97, 0.97, 0.77, 1.0, 0.99, 0.94, 1.0, 0.7, 0.99, 1.0, 1.0, 1.0, 0.89, 1.0, 1.0, 1.0, 1.0, 1.0, 1.0, 0.52, 1.0, 0.99, 1.0, 1.0, 1.0, 0.91, 0.99, 0.99, 0.99, 0.99, 0.98, 0.98, 0.66, 0.82, 0.86, 0.91, 0.66, 0.57, 0.77, 0.65, 0.52, 0.83, 0.51, 0.82, 0.81, 0.66, 0.78, 0.78, 0.76, 0.55, 0.82, 0.85, 0.78, 0.86, 0.73, 0.76, 0.82, 0.86, 0.76, 0.55, 0.76, 0.85, 0.64, 0.97, 0.99, 0.92, 0.97, 1.0, 0.94, 0.99, 0.99, 1.0, 1.0, 0.99, 1.0, 0.89, 1.0, 0.7, 1.0, 1.0, 1.0, 1.0, 1.0, 1.0, 1.0, 1.0, 1.0, 0.99, 1.0, 0.99, 0.98, 0.82, 0.57, 0.91, 0.98, 0.66, 0.86, 0.91, 0.77, 0.65, 0.99, 0.99, 0.99, 1.0, 0.77, 0.99, 0.99, 1.0, 0.99, 0.99, 0.99, 0.97, 1.0, 0.99, 1.0, 1.0, 0.99, 0.98, 0.52, 0.99, 0.88, 0.83, 0.98, 0.98, 0.97, 0.92, 0.99, 0.93, 0.76, 0.66, 0.52, 0.51, 0.83, 0.82, 0.55, 0.81, 0.78, 0.66, 0.78, 0.82, 0.85, 0.76, 0.78, 0.76, 0.86, 0.73, 0.82, 0.86, 0.76, 0.55]",bz_11,"cluster_4, cluster_5"
bz_11_cluster_5_1mer-bz_11_cluster_4_1mer,seed-4_sample-0,178,0.52,0.8879775280898878,"[0.99, 0.99, 0.99, 1.0, 0.99, 0.99, 1.0, 0.97, 1.0, 0.99, 1.0, 1.0, 0.99, 0.98, 0.99, 0.98, 0.99, 0.98, 0.88, 0.97, 0.84, 0.92, 0.93, 0.75, 0.99, 0.75, 0.64, 0.92, 1.0, 0.85, 0.97, 0.97, 0.78, 1.0, 0.99, 0.94, 1.0, 0.69, 0.99, 1.0, 1.0, 1.0, 0.88, 1.0, 1.0, 1.0, 1.0, 1.0, 1.0, 1.0, 0.99, 1.0, 1.0, 1.0, 0.92, 0.99, 0.99, 0.99, 0.99, 0.98, 0.98, 0.66, 0.82, 0.86, 0.91, 0.67, 0.57, 0.77, 0.66, 0.52, 0.82, 0.52, 0.82, 0.81, 0.66, 0.78, 0.78, 0.76, 0.55, 0.82, 0.86, 0.77, 0.86, 0.73, 0.77, 0.82, 0.86, 0.76, 0.54, 0.75, 0.85, 0.64, 0.97, 0.99, 0.92, 0.97, 1.0, 0.94, 0.99, 0.99, 1.0, 1.0, 0.99, 1.0, 0.88, 1.0, 0.69, 1.0, 1.0, 1.0, 1.0, 1.0, 1.0, 1.0, 1.0, 1.0, 0.99, 1.0, 0.99, 0.98, 0.82, 0.57, 0.92, 0.98, 0.66, 0.86, 0.91, 0.77, 0.66, 0.99, 0.99, 0.99, 1.0, 0.78, 0.99, 0.99, 1.0, 0.99, 1.0, 0.99, 0.97, 1.0, 0.99, 1.0, 1.0, 0.99, 0.98, 0.99, 0.88, 0.84, 0.98, 0.98, 0.97, 0.92, 0.99, 0.93, 0.75, 0.67, 0.52, 0.52, 0.82, 0.82, 0.55, 0.81, 0.78, 0.66, 0.78, 0.82, 0.86, 0.76, 0.77, 0.77, 0.86, 0.73, 0.82, 0.86, 0.76, 0.54]",bz_11,"cluster_4, cluster_5"
bz_11_cluster_5_1mer-bz_11_cluster_4_1mer,seed-2_sample-0,178,0.53,0.8880898876404494,"[0.99, 0.99, 0.99, 1.0, 0.99, 0.99, 1.0, 0.97, 1.0, 0.99, 1.0, 1.0, 0.99, 0.98, 0.99, 0.98, 0.99, 0.98, 0.88, 0.97, 0.83, 0.92, 0.93, 0.75, 0.99, 0.75, 0.64, 0.92, 1.0, 0.86, 0.97, 0.98, 0.77, 1.0, 0.99, 0.95, 1.0, 0.7, 0.99, 1.0, 1.0, 1.0, 0.87, 1.0, 1.0, 1.0, 1.0, 1.0, 1.0, 0.53, 1.0, 0.99, 1.0, 1.0, 1.0, 0.91, 0.99, 0.99, 0.99, 0.99, 0.98, 0.98, 0.65, 0.81, 0.87, 0.91, 0.67, 0.54, 0.78, 0.67, 0.82, 0.53, 0.82, 0.8, 0.67, 0.78, 0.78, 0.76, 0.54, 0.81, 0.86, 0.77, 0.86, 0.75, 0.76, 0.83, 0.87, 0.75, 0.55, 0.75, 0.86, 0.64, 0.97, 0.99, 0.92, 0.98, 1.0, 0.95, 0.99, 0.99, 1.0, 1.0, 0.99, 1.0, 0.87, 1.0, 0.7, 1.0, 1.0, 1.0, 1.0, 1.0, 1.0, 1.0, 1.0, 1.0, 0.99, 1.0, 0.99, 0.98, 0.81, 0.54, 0.91, 0.98, 0.65, 0.87, 0.91, 0.78, 0.67, 0.99, 0.99, 0.99, 1.0, 0.77, 0.99, 0.99, 1.0, 0.99, 1.0, 0.99, 0.97, 1.0, 0.99, 1.0, 1.0, 0.99, 0.98, 0.53, 0.99, 0.88, 0.83, 0.98, 0.98, 0.97, 0.92, 0.99, 0.93, 0.75, 0.67, 0.53, 0.82, 0.82, 0.54, 0.8, 0.78, 0.67, 0.78, 0.81, 0.86, 0.76, 0.77, 0.76, 0.86, 0.75, 0.83, 0.87, 0.75, 0.55]",bz_11,"cluster_4, cluster_5"
bz_11_cluster_5_1mer-bz_11_cluster_4_1mer,seed-5_sample-0,178,0.52,0.8952808988764046,"[0.99, 0.99, 0.99, 1.0, 0.99, 0.99, 0.99, 0.97, 1.0, 0.99, 1.0, 1.0, 0.99, 0.97, 0.99, 0.98, 0.99, 0.98, 0.87, 0.97, 0.84, 0.92, 0.93, 0.77, 0.99, 0.76, 0.64, 0.92, 1.0, 0.86, 0.97, 0.98, 0.78, 1.0, 0.99, 0.94, 1.0, 0.69, 0.99, 1.0, 1.0, 1.0, 0.88, 1.0, 1.0, 1.0, 1.0, 1.0, 1.0, 1.0, 0.99, 1.0, 1.0, 1.0, 0.92, 0.99, 0.99, 0.99, 0.99, 0.98, 0.98, 0.69, 0.83, 0.87, 0.92, 0.68, 0.62, 0.78, 0.67, 0.6, 0.85, 0.52, 0.85, 0.83, 0.69, 0.79, 0.79, 0.78, 0.55, 0.83, 0.87, 0.81, 0.88, 0.78, 0.8, 0.85, 0.89, 0.78, 0.56, 0.76, 0.86, 0.64, 0.97, 0.99, 0.92, 0.98, 1.0, 0.94, 0.99, 0.99, 1.0, 1.0, 0.99, 1.0, 0.88, 1.0, 0.69, 1.0, 1.0, 1.0, 1.0, 1.0, 1.0, 1.0, 1.0, 1.0, 0.99, 1.0, 0.99, 0.98, 0.83, 0.62, 0.92, 0.98, 0.69, 0.87, 0.92, 0.78, 0.67, 0.99, 0.99, 0.99, 1.0, 0.78, 0.99, 0.99, 1.0, 0.99, 0.99, 0.99, 0.97, 1.0, 0.99, 1.0, 1.0, 0.99, 0.98, 0.99, 0.87, 0.84, 0.97, 0.98, 0.97, 0.92, 0.99, 0.93, 0.77, 0.68, 0.6, 0.52, 0.85, 0.85, 0.55, 0.83, 0.79, 0.69, 0.79, 0.83, 0.87, 0.78, 0.81, 0.8, 0.88, 0.78, 0.85, 0.89, 0.78, 0.56]",bz_11,"cluster_4, cluster_5"
bz_11_cluster_5_1mer-bz_11_cluster_4_1mer,seed-6_sample-0,178,0.51,0.8882022471910112,"[0.99, 0.99, 0.99, 1.0, 0.99, 0.99, 1.0, 0.97, 1.0, 0.99, 1.0, 1.0, 0.99, 0.98, 0.99, 0.98, 0.99, 0.98, 0.87, 0.97, 0.83, 0.92, 0.93, 0.76, 0.99, 0.75, 0.65, 0.92, 1.0, 0.85, 0.97, 0.98, 0.77, 1.0, 0.99, 0.94, 1.0, 0.7, 0.99, 1.0, 1.0, 1.0, 0.88, 1.0, 1.0, 1.0, 1.0, 1.0, 1.0, 1.0, 0.99, 1.0, 1.0, 1.0, 0.92, 0.99, 0.99, 0.99, 0.99, 0.98, 0.98, 0.67, 0.82, 0.86, 0.91, 0.67, 0.56, 0.77, 0.66, 0.51, 0.82, 0.51, 0.81, 0.81, 0.66, 0.77, 0.78, 0.76, 0.55, 0.82, 0.85, 0.78, 0.86, 0.75, 0.77, 0.83, 0.87, 0.76, 0.55, 0.75, 0.85, 0.65, 0.97, 0.99, 0.92, 0.98, 1.0, 0.94, 0.99, 0.99, 1.0, 1.0, 0.99, 1.0, 0.88, 1.0, 0.7, 1.0, 1.0, 1.0, 1.0, 1.0, 1.0, 1.0, 1.0, 1.0, 0.99, 1.0, 0.99, 0.98, 0.82, 0.56, 0.92, 0.98, 0.67, 0.86, 0.91, 0.77, 0.66, 0.99, 0.99, 0.99, 1.0, 0.77, 0.99, 0.99, 1.0, 0.99, 1.0, 0.99, 0.97, 1.0, 0.99, 1.0, 1.0, 0.99, 0.98, 0.99, 0.87, 0.83, 0.98, 0.98, 0.97, 0.92, 0.99, 0.93, 0.76, 0.67, 0.51, 0.51, 0.82, 0.81, 0.55, 0.81, 0.77, 0.66, 0.78, 0.82, 0.85, 0.76, 0.78, 0.77, 0.86, 0.75, 0.83, 0.87, 0.76, 0.55]",bz_11,"cluster_4, cluster_5"
bz_11_cluster_5_1mer-bz_11_cluster_4_1mer,seed-3_sample-0,180,0.51,0.884888888888889,"[0.99, 0.99, 0.99, 1.0, 0.99, 0.99, 0.99, 0.97, 1.0, 0.99, 1.0, 1.0, 0.99, 0.98, 0.99, 0.98, 0.99, 0.98, 0.88, 0.97, 0.84, 0.92, 0.93, 0.76, 0.99, 0.75, 0.65, 0.92, 1.0, 0.86, 0.97, 0.98, 0.78, 1.0, 0.99, 0.94, 1.0, 0.68, 0.99, 1.0, 1.0, 1.0, 0.88, 1.0, 1.0, 1.0, 1.0, 1.0, 1.0, 0.51, 1.0, 0.99, 1.0, 1.0, 1.0, 0.92, 0.99, 0.99, 0.99, 0.99, 0.98, 0.98, 0.68, 0.82, 0.86, 0.91, 0.67, 0.57, 0.77, 0.66, 0.52, 0.83, 0.52, 0.83, 0.81, 0.66, 0.77, 0.78, 0.77, 0.55, 0.82, 0.86, 0.78, 0.86, 0.73, 0.77, 0.83, 0.87, 0.76, 0.55, 0.75, 0.86, 0.65, 0.97, 0.99, 0.92, 0.98, 1.0, 0.94, 0.99, 0.99, 1.0, 1.0, 0.99, 1.0, 0.88, 1.0, 0.68, 1.0, 1.0, 1.0, 1.0, 1.0, 1.0, 1.0, 1.0, 1.0, 0.99, 1.0, 0.99, 0.98, 0.82, 0.57, 0.92, 0.98, 0.68, 0.86, 0.91, 0.77, 0.66, 0.99, 0.99, 0.99, 1.0, 0.78, 0.99, 0.99, 1.0, 0.99, 0.99, 0.99, 0.97, 1.0, 0.99, 1.0, 1.0, 0.99, 0.98, 0.51, 0.99, 0.88, 0.84, 0.98, 0.98, 0.97, 0.92, 0.99, 0.93, 0.76, 0.67, 0.52, 0.52, 0.83, 0.83, 0.55, 0.81, 0.77, 0.66, 0.78, 0.82, 0.86, 0.77, 0.78, 0.77, 0.86, 0.73, 0.83, 0.87, 0.76, 0.55]",bz_11,"cluster_4, cluster_5"
bz_11_cluster_5_1mer-bz_11_cluster_4_1mer,seed-1_sample-0,180,0.51,0.8846666666666667,"[0.99, 0.99, 0.99, 1.0, 0.99, 0.99, 1.0, 0.97, 1.0, 0.99, 1.0, 1.0, 0.99, 0.98, 0.99, 0.98, 0.99, 0.98, 0.87, 0.97, 0.84, 0.92, 0.93, 0.76, 0.99, 0.75, 0.65, 0.92, 1.0, 0.86, 0.97, 0.98, 0.77, 1.0, 0.99, 0.95, 1.0, 0.69, 0.99, 1.0, 1.0, 1.0, 0.88, 1.0, 1.0, 1.0, 1.0, 1.0, 1.0, 0.52, 1.0, 0.99, 1.0, 1.0, 1.0, 0.91, 0.99, 0.99, 0.99, 0.99, 0.98, 0.98, 0.67, 0.82, 0.87, 0.91, 0.66, 0.57, 0.77, 0.66, 0.52, 0.83, 0.51, 0.82, 0.81, 0.66, 0.78, 0.77, 0.76, 0.55, 0.82, 0.85, 0.78, 0.87, 0.74, 0.77, 0.84, 0.86, 0.76, 0.55, 0.75, 0.86, 0.65, 0.97, 0.99, 0.92, 0.98, 1.0, 0.95, 0.99, 0.99, 1.0, 1.0, 0.99, 1.0, 0.88, 1.0, 0.69, 1.0, 1.0, 1.0, 1.0, 1.0, 1.0, 1.0, 1.0, 1.0, 0.99, 1.0, 0.99, 0.98, 0.82, 0.57, 0.91, 0.98, 0.67, 0.87, 0.91, 0.77, 0.66, 0.99, 0.99, 0.99, 1.0, 0.77, 0.99, 0.99, 1.0, 0.99, 1.0, 0.99, 0.97, 1.0, 0.99, 1.0, 1.0, 0.99, 0.98, 0.52, 0.99, 0.87, 0.84, 0.98, 0.98, 0.97, 0.92, 0.99, 0.93, 0.76, 0.66, 0.52, 0.51, 0.83, 0.82, 0.55, 0.81, 0.78, 0.66, 0.77, 0.82, 0.85, 0.76, 0.78, 0.77, 0.87, 0.74, 0.84, 0.86, 0.76, 0.55]",bz_11,"cluster_4, cluster_5"
bz_11_cluster_5_1mer-bz_11_cluster_4_1mer,seed-7_sample-0,178,0.51,0.8882022471910114,"[0.99, 0.99, 1.0, 1.0, 0.99, 0.99, 1.0, 0.97, 1.0, 0.99, 1.0, 1.0, 0.99, 0.98, 0.99, 0.98, 0.99, 0.98, 0.88, 0.97, 0.84, 0.92, 0.93, 0.76, 0.99, 0.76, 0.64, 0.91, 1.0, 0.86, 0.97, 0.98, 0.78, 1.0, 0.99, 0.95, 1.0, 0.68, 0.99, 1.0, 1.0, 1.0, 0.89, 1.0, 1.0, 1.0, 1.0, 1.0, 1.0, 0.54, 1.0, 0.99, 1.0, 1.0, 1.0, 0.92, 0.99, 0.99, 0.99, 0.99, 0.98, 0.98, 0.65, 0.81, 0.86, 0.91, 0.68, 0.56, 0.78, 0.67, 0.82, 0.51, 0.82, 0.8, 0.67, 0.77, 0.77, 0.75, 0.53, 0.81, 0.85, 0.78, 0.86, 0.74, 0.76, 0.83, 0.87, 0.75, 0.55, 0.76, 0.86, 0.64, 0.97, 0.99, 0.91, 0.98, 1.0, 0.95, 0.99, 0.99, 1.0, 1.0, 0.99, 1.0, 0.89, 1.0, 0.68, 1.0, 1.0, 1.0, 1.0, 1.0, 1.0, 1.0, 1.0, 1.0, 0.99, 1.0, 0.99, 0.98, 0.81, 0.56, 0.92, 0.98, 0.65, 0.86, 0.91, 0.78, 0.67, 0.99, 0.99, 0.99, 1.0, 0.78, 0.99, 1.0, 1.0, 0.99, 1.0, 0.99, 0.97, 1.0, 0.99, 1.0, 1.0, 0.99, 0.98, 0.54, 0.99, 0.88, 0.84, 0.98, 0.98, 0.97, 0.92, 0.99, 0.93, 0.76, 0.68, 0.51, 0.82, 0.82, 0.53, 0.8, 0.77, 0.67, 0.77, 0.81, 0.85, 0.75, 0.78, 0.76, 0.86, 0.74, 0.83, 0.87, 0.75, 0.55]",bz_11,"cluster_4, cluster_5"
bz_11_cluster_5_1mer-bz_11_cluster_0_1mer,seed-8_sample-0,0,,,,bz_11,"cluster_0, cluster_5"
bz_11_cluster_5_1mer-bz_11_cluster_0_1mer,seed-10_sample-0,0,,,,bz_11,"cluster_0, cluster_5"
bz_11_cluster_5_1mer-bz_11_cluster_0_1mer,seed-9_sample-0,0,,,,bz_11,"cluster_0, cluster_5"
bz_11_cluster_5_1mer-bz_11_cluster_0_1mer,seed-4_sample-0,0,,,,bz_11,"cluster_0, cluster_5"
bz_11_cluster_5_1mer-bz_11_cluster_0_1mer,seed-2_sample-0,0,,,,bz_11,"cluster_0, cluster_5"
bz_11_cluster_5_1mer-bz_11_cluster_0_1mer,seed-5_sample-0,0,,,,bz_11,"cluster_0, cluster_5"
bz_11_cluster_5_1mer-bz_11_cluster_0_1mer,seed-6_sample-0,0,,,,bz_11,"cluster_0, cluster_5"
bz_11_cluster_5_1mer-bz_11_cluster_0_1mer,seed-3_sample-0,0,,,,bz_11,"cluster_0, cluster_5"
bz_11_cluster_5_1mer-bz_11_cluster_0_1mer,seed-1_sample-0,0,,,,bz_11,"cluster_0, cluster_5"
bz_11_cluster_5_1mer-bz_11_cluster_0_1mer,seed-7_sample-0,0,,,,bz_11,"cluster_0, cluster_5"
bz_11_cluster_5_1mer-bz_11_cluster_7_1mer,seed-8_sample-0,0,,,,bz_11,"cluster_5, cluster_7"
bz_11_cluster_5_1mer-bz_11_cluster_7_1mer,seed-10_sample-0,0,,,,bz_11,"cluster_5, cluster_7"
bz_11_cluster_5_1mer-bz_11_cluster_7_1mer,seed-9_sample-0,0,,,,bz_11,"cluster_5, cluster_7"
bz_11_cluster_5_1mer-bz_11_cluster_7_1mer,seed-4_sample-0,0,,,,bz_11,"cluster_5, cluster_7"
bz_11_cluster_5_1mer-bz_11_cluster_7_1mer,seed-2_sample-0,0,,,,bz_11,"cluster_5, cluster_7"
bz_11_cluster_5_1mer-bz_11_cluster_7_1mer,seed-5_sample-0,0,,,,bz_11,"cluster_5, cluster_7"
bz_11_cluster_5_1mer-bz_11_cluster_7_1mer,seed-6_sample-0,0,,,,bz_11,"cluster_5, cluster_7"
bz_11_cluster_5_1mer-bz_11_cluster_7_1mer,seed-3_sample-0,0,,,,bz_11,"cluster_5, cluster_7"
bz_11_cluster_5_1mer-bz_11_cluster_7_1mer,seed-1_sample-0,0,,,,bz_11,"cluster_5, cluster_7"
bz_11_cluster_5_1mer-bz_11_cluster_7_1mer,seed-7_sample-0,0,,,,bz_11,"cluster_5, cluster_7"
bz_11_cluster_5_1mer-bz_11_cluster_8_1mer,seed-8_sample-0,0,,,,bz_11,"cluster_5, cluster_8"
bz_11_cluster_5_1mer-bz_11_cluster_8_1mer,seed-10_sample-0,0,,,,bz_11,"cluster_5, cluster_8"
bz_11_cluster_5_1mer-bz_11_cluster_8_1mer,seed-9_sample-0,0,,,,bz_11,"cluster_5, cluster_8"
bz_11_cluster_5_1mer-bz_11_cluster_8_1mer,seed-4_sample-0,0,,,,bz_11,"cluster_5, cluster_8"
bz_11_cluster_5_1mer-bz_11_cluster_8_1mer,seed-2_sample-0,0,,,,bz_11,"cluster_5, cluster_8"
bz_11_cluster_5_1mer-bz_11_cluster_8_1mer,seed-5_sample-0,0,,,,bz_11,"cluster_5, cluster_8"
bz_11_cluster_5_1mer-bz_11_cluster_8_1mer,seed-6_sample-0,0,,,,bz_11,"cluster_5, cluster_8"
bz_11_cluster_5_1mer-bz_11_cluster_8_1mer,seed-3_sample-0,0,,,,bz_11,"cluster_5, cluster_8"
bz_11_cluster_5_1mer-bz_11_cluster_8_1mer,seed-1_sample-0,0,,,,bz_11,"cluster_5, cluster_8"
bz_11_cluster_5_1mer-bz_11_cluster_8_1mer,seed-7_sample-0,0,,,,bz_11,"cluster_5, cluster_8"
bz_11_cluster_4_1mer-bz_11_cluster_0_1mer,seed-8_sample-0,0,,,,bz_11,"cluster_0, cluster_4"
bz_11_cluster_4_1mer-bz_11_cluster_0_1mer,seed-10_sample-0,0,,,,bz_11,"cluster_0, cluster_4"
bz_11_cluster_4_1mer-bz_11_cluster_0_1mer,seed-9_sample-0,0,,,,bz_11,"cluster_0, cluster_4"
bz_11_cluster_4_1mer-bz_11_cluster_0_1mer,seed-4_sample-0,0,,,,bz_11,"cluster_0, cluster_4"
bz_11_cluster_4_1mer-bz_11_cluster_0_1mer,seed-2_sample-0,0,,,,bz_11,"cluster_0, cluster_4"
bz_11_cluster_4_1mer-bz_11_cluster_0_1mer,seed-5_sample-0,0,,,,bz_11,"cluster_0, cluster_4"
bz_11_cluster_4_1mer-bz_11_cluster_0_1mer,seed-6_sample-0,0,,,,bz_11,"cluster_0, cluster_4"
bz_11_cluster_4_1mer-bz_11_cluster_0_1mer,seed-3_sample-0,0,,,,bz_11,"cluster_0, cluster_4"
bz_11_cluster_4_1mer-bz_11_cluster_0_1mer,seed-1_sample-0,0,,,,bz_11,"cluster_0, cluster_4"
bz_11_cluster_4_1mer-bz_11_cluster_0_1mer,seed-7_sample-0,0,,,,bz_11,"cluster_0, cluster_4"
bz_11_cluster_4_1mer-bz_11_cluster_7_1mer,seed-8_sample-0,0,,,,bz_11,"cluster_4, cluster_7"
bz_11_cluster_4_1mer-bz_11_cluster_7_1mer,seed-10_sample-0,0,,,,bz_11,"cluster_4, cluster_7"
bz_11_cluster_4_1mer-bz_11_cluster_7_1mer,seed-9_sample-0,0,,,,bz_11,"cluster_4, cluster_7"
bz_11_cluster_4_1mer-bz_11_cluster_7_1mer,seed-4_sample-0,0,,,,bz_11,"cluster_4, cluster_7"
bz_11_cluster_4_1mer-bz_11_cluster_7_1mer,seed-2_sample-0,0,,,,bz_11,"cluster_4, cluster_7"
bz_11_cluster_4_1mer-bz_11_cluster_7_1mer,seed-5_sample-0,0,,,,bz_11,"cluster_4, cluster_7"
bz_11_cluster_4_1mer-bz_11_cluster_7_1mer,seed-6_sample-0,0,,,,bz_11,"cluster_4, cluster_7"
bz_11_cluster_4_1mer-bz_11_cluster_7_1mer,seed-3_sample-0,0,,,,bz_11,"cluster_4, cluster_7"
bz_11_cluster_4_1mer-bz_11_cluster_7_1mer,seed-1_sample-0,0,,,,bz_11,"cluster_4, cluster_7"
bz_11_cluster_4_1mer-bz_11_cluster_7_1mer,seed-7_sample-0,0,,,,bz_11,"cluster_4, cluster_7"
bz_11_cluster_4_1mer-bz_11_cluster_8_1mer,seed-8_sample-0,0,,,,bz_11,"cluster_4, cluster_8"
bz_11_cluster_4_1mer-bz_11_cluster_8_1mer,seed-10_sample-0,0,,,,bz_11,"cluster_4, cluster_8"
bz_11_cluster_4_1mer-bz_11_cluster_8_1mer,seed-9_sample-0,0,,,,bz_11,"cluster_4, cluster_8"
bz_11_cluster_4_1mer-bz_11_cluster_8_1mer,seed-4_sample-0,0,,,,bz_11,"cluster_4, cluster_8"
bz_11_cluster_4_1mer-bz_11_cluster_8_1mer,seed-2_sample-0,0,,,,bz_11,"cluster_4, cluster_8"
bz_11_cluster_4_1mer-bz_11_cluster_8_1mer,seed-5_sample-0,0,,,,bz_11,"cluster_4, cluster_8"
bz_11_cluster_4_1mer-bz_11_cluster_8_1mer,seed-6_sample-0,0,,,,bz_11,"cluster_4, cluster_8"
bz_11_cluster_4_1mer-bz_11_cluster_8_1mer,seed-3_sample-0,0,,,,bz_11,"cluster_4, cluster_8"
bz_11_cluster_4_1mer-bz_11_cluster_8_1mer,seed-1_sample-0,0,,,,bz_11,"cluster_4, cluster_8"
bz_11_cluster_4_1mer-bz_11_cluster_8_1mer,seed-7_sample-0,0,,,,bz_11,"cluster_4, cluster_8"
bz_11_cluster_0_1mer-bz_11_cluster_7_1mer,seed-8_sample-0,78,0.6,0.8764102564102564,"[0.82, 0.89, 0.93, 0.93, 0.89, 0.86, 0.89, 0.89, 0.85, 0.92, 0.83, 0.92, 0.91, 0.92, 0.91, 0.9, 0.92, 0.92, 0.82, 0.83, 0.93, 0.88, 0.86, 0.92, 0.82, 0.88, 0.92, 0.73, 0.92, 0.93, 0.93, 0.89, 0.6, 0.79, 0.87, 0.94, 0.95, 0.86, 0.81, 0.82, 0.85, 0.92, 0.94, 0.88, 0.92, 0.91, 0.89, 0.92, 0.9, 0.83, 0.93, 0.93, 0.86, 0.92, 0.89, 0.89, 0.89, 0.86, 0.92, 0.93, 0.92, 0.92, 0.79, 0.91, 0.82, 0.88, 0.82, 0.73, 0.83, 0.87, 0.95, 0.86, 0.93, 0.6, 0.81, 0.92, 0.93, 0.89]",bz_11,"cluster_0, cluster_7"
bz_11_cluster_0_1mer-bz_11_cluster_7_1mer,seed-10_sample-0,88,0.52,0.8036363636363636,"[0.8, 0.56, 0.84, 0.89, 0.89, 0.85, 0.8, 0.84, 0.83, 0.84, 0.59, 0.89, 0.82, 0.88, 0.87, 0.9, 0.83, 0.8, 0.87, 0.88, 0.8, 0.8, 0.9, 0.82, 0.8, 0.87, 0.77, 0.82, 0.88, 0.6, 0.87, 0.9, 0.89, 0.85, 0.66, 0.74, 0.85, 0.56, 0.91, 0.54, 0.93, 0.84, 0.77, 0.52, 0.8, 0.56, 0.59, 0.56, 0.84, 0.89, 0.91, 0.54, 0.82, 0.88, 0.87, 0.84, 0.9, 0.8, 0.8, 0.89, 0.89, 0.8, 0.87, 0.85, 0.84, 0.83, 0.8, 0.88, 0.9, 0.87, 0.88, 0.74, 0.83, 0.8, 0.82, 0.77, 0.6, 0.82, 0.85, 0.93, 0.84, 0.9, 0.66, 0.77, 0.52, 0.87, 0.89, 0.85]",bz_11,"cluster_0, cluster_7"
bz_11_cluster_0_1mer-bz_11_cluster_7_1mer,seed-9_sample-0,88,0.53,0.8072727272727271,"[0.8, 0.55, 0.84, 0.89, 0.89, 0.85, 0.81, 0.85, 0.83, 0.84, 0.58, 0.9, 0.82, 0.88, 0.87, 0.91, 0.84, 0.8, 0.87, 0.89, 0.8, 0.8, 0.9, 0.83, 0.8, 0.88, 0.77, 0.83, 0.88, 0.61, 0.87, 0.9, 0.9, 0.86, 0.67, 0.75, 0.86, 0.56, 0.92, 0.53, 0.93, 0.85, 0.78, 0.53, 0.8, 0.55, 0.58, 0.56, 0.84, 0.9, 0.92, 0.53, 0.83, 0.88, 0.87, 0.84, 0.91, 0.8, 0.8, 0.89, 0.89, 0.81, 0.87, 0.85, 0.85, 0.83, 0.8, 0.89, 0.9, 0.88, 0.88, 0.75, 0.84, 0.8, 0.83, 0.77, 0.61, 0.82, 0.86, 0.93, 0.85, 0.9, 0.67, 0.78, 0.53, 0.87, 0.9, 0.86]",bz_11,"cluster_0, cluster_7"
bz_11_cluster_0_1mer-bz_11_cluster_7_1mer,seed-4_sample-0,86,0.51,0.8162790697674419,"[0.8, 0.54, 0.84, 0.9, 0.9, 0.86, 0.81, 0.85, 0.84, 0.85, 0.56, 0.9, 0.82, 0.89, 0.87, 0.91, 0.84, 0.82, 0.88, 0.89, 0.8, 0.81, 0.9, 0.83, 0.82, 0.88, 0.77, 0.83, 0.89, 0.62, 0.88, 0.91, 0.9, 0.87, 0.69, 0.75, 0.85, 0.53, 0.92, 0.51, 0.93, 0.85, 0.79, 0.8, 0.54, 0.56, 0.53, 0.85, 0.9, 0.92, 0.51, 0.83, 0.89, 0.87, 0.84, 0.91, 0.82, 0.81, 0.9, 0.9, 0.81, 0.88, 0.86, 0.85, 0.84, 0.82, 0.89, 0.9, 0.88, 0.89, 0.75, 0.84, 0.8, 0.83, 0.77, 0.62, 0.82, 0.85, 0.93, 0.85, 0.91, 0.69, 0.79, 0.88, 0.9, 0.87]",bz_11,"cluster_0, cluster_7"
bz_11_cluster_0_1mer-bz_11_cluster_7_1mer,seed-2_sample-0,86,0.52,0.8116279069767444,"[0.8, 0.54, 0.84, 0.89, 0.89, 0.86, 0.8, 0.84, 0.84, 0.84, 0.56, 0.9, 0.82, 0.89, 0.87, 0.9, 0.84, 0.81, 0.87, 0.89, 0.8, 0.8, 0.9, 0.83, 0.81, 0.88, 0.77, 0.82, 0.89, 0.61, 0.87, 0.9, 0.9, 0.85, 0.67, 0.75, 0.85, 0.53, 0.91, 0.52, 0.93, 0.84, 0.78, 0.8, 0.54, 0.56, 0.53, 0.84, 0.9, 0.91, 0.52, 0.82, 0.89, 0.87, 0.84, 0.9, 0.81, 0.8, 0.89, 0.89, 0.8, 0.87, 0.86, 0.84, 0.84, 0.81, 0.89, 0.9, 0.88, 0.89, 0.75, 0.84, 0.8, 0.83, 0.77, 0.61, 0.82, 0.85, 0.93, 0.84, 0.9, 0.67, 0.78, 0.87, 0.9, 0.85]",bz_11,"cluster_0, cluster_7"
bz_11_cluster_0_1mer-bz_11_cluster_7_1mer,seed-5_sample-0,88,0.51,0.8104545454545455,"[0.8, 0.56, 0.84, 0.89, 0.89, 0.86, 0.81, 0.85, 0.84, 0.85, 0.58, 0.9, 0.83, 0.89, 0.87, 0.91, 0.84, 0.82, 0.87, 0.89, 0.8, 0.8, 0.9, 0.83, 0.81, 0.88, 0.77, 0.83, 0.88, 0.63, 0.88, 0.91, 0.9, 0.86, 0.68, 0.75, 0.86, 0.56, 0.92, 0.53, 0.94, 0.85, 0.79, 0.51, 0.8, 0.56, 0.58, 0.56, 0.85, 0.9, 0.92, 0.53, 0.83, 0.89, 0.87, 0.84, 0.91, 0.82, 0.8, 0.89, 0.89, 0.81, 0.87, 0.86, 0.85, 0.84, 0.81, 0.89, 0.9, 0.88, 0.88, 0.75, 0.84, 0.8, 0.83, 0.77, 0.63, 0.83, 0.86, 0.94, 0.85, 0.91, 0.68, 0.79, 0.51, 0.88, 0.9, 0.86]",bz_11,"cluster_0, cluster_7"
bz_11_cluster_0_1mer-bz_11_cluster_7_1mer,seed-6_sample-0,88,0.51,0.8077272727272727,"[0.8, 0.55, 0.84, 0.9, 0.9, 0.86, 0.81, 0.85, 0.84, 0.85, 0.59, 0.9, 0.82, 0.89, 0.87, 0.91, 0.84, 0.81, 0.87, 0.89, 0.8, 0.8, 0.9, 0.83, 0.81, 0.87, 0.77, 0.82, 0.88, 0.61, 0.87, 0.9, 0.9, 0.86, 0.68, 0.75, 0.85, 0.54, 0.92, 0.52, 0.93, 0.85, 0.78, 0.51, 0.8, 0.55, 0.59, 0.54, 0.85, 0.9, 0.92, 0.52, 0.82, 0.89, 0.87, 0.84, 0.91, 0.81, 0.8, 0.9, 0.9, 0.81, 0.87, 0.86, 0.85, 0.84, 0.81, 0.89, 0.9, 0.87, 0.88, 0.75, 0.84, 0.8, 0.83, 0.77, 0.61, 0.82, 0.85, 0.93, 0.85, 0.9, 0.68, 0.78, 0.51, 0.87, 0.9, 0.86]",bz_11,"cluster_0, cluster_7"
bz_11_cluster_0_1mer-bz_11_cluster_7_1mer,seed-3_sample-0,78,0.58,0.847948717948718,"[0.8, 0.86, 0.91, 0.91, 0.87, 0.84, 0.86, 0.85, 0.83, 0.91, 0.81, 0.9, 0.87, 0.9, 0.86, 0.84, 0.89, 0.89, 0.81, 0.8, 0.91, 0.84, 0.82, 0.89, 0.8, 0.83, 0.9, 0.65, 0.88, 0.91, 0.91, 0.87, 0.58, 0.76, 0.84, 0.93, 0.93, 0.83, 0.78, 0.8, 0.83, 0.91, 0.93, 0.83, 0.9, 0.87, 0.86, 0.9, 0.84, 0.8, 0.91, 0.91, 0.84, 0.89, 0.87, 0.86, 0.85, 0.82, 0.89, 0.91, 0.89, 0.9, 0.76, 0.86, 0.81, 0.84, 0.8, 0.65, 0.81, 0.84, 0.93, 0.83, 0.91, 0.58, 0.78, 0.88, 0.91, 0.87]",bz_11,"cluster_0, cluster_7"
bz_11_cluster_0_1mer-bz_11_cluster_7_1mer,seed-1_sample-0,88,0.51,0.8111363636363635,"[0.8, 0.54, 0.85, 0.9, 0.9, 0.87, 0.81, 0.86, 0.84, 0.85, 0.57, 0.91, 0.83, 0.89, 0.88, 0.91, 0.85, 0.83, 0.88, 0.89, 0.8, 0.8, 0.91, 0.84, 0.82, 0.88, 0.77, 0.83, 0.89, 0.63, 0.88, 0.9, 0.91, 0.86, 0.65, 0.75, 0.86, 0.53, 0.92, 0.53, 0.93, 0.85, 0.78, 0.51, 0.8, 0.54, 0.57, 0.53, 0.85, 0.91, 0.92, 0.53, 0.83, 0.89, 0.88, 0.85, 0.91, 0.83, 0.8, 0.9, 0.9, 0.81, 0.88, 0.87, 0.86, 0.84, 0.82, 0.89, 0.91, 0.88, 0.89, 0.75, 0.85, 0.8, 0.84, 0.77, 0.63, 0.83, 0.86, 0.93, 0.85, 0.9, 0.65, 0.78, 0.51, 0.88, 0.91, 0.86]",bz_11,"cluster_0, cluster_7"
bz_11_cluster_0_1mer-bz_11_cluster_7_1mer,seed-7_sample-0,88,0.53,0.8068181818181818,"[0.8, 0.55, 0.84, 0.9, 0.89, 0.86, 0.81, 0.85, 0.83, 0.84, 0.57, 0.9, 0.83, 0.89, 0.87, 0.9, 0.83, 0.8, 0.87, 0.88, 0.8, 0.8, 0.9, 0.83, 0.81, 0.87, 0.77, 0.82, 0.88, 0.61, 0.87, 0.9, 0.9, 0.86, 0.67, 0.74, 0.86, 0.55, 0.92, 0.54, 0.93, 0.85, 0.78, 0.53, 0.8, 0.55, 0.57, 0.55, 0.84, 0.9, 0.92, 0.54, 0.82, 0.89, 0.87, 0.84, 0.9, 0.8, 0.8, 0.9, 0.89, 0.81, 0.87, 0.86, 0.85, 0.83, 0.81, 0.88, 0.9, 0.87, 0.88, 0.74, 0.83, 0.8, 0.83, 0.77, 0.61, 0.83, 0.86, 0.93, 0.85, 0.9, 0.67, 0.78, 0.53, 0.87, 0.9, 0.86]",bz_11,"cluster_0, cluster_7"
bz_11_cluster_0_1mer-bz_11_cluster_8_1mer,seed-8_sample-0,0,,,,bz_11,"cluster_0, cluster_8"
bz_11_cluster_0_1mer-bz_11_cluster_8_1mer,seed-10_sample-0,0,,,,bz_11,"cluster_0, cluster_8"
bz_11_cluster_0_1mer-bz_11_cluster_8_1mer,seed-9_sample-0,0,,,,bz_11,"cluster_0, cluster_8"
bz_11_cluster_0_1mer-bz_11_cluster_8_1mer,seed-4_sample-0,0,,,,bz_11,"cluster_0, cluster_8"
bz_11_cluster_0_1mer-bz_11_cluster_8_1mer,seed-2_sample-0,0,,,,bz_11,"cluster_0, cluster_8"
bz_11_cluster_0_1mer-bz_11_cluster_8_1mer,seed-5_sample-0,0,,,,bz_11,"cluster_0, cluster_8"
bz_11_cluster_0_1mer-bz_11_cluster_8_1mer,seed-6_sample-0,0,,,,bz_11,"cluster_0, cluster_8"
bz_11_cluster_0_1mer-bz_11_cluster_8_1mer,seed-3_sample-0,0,,,,bz_11,"cluster_0, cluster_8"
bz_11_cluster_0_1mer-bz_11_cluster_8_1mer,seed-1_sample-0,0,,,,bz_11,"cluster_0, cluster_8"
bz_11_cluster_0_1mer-bz_11_cluster_8_1mer,seed-7_sample-0,0,,,,bz_11,"cluster_0, cluster_8"
bz_11_cluster_7_1mer-bz_11_cluster_8_1mer,seed-8_sample-0,0,,,,bz_11,"cluster_7, cluster_8"
bz_11_cluster_7_1mer-bz_11_cluster_8_1mer,seed-10_sample-0,0,,,,bz_11,"cluster_7, cluster_8"
bz_11_cluster_7_1mer-bz_11_cluster_8_1mer,seed-9_sample-0,0,,,,bz_11,"cluster_7, cluster_8"
bz_11_cluster_7_1mer-bz_11_cluster_8_1mer,seed-4_sample-0,0,,,,bz_11,"cluster_7, cluster_8"
bz_11_cluster_7_1mer-bz_11_cluster_8_1mer,seed-2_sample-0,0,,,,bz_11,"cluster_7, cluster_8"
bz_11_cluster_7_1mer-bz_11_cluster_8_1mer,seed-5_sample-0,0,,,,bz_11,"cluster_7, cluster_8"
bz_11_cluster_7_1mer-bz_11_cluster_8_1mer,seed-6_sample-0,0,,,,bz_11,"cluster_7, cluster_8"
bz_11_cluster_7_1mer-bz_11_cluster_8_1mer,seed-3_sample-0,0,,,,bz_11,"cluster_7, cluster_8"
bz_11_cluster_7_1mer-bz_11_cluster_8_1mer,seed-1_sample-0,0,,,,bz_11,"cluster_7, cluster_8"
bz_11_cluster_7_1mer-bz_11_cluster_8_1mer,seed-7_sample-0,0,,,,bz_11,"cluster_7, cluster_8"
bz_11_cluster_2_1mer-bz_11_cluster_2_1mer,seed-8_sample-0,0,,,,bz_11,"cluster_2, cluster_2"
bz_11_cluster_2_1mer-bz_11_cluster_2_1mer,seed-10_sample-0,0,,,,bz_11,"cluster_2, cluster_2"
bz_11_cluster_2_1mer-bz_11_cluster_2_1mer,seed-9_sample-0,0,,,,bz_11,"cluster_2, cluster_2"
bz_11_cluster_2_1mer-bz_11_cluster_2_1mer,seed-4_sample-0,0,,,,bz_11,"cluster_2, cluster_2"
bz_11_cluster_2_1mer-bz_11_cluster_2_1mer,seed-2_sample-0,0,,,,bz_11,"cluster_2, cluster_2"
bz_11_cluster_2_1mer-bz_11_cluster_2_1mer,seed-5_sample-0,0,,,,bz_11,"cluster_2, cluster_2"
bz_11_cluster_2_1mer-bz_11_cluster_2_1mer,seed-6_sample-0,0,,,,bz_11,"cluster_2, cluster_2"
bz_11_cluster_2_1mer-bz_11_cluster_2_1mer,seed-3_sample-0,0,,,,bz_11,"cluster_2, cluster_2"
bz_11_cluster_2_1mer-bz_11_cluster_2_1mer,seed-1_sample-0,0,,,,bz_11,"cluster_2, cluster_2"
bz_11_cluster_2_1mer-bz_11_cluster_2_1mer,seed-7_sample-0,0,,,,bz_11,"cluster_2, cluster_2"
bz_11_cluster_3_1mer-bz_11_cluster_3_1mer,seed-8_sample-0,0,,,,bz_11,"cluster_3, cluster_3"
bz_11_cluster_3_1mer-bz_11_cluster_3_1mer,seed-10_sample-0,0,,,,bz_11,"cluster_3, cluster_3"
bz_11_cluster_3_1mer-bz_11_cluster_3_1mer,seed-9_sample-0,0,,,,bz_11,"cluster_3, cluster_3"
bz_11_cluster_3_1mer-bz_11_cluster_3_1mer,seed-4_sample-0,0,,,,bz_11,"cluster_3, cluster_3"
bz_11_cluster_3_1mer-bz_11_cluster_3_1mer,seed-2_sample-0,0,,,,bz_11,"cluster_3, cluster_3"
bz_11_cluster_3_1mer-bz_11_cluster_3_1mer,seed-5_sample-0,0,,,,bz_11,"cluster_3, cluster_3"
bz_11_cluster_3_1mer-bz_11_cluster_3_1mer,seed-6_sample-0,0,,,,bz_11,"cluster_3, cluster_3"
bz_11_cluster_3_1mer-bz_11_cluster_3_1mer,seed-3_sample-0,0,,,,bz_11,"cluster_3, cluster_3"
bz_11_cluster_3_1mer-bz_11_cluster_3_1mer,seed-1_sample-0,0,,,,bz_11,"cluster_3, cluster_3"
bz_11_cluster_3_1mer-bz_11_cluster_3_1mer,seed-7_sample-0,0,,,,bz_11,"cluster_3, cluster_3"
bz_11_cluster_1_1mer-bz_11_cluster_1_1mer,seed-8_sample-0,160,0.51,0.6385,"[0.52, 0.61, 0.59, 0.71, 0.61, 0.62, 0.69, 0.67, 0.7, 0.62, 0.56, 0.68, 0.69, 0.58, 0.65, 0.63, 0.61, 0.52, 0.63, 0.74, 0.59, 0.64, 0.67, 0.61, 0.65, 0.62, 0.54, 0.68, 0.73, 0.69, 0.51, 0.58, 0.7, 0.64, 0.67, 0.62, 0.53, 0.56, 0.61, 0.68, 0.65, 0.61, 0.64, 0.69, 0.73, 0.6, 0.63, 0.61, 0.6, 0.68, 0.62, 0.69, 0.57, 0.58, 0.66, 0.69, 0.64, 0.77, 0.73, 0.52, 0.61, 0.7, 0.66, 0.66, 0.7, 0.62, 0.73, 0.72, 0.62, 0.7, 0.6, 0.56, 0.68, 0.51, 0.65, 0.71, 0.75, 0.65, 0.55, 0.64, 0.52, 0.61, 0.59, 0.71, 0.75, 0.61, 0.62, 0.69, 0.67, 0.65, 0.7, 0.62, 0.68, 0.73, 0.69, 0.67, 0.68, 0.69, 0.53, 0.56, 0.73, 0.51, 0.56, 0.68, 0.61, 0.65, 0.61, 0.64, 0.68, 0.69, 0.61, 0.58, 0.69, 0.63, 0.62, 0.69, 0.57, 0.61, 0.58, 0.7, 0.62, 0.73, 0.6, 0.64, 0.74, 0.61, 0.54, 0.67, 0.61, 0.59, 0.65, 0.58, 0.52, 0.64, 0.62, 0.65, 0.63, 0.63, 0.6, 0.7, 0.66, 0.72, 0.62, 0.64, 0.66, 0.77, 0.7, 0.66, 0.73, 0.52, 0.62, 0.7, 0.68, 0.65, 0.6, 0.56, 0.51, 0.71, 0.55, 0.64]",bz_11,"cluster_1, cluster_1"
bz_11_cluster_1_1mer-bz_11_cluster_1_1mer,seed-10_sample-0,156,0.51,0.642051282051282,"[0.53, 0.6, 0.58, 0.69, 0.76, 0.6, 0.59, 0.7, 0.67, 0.65, 0.7, 0.63, 0.68, 0.74, 0.68, 0.67, 0.7, 0.68, 0.53, 0.56, 0.72, 0.54, 0.69, 0.6, 0.66, 0.64, 0.64, 0.69, 0.71, 0.64, 0.58, 0.7, 0.63, 0.64, 0.67, 0.57, 0.61, 0.58, 0.71, 0.62, 0.74, 0.59, 0.64, 0.74, 0.6, 0.51, 0.66, 0.6, 0.58, 0.63, 0.58, 0.53, 0.65, 0.62, 0.64, 0.62, 0.61, 0.61, 0.7, 0.67, 0.71, 0.63, 0.64, 0.68, 0.77, 0.71, 0.66, 0.73, 0.62, 0.68, 0.69, 0.65, 0.59, 0.56, 0.53, 0.72, 0.56, 0.65, 0.53, 0.6, 0.58, 0.69, 0.6, 0.59, 0.7, 0.67, 0.7, 0.63, 0.56, 0.68, 0.68, 0.58, 0.64, 0.61, 0.6, 0.53, 0.62, 0.74, 0.58, 0.65, 0.67, 0.6, 0.63, 0.62, 0.51, 0.7, 0.72, 0.68, 0.58, 0.71, 0.64, 0.66, 0.62, 0.53, 0.54, 0.6, 0.69, 0.66, 0.64, 0.64, 0.7, 0.74, 0.61, 0.63, 0.61, 0.59, 0.69, 0.64, 0.67, 0.57, 0.58, 0.66, 0.71, 0.64, 0.77, 0.73, 0.64, 0.7, 0.67, 0.68, 0.71, 0.62, 0.74, 0.71, 0.63, 0.68, 0.59, 0.56, 0.69, 0.53, 0.65, 0.72, 0.76, 0.65, 0.56, 0.65]",bz_11,"cluster_1, cluster_1"
bz_11_cluster_1_1mer-bz_11_cluster_1_1mer,seed-9_sample-0,158,0.51,0.6337974683544303,"[0.52, 0.59, 0.58, 0.7, 0.6, 0.6, 0.69, 0.67, 0.69, 0.62, 0.54, 0.68, 0.67, 0.57, 0.64, 0.6, 0.6, 0.52, 0.62, 0.73, 0.58, 0.64, 0.66, 0.6, 0.64, 0.62, 0.51, 0.7, 0.72, 0.68, 0.51, 0.58, 0.7, 0.63, 0.65, 0.61, 0.53, 0.55, 0.6, 0.67, 0.64, 0.61, 0.63, 0.7, 0.72, 0.58, 0.63, 0.61, 0.6, 0.67, 0.63, 0.67, 0.57, 0.58, 0.65, 0.71, 0.63, 0.76, 0.73, 0.63, 0.7, 0.66, 0.67, 0.7, 0.61, 0.72, 0.71, 0.62, 0.68, 0.58, 0.55, 0.68, 0.52, 0.63, 0.71, 0.75, 0.64, 0.55, 0.63, 0.52, 0.59, 0.58, 0.7, 0.75, 0.6, 0.6, 0.69, 0.67, 0.64, 0.69, 0.62, 0.68, 0.72, 0.67, 0.66, 0.7, 0.68, 0.53, 0.54, 0.72, 0.51, 0.55, 0.67, 0.6, 0.64, 0.61, 0.63, 0.67, 0.71, 0.63, 0.58, 0.7, 0.63, 0.63, 0.67, 0.57, 0.61, 0.58, 0.7, 0.61, 0.72, 0.6, 0.63, 0.73, 0.6, 0.51, 0.65, 0.6, 0.58, 0.64, 0.57, 0.52, 0.64, 0.62, 0.64, 0.62, 0.6, 0.58, 0.7, 0.66, 0.71, 0.62, 0.63, 0.67, 0.76, 0.7, 0.65, 0.73, 0.61, 0.68, 0.68, 0.63, 0.58, 0.55, 0.52, 0.71, 0.55, 0.63]",bz_11,"cluster_1, cluster_1"
bz_11_cluster_1_1mer-bz_11_cluster_1_1mer,seed-4_sample-0,156,0.51,0.635897435897436,"[0.51, 0.6, 0.58, 0.69, 0.61, 0.61, 0.69, 0.66, 0.7, 0.61, 0.55, 0.68, 0.68, 0.57, 0.64, 0.62, 0.6, 0.52, 0.62, 0.73, 0.58, 0.64, 0.65, 0.6, 0.64, 0.62, 0.51, 0.69, 0.71, 0.68, 0.57, 0.69, 0.64, 0.65, 0.61, 0.51, 0.53, 0.62, 0.69, 0.64, 0.61, 0.63, 0.7, 0.72, 0.59, 0.62, 0.6, 0.58, 0.67, 0.63, 0.68, 0.56, 0.57, 0.65, 0.7, 0.63, 0.77, 0.73, 0.63, 0.7, 0.67, 0.68, 0.69, 0.61, 0.73, 0.71, 0.63, 0.7, 0.59, 0.56, 0.68, 0.52, 0.64, 0.71, 0.74, 0.64, 0.55, 0.64, 0.51, 0.6, 0.58, 0.69, 0.74, 0.61, 0.61, 0.69, 0.66, 0.64, 0.7, 0.61, 0.68, 0.73, 0.68, 0.65, 0.69, 0.68, 0.51, 0.55, 0.71, 0.53, 0.69, 0.62, 0.64, 0.61, 0.63, 0.67, 0.7, 0.63, 0.57, 0.7, 0.62, 0.63, 0.68, 0.56, 0.6, 0.57, 0.69, 0.61, 0.72, 0.58, 0.64, 0.73, 0.6, 0.51, 0.65, 0.6, 0.58, 0.64, 0.57, 0.52, 0.64, 0.62, 0.64, 0.62, 0.62, 0.59, 0.7, 0.67, 0.71, 0.63, 0.63, 0.68, 0.77, 0.69, 0.65, 0.73, 0.61, 0.7, 0.68, 0.64, 0.59, 0.56, 0.52, 0.71, 0.55, 0.64]",bz_11,"cluster_1, cluster_1"
bz_11_cluster_1_1mer-bz_11_cluster_1_1mer,seed-2_sample-0,156,0.51,0.6434615384615384,"[0.52, 0.61, 0.59, 0.7, 0.61, 0.61, 0.69, 0.67, 0.7, 0.62, 0.56, 0.69, 0.69, 0.59, 0.66, 0.63, 0.6, 0.52, 0.63, 0.75, 0.59, 0.66, 0.67, 0.6, 0.65, 0.63, 0.52, 0.71, 0.72, 0.69, 0.51, 0.58, 0.71, 0.64, 0.66, 0.63, 0.53, 0.56, 0.61, 0.69, 0.64, 0.6, 0.64, 0.7, 0.73, 0.61, 0.62, 0.62, 0.6, 0.67, 0.63, 0.7, 0.56, 0.58, 0.66, 0.71, 0.64, 0.77, 0.73, 0.64, 0.71, 0.67, 0.69, 0.7, 0.62, 0.74, 0.72, 0.64, 0.69, 0.59, 0.56, 0.68, 0.65, 0.72, 0.74, 0.64, 0.54, 0.64, 0.52, 0.61, 0.59, 0.7, 0.74, 0.61, 0.61, 0.69, 0.67, 0.64, 0.7, 0.62, 0.69, 0.74, 0.69, 0.67, 0.71, 0.69, 0.53, 0.56, 0.72, 0.51, 0.56, 0.69, 0.61, 0.64, 0.6, 0.64, 0.67, 0.71, 0.64, 0.58, 0.7, 0.62, 0.63, 0.7, 0.56, 0.62, 0.58, 0.71, 0.63, 0.73, 0.6, 0.64, 0.75, 0.6, 0.52, 0.66, 0.6, 0.59, 0.65, 0.59, 0.52, 0.66, 0.63, 0.66, 0.63, 0.63, 0.61, 0.71, 0.67, 0.72, 0.64, 0.64, 0.69, 0.77, 0.7, 0.66, 0.73, 0.62, 0.69, 0.68, 0.65, 0.59, 0.56, 0.72, 0.54, 0.64]",bz_11,"cluster_1, cluster_1"
bz_11_cluster_1_1mer-bz_11_cluster_1_1mer,seed-5_sample-0,156,0.51,0.6341025641025642,"[0.52, 0.59, 0.58, 0.69, 0.6, 0.61, 0.68, 0.66, 0.69, 0.62, 0.54, 0.67, 0.68, 0.57, 0.64, 0.61, 0.6, 0.51, 0.62, 0.73, 0.58, 0.64, 0.66, 0.6, 0.64, 0.61, 0.51, 0.7, 0.71, 0.68, 0.57, 0.69, 0.63, 0.65, 0.61, 0.52, 0.56, 0.6, 0.68, 0.65, 0.62, 0.63, 0.7, 0.72, 0.59, 0.62, 0.6, 0.6, 0.66, 0.64, 0.67, 0.56, 0.58, 0.65, 0.7, 0.63, 0.77, 0.73, 0.62, 0.69, 0.66, 0.66, 0.69, 0.6, 0.73, 0.7, 0.61, 0.69, 0.58, 0.56, 0.67, 0.52, 0.63, 0.7, 0.75, 0.64, 0.55, 0.64, 0.52, 0.59, 0.58, 0.69, 0.75, 0.6, 0.61, 0.68, 0.66, 0.64, 0.69, 0.62, 0.67, 0.73, 0.68, 0.66, 0.7, 0.68, 0.52, 0.54, 0.71, 0.56, 0.68, 0.6, 0.65, 0.62, 0.63, 0.66, 0.7, 0.62, 0.57, 0.7, 0.62, 0.64, 0.67, 0.56, 0.6, 0.58, 0.69, 0.61, 0.72, 0.6, 0.63, 0.73, 0.6, 0.51, 0.65, 0.6, 0.58, 0.64, 0.57, 0.51, 0.64, 0.61, 0.64, 0.62, 0.61, 0.59, 0.69, 0.66, 0.7, 0.61, 0.63, 0.66, 0.77, 0.69, 0.65, 0.73, 0.6, 0.69, 0.67, 0.63, 0.58, 0.56, 0.52, 0.7, 0.55, 0.64]",bz_11,"cluster_1, cluster_1"
bz_11_cluster_1_1mer-bz_11_cluster_1_1mer,seed-6_sample-0,154,0.51,0.642077922077922,"[0.51, 0.6, 0.58, 0.69, 0.75, 0.6, 0.58, 0.7, 0.66, 0.65, 0.7, 0.62, 0.68, 0.74, 0.68, 0.67, 0.69, 0.68, 0.53, 0.55, 0.73, 0.53, 0.69, 0.61, 0.65, 0.63, 0.63, 0.68, 0.71, 0.66, 0.57, 0.71, 0.63, 0.64, 0.68, 0.56, 0.61, 0.59, 0.7, 0.62, 0.72, 0.59, 0.63, 0.72, 0.6, 0.65, 0.61, 0.59, 0.63, 0.58, 0.53, 0.65, 0.63, 0.65, 0.62, 0.61, 0.59, 0.71, 0.67, 0.71, 0.63, 0.63, 0.69, 0.77, 0.71, 0.67, 0.74, 0.61, 0.69, 0.68, 0.64, 0.59, 0.56, 0.53, 0.71, 0.56, 0.65, 0.51, 0.6, 0.58, 0.69, 0.6, 0.58, 0.7, 0.66, 0.7, 0.62, 0.55, 0.68, 0.68, 0.58, 0.65, 0.61, 0.61, 0.53, 0.62, 0.72, 0.59, 0.65, 0.67, 0.6, 0.63, 0.63, 0.69, 0.73, 0.68, 0.57, 0.7, 0.63, 0.65, 0.62, 0.53, 0.53, 0.61, 0.69, 0.65, 0.63, 0.63, 0.71, 0.72, 0.59, 0.63, 0.61, 0.59, 0.68, 0.64, 0.68, 0.56, 0.59, 0.67, 0.71, 0.63, 0.77, 0.74, 0.66, 0.71, 0.67, 0.69, 0.71, 0.61, 0.74, 0.71, 0.63, 0.69, 0.59, 0.56, 0.68, 0.53, 0.64, 0.71, 0.75, 0.65, 0.56, 0.65]",bz_11,"cluster_1, cluster_1"
bz_11_cluster_1_1mer-bz_11_cluster_1_1mer,seed-3_sample-0,156,0.51,0.6357692307692309,"[0.52, 0.59, 0.58, 0.69, 0.61, 0.61, 0.69, 0.66, 0.69, 0.62, 0.54, 0.68, 0.68, 0.57, 0.63, 0.6, 0.6, 0.51, 0.62, 0.73, 0.58, 0.65, 0.66, 0.6, 0.64, 0.62, 0.52, 0.7, 0.72, 0.67, 0.57, 0.69, 0.64, 0.65, 0.61, 0.52, 0.55, 0.61, 0.68, 0.64, 0.61, 0.65, 0.7, 0.72, 0.58, 0.64, 0.61, 0.6, 0.67, 0.63, 0.69, 0.56, 0.57, 0.65, 0.7, 0.64, 0.77, 0.74, 0.62, 0.7, 0.64, 0.66, 0.7, 0.61, 0.73, 0.71, 0.63, 0.68, 0.58, 0.56, 0.68, 0.52, 0.63, 0.7, 0.75, 0.63, 0.55, 0.64, 0.52, 0.59, 0.58, 0.69, 0.75, 0.61, 0.61, 0.69, 0.66, 0.63, 0.69, 0.62, 0.68, 0.73, 0.68, 0.66, 0.7, 0.67, 0.52, 0.54, 0.72, 0.55, 0.68, 0.61, 0.64, 0.61, 0.65, 0.67, 0.7, 0.62, 0.57, 0.7, 0.64, 0.63, 0.69, 0.56, 0.61, 0.57, 0.69, 0.61, 0.72, 0.6, 0.64, 0.73, 0.6, 0.52, 0.65, 0.6, 0.58, 0.64, 0.57, 0.51, 0.65, 0.62, 0.63, 0.62, 0.6, 0.58, 0.7, 0.64, 0.71, 0.63, 0.64, 0.66, 0.77, 0.7, 0.65, 0.74, 0.61, 0.68, 0.68, 0.63, 0.58, 0.56, 0.52, 0.7, 0.55, 0.64]",bz_11,"cluster_1, cluster_1"
bz_11_cluster_1_1mer-bz_11_cluster_1_1mer,seed-1_sample-0,158,0.51,0.638987341772152,"[0.52, 0.61, 0.58, 0.7, 0.61, 0.61, 0.69, 0.67, 0.7, 0.62, 0.56, 0.68, 0.69, 0.57, 0.65, 0.63, 0.6, 0.52, 0.63, 0.73, 0.59, 0.64, 0.67, 0.59, 0.64, 0.62, 0.52, 0.69, 0.73, 0.67, 0.51, 0.58, 0.7, 0.64, 0.66, 0.62, 0.52, 0.55, 0.62, 0.69, 0.65, 0.61, 0.64, 0.69, 0.73, 0.6, 0.63, 0.61, 0.6, 0.67, 0.62, 0.68, 0.56, 0.59, 0.66, 0.7, 0.64, 0.77, 0.73, 0.51, 0.62, 0.7, 0.67, 0.67, 0.7, 0.62, 0.74, 0.71, 0.64, 0.7, 0.59, 0.56, 0.69, 0.65, 0.72, 0.75, 0.65, 0.55, 0.64, 0.52, 0.61, 0.58, 0.7, 0.75, 0.61, 0.61, 0.69, 0.67, 0.65, 0.7, 0.62, 0.68, 0.74, 0.69, 0.67, 0.69, 0.67, 0.52, 0.56, 0.73, 0.51, 0.55, 0.69, 0.62, 0.65, 0.61, 0.64, 0.67, 0.7, 0.62, 0.58, 0.69, 0.63, 0.62, 0.68, 0.56, 0.61, 0.59, 0.7, 0.62, 0.73, 0.6, 0.64, 0.73, 0.59, 0.52, 0.66, 0.6, 0.59, 0.64, 0.57, 0.52, 0.64, 0.62, 0.65, 0.63, 0.63, 0.6, 0.7, 0.67, 0.71, 0.64, 0.64, 0.67, 0.77, 0.7, 0.66, 0.73, 0.51, 0.62, 0.7, 0.69, 0.65, 0.59, 0.56, 0.72, 0.55, 0.64]",bz_11,"cluster_1, cluster_1"
bz_11_cluster_1_1mer-bz_11_cluster_1_1mer,seed-7_sample-0,158,0.51,0.6416455696202531,"[0.53, 0.61, 0.59, 0.7, 0.6, 0.62, 0.69, 0.67, 0.7, 0.62, 0.56, 0.68, 0.69, 0.58, 0.65, 0.64, 0.62, 0.52, 0.63, 0.74, 0.6, 0.64, 0.67, 0.6, 0.66, 0.62, 0.53, 0.7, 0.73, 0.68, 0.51, 0.59, 0.71, 0.65, 0.67, 0.63, 0.52, 0.54, 0.61, 0.69, 0.65, 0.6, 0.64, 0.69, 0.73, 0.6, 0.64, 0.62, 0.6, 0.67, 0.62, 0.69, 0.57, 0.58, 0.67, 0.7, 0.63, 0.77, 0.73, 0.52, 0.62, 0.7, 0.67, 0.69, 0.7, 0.62, 0.73, 0.72, 0.64, 0.7, 0.59, 0.56, 0.69, 0.65, 0.72, 0.75, 0.64, 0.55, 0.64, 0.53, 0.61, 0.59, 0.7, 0.75, 0.6, 0.62, 0.69, 0.67, 0.64, 0.7, 0.62, 0.68, 0.73, 0.69, 0.67, 0.7, 0.68, 0.52, 0.56, 0.73, 0.51, 0.54, 0.69, 0.61, 0.65, 0.6, 0.64, 0.67, 0.7, 0.62, 0.59, 0.69, 0.64, 0.62, 0.69, 0.57, 0.62, 0.58, 0.71, 0.63, 0.73, 0.6, 0.65, 0.74, 0.6, 0.53, 0.67, 0.62, 0.6, 0.66, 0.58, 0.52, 0.64, 0.62, 0.65, 0.63, 0.64, 0.6, 0.7, 0.67, 0.72, 0.64, 0.63, 0.69, 0.77, 0.7, 0.67, 0.73, 0.52, 0.62, 0.7, 0.69, 0.65, 0.59, 0.56, 0.72, 0.55, 0.64]",bz_11,"cluster_1, cluster_1"
bz_11_cluster_5_1mer-bz_11_cluster_5_1mer,seed-8_sample-0,0,,,,bz_11,"cluster_5, cluster_5"
bz_11_cluster_5_1mer-bz_11_cluster_5_1mer,seed-10_sample-0,0,,,,bz_11,"cluster_5, cluster_5"
bz_11_cluster_5_1mer-bz_11_cluster_5_1mer,seed-9_sample-0,0,,,,bz_11,"cluster_5, cluster_5"
bz_11_cluster_5_1mer-bz_11_cluster_5_1mer,seed-4_sample-0,0,,,,bz_11,"cluster_5, cluster_5"
bz_11_cluster_5_1mer-bz_11_cluster_5_1mer,seed-2_sample-0,0,,,,bz_11,"cluster_5, cluster_5"
bz_11_cluster_5_1mer-bz_11_cluster_5_1mer,seed-5_sample-0,0,,,,bz_11,"cluster_5, cluster_5"
bz_11_cluster_5_1mer-bz_11_cluster_5_1mer,seed-6_sample-0,0,,,,bz_11,"cluster_5, cluster_5"
bz_11_cluster_5_1mer-bz_11_cluster_5_1mer,seed-3_sample-0,0,,,,bz_11,"cluster_5, cluster_5"
bz_11_cluster_5_1mer-bz_11_cluster_5_1mer,seed-1_sample-0,0,,,,bz_11,"cluster_5, cluster_5"
bz_11_cluster_5_1mer-bz_11_cluster_5_1mer,seed-7_sample-0,0,,,,bz_11,"cluster_5, cluster_5"
bz_11_cluster_4_1mer-bz_11_cluster_4_1mer,seed-8_sample-0,8,0.63,0.6925,"[0.77, 0.68, 0.63, 0.69, 0.77, 0.68, 0.63, 0.69]",bz_11,"cluster_4, cluster_4"
bz_11_cluster_4_1mer-bz_11_cluster_4_1mer,seed-10_sample-0,8,0.6,0.6775,"[0.77, 0.67, 0.6, 0.67, 0.77, 0.67, 0.6, 0.67]",bz_11,"cluster_4, cluster_4"
bz_11_cluster_4_1mer-bz_11_cluster_4_1mer,seed-9_sample-0,8,0.59,0.6725000000000001,"[0.77, 0.66, 0.59, 0.67, 0.77, 0.66, 0.59, 0.67]",bz_11,"cluster_4, cluster_4"
bz_11_cluster_4_1mer-bz_11_cluster_4_1mer,seed-4_sample-0,8,0.61,0.6849999999999999,"[0.77, 0.67, 0.61, 0.69, 0.77, 0.67, 0.61, 0.69]",bz_11,"cluster_4, cluster_4"
bz_11_cluster_4_1mer-bz_11_cluster_4_1mer,seed-2_sample-0,10,0.51,0.658,"[0.78, 0.69, 0.51, 0.63, 0.68, 0.78, 0.69, 0.63, 0.51, 0.68]",bz_11,"cluster_4, cluster_4"
bz_11_cluster_4_1mer-bz_11_cluster_4_1mer,seed-5_sample-0,8,0.6,0.685,"[0.78, 0.67, 0.6, 0.69, 0.78, 0.67, 0.6, 0.69]",bz_11,"cluster_4, cluster_4"
bz_11_cluster_4_1mer-bz_11_cluster_4_1mer,seed-6_sample-0,12,0.51,0.6249999999999999,"[0.77, 0.67, 0.51, 0.6, 0.51, 0.69, 0.77, 0.67, 0.51, 0.6, 0.51, 0.69]",bz_11,"cluster_4, cluster_4"
bz_11_cluster_4_1mer-bz_11_cluster_4_1mer,seed-3_sample-0,8,0.59,0.675,"[0.77, 0.67, 0.59, 0.67, 0.77, 0.67, 0.59, 0.67]",bz_11,"cluster_4, cluster_4"
bz_11_cluster_4_1mer-bz_11_cluster_4_1mer,seed-1_sample-0,10,0.51,0.6539999999999999,"[0.77, 0.69, 0.51, 0.62, 0.68, 0.77, 0.69, 0.62, 0.51, 0.68]",bz_11,"cluster_4, cluster_4"
bz_11_cluster_4_1mer-bz_11_cluster_4_1mer,seed-7_sample-0,12,0.51,0.6299999999999999,"[0.79, 0.68, 0.52, 0.6, 0.51, 0.68, 0.79, 0.68, 0.51, 0.6, 0.52, 0.68]",bz_11,"cluster_4, cluster_4"
bz_11_cluster_0_1mer-bz_11_cluster_0_1mer,seed-8_sample-0,44,0.52,0.6181818181818182,"[0.6, 0.66, 0.64, 0.67, 0.64, 0.56, 0.66, 0.56, 0.62, 0.67, 0.55, 0.65, 0.66, 0.65, 0.62, 0.52, 0.66, 0.56, 0.65, 0.62, 0.52, 0.66, 0.62, 0.66, 0.66, 0.67, 0.65, 0.56, 0.64, 0.56, 0.6, 0.67, 0.55, 0.65, 0.66, 0.64, 0.62, 0.52, 0.66, 0.56, 0.65, 0.62, 0.52, 0.66]",bz_11,"cluster_0, cluster_0"
bz_11_cluster_0_1mer-bz_11_cluster_0_1mer,seed-10_sample-0,44,0.52,0.6231818181818182,"[0.61, 0.66, 0.65, 0.67, 0.63, 0.58, 0.67, 0.56, 0.62, 0.67, 0.56, 0.67, 0.66, 0.63, 0.63, 0.52, 0.66, 0.58, 0.66, 0.63, 0.53, 0.66, 0.62, 0.66, 0.67, 0.67, 0.63, 0.58, 0.65, 0.56, 0.61, 0.67, 0.56, 0.66, 0.66, 0.63, 0.63, 0.53, 0.66, 0.58, 0.67, 0.63, 0.52, 0.66]",bz_11,"cluster_0, cluster_0"
bz_11_cluster_0_1mer-bz_11_cluster_0_1mer,seed-9_sample-0,44,0.52,0.6231818181818182,"[0.59, 0.66, 0.65, 0.68, 0.63, 0.59, 0.65, 0.57, 0.62, 0.67, 0.55, 0.66, 0.66, 0.63, 0.64, 0.52, 0.67, 0.59, 0.66, 0.64, 0.52, 0.66, 0.62, 0.66, 0.65, 0.67, 0.63, 0.59, 0.65, 0.57, 0.59, 0.68, 0.55, 0.66, 0.66, 0.63, 0.64, 0.52, 0.66, 0.59, 0.66, 0.64, 0.52, 0.67]",bz_11,"cluster_0, cluster_0"
bz_11_cluster_0_1mer-bz_11_cluster_0_1mer,seed-4_sample-0,46,0.51,0.6191304347826088,"[0.61, 0.66, 0.64, 0.67, 0.64, 0.58, 0.68, 0.56, 0.61, 0.68, 0.56, 0.67, 0.66, 0.63, 0.62, 0.53, 0.66, 0.58, 0.51, 0.66, 0.64, 0.53, 0.66, 0.61, 0.66, 0.68, 0.68, 0.63, 0.58, 0.64, 0.56, 0.61, 0.67, 0.56, 0.66, 0.66, 0.64, 0.64, 0.53, 0.66, 0.58, 0.67, 0.62, 0.51, 0.53, 0.66]",bz_11,"cluster_0, cluster_0"
bz_11_cluster_0_1mer-bz_11_cluster_0_1mer,seed-2_sample-0,46,0.52,0.6352173913043478,"[0.62, 0.69, 0.52, 0.67, 0.7, 0.65, 0.57, 0.69, 0.59, 0.62, 0.69, 0.58, 0.68, 0.68, 0.65, 0.64, 0.56, 0.68, 0.58, 0.68, 0.64, 0.55, 0.68, 0.62, 0.68, 0.52, 0.69, 0.69, 0.65, 0.58, 0.67, 0.59, 0.62, 0.7, 0.58, 0.68, 0.69, 0.65, 0.64, 0.55, 0.68, 0.57, 0.68, 0.64, 0.56, 0.68]",bz_11,"cluster_0, cluster_0"
bz_11_cluster_0_1mer-bz_11_cluster_0_1mer,seed-5_sample-0,44,0.52,0.6213636363636363,"[0.62, 0.66, 0.65, 0.66, 0.64, 0.55, 0.66, 0.57, 0.62, 0.67, 0.55, 0.67, 0.66, 0.64, 0.63, 0.52, 0.66, 0.55, 0.66, 0.63, 0.53, 0.67, 0.62, 0.66, 0.66, 0.67, 0.64, 0.55, 0.65, 0.57, 0.62, 0.66, 0.55, 0.66, 0.66, 0.64, 0.63, 0.53, 0.67, 0.55, 0.67, 0.63, 0.52, 0.66]",bz_11,"cluster_0, cluster_0"
bz_11_cluster_0_1mer-bz_11_cluster_0_1mer,seed-6_sample-0,44,0.52,0.6236363636363637,"[0.61, 0.67, 0.63, 0.69, 0.63, 0.59, 0.65, 0.55, 0.63, 0.67, 0.55, 0.67, 0.66, 0.63, 0.63, 0.52, 0.67, 0.58, 0.67, 0.63, 0.53, 0.66, 0.63, 0.66, 0.65, 0.67, 0.63, 0.58, 0.63, 0.55, 0.61, 0.69, 0.55, 0.67, 0.67, 0.63, 0.63, 0.53, 0.66, 0.59, 0.67, 0.63, 0.52, 0.67]",bz_11,"cluster_0, cluster_0"
bz_11_cluster_0_1mer-bz_11_cluster_0_1mer,seed-3_sample-0,44,0.52,0.6204545454545456,"[0.62, 0.66, 0.63, 0.68, 0.63, 0.57, 0.66, 0.55, 0.61, 0.67, 0.55, 0.66, 0.65, 0.62, 0.64, 0.52, 0.66, 0.58, 0.66, 0.64, 0.53, 0.66, 0.61, 0.65, 0.66, 0.67, 0.62, 0.58, 0.63, 0.55, 0.62, 0.68, 0.55, 0.66, 0.66, 0.63, 0.64, 0.53, 0.66, 0.57, 0.66, 0.64, 0.52, 0.66]",bz_11,"cluster_0, cluster_0"
bz_11_cluster_0_1mer-bz_11_cluster_0_1mer,seed-1_sample-0,44,0.52,0.6154545454545454,"[0.62, 0.66, 0.63, 0.66, 0.63, 0.55, 0.64, 0.56, 0.63, 0.67, 0.55, 0.65, 0.65, 0.64, 0.63, 0.52, 0.65, 0.55, 0.64, 0.63, 0.52, 0.66, 0.63, 0.65, 0.64, 0.67, 0.64, 0.55, 0.63, 0.56, 0.62, 0.66, 0.55, 0.64, 0.66, 0.63, 0.63, 0.52, 0.66, 0.55, 0.65, 0.63, 0.52, 0.65]",bz_11,"cluster_0, cluster_0"
bz_11_cluster_0_1mer-bz_11_cluster_0_1mer,seed-7_sample-0,44,0.51,0.6204545454545455,"[0.61, 0.66, 0.64, 0.67, 0.62, 0.59, 0.66, 0.56, 0.62, 0.68, 0.55, 0.65, 0.66, 0.63, 0.63, 0.51, 0.66, 0.59, 0.66, 0.62, 0.52, 0.66, 0.62, 0.66, 0.66, 0.68, 0.63, 0.59, 0.64, 0.56, 0.61, 0.67, 0.55, 0.66, 0.66, 0.62, 0.62, 0.52, 0.66, 0.59, 0.65, 0.63, 0.51, 0.66]",bz_11,"cluster_0, cluster_0"
bz_11_cluster_7_1mer-bz_11_cluster_7_1mer,seed-8_sample-0,0,,,,bz_11,"cluster_7, cluster_7"
bz_11_cluster_7_1mer-bz_11_cluster_7_1mer,seed-10_sample-0,0,,,,bz_11,"cluster_7, cluster_7"
bz_11_cluster_7_1mer-bz_11_cluster_7_1mer,seed-9_sample-0,0,,,,bz_11,"cluster_7, cluster_7"
bz_11_cluster_7_1mer-bz_11_cluster_7_1mer,seed-4_sample-0,0,,,,bz_11,"cluster_7, cluster_7"
bz_11_cluster_7_1mer-bz_11_cluster_7_1mer,seed-2_sample-0,0,,,,bz_11,"cluster_7, cluster_7"
bz_11_cluster_7_1mer-bz_11_cluster_7_1mer,seed-5_sample-0,0,,,,bz_11,"cluster_7, cluster_7"
bz_11_cluster_7_1mer-bz_11_cluster_7_1mer,seed-6_sample-0,0,,,,bz_11,"cluster_7, cluster_7"
bz_11_cluster_7_1mer-bz_11_cluster_7_1mer,seed-3_sample-0,0,,,,bz_11,"cluster_7, cluster_7"
bz_11_cluster_7_1mer-bz_11_cluster_7_1mer,seed-1_sample-0,0,,,,bz_11,"cluster_7, cluster_7"
bz_11_cluster_7_1mer-bz_11_cluster_7_1mer,seed-7_sample-0,0,,,,bz_11,"cluster_7, cluster_7"
bz_11_cluster_8_1mer-bz_11_cluster_8_1mer,seed-8_sample-0,54,0.68,0.8781481481481479,"[0.82, 0.87, 0.87, 0.73, 0.79, 0.97, 0.76, 0.89, 0.94, 0.97, 0.97, 0.94, 0.98, 0.94, 0.82, 0.73, 0.79, 0.76, 0.97, 0.95, 0.98, 0.98, 0.87, 0.89, 0.98, 0.68, 0.87, 0.82, 0.87, 0.87, 0.73, 0.79, 0.97, 0.76, 0.89, 0.94, 0.97, 0.97, 0.94, 0.98, 0.95, 0.82, 0.73, 0.79, 0.76, 0.97, 0.94, 0.98, 0.98, 0.87, 0.89, 0.98, 0.68, 0.87]",bz_11,"cluster_8, cluster_8"
bz_11_cluster_8_1mer-bz_11_cluster_8_1mer,seed-10_sample-0,54,0.68,0.8781481481481479,"[0.82, 0.87, 0.87, 0.72, 0.8, 0.97, 0.76, 0.89, 0.93, 0.97, 0.97, 0.94, 0.98, 0.94, 0.82, 0.72, 0.8, 0.77, 0.97, 0.95, 0.98, 0.98, 0.87, 0.89, 0.98, 0.68, 0.87, 0.82, 0.87, 0.87, 0.72, 0.8, 0.97, 0.77, 0.89, 0.94, 0.97, 0.97, 0.93, 0.98, 0.95, 0.82, 0.72, 0.8, 0.76, 0.97, 0.94, 0.98, 0.98, 0.87, 0.89, 0.98, 0.68, 0.87]",bz_11,"cluster_8, cluster_8"
bz_11_cluster_8_1mer-bz_11_cluster_8_1mer,seed-9_sample-0,54,0.68,0.8788888888888886,"[0.83, 0.87, 0.87, 0.73, 0.8, 0.97, 0.76, 0.89, 0.93, 0.97, 0.97, 0.93, 0.98, 0.94, 0.83, 0.73, 0.8, 0.77, 0.97, 0.94, 0.98, 0.98, 0.87, 0.89, 0.98, 0.68, 0.87, 0.83, 0.87, 0.87, 0.73, 0.8, 0.97, 0.77, 0.89, 0.93, 0.97, 0.97, 0.93, 0.98, 0.94, 0.83, 0.73, 0.8, 0.76, 0.97, 0.94, 0.98, 0.98, 0.87, 0.89, 0.98, 0.68, 0.87]",bz_11,"cluster_8, cluster_8"
bz_11_cluster_8_1mer-bz_11_cluster_8_1mer,seed-4_sample-0,54,0.67,0.8774074074074072,"[0.83, 0.87, 0.87, 0.73, 0.79, 0.97, 0.77, 0.89, 0.93, 0.97, 0.97, 0.93, 0.98, 0.95, 0.82, 0.73, 0.79, 0.76, 0.97, 0.94, 0.98, 0.98, 0.87, 0.89, 0.98, 0.67, 0.86, 0.82, 0.87, 0.86, 0.73, 0.79, 0.97, 0.76, 0.89, 0.93, 0.97, 0.97, 0.93, 0.98, 0.94, 0.83, 0.73, 0.79, 0.77, 0.97, 0.95, 0.98, 0.98, 0.87, 0.89, 0.98, 0.67, 0.87]",bz_11,"cluster_8, cluster_8"
bz_11_cluster_8_1mer-bz_11_cluster_8_1mer,seed-2_sample-0,54,0.68,0.8777777777777774,"[0.82, 0.87, 0.87, 0.72, 0.79, 0.97, 0.76, 0.89, 0.94, 0.98, 0.97, 0.93, 0.98, 0.95, 0.82, 0.72, 0.8, 0.76, 0.97, 0.94, 0.98, 0.98, 0.87, 0.89, 0.98, 0.68, 0.87, 0.82, 0.87, 0.87, 0.72, 0.8, 0.97, 0.76, 0.89, 0.93, 0.97, 0.97, 0.94, 0.98, 0.94, 0.82, 0.72, 0.79, 0.76, 0.98, 0.95, 0.98, 0.98, 0.87, 0.89, 0.98, 0.68, 0.87]",bz_11,"cluster_8, cluster_8"
bz_11_cluster_8_1mer-bz_11_cluster_8_1mer,seed-5_sample-0,54,0.68,0.878148148148148,"[0.82, 0.87, 0.87, 0.73, 0.79, 0.97, 0.76, 0.89, 0.93, 0.97, 0.97, 0.93, 0.98, 0.94, 0.82, 0.73, 0.8, 0.77, 0.97, 0.95, 0.98, 0.98, 0.87, 0.89, 0.98, 0.68, 0.87, 0.82, 0.87, 0.87, 0.73, 0.8, 0.97, 0.77, 0.89, 0.93, 0.97, 0.97, 0.93, 0.98, 0.95, 0.82, 0.73, 0.79, 0.76, 0.97, 0.94, 0.98, 0.98, 0.87, 0.89, 0.98, 0.68, 0.87]",bz_11,"cluster_8, cluster_8"
bz_11_cluster_8_1mer-bz_11_cluster_8_1mer,seed-6_sample-0,54,0.67,0.8766666666666665,"[0.82, 0.87, 0.87, 0.72, 0.79, 0.97, 0.76, 0.89, 0.93, 0.97, 0.97, 0.93, 0.98, 0.95, 0.82, 0.72, 0.8, 0.76, 0.97, 0.94, 0.98, 0.98, 0.87, 0.89, 0.98, 0.67, 0.87, 0.82, 0.87, 0.87, 0.72, 0.8, 0.97, 0.76, 0.89, 0.93, 0.97, 0.97, 0.93, 0.98, 0.94, 0.82, 0.72, 0.79, 0.76, 0.97, 0.95, 0.98, 0.98, 0.87, 0.89, 0.98, 0.67, 0.87]",bz_11,"cluster_8, cluster_8"
bz_11_cluster_8_1mer-bz_11_cluster_8_1mer,seed-3_sample-0,54,0.68,0.8777777777777774,"[0.82, 0.87, 0.87, 0.73, 0.79, 0.97, 0.76, 0.89, 0.93, 0.97, 0.97, 0.93, 0.98, 0.95, 0.83, 0.72, 0.79, 0.77, 0.98, 0.94, 0.98, 0.98, 0.87, 0.89, 0.98, 0.68, 0.86, 0.83, 0.87, 0.86, 0.72, 0.79, 0.97, 0.77, 0.89, 0.93, 0.98, 0.97, 0.93, 0.98, 0.94, 0.82, 0.73, 0.79, 0.76, 0.97, 0.95, 0.98, 0.98, 0.87, 0.89, 0.98, 0.68, 0.87]",bz_11,"cluster_8, cluster_8"
bz_11_cluster_8_1mer-bz_11_cluster_8_1mer,seed-1_sample-0,54,0.68,0.8796296296296293,"[0.83, 0.87, 0.87, 0.73, 0.8, 0.97, 0.77, 0.89, 0.93, 0.97, 0.97, 0.93, 0.98, 0.95, 0.83, 0.73, 0.8, 0.76, 0.97, 0.95, 0.98, 0.98, 0.87, 0.89, 0.98, 0.68, 0.87, 0.83, 0.87, 0.87, 0.73, 0.8, 0.97, 0.76, 0.89, 0.93, 0.97, 0.97, 0.93, 0.98, 0.95, 0.83, 0.73, 0.8, 0.77, 0.97, 0.95, 0.98, 0.98, 0.87, 0.89, 0.98, 0.68, 0.87]",bz_11,"cluster_8, cluster_8"
bz_11_cluster_8_1mer-bz_11_cluster_8_1mer,seed-7_sample-0,54,0.68,0.8796296296296295,"[0.82, 0.87, 0.87, 0.73, 0.8, 0.97, 0.76, 0.89, 0.94, 0.98, 0.97, 0.93, 0.98, 0.95, 0.82, 0.73, 0.8, 0.77, 0.97, 0.95, 0.98, 0.98, 0.87, 0.89, 0.98, 0.68, 0.87, 0.82, 0.87, 0.87, 0.73, 0.8, 0.97, 0.77, 0.89, 0.93, 0.97, 0.97, 0.94, 0.98, 0.95, 0.82, 0.73, 0.8, 0.76, 0.98, 0.95, 0.98, 0.98, 0.87, 0.89, 0.98, 0.68, 0.87]",bz_11,"cluster_8, cluster_8"
bz_2_cluster_2_1mer-bz_2_cluster_3_1mer,seed-8_sample-0,0,,,,bz_2,"cluster_2, cluster_3"
bz_2_cluster_2_1mer-bz_2_cluster_3_1mer,seed-10_sample-0,0,,,,bz_2,"cluster_2, cluster_3"
bz_2_cluster_2_1mer-bz_2_cluster_3_1mer,seed-9_sample-0,0,,,,bz_2,"cluster_2, cluster_3"
bz_2_cluster_2_1mer-bz_2_cluster_3_1mer,seed-4_sample-0,0,,,,bz_2,"cluster_2, cluster_3"
bz_2_cluster_2_1mer-bz_2_cluster_3_1mer,seed-2_sample-0,0,,,,bz_2,"cluster_2, cluster_3"
bz_2_cluster_2_1mer-bz_2_cluster_3_1mer,seed-5_sample-0,0,,,,bz_2,"cluster_2, cluster_3"
bz_2_cluster_2_1mer-bz_2_cluster_3_1mer,seed-6_sample-0,0,,,,bz_2,"cluster_2, cluster_3"
bz_2_cluster_2_1mer-bz_2_cluster_3_1mer,seed-3_sample-0,0,,,,bz_2,"cluster_2, cluster_3"
bz_2_cluster_2_1mer-bz_2_cluster_3_1mer,seed-1_sample-0,0,,,,bz_2,"cluster_2, cluster_3"
bz_2_cluster_2_1mer-bz_2_cluster_3_1mer,seed-7_sample-0,0,,,,bz_2,"cluster_2, cluster_3"
bz_2_cluster_2_1mer-bz_2_cluster_1_1mer,seed-8_sample-0,0,,,,bz_2,"cluster_1, cluster_2"
bz_2_cluster_2_1mer-bz_2_cluster_1_1mer,seed-10_sample-0,0,,,,bz_2,"cluster_1, cluster_2"
bz_2_cluster_2_1mer-bz_2_cluster_1_1mer,seed-9_sample-0,0,,,,bz_2,"cluster_1, cluster_2"
bz_2_cluster_2_1mer-bz_2_cluster_1_1mer,seed-4_sample-0,0,,,,bz_2,"cluster_1, cluster_2"
bz_2_cluster_2_1mer-bz_2_cluster_1_1mer,seed-2_sample-0,0,,,,bz_2,"cluster_1, cluster_2"
bz_2_cluster_2_1mer-bz_2_cluster_1_1mer,seed-5_sample-0,0,,,,bz_2,"cluster_1, cluster_2"
bz_2_cluster_2_1mer-bz_2_cluster_1_1mer,seed-6_sample-0,0,,,,bz_2,"cluster_1, cluster_2"
bz_2_cluster_2_1mer-bz_2_cluster_1_1mer,seed-3_sample-0,0,,,,bz_2,"cluster_1, cluster_2"
bz_2_cluster_2_1mer-bz_2_cluster_1_1mer,seed-1_sample-0,0,,,,bz_2,"cluster_1, cluster_2"
bz_2_cluster_2_1mer-bz_2_cluster_1_1mer,seed-7_sample-0,0,,,,bz_2,"cluster_1, cluster_2"
bz_2_cluster_2_1mer-bz_2_cluster_6_1mer,seed-8_sample-0,8,0.51,0.5425,"[0.51, 0.56, 0.54, 0.56, 0.51, 0.56, 0.54, 0.56]",bz_2,"cluster_2, cluster_6"
bz_2_cluster_2_1mer-bz_2_cluster_6_1mer,seed-10_sample-0,6,0.54,0.5533333333333333,"[0.56, 0.54, 0.56, 0.56, 0.54, 0.56]",bz_2,"cluster_2, cluster_6"
bz_2_cluster_2_1mer-bz_2_cluster_6_1mer,seed-9_sample-0,14,0.52,0.5557142857142857,"[0.55, 0.6, 0.57, 0.54, 0.53, 0.58, 0.52, 0.55, 0.6, 0.57, 0.52, 0.58, 0.54, 0.53]",bz_2,"cluster_2, cluster_6"
bz_2_cluster_2_1mer-bz_2_cluster_6_1mer,seed-4_sample-0,14,0.53,0.5585714285714286,"[0.54, 0.61, 0.57, 0.54, 0.53, 0.59, 0.53, 0.54, 0.61, 0.57, 0.53, 0.59, 0.54, 0.53]",bz_2,"cluster_2, cluster_6"
bz_2_cluster_2_1mer-bz_2_cluster_6_1mer,seed-2_sample-0,14,0.54,0.5685714285714286,"[0.55, 0.63, 0.58, 0.54, 0.54, 0.6, 0.54, 0.55, 0.63, 0.58, 0.54, 0.6, 0.54, 0.54]",bz_2,"cluster_2, cluster_6"
bz_2_cluster_2_1mer-bz_2_cluster_6_1mer,seed-5_sample-0,10,0.51,0.546,"[0.52, 0.57, 0.55, 0.51, 0.58, 0.52, 0.57, 0.55, 0.58, 0.51]",bz_2,"cluster_2, cluster_6"
bz_2_cluster_2_1mer-bz_2_cluster_6_1mer,seed-6_sample-0,8,0.51,0.545,"[0.51, 0.55, 0.55, 0.57, 0.51, 0.55, 0.55, 0.57]",bz_2,"cluster_2, cluster_6"
bz_2_cluster_2_1mer-bz_2_cluster_6_1mer,seed-3_sample-0,16,0.52,0.5725,"[0.57, 0.63, 0.59, 0.55, 0.52, 0.56, 0.61, 0.55, 0.57, 0.63, 0.59, 0.55, 0.61, 0.52, 0.55, 0.56]",bz_2,"cluster_2, cluster_6"
bz_2_cluster_2_1mer-bz_2_cluster_6_1mer,seed-1_sample-0,16,0.51,0.5725,"[0.57, 0.63, 0.59, 0.56, 0.51, 0.55, 0.61, 0.56, 0.57, 0.63, 0.59, 0.56, 0.61, 0.51, 0.56, 0.55]",bz_2,"cluster_2, cluster_6"
bz_2_cluster_2_1mer-bz_2_cluster_6_1mer,seed-7_sample-0,16,0.52,0.5687500000000001,"[0.57, 0.63, 0.58, 0.54, 0.52, 0.55, 0.61, 0.55, 0.57, 0.63, 0.58, 0.55, 0.61, 0.52, 0.54, 0.55]",bz_2,"cluster_2, cluster_6"
bz_2_cluster_2_1mer-bz_2_cluster_5_1mer,seed-8_sample-0,0,,,,bz_2,"cluster_2, cluster_5"
bz_2_cluster_2_1mer-bz_2_cluster_5_1mer,seed-10_sample-0,0,,,,bz_2,"cluster_2, cluster_5"
bz_2_cluster_2_1mer-bz_2_cluster_5_1mer,seed-9_sample-0,0,,,,bz_2,"cluster_2, cluster_5"
bz_2_cluster_2_1mer-bz_2_cluster_5_1mer,seed-4_sample-0,0,,,,bz_2,"cluster_2, cluster_5"
bz_2_cluster_2_1mer-bz_2_cluster_5_1mer,seed-2_sample-0,0,,,,bz_2,"cluster_2, cluster_5"
bz_2_cluster_2_1mer-bz_2_cluster_5_1mer,seed-5_sample-0,0,,,,bz_2,"cluster_2, cluster_5"
bz_2_cluster_2_1mer-bz_2_cluster_5_1mer,seed-6_sample-0,0,,,,bz_2,"cluster_2, cluster_5"
bz_2_cluster_2_1mer-bz_2_cluster_5_1mer,seed-3_sample-0,0,,,,bz_2,"cluster_2, cluster_5"
bz_2_cluster_2_1mer-bz_2_cluster_5_1mer,seed-1_sample-0,0,,,,bz_2,"cluster_2, cluster_5"
bz_2_cluster_2_1mer-bz_2_cluster_5_1mer,seed-7_sample-0,0,,,,bz_2,"cluster_2, cluster_5"
bz_2_cluster_2_1mer-bz_2_cluster_4_1mer,seed-8_sample-0,0,,,,bz_2,"cluster_2, cluster_4"
bz_2_cluster_2_1mer-bz_2_cluster_4_1mer,seed-10_sample-0,0,,,,bz_2,"cluster_2, cluster_4"
bz_2_cluster_2_1mer-bz_2_cluster_4_1mer,seed-9_sample-0,0,,,,bz_2,"cluster_2, cluster_4"
bz_2_cluster_2_1mer-bz_2_cluster_4_1mer,seed-4_sample-0,0,,,,bz_2,"cluster_2, cluster_4"
bz_2_cluster_2_1mer-bz_2_cluster_4_1mer,seed-2_sample-0,0,,,,bz_2,"cluster_2, cluster_4"
bz_2_cluster_2_1mer-bz_2_cluster_4_1mer,seed-5_sample-0,0,,,,bz_2,"cluster_2, cluster_4"
bz_2_cluster_2_1mer-bz_2_cluster_4_1mer,seed-6_sample-0,0,,,,bz_2,"cluster_2, cluster_4"
bz_2_cluster_2_1mer-bz_2_cluster_4_1mer,seed-3_sample-0,0,,,,bz_2,"cluster_2, cluster_4"
bz_2_cluster_2_1mer-bz_2_cluster_4_1mer,seed-1_sample-0,0,,,,bz_2,"cluster_2, cluster_4"
bz_2_cluster_2_1mer-bz_2_cluster_4_1mer,seed-7_sample-0,0,,,,bz_2,"cluster_2, cluster_4"
bz_2_cluster_2_1mer-bz_2_cluster_0_1mer,seed-8_sample-0,0,,,,bz_2,"cluster_0, cluster_2"
bz_2_cluster_2_1mer-bz_2_cluster_0_1mer,seed-10_sample-0,0,,,,bz_2,"cluster_0, cluster_2"
bz_2_cluster_2_1mer-bz_2_cluster_0_1mer,seed-9_sample-0,0,,,,bz_2,"cluster_0, cluster_2"
bz_2_cluster_2_1mer-bz_2_cluster_0_1mer,seed-4_sample-0,0,,,,bz_2,"cluster_0, cluster_2"
bz_2_cluster_2_1mer-bz_2_cluster_0_1mer,seed-2_sample-0,0,,,,bz_2,"cluster_0, cluster_2"
bz_2_cluster_2_1mer-bz_2_cluster_0_1mer,seed-5_sample-0,0,,,,bz_2,"cluster_0, cluster_2"
bz_2_cluster_2_1mer-bz_2_cluster_0_1mer,seed-6_sample-0,0,,,,bz_2,"cluster_0, cluster_2"
bz_2_cluster_2_1mer-bz_2_cluster_0_1mer,seed-3_sample-0,0,,,,bz_2,"cluster_0, cluster_2"
bz_2_cluster_2_1mer-bz_2_cluster_0_1mer,seed-1_sample-0,0,,,,bz_2,"cluster_0, cluster_2"
bz_2_cluster_2_1mer-bz_2_cluster_0_1mer,seed-7_sample-0,0,,,,bz_2,"cluster_0, cluster_2"
bz_2_cluster_2_1mer-bz_2_cluster_7_1mer,seed-8_sample-0,0,,,,bz_2,"cluster_2, cluster_7"
bz_2_cluster_2_1mer-bz_2_cluster_7_1mer,seed-10_sample-0,0,,,,bz_2,"cluster_2, cluster_7"
bz_2_cluster_2_1mer-bz_2_cluster_7_1mer,seed-9_sample-0,0,,,,bz_2,"cluster_2, cluster_7"
bz_2_cluster_2_1mer-bz_2_cluster_7_1mer,seed-4_sample-0,0,,,,bz_2,"cluster_2, cluster_7"
bz_2_cluster_2_1mer-bz_2_cluster_7_1mer,seed-2_sample-0,0,,,,bz_2,"cluster_2, cluster_7"
bz_2_cluster_2_1mer-bz_2_cluster_7_1mer,seed-5_sample-0,0,,,,bz_2,"cluster_2, cluster_7"
bz_2_cluster_2_1mer-bz_2_cluster_7_1mer,seed-6_sample-0,0,,,,bz_2,"cluster_2, cluster_7"
bz_2_cluster_2_1mer-bz_2_cluster_7_1mer,seed-3_sample-0,0,,,,bz_2,"cluster_2, cluster_7"
bz_2_cluster_2_1mer-bz_2_cluster_7_1mer,seed-1_sample-0,0,,,,bz_2,"cluster_2, cluster_7"
bz_2_cluster_2_1mer-bz_2_cluster_7_1mer,seed-7_sample-0,0,,,,bz_2,"cluster_2, cluster_7"
bz_2_cluster_2_1mer-bz_2_cluster_8_1mer,seed-8_sample-0,0,,,,bz_2,"cluster_2, cluster_8"
bz_2_cluster_2_1mer-bz_2_cluster_8_1mer,seed-10_sample-0,0,,,,bz_2,"cluster_2, cluster_8"
bz_2_cluster_2_1mer-bz_2_cluster_8_1mer,seed-9_sample-0,0,,,,bz_2,"cluster_2, cluster_8"
bz_2_cluster_2_1mer-bz_2_cluster_8_1mer,seed-4_sample-0,0,,,,bz_2,"cluster_2, cluster_8"
bz_2_cluster_2_1mer-bz_2_cluster_8_1mer,seed-2_sample-0,0,,,,bz_2,"cluster_2, cluster_8"
bz_2_cluster_2_1mer-bz_2_cluster_8_1mer,seed-5_sample-0,0,,,,bz_2,"cluster_2, cluster_8"
bz_2_cluster_2_1mer-bz_2_cluster_8_1mer,seed-6_sample-0,0,,,,bz_2,"cluster_2, cluster_8"
bz_2_cluster_2_1mer-bz_2_cluster_8_1mer,seed-3_sample-0,0,,,,bz_2,"cluster_2, cluster_8"
bz_2_cluster_2_1mer-bz_2_cluster_8_1mer,seed-1_sample-0,0,,,,bz_2,"cluster_2, cluster_8"
bz_2_cluster_2_1mer-bz_2_cluster_8_1mer,seed-7_sample-0,0,,,,bz_2,"cluster_2, cluster_8"
bz_2_cluster_3_1mer-bz_2_cluster_1_1mer,seed-8_sample-0,108,0.54,0.7644444444444445,"[0.64, 0.74, 0.54, 0.77, 0.77, 0.81, 0.75, 0.67, 0.61, 0.54, 0.9, 0.78, 0.76, 0.72, 0.75, 0.93, 0.93, 0.94, 0.95, 0.76, 0.74, 0.64, 0.66, 0.76, 0.68, 0.64, 0.76, 0.67, 0.6, 0.66, 0.62, 0.66, 0.69, 0.89, 0.61, 0.57, 0.6, 0.55, 0.91, 0.94, 0.96, 0.95, 0.92, 0.9, 0.67, 0.87, 0.96, 0.57, 0.91, 0.93, 0.96, 0.93, 0.77, 0.87, 0.93, 0.93, 0.94, 0.95, 0.91, 0.76, 0.93, 0.77, 0.89, 0.96, 0.96, 0.96, 0.9, 0.91, 0.95, 0.87, 0.57, 0.93, 0.87, 0.74, 0.94, 0.92, 0.9, 0.61, 0.55, 0.67, 0.57, 0.54, 0.64, 0.77, 0.77, 0.81, 0.75, 0.76, 0.72, 0.78, 0.75, 0.66, 0.6, 0.67, 0.61, 0.54, 0.74, 0.66, 0.69, 0.76, 0.66, 0.64, 0.68, 0.76, 0.67, 0.6, 0.64, 0.62]",bz_2,"cluster_1, cluster_3"
bz_2_cluster_3_1mer-bz_2_cluster_1_1mer,seed-10_sample-0,110,0.51,0.7598181818181818,"[0.65, 0.74, 0.54, 0.77, 0.77, 0.81, 0.74, 0.67, 0.62, 0.55, 0.9, 0.78, 0.76, 0.72, 0.74, 0.93, 0.93, 0.94, 0.95, 0.76, 0.51, 0.76, 0.65, 0.66, 0.76, 0.68, 0.63, 0.76, 0.67, 0.61, 0.66, 0.63, 0.65, 0.69, 0.88, 0.6, 0.56, 0.61, 0.55, 0.91, 0.93, 0.96, 0.95, 0.92, 0.9, 0.67, 0.87, 0.96, 0.56, 0.91, 0.93, 0.96, 0.93, 0.77, 0.87, 0.93, 0.93, 0.94, 0.95, 0.91, 0.76, 0.93, 0.77, 0.88, 0.96, 0.96, 0.96, 0.9, 0.91, 0.95, 0.87, 0.56, 0.93, 0.87, 0.74, 0.93, 0.92, 0.9, 0.6, 0.55, 0.67, 0.56, 0.54, 0.65, 0.77, 0.77, 0.81, 0.74, 0.76, 0.72, 0.78, 0.74, 0.65, 0.61, 0.51, 0.67, 0.62, 0.55, 0.76, 0.66, 0.69, 0.76, 0.66, 0.65, 0.68, 0.76, 0.67, 0.61, 0.63, 0.63]",bz_2,"cluster_1, cluster_3"
bz_2_cluster_3_1mer-bz_2_cluster_1_1mer,seed-9_sample-0,108,0.53,0.7698148148148148,"[0.66, 0.75, 0.54, 0.79, 0.79, 0.82, 0.76, 0.67, 0.61, 0.53, 0.91, 0.79, 0.77, 0.73, 0.76, 0.94, 0.93, 0.94, 0.95, 0.77, 0.75, 0.65, 0.65, 0.77, 0.68, 0.63, 0.76, 0.66, 0.59, 0.67, 0.62, 0.65, 0.7, 0.89, 0.61, 0.57, 0.6, 0.56, 0.92, 0.94, 0.96, 0.96, 0.93, 0.91, 0.67, 0.89, 0.97, 0.57, 0.92, 0.94, 0.96, 0.94, 0.79, 0.88, 0.93, 0.94, 0.94, 0.95, 0.92, 0.77, 0.94, 0.79, 0.89, 0.96, 0.97, 0.96, 0.91, 0.92, 0.96, 0.89, 0.57, 0.94, 0.88, 0.75, 0.94, 0.93, 0.91, 0.61, 0.56, 0.67, 0.57, 0.54, 0.66, 0.79, 0.79, 0.82, 0.76, 0.77, 0.73, 0.79, 0.76, 0.65, 0.6, 0.67, 0.61, 0.53, 0.75, 0.65, 0.7, 0.77, 0.67, 0.65, 0.68, 0.76, 0.66, 0.59, 0.63, 0.62]",bz_2,"cluster_1, cluster_3"
bz_2_cluster_3_1mer-bz_2_cluster_1_1mer,seed-4_sample-0,112,0.51,0.7560714285714285,"[0.65, 0.75, 0.53, 0.77, 0.77, 0.8, 0.75, 0.68, 0.61, 0.54, 0.9, 0.78, 0.76, 0.72, 0.75, 0.93, 0.93, 0.94, 0.95, 0.77, 0.51, 0.73, 0.65, 0.66, 0.76, 0.68, 0.64, 0.76, 0.67, 0.6, 0.67, 0.63, 0.65, 0.69, 0.51, 0.89, 0.61, 0.56, 0.6, 0.54, 0.91, 0.94, 0.96, 0.95, 0.92, 0.91, 0.67, 0.88, 0.96, 0.57, 0.92, 0.93, 0.96, 0.93, 0.77, 0.87, 0.93, 0.93, 0.94, 0.95, 0.92, 0.77, 0.93, 0.77, 0.89, 0.96, 0.96, 0.96, 0.9, 0.91, 0.95, 0.88, 0.57, 0.93, 0.87, 0.75, 0.94, 0.92, 0.91, 0.61, 0.54, 0.67, 0.56, 0.53, 0.65, 0.77, 0.77, 0.8, 0.75, 0.76, 0.72, 0.78, 0.75, 0.51, 0.65, 0.6, 0.51, 0.68, 0.61, 0.54, 0.73, 0.66, 0.69, 0.76, 0.67, 0.65, 0.68, 0.76, 0.67, 0.6, 0.64, 0.63]",bz_2,"cluster_1, cluster_3"
bz_2_cluster_3_1mer-bz_2_cluster_1_1mer,seed-2_sample-0,112,0.51,0.7603571428571428,"[0.66, 0.74, 0.55, 0.78, 0.78, 0.82, 0.76, 0.67, 0.62, 0.55, 0.91, 0.8, 0.77, 0.73, 0.76, 0.94, 0.93, 0.94, 0.95, 0.77, 0.51, 0.75, 0.65, 0.66, 0.76, 0.68, 0.64, 0.76, 0.66, 0.6, 0.66, 0.62, 0.66, 0.7, 0.51, 0.89, 0.61, 0.56, 0.61, 0.55, 0.91, 0.94, 0.96, 0.95, 0.93, 0.91, 0.67, 0.89, 0.97, 0.56, 0.92, 0.94, 0.96, 0.94, 0.78, 0.88, 0.93, 0.94, 0.94, 0.95, 0.92, 0.77, 0.94, 0.78, 0.89, 0.96, 0.97, 0.96, 0.91, 0.91, 0.95, 0.89, 0.56, 0.94, 0.88, 0.74, 0.94, 0.93, 0.91, 0.61, 0.55, 0.67, 0.56, 0.55, 0.66, 0.78, 0.78, 0.82, 0.76, 0.77, 0.73, 0.8, 0.76, 0.51, 0.66, 0.61, 0.51, 0.67, 0.62, 0.55, 0.75, 0.66, 0.7, 0.76, 0.66, 0.65, 0.68, 0.76, 0.66, 0.6, 0.64, 0.62]",bz_2,"cluster_1, cluster_3"
bz_2_cluster_3_1mer-bz_2_cluster_1_1mer,seed-5_sample-0,110,0.51,0.765090909090909,"[0.66, 0.75, 0.55, 0.78, 0.79, 0.82, 0.76, 0.67, 0.61, 0.54, 0.91, 0.79, 0.77, 0.73, 0.76, 0.94, 0.93, 0.94, 0.95, 0.78, 0.74, 0.64, 0.67, 0.76, 0.68, 0.63, 0.75, 0.67, 0.58, 0.66, 0.62, 0.66, 0.7, 0.51, 0.89, 0.61, 0.57, 0.6, 0.55, 0.92, 0.94, 0.96, 0.96, 0.93, 0.91, 0.67, 0.89, 0.97, 0.57, 0.93, 0.94, 0.96, 0.94, 0.78, 0.89, 0.93, 0.94, 0.94, 0.95, 0.93, 0.78, 0.94, 0.78, 0.89, 0.96, 0.97, 0.96, 0.91, 0.92, 0.96, 0.89, 0.57, 0.94, 0.89, 0.75, 0.94, 0.93, 0.91, 0.61, 0.55, 0.67, 0.57, 0.55, 0.66, 0.78, 0.79, 0.82, 0.76, 0.77, 0.73, 0.79, 0.76, 0.51, 0.66, 0.6, 0.67, 0.61, 0.54, 0.74, 0.67, 0.7, 0.76, 0.66, 0.64, 0.68, 0.75, 0.67, 0.58, 0.63, 0.62]",bz_2,"cluster_1, cluster_3"
bz_2_cluster_3_1mer-bz_2_cluster_1_1mer,seed-6_sample-0,108,0.53,0.7649999999999999,"[0.66, 0.75, 0.54, 0.78, 0.78, 0.81, 0.75, 0.66, 0.6, 0.53, 0.91, 0.79, 0.77, 0.73, 0.75, 0.93, 0.93, 0.94, 0.95, 0.78, 0.73, 0.64, 0.65, 0.75, 0.67, 0.63, 0.75, 0.65, 0.58, 0.65, 0.6, 0.64, 0.69, 0.89, 0.61, 0.56, 0.6, 0.55, 0.92, 0.94, 0.96, 0.95, 0.93, 0.91, 0.67, 0.88, 0.97, 0.58, 0.92, 0.94, 0.96, 0.94, 0.78, 0.88, 0.93, 0.93, 0.94, 0.95, 0.92, 0.78, 0.94, 0.78, 0.89, 0.96, 0.97, 0.96, 0.91, 0.92, 0.95, 0.88, 0.58, 0.94, 0.88, 0.75, 0.94, 0.93, 0.91, 0.61, 0.55, 0.67, 0.56, 0.54, 0.66, 0.78, 0.78, 0.81, 0.75, 0.77, 0.73, 0.79, 0.75, 0.64, 0.6, 0.66, 0.6, 0.53, 0.73, 0.65, 0.69, 0.75, 0.65, 0.64, 0.67, 0.75, 0.65, 0.58, 0.63, 0.6]",bz_2,"cluster_1, cluster_3"
bz_2_cluster_3_1mer-bz_2_cluster_1_1mer,seed-3_sample-0,114,0.51,0.7585964912280702,"[0.66, 0.75, 0.55, 0.78, 0.79, 0.82, 0.75, 0.68, 0.62, 0.54, 0.91, 0.8, 0.77, 0.73, 0.76, 0.93, 0.93, 0.94, 0.95, 0.78, 0.51, 0.74, 0.65, 0.67, 0.77, 0.69, 0.64, 0.77, 0.67, 0.59, 0.67, 0.62, 0.67, 0.7, 0.51, 0.89, 0.61, 0.57, 0.51, 0.61, 0.56, 0.92, 0.94, 0.97, 0.96, 0.93, 0.91, 0.68, 0.89, 0.97, 0.57, 0.93, 0.94, 0.96, 0.94, 0.78, 0.89, 0.93, 0.93, 0.94, 0.95, 0.93, 0.78, 0.94, 0.78, 0.89, 0.97, 0.97, 0.96, 0.91, 0.92, 0.96, 0.89, 0.57, 0.94, 0.89, 0.75, 0.94, 0.93, 0.91, 0.61, 0.56, 0.68, 0.57, 0.51, 0.55, 0.66, 0.78, 0.79, 0.82, 0.75, 0.77, 0.73, 0.8, 0.76, 0.51, 0.67, 0.61, 0.51, 0.68, 0.62, 0.54, 0.74, 0.67, 0.7, 0.77, 0.67, 0.65, 0.69, 0.77, 0.67, 0.59, 0.64, 0.62]",bz_2,"cluster_1, cluster_3"
bz_2_cluster_3_1mer-bz_2_cluster_1_1mer,seed-1_sample-0,114,0.51,0.7554385964912281,"[0.65, 0.75, 0.55, 0.78, 0.78, 0.82, 0.76, 0.67, 0.63, 0.55, 0.91, 0.79, 0.77, 0.72, 0.76, 0.93, 0.93, 0.94, 0.95, 0.77, 0.51, 0.74, 0.65, 0.66, 0.77, 0.69, 0.64, 0.76, 0.67, 0.59, 0.67, 0.62, 0.66, 0.7, 0.51, 0.89, 0.6, 0.57, 0.51, 0.61, 0.55, 0.91, 0.94, 0.96, 0.95, 0.93, 0.91, 0.67, 0.88, 0.97, 0.56, 0.92, 0.94, 0.96, 0.93, 0.77, 0.88, 0.93, 0.93, 0.94, 0.95, 0.92, 0.77, 0.94, 0.77, 0.89, 0.96, 0.97, 0.96, 0.91, 0.91, 0.95, 0.88, 0.56, 0.93, 0.88, 0.75, 0.94, 0.93, 0.91, 0.6, 0.55, 0.67, 0.57, 0.51, 0.55, 0.65, 0.78, 0.78, 0.82, 0.76, 0.77, 0.72, 0.79, 0.76, 0.51, 0.66, 0.61, 0.51, 0.67, 0.63, 0.55, 0.74, 0.66, 0.7, 0.77, 0.67, 0.65, 0.69, 0.76, 0.67, 0.59, 0.64, 0.62]",bz_2,"cluster_1, cluster_3"
bz_2_cluster_3_1mer-bz_2_cluster_1_1mer,seed-7_sample-0,110,0.51,0.759818181818182,"[0.65, 0.75, 0.55, 0.78, 0.78, 0.81, 0.75, 0.67, 0.61, 0.53, 0.9, 0.78, 0.76, 0.72, 0.75, 0.93, 0.93, 0.94, 0.95, 0.77, 0.73, 0.64, 0.65, 0.76, 0.68, 0.62, 0.75, 0.66, 0.59, 0.66, 0.61, 0.65, 0.69, 0.89, 0.61, 0.56, 0.51, 0.6, 0.55, 0.91, 0.94, 0.96, 0.95, 0.92, 0.9, 0.68, 0.88, 0.97, 0.57, 0.92, 0.93, 0.96, 0.93, 0.77, 0.88, 0.93, 0.93, 0.94, 0.95, 0.92, 0.77, 0.93, 0.77, 0.89, 0.96, 0.97, 0.96, 0.9, 0.91, 0.95, 0.88, 0.57, 0.93, 0.88, 0.75, 0.94, 0.92, 0.9, 0.61, 0.55, 0.68, 0.56, 0.51, 0.55, 0.65, 0.78, 0.78, 0.81, 0.75, 0.76, 0.72, 0.78, 0.75, 0.65, 0.6, 0.67, 0.61, 0.53, 0.73, 0.65, 0.69, 0.76, 0.66, 0.64, 0.68, 0.75, 0.66, 0.59, 0.62, 0.61]",bz_2,"cluster_1, cluster_3"
bz_2_cluster_3_1mer-bz_2_cluster_6_1mer,seed-8_sample-0,0,,,,bz_2,"cluster_3, cluster_6"
bz_2_cluster_3_1mer-bz_2_cluster_6_1mer,seed-10_sample-0,0,,,,bz_2,"cluster_3, cluster_6"
bz_2_cluster_3_1mer-bz_2_cluster_6_1mer,seed-9_sample-0,0,,,,bz_2,"cluster_3, cluster_6"
bz_2_cluster_3_1mer-bz_2_cluster_6_1mer,seed-4_sample-0,0,,,,bz_2,"cluster_3, cluster_6"
bz_2_cluster_3_1mer-bz_2_cluster_6_1mer,seed-2_sample-0,0,,,,bz_2,"cluster_3, cluster_6"
bz_2_cluster_3_1mer-bz_2_cluster_6_1mer,seed-5_sample-0,0,,,,bz_2,"cluster_3, cluster_6"
bz_2_cluster_3_1mer-bz_2_cluster_6_1mer,seed-6_sample-0,0,,,,bz_2,"cluster_3, cluster_6"
bz_2_cluster_3_1mer-bz_2_cluster_6_1mer,seed-3_sample-0,0,,,,bz_2,"cluster_3, cluster_6"
bz_2_cluster_3_1mer-bz_2_cluster_6_1mer,seed-1_sample-0,0,,,,bz_2,"cluster_3, cluster_6"
bz_2_cluster_3_1mer-bz_2_cluster_6_1mer,seed-7_sample-0,0,,,,bz_2,"cluster_3, cluster_6"
bz_2_cluster_3_1mer-bz_2_cluster_5_1mer,seed-8_sample-0,0,,,,bz_2,"cluster_3, cluster_5"
bz_2_cluster_3_1mer-bz_2_cluster_5_1mer,seed-10_sample-0,0,,,,bz_2,"cluster_3, cluster_5"
bz_2_cluster_3_1mer-bz_2_cluster_5_1mer,seed-9_sample-0,0,,,,bz_2,"cluster_3, cluster_5"
bz_2_cluster_3_1mer-bz_2_cluster_5_1mer,seed-4_sample-0,0,,,,bz_2,"cluster_3, cluster_5"
bz_2_cluster_3_1mer-bz_2_cluster_5_1mer,seed-2_sample-0,0,,,,bz_2,"cluster_3, cluster_5"
bz_2_cluster_3_1mer-bz_2_cluster_5_1mer,seed-5_sample-0,0,,,,bz_2,"cluster_3, cluster_5"
bz_2_cluster_3_1mer-bz_2_cluster_5_1mer,seed-6_sample-0,0,,,,bz_2,"cluster_3, cluster_5"
bz_2_cluster_3_1mer-bz_2_cluster_5_1mer,seed-3_sample-0,0,,,,bz_2,"cluster_3, cluster_5"
bz_2_cluster_3_1mer-bz_2_cluster_5_1mer,seed-1_sample-0,0,,,,bz_2,"cluster_3, cluster_5"
bz_2_cluster_3_1mer-bz_2_cluster_5_1mer,seed-7_sample-0,0,,,,bz_2,"cluster_3, cluster_5"
bz_2_cluster_3_1mer-bz_2_cluster_4_1mer,seed-8_sample-0,0,,,,bz_2,"cluster_3, cluster_4"
bz_2_cluster_3_1mer-bz_2_cluster_4_1mer,seed-10_sample-0,0,,,,bz_2,"cluster_3, cluster_4"
bz_2_cluster_3_1mer-bz_2_cluster_4_1mer,seed-9_sample-0,0,,,,bz_2,"cluster_3, cluster_4"
bz_2_cluster_3_1mer-bz_2_cluster_4_1mer,seed-4_sample-0,0,,,,bz_2,"cluster_3, cluster_4"
bz_2_cluster_3_1mer-bz_2_cluster_4_1mer,seed-2_sample-0,0,,,,bz_2,"cluster_3, cluster_4"
bz_2_cluster_3_1mer-bz_2_cluster_4_1mer,seed-5_sample-0,0,,,,bz_2,"cluster_3, cluster_4"
bz_2_cluster_3_1mer-bz_2_cluster_4_1mer,seed-6_sample-0,0,,,,bz_2,"cluster_3, cluster_4"
bz_2_cluster_3_1mer-bz_2_cluster_4_1mer,seed-3_sample-0,0,,,,bz_2,"cluster_3, cluster_4"
bz_2_cluster_3_1mer-bz_2_cluster_4_1mer,seed-1_sample-0,0,,,,bz_2,"cluster_3, cluster_4"
bz_2_cluster_3_1mer-bz_2_cluster_4_1mer,seed-7_sample-0,0,,,,bz_2,"cluster_3, cluster_4"
bz_2_cluster_3_1mer-bz_2_cluster_0_1mer,seed-8_sample-0,0,,,,bz_2,"cluster_0, cluster_3"
bz_2_cluster_3_1mer-bz_2_cluster_0_1mer,seed-10_sample-0,0,,,,bz_2,"cluster_0, cluster_3"
bz_2_cluster_3_1mer-bz_2_cluster_0_1mer,seed-9_sample-0,0,,,,bz_2,"cluster_0, cluster_3"
bz_2_cluster_3_1mer-bz_2_cluster_0_1mer,seed-4_sample-0,0,,,,bz_2,"cluster_0, cluster_3"
bz_2_cluster_3_1mer-bz_2_cluster_0_1mer,seed-2_sample-0,0,,,,bz_2,"cluster_0, cluster_3"
bz_2_cluster_3_1mer-bz_2_cluster_0_1mer,seed-5_sample-0,0,,,,bz_2,"cluster_0, cluster_3"
bz_2_cluster_3_1mer-bz_2_cluster_0_1mer,seed-6_sample-0,0,,,,bz_2,"cluster_0, cluster_3"
bz_2_cluster_3_1mer-bz_2_cluster_0_1mer,seed-3_sample-0,0,,,,bz_2,"cluster_0, cluster_3"
bz_2_cluster_3_1mer-bz_2_cluster_0_1mer,seed-1_sample-0,0,,,,bz_2,"cluster_0, cluster_3"
bz_2_cluster_3_1mer-bz_2_cluster_0_1mer,seed-7_sample-0,0,,,,bz_2,"cluster_0, cluster_3"
bz_2_cluster_3_1mer-bz_2_cluster_7_1mer,seed-8_sample-0,0,,,,bz_2,"cluster_3, cluster_7"
bz_2_cluster_3_1mer-bz_2_cluster_7_1mer,seed-10_sample-0,0,,,,bz_2,"cluster_3, cluster_7"
bz_2_cluster_3_1mer-bz_2_cluster_7_1mer,seed-9_sample-0,0,,,,bz_2,"cluster_3, cluster_7"
bz_2_cluster_3_1mer-bz_2_cluster_7_1mer,seed-4_sample-0,0,,,,bz_2,"cluster_3, cluster_7"
bz_2_cluster_3_1mer-bz_2_cluster_7_1mer,seed-2_sample-0,0,,,,bz_2,"cluster_3, cluster_7"
bz_2_cluster_3_1mer-bz_2_cluster_7_1mer,seed-5_sample-0,0,,,,bz_2,"cluster_3, cluster_7"
bz_2_cluster_3_1mer-bz_2_cluster_7_1mer,seed-6_sample-0,0,,,,bz_2,"cluster_3, cluster_7"
bz_2_cluster_3_1mer-bz_2_cluster_7_1mer,seed-3_sample-0,0,,,,bz_2,"cluster_3, cluster_7"
bz_2_cluster_3_1mer-bz_2_cluster_7_1mer,seed-1_sample-0,0,,,,bz_2,"cluster_3, cluster_7"
bz_2_cluster_3_1mer-bz_2_cluster_7_1mer,seed-7_sample-0,0,,,,bz_2,"cluster_3, cluster_7"
bz_2_cluster_3_1mer-bz_2_cluster_8_1mer,seed-8_sample-0,0,,,,bz_2,"cluster_3, cluster_8"
bz_2_cluster_3_1mer-bz_2_cluster_8_1mer,seed-10_sample-0,0,,,,bz_2,"cluster_3, cluster_8"
bz_2_cluster_3_1mer-bz_2_cluster_8_1mer,seed-9_sample-0,0,,,,bz_2,"cluster_3, cluster_8"
bz_2_cluster_3_1mer-bz_2_cluster_8_1mer,seed-4_sample-0,0,,,,bz_2,"cluster_3, cluster_8"
bz_2_cluster_3_1mer-bz_2_cluster_8_1mer,seed-2_sample-0,0,,,,bz_2,"cluster_3, cluster_8"
bz_2_cluster_3_1mer-bz_2_cluster_8_1mer,seed-5_sample-0,0,,,,bz_2,"cluster_3, cluster_8"
bz_2_cluster_3_1mer-bz_2_cluster_8_1mer,seed-6_sample-0,0,,,,bz_2,"cluster_3, cluster_8"
bz_2_cluster_3_1mer-bz_2_cluster_8_1mer,seed-3_sample-0,0,,,,bz_2,"cluster_3, cluster_8"
bz_2_cluster_3_1mer-bz_2_cluster_8_1mer,seed-1_sample-0,0,,,,bz_2,"cluster_3, cluster_8"
bz_2_cluster_3_1mer-bz_2_cluster_8_1mer,seed-7_sample-0,0,,,,bz_2,"cluster_3, cluster_8"
bz_2_cluster_1_1mer-bz_2_cluster_6_1mer,seed-8_sample-0,0,,,,bz_2,"cluster_1, cluster_6"
bz_2_cluster_1_1mer-bz_2_cluster_6_1mer,seed-10_sample-0,0,,,,bz_2,"cluster_1, cluster_6"
bz_2_cluster_1_1mer-bz_2_cluster_6_1mer,seed-9_sample-0,0,,,,bz_2,"cluster_1, cluster_6"
bz_2_cluster_1_1mer-bz_2_cluster_6_1mer,seed-4_sample-0,0,,,,bz_2,"cluster_1, cluster_6"
bz_2_cluster_1_1mer-bz_2_cluster_6_1mer,seed-2_sample-0,0,,,,bz_2,"cluster_1, cluster_6"
bz_2_cluster_1_1mer-bz_2_cluster_6_1mer,seed-5_sample-0,0,,,,bz_2,"cluster_1, cluster_6"
bz_2_cluster_1_1mer-bz_2_cluster_6_1mer,seed-6_sample-0,0,,,,bz_2,"cluster_1, cluster_6"
bz_2_cluster_1_1mer-bz_2_cluster_6_1mer,seed-3_sample-0,0,,,,bz_2,"cluster_1, cluster_6"
bz_2_cluster_1_1mer-bz_2_cluster_6_1mer,seed-1_sample-0,0,,,,bz_2,"cluster_1, cluster_6"
bz_2_cluster_1_1mer-bz_2_cluster_6_1mer,seed-7_sample-0,0,,,,bz_2,"cluster_1, cluster_6"
bz_2_cluster_1_1mer-bz_2_cluster_5_1mer,seed-8_sample-0,0,,,,bz_2,"cluster_1, cluster_5"
bz_2_cluster_1_1mer-bz_2_cluster_5_1mer,seed-10_sample-0,0,,,,bz_2,"cluster_1, cluster_5"
bz_2_cluster_1_1mer-bz_2_cluster_5_1mer,seed-9_sample-0,0,,,,bz_2,"cluster_1, cluster_5"
bz_2_cluster_1_1mer-bz_2_cluster_5_1mer,seed-4_sample-0,0,,,,bz_2,"cluster_1, cluster_5"
bz_2_cluster_1_1mer-bz_2_cluster_5_1mer,seed-2_sample-0,0,,,,bz_2,"cluster_1, cluster_5"
bz_2_cluster_1_1mer-bz_2_cluster_5_1mer,seed-5_sample-0,0,,,,bz_2,"cluster_1, cluster_5"
bz_2_cluster_1_1mer-bz_2_cluster_5_1mer,seed-6_sample-0,0,,,,bz_2,"cluster_1, cluster_5"
bz_2_cluster_1_1mer-bz_2_cluster_5_1mer,seed-3_sample-0,0,,,,bz_2,"cluster_1, cluster_5"
bz_2_cluster_1_1mer-bz_2_cluster_5_1mer,seed-1_sample-0,0,,,,bz_2,"cluster_1, cluster_5"
bz_2_cluster_1_1mer-bz_2_cluster_5_1mer,seed-7_sample-0,0,,,,bz_2,"cluster_1, cluster_5"
bz_2_cluster_1_1mer-bz_2_cluster_4_1mer,seed-8_sample-0,0,,,,bz_2,"cluster_1, cluster_4"
bz_2_cluster_1_1mer-bz_2_cluster_4_1mer,seed-10_sample-0,0,,,,bz_2,"cluster_1, cluster_4"
bz_2_cluster_1_1mer-bz_2_cluster_4_1mer,seed-9_sample-0,0,,,,bz_2,"cluster_1, cluster_4"
bz_2_cluster_1_1mer-bz_2_cluster_4_1mer,seed-4_sample-0,0,,,,bz_2,"cluster_1, cluster_4"
bz_2_cluster_1_1mer-bz_2_cluster_4_1mer,seed-2_sample-0,0,,,,bz_2,"cluster_1, cluster_4"
bz_2_cluster_1_1mer-bz_2_cluster_4_1mer,seed-5_sample-0,0,,,,bz_2,"cluster_1, cluster_4"
bz_2_cluster_1_1mer-bz_2_cluster_4_1mer,seed-6_sample-0,0,,,,bz_2,"cluster_1, cluster_4"
bz_2_cluster_1_1mer-bz_2_cluster_4_1mer,seed-3_sample-0,0,,,,bz_2,"cluster_1, cluster_4"
bz_2_cluster_1_1mer-bz_2_cluster_4_1mer,seed-1_sample-0,0,,,,bz_2,"cluster_1, cluster_4"
bz_2_cluster_1_1mer-bz_2_cluster_4_1mer,seed-7_sample-0,0,,,,bz_2,"cluster_1, cluster_4"
bz_2_cluster_1_1mer-bz_2_cluster_0_1mer,seed-8_sample-0,0,,,,bz_2,"cluster_0, cluster_1"
bz_2_cluster_1_1mer-bz_2_cluster_0_1mer,seed-10_sample-0,0,,,,bz_2,"cluster_0, cluster_1"
bz_2_cluster_1_1mer-bz_2_cluster_0_1mer,seed-9_sample-0,0,,,,bz_2,"cluster_0, cluster_1"
bz_2_cluster_1_1mer-bz_2_cluster_0_1mer,seed-4_sample-0,0,,,,bz_2,"cluster_0, cluster_1"
bz_2_cluster_1_1mer-bz_2_cluster_0_1mer,seed-2_sample-0,0,,,,bz_2,"cluster_0, cluster_1"
bz_2_cluster_1_1mer-bz_2_cluster_0_1mer,seed-5_sample-0,0,,,,bz_2,"cluster_0, cluster_1"
bz_2_cluster_1_1mer-bz_2_cluster_0_1mer,seed-6_sample-0,0,,,,bz_2,"cluster_0, cluster_1"
bz_2_cluster_1_1mer-bz_2_cluster_0_1mer,seed-3_sample-0,0,,,,bz_2,"cluster_0, cluster_1"
bz_2_cluster_1_1mer-bz_2_cluster_0_1mer,seed-1_sample-0,0,,,,bz_2,"cluster_0, cluster_1"
bz_2_cluster_1_1mer-bz_2_cluster_0_1mer,seed-7_sample-0,0,,,,bz_2,"cluster_0, cluster_1"
bz_2_cluster_1_1mer-bz_2_cluster_7_1mer,seed-8_sample-0,0,,,,bz_2,"cluster_1, cluster_7"
bz_2_cluster_1_1mer-bz_2_cluster_7_1mer,seed-10_sample-0,0,,,,bz_2,"cluster_1, cluster_7"
bz_2_cluster_1_1mer-bz_2_cluster_7_1mer,seed-9_sample-0,0,,,,bz_2,"cluster_1, cluster_7"
bz_2_cluster_1_1mer-bz_2_cluster_7_1mer,seed-4_sample-0,0,,,,bz_2,"cluster_1, cluster_7"
bz_2_cluster_1_1mer-bz_2_cluster_7_1mer,seed-2_sample-0,0,,,,bz_2,"cluster_1, cluster_7"
bz_2_cluster_1_1mer-bz_2_cluster_7_1mer,seed-5_sample-0,0,,,,bz_2,"cluster_1, cluster_7"
bz_2_cluster_1_1mer-bz_2_cluster_7_1mer,seed-6_sample-0,0,,,,bz_2,"cluster_1, cluster_7"
bz_2_cluster_1_1mer-bz_2_cluster_7_1mer,seed-3_sample-0,0,,,,bz_2,"cluster_1, cluster_7"
bz_2_cluster_1_1mer-bz_2_cluster_7_1mer,seed-1_sample-0,0,,,,bz_2,"cluster_1, cluster_7"
bz_2_cluster_1_1mer-bz_2_cluster_7_1mer,seed-7_sample-0,0,,,,bz_2,"cluster_1, cluster_7"
bz_2_cluster_1_1mer-bz_2_cluster_8_1mer,seed-8_sample-0,0,,,,bz_2,"cluster_1, cluster_8"
bz_2_cluster_1_1mer-bz_2_cluster_8_1mer,seed-10_sample-0,0,,,,bz_2,"cluster_1, cluster_8"
bz_2_cluster_1_1mer-bz_2_cluster_8_1mer,seed-9_sample-0,0,,,,bz_2,"cluster_1, cluster_8"
bz_2_cluster_1_1mer-bz_2_cluster_8_1mer,seed-4_sample-0,0,,,,bz_2,"cluster_1, cluster_8"
bz_2_cluster_1_1mer-bz_2_cluster_8_1mer,seed-2_sample-0,0,,,,bz_2,"cluster_1, cluster_8"
bz_2_cluster_1_1mer-bz_2_cluster_8_1mer,seed-5_sample-0,0,,,,bz_2,"cluster_1, cluster_8"
bz_2_cluster_1_1mer-bz_2_cluster_8_1mer,seed-6_sample-0,0,,,,bz_2,"cluster_1, cluster_8"
bz_2_cluster_1_1mer-bz_2_cluster_8_1mer,seed-3_sample-0,0,,,,bz_2,"cluster_1, cluster_8"
bz_2_cluster_1_1mer-bz_2_cluster_8_1mer,seed-1_sample-0,0,,,,bz_2,"cluster_1, cluster_8"
bz_2_cluster_1_1mer-bz_2_cluster_8_1mer,seed-7_sample-0,0,,,,bz_2,"cluster_1, cluster_8"
bz_2_cluster_6_1mer-bz_2_cluster_5_1mer,seed-8_sample-0,6,0.51,0.5333333333333332,"[0.58, 0.51, 0.51, 0.58, 0.51, 0.51]",bz_2,"cluster_5, cluster_6"
bz_2_cluster_6_1mer-bz_2_cluster_5_1mer,seed-10_sample-0,2,0.56,0.56,"[0.56, 0.56]",bz_2,"cluster_5, cluster_6"
bz_2_cluster_6_1mer-bz_2_cluster_5_1mer,seed-9_sample-0,8,0.53,0.56,"[0.6, 0.57, 0.54, 0.53, 0.6, 0.54, 0.53, 0.57]",bz_2,"cluster_5, cluster_6"
bz_2_cluster_6_1mer-bz_2_cluster_5_1mer,seed-4_sample-0,8,0.51,0.5449999999999999,"[0.6, 0.55, 0.51, 0.52, 0.6, 0.51, 0.52, 0.55]",bz_2,"cluster_5, cluster_6"
bz_2_cluster_6_1mer-bz_2_cluster_5_1mer,seed-2_sample-0,8,0.51,0.5375000000000001,"[0.58, 0.54, 0.51, 0.52, 0.58, 0.51, 0.52, 0.54]",bz_2,"cluster_5, cluster_6"
bz_2_cluster_6_1mer-bz_2_cluster_5_1mer,seed-5_sample-0,4,0.52,0.5549999999999999,"[0.59, 0.52, 0.59, 0.52]",bz_2,"cluster_5, cluster_6"
bz_2_cluster_6_1mer-bz_2_cluster_5_1mer,seed-6_sample-0,8,0.52,0.5549999999999999,"[0.6, 0.55, 0.52, 0.55, 0.6, 0.52, 0.55, 0.55]",bz_2,"cluster_5, cluster_6"
bz_2_cluster_6_1mer-bz_2_cluster_5_1mer,seed-3_sample-0,4,0.51,0.54,"[0.57, 0.51, 0.57, 0.51]",bz_2,"cluster_5, cluster_6"
bz_2_cluster_6_1mer-bz_2_cluster_5_1mer,seed-1_sample-0,10,0.51,0.5740000000000001,"[0.61, 0.59, 0.59, 0.51, 0.57, 0.61, 0.59, 0.51, 0.57, 0.59]",bz_2,"cluster_5, cluster_6"
bz_2_cluster_6_1mer-bz_2_cluster_5_1mer,seed-7_sample-0,2,0.56,0.56,"[0.56, 0.56]",bz_2,"cluster_5, cluster_6"
bz_2_cluster_6_1mer-bz_2_cluster_4_1mer,seed-8_sample-0,0,,,,bz_2,"cluster_4, cluster_6"
bz_2_cluster_6_1mer-bz_2_cluster_4_1mer,seed-10_sample-0,0,,,,bz_2,"cluster_4, cluster_6"
bz_2_cluster_6_1mer-bz_2_cluster_4_1mer,seed-9_sample-0,0,,,,bz_2,"cluster_4, cluster_6"
bz_2_cluster_6_1mer-bz_2_cluster_4_1mer,seed-4_sample-0,0,,,,bz_2,"cluster_4, cluster_6"
bz_2_cluster_6_1mer-bz_2_cluster_4_1mer,seed-2_sample-0,0,,,,bz_2,"cluster_4, cluster_6"
bz_2_cluster_6_1mer-bz_2_cluster_4_1mer,seed-5_sample-0,0,,,,bz_2,"cluster_4, cluster_6"
bz_2_cluster_6_1mer-bz_2_cluster_4_1mer,seed-6_sample-0,0,,,,bz_2,"cluster_4, cluster_6"
bz_2_cluster_6_1mer-bz_2_cluster_4_1mer,seed-3_sample-0,0,,,,bz_2,"cluster_4, cluster_6"
bz_2_cluster_6_1mer-bz_2_cluster_4_1mer,seed-1_sample-0,0,,,,bz_2,"cluster_4, cluster_6"
bz_2_cluster_6_1mer-bz_2_cluster_4_1mer,seed-7_sample-0,0,,,,bz_2,"cluster_4, cluster_6"
bz_2_cluster_6_1mer-bz_2_cluster_0_1mer,seed-8_sample-0,0,,,,bz_2,"cluster_0, cluster_6"
bz_2_cluster_6_1mer-bz_2_cluster_0_1mer,seed-10_sample-0,0,,,,bz_2,"cluster_0, cluster_6"
bz_2_cluster_6_1mer-bz_2_cluster_0_1mer,seed-9_sample-0,0,,,,bz_2,"cluster_0, cluster_6"
bz_2_cluster_6_1mer-bz_2_cluster_0_1mer,seed-4_sample-0,0,,,,bz_2,"cluster_0, cluster_6"
bz_2_cluster_6_1mer-bz_2_cluster_0_1mer,seed-2_sample-0,0,,,,bz_2,"cluster_0, cluster_6"
bz_2_cluster_6_1mer-bz_2_cluster_0_1mer,seed-5_sample-0,0,,,,bz_2,"cluster_0, cluster_6"
bz_2_cluster_6_1mer-bz_2_cluster_0_1mer,seed-6_sample-0,0,,,,bz_2,"cluster_0, cluster_6"
bz_2_cluster_6_1mer-bz_2_cluster_0_1mer,seed-3_sample-0,0,,,,bz_2,"cluster_0, cluster_6"
bz_2_cluster_6_1mer-bz_2_cluster_0_1mer,seed-1_sample-0,0,,,,bz_2,"cluster_0, cluster_6"
bz_2_cluster_6_1mer-bz_2_cluster_0_1mer,seed-7_sample-0,0,,,,bz_2,"cluster_0, cluster_6"
bz_2_cluster_6_1mer-bz_2_cluster_7_1mer,seed-8_sample-0,0,,,,bz_2,"cluster_6, cluster_7"
bz_2_cluster_6_1mer-bz_2_cluster_7_1mer,seed-10_sample-0,0,,,,bz_2,"cluster_6, cluster_7"
bz_2_cluster_6_1mer-bz_2_cluster_7_1mer,seed-9_sample-0,0,,,,bz_2,"cluster_6, cluster_7"
bz_2_cluster_6_1mer-bz_2_cluster_7_1mer,seed-4_sample-0,0,,,,bz_2,"cluster_6, cluster_7"
bz_2_cluster_6_1mer-bz_2_cluster_7_1mer,seed-2_sample-0,0,,,,bz_2,"cluster_6, cluster_7"
bz_2_cluster_6_1mer-bz_2_cluster_7_1mer,seed-5_sample-0,0,,,,bz_2,"cluster_6, cluster_7"
bz_2_cluster_6_1mer-bz_2_cluster_7_1mer,seed-6_sample-0,0,,,,bz_2,"cluster_6, cluster_7"
bz_2_cluster_6_1mer-bz_2_cluster_7_1mer,seed-3_sample-0,0,,,,bz_2,"cluster_6, cluster_7"
bz_2_cluster_6_1mer-bz_2_cluster_7_1mer,seed-1_sample-0,0,,,,bz_2,"cluster_6, cluster_7"
bz_2_cluster_6_1mer-bz_2_cluster_7_1mer,seed-7_sample-0,0,,,,bz_2,"cluster_6, cluster_7"
bz_2_cluster_6_1mer-bz_2_cluster_8_1mer,seed-8_sample-0,0,,,,bz_2,"cluster_6, cluster_8"
bz_2_cluster_6_1mer-bz_2_cluster_8_1mer,seed-10_sample-0,0,,,,bz_2,"cluster_6, cluster_8"
bz_2_cluster_6_1mer-bz_2_cluster_8_1mer,seed-9_sample-0,0,,,,bz_2,"cluster_6, cluster_8"
bz_2_cluster_6_1mer-bz_2_cluster_8_1mer,seed-4_sample-0,0,,,,bz_2,"cluster_6, cluster_8"
bz_2_cluster_6_1mer-bz_2_cluster_8_1mer,seed-2_sample-0,0,,,,bz_2,"cluster_6, cluster_8"
bz_2_cluster_6_1mer-bz_2_cluster_8_1mer,seed-5_sample-0,0,,,,bz_2,"cluster_6, cluster_8"
bz_2_cluster_6_1mer-bz_2_cluster_8_1mer,seed-6_sample-0,0,,,,bz_2,"cluster_6, cluster_8"
bz_2_cluster_6_1mer-bz_2_cluster_8_1mer,seed-3_sample-0,0,,,,bz_2,"cluster_6, cluster_8"
bz_2_cluster_6_1mer-bz_2_cluster_8_1mer,seed-1_sample-0,0,,,,bz_2,"cluster_6, cluster_8"
bz_2_cluster_6_1mer-bz_2_cluster_8_1mer,seed-7_sample-0,0,,,,bz_2,"cluster_6, cluster_8"
bz_2_cluster_5_1mer-bz_2_cluster_4_1mer,seed-8_sample-0,146,0.52,0.7952054794520549,"[0.88, 0.9, 0.93, 0.93, 0.59, 0.6, 0.83, 0.94, 0.7, 0.93, 0.54, 0.83, 0.96, 0.92, 0.95, 0.87, 0.91, 0.9, 0.95, 0.88, 0.79, 0.94, 0.9, 0.56, 0.58, 0.83, 0.81, 0.78, 0.88, 0.57, 0.82, 0.91, 0.92, 0.88, 0.93, 0.73, 0.79, 0.96, 0.85, 0.52, 0.91, 0.93, 0.96, 0.93, 0.95, 0.52, 0.91, 0.79, 0.91, 0.96, 0.91, 0.62, 0.94, 0.86, 0.89, 0.89, 0.93, 0.61, 0.82, 0.53, 0.87, 0.55, 0.83, 0.85, 0.82, 0.64, 0.62, 0.52, 0.55, 0.52, 0.53, 0.57, 0.52, 0.57, 0.92, 0.88, 0.82, 0.88, 0.93, 0.79, 0.91, 0.73, 0.96, 0.93, 0.6, 0.96, 0.79, 0.85, 0.93, 0.95, 0.91, 0.52, 0.96, 0.89, 0.91, 0.91, 0.94, 0.89, 0.86, 0.93, 0.55, 0.83, 0.85, 0.61, 0.82, 0.64, 0.62, 0.55, 0.82, 0.54, 0.53, 0.52, 0.88, 0.91, 0.9, 0.93, 0.93, 0.83, 0.59, 0.94, 0.83, 0.7, 0.96, 0.91, 0.93, 0.92, 0.95, 0.9, 0.62, 0.95, 0.79, 0.56, 0.87, 0.88, 0.94, 0.58, 0.87, 0.9, 0.83, 0.81, 0.78, 0.52, 0.52, 0.53, 0.57, 0.52]",bz_2,"cluster_4, cluster_5"
bz_2_cluster_5_1mer-bz_2_cluster_4_1mer,seed-10_sample-0,144,0.51,0.7944444444444445,"[0.87, 0.9, 0.93, 0.93, 0.58, 0.6, 0.83, 0.94, 0.71, 0.93, 0.53, 0.82, 0.96, 0.92, 0.95, 0.87, 0.91, 0.89, 0.95, 0.87, 0.79, 0.94, 0.9, 0.55, 0.57, 0.82, 0.8, 0.77, 0.88, 0.57, 0.82, 0.91, 0.92, 0.88, 0.93, 0.73, 0.78, 0.96, 0.85, 0.52, 0.9, 0.93, 0.96, 0.93, 0.96, 0.53, 0.91, 0.79, 0.9, 0.96, 0.91, 0.6, 0.94, 0.86, 0.89, 0.89, 0.93, 0.6, 0.81, 0.53, 0.87, 0.55, 0.82, 0.84, 0.81, 0.61, 0.58, 0.51, 0.52, 0.51, 0.56, 0.51, 0.57, 0.92, 0.88, 0.82, 0.88, 0.93, 0.78, 0.9, 0.73, 0.96, 0.93, 0.6, 0.96, 0.79, 0.85, 0.93, 0.96, 0.9, 0.53, 0.96, 0.89, 0.91, 0.91, 0.94, 0.89, 0.86, 0.93, 0.55, 0.82, 0.84, 0.6, 0.81, 0.61, 0.58, 0.52, 0.81, 0.53, 0.53, 0.52, 0.87, 0.91, 0.9, 0.93, 0.93, 0.83, 0.58, 0.94, 0.82, 0.71, 0.96, 0.91, 0.93, 0.92, 0.95, 0.89, 0.6, 0.95, 0.79, 0.55, 0.87, 0.87, 0.94, 0.57, 0.87, 0.9, 0.82, 0.8, 0.77, 0.51, 0.51, 0.56, 0.51]",bz_2,"cluster_4, cluster_5"
bz_2_cluster_5_1mer-bz_2_cluster_4_1mer,seed-9_sample-0,136,0.52,0.809264705882353,"[0.88, 0.9, 0.92, 0.93, 0.58, 0.6, 0.82, 0.94, 0.7, 0.93, 0.54, 0.82, 0.96, 0.91, 0.95, 0.87, 0.91, 0.89, 0.95, 0.87, 0.79, 0.94, 0.9, 0.54, 0.56, 0.82, 0.8, 0.77, 0.88, 0.56, 0.82, 0.91, 0.92, 0.88, 0.93, 0.72, 0.78, 0.96, 0.85, 0.52, 0.9, 0.93, 0.96, 0.93, 0.96, 0.53, 0.91, 0.79, 0.91, 0.96, 0.91, 0.6, 0.93, 0.86, 0.89, 0.89, 0.93, 0.59, 0.81, 0.53, 0.87, 0.56, 0.82, 0.85, 0.82, 0.56, 0.56, 0.55, 0.56, 0.92, 0.88, 0.82, 0.88, 0.93, 0.78, 0.9, 0.72, 0.96, 0.93, 0.6, 0.96, 0.79, 0.85, 0.93, 0.96, 0.91, 0.53, 0.96, 0.89, 0.91, 0.91, 0.93, 0.89, 0.86, 0.93, 0.56, 0.82, 0.85, 0.59, 0.82, 0.56, 0.56, 0.81, 0.54, 0.53, 0.52, 0.88, 0.91, 0.9, 0.92, 0.93, 0.82, 0.58, 0.94, 0.82, 0.7, 0.96, 0.91, 0.93, 0.91, 0.95, 0.89, 0.6, 0.95, 0.79, 0.54, 0.87, 0.87, 0.94, 0.56, 0.87, 0.9, 0.82, 0.8, 0.77, 0.55]",bz_2,"cluster_4, cluster_5"
bz_2_cluster_5_1mer-bz_2_cluster_4_1mer,seed-4_sample-0,150,0.51,0.7884,"[0.88, 0.9, 0.93, 0.93, 0.59, 0.6, 0.84, 0.94, 0.7, 0.93, 0.54, 0.83, 0.96, 0.92, 0.95, 0.87, 0.91, 0.9, 0.95, 0.88, 0.78, 0.94, 0.9, 0.56, 0.58, 0.82, 0.51, 0.81, 0.78, 0.88, 0.57, 0.82, 0.91, 0.92, 0.88, 0.93, 0.73, 0.79, 0.96, 0.85, 0.53, 0.9, 0.93, 0.96, 0.93, 0.96, 0.52, 0.91, 0.79, 0.91, 0.96, 0.91, 0.61, 0.93, 0.86, 0.89, 0.89, 0.93, 0.6, 0.82, 0.54, 0.87, 0.55, 0.83, 0.85, 0.83, 0.65, 0.63, 0.53, 0.56, 0.53, 0.53, 0.53, 0.58, 0.51, 0.57, 0.92, 0.88, 0.82, 0.88, 0.93, 0.79, 0.9, 0.73, 0.96, 0.93, 0.6, 0.96, 0.79, 0.85, 0.93, 0.96, 0.91, 0.52, 0.96, 0.89, 0.91, 0.91, 0.93, 0.89, 0.86, 0.93, 0.55, 0.83, 0.85, 0.6, 0.83, 0.65, 0.63, 0.56, 0.82, 0.54, 0.54, 0.53, 0.88, 0.91, 0.9, 0.93, 0.93, 0.84, 0.59, 0.94, 0.83, 0.7, 0.96, 0.91, 0.93, 0.92, 0.95, 0.9, 0.61, 0.95, 0.78, 0.56, 0.87, 0.88, 0.94, 0.58, 0.87, 0.9, 0.82, 0.81, 0.51, 0.78, 0.53, 0.53, 0.53, 0.53, 0.58, 0.51]",bz_2,"cluster_4, cluster_5"
bz_2_cluster_5_1mer-bz_2_cluster_4_1mer,seed-2_sample-0,138,0.52,0.8071014492753624,"[0.87, 0.9, 0.93, 0.93, 0.59, 0.6, 0.83, 0.94, 0.7, 0.93, 0.54, 0.82, 0.96, 0.91, 0.95, 0.87, 0.91, 0.9, 0.95, 0.87, 0.79, 0.94, 0.9, 0.56, 0.57, 0.82, 0.8, 0.77, 0.88, 0.58, 0.82, 0.92, 0.92, 0.88, 0.93, 0.72, 0.79, 0.96, 0.85, 0.52, 0.9, 0.93, 0.96, 0.93, 0.96, 0.52, 0.91, 0.79, 0.91, 0.96, 0.91, 0.6, 0.94, 0.85, 0.89, 0.89, 0.92, 0.6, 0.81, 0.53, 0.87, 0.55, 0.82, 0.85, 0.8, 0.61, 0.59, 0.52, 0.55, 0.58, 0.92, 0.88, 0.82, 0.88, 0.93, 0.79, 0.9, 0.72, 0.96, 0.93, 0.6, 0.96, 0.79, 0.85, 0.93, 0.96, 0.91, 0.52, 0.96, 0.89, 0.91, 0.91, 0.94, 0.89, 0.85, 0.92, 0.55, 0.82, 0.85, 0.6, 0.8, 0.61, 0.59, 0.52, 0.81, 0.54, 0.53, 0.52, 0.87, 0.92, 0.9, 0.93, 0.93, 0.83, 0.59, 0.94, 0.82, 0.7, 0.96, 0.91, 0.93, 0.91, 0.95, 0.9, 0.6, 0.95, 0.79, 0.56, 0.87, 0.87, 0.94, 0.57, 0.87, 0.9, 0.82, 0.8, 0.77, 0.55]",bz_2,"cluster_4, cluster_5"
bz_2_cluster_5_1mer-bz_2_cluster_4_1mer,seed-5_sample-0,154,0.51,0.7861038961038961,"[0.88, 0.9, 0.93, 0.93, 0.59, 0.62, 0.83, 0.94, 0.7, 0.93, 0.56, 0.84, 0.96, 0.92, 0.95, 0.88, 0.92, 0.9, 0.95, 0.88, 0.79, 0.94, 0.91, 0.56, 0.59, 0.83, 0.52, 0.82, 0.78, 0.89, 0.58, 0.83, 0.92, 0.92, 0.89, 0.51, 0.93, 0.73, 0.8, 0.96, 0.85, 0.52, 0.91, 0.93, 0.96, 0.93, 0.95, 0.51, 0.91, 0.8, 0.91, 0.96, 0.91, 0.63, 0.94, 0.87, 0.9, 0.9, 0.93, 0.62, 0.83, 0.55, 0.88, 0.55, 0.84, 0.86, 0.82, 0.65, 0.65, 0.54, 0.57, 0.53, 0.53, 0.54, 0.6, 0.52, 0.52, 0.58, 0.92, 0.89, 0.83, 0.89, 0.93, 0.8, 0.91, 0.73, 0.96, 0.93, 0.62, 0.96, 0.8, 0.85, 0.93, 0.95, 0.91, 0.51, 0.96, 0.9, 0.91, 0.91, 0.94, 0.9, 0.87, 0.93, 0.55, 0.84, 0.86, 0.62, 0.82, 0.65, 0.65, 0.57, 0.83, 0.56, 0.55, 0.52, 0.88, 0.92, 0.51, 0.9, 0.93, 0.93, 0.83, 0.59, 0.94, 0.84, 0.7, 0.96, 0.92, 0.93, 0.92, 0.95, 0.9, 0.63, 0.95, 0.79, 0.56, 0.88, 0.88, 0.94, 0.59, 0.88, 0.91, 0.83, 0.82, 0.52, 0.78, 0.54, 0.53, 0.53, 0.54, 0.6, 0.52, 0.52]",bz_2,"cluster_4, cluster_5"
bz_2_cluster_5_1mer-bz_2_cluster_4_1mer,seed-6_sample-0,140,0.51,0.8018571428571428,"[0.88, 0.9, 0.93, 0.93, 0.57, 0.59, 0.82, 0.94, 0.7, 0.93, 0.53, 0.82, 0.96, 0.91, 0.95, 0.87, 0.91, 0.89, 0.95, 0.87, 0.79, 0.94, 0.9, 0.55, 0.56, 0.82, 0.8, 0.77, 0.88, 0.57, 0.82, 0.91, 0.92, 0.88, 0.93, 0.73, 0.78, 0.96, 0.85, 0.52, 0.9, 0.93, 0.96, 0.93, 0.96, 0.53, 0.91, 0.79, 0.91, 0.96, 0.91, 0.6, 0.93, 0.85, 0.88, 0.89, 0.93, 0.6, 0.81, 0.52, 0.87, 0.55, 0.82, 0.85, 0.81, 0.62, 0.59, 0.52, 0.51, 0.56, 0.57, 0.92, 0.88, 0.82, 0.88, 0.93, 0.78, 0.9, 0.73, 0.96, 0.93, 0.59, 0.96, 0.79, 0.85, 0.93, 0.96, 0.91, 0.53, 0.96, 0.88, 0.91, 0.91, 0.93, 0.89, 0.85, 0.93, 0.55, 0.82, 0.85, 0.6, 0.81, 0.62, 0.59, 0.52, 0.81, 0.53, 0.52, 0.52, 0.88, 0.91, 0.9, 0.93, 0.93, 0.82, 0.57, 0.94, 0.82, 0.7, 0.96, 0.91, 0.93, 0.91, 0.95, 0.89, 0.6, 0.95, 0.79, 0.55, 0.87, 0.87, 0.94, 0.56, 0.87, 0.9, 0.82, 0.8, 0.77, 0.51, 0.56]",bz_2,"cluster_4, cluster_5"
bz_2_cluster_5_1mer-bz_2_cluster_4_1mer,seed-3_sample-0,154,0.51,0.7842857142857143,"[0.88, 0.9, 0.93, 0.93, 0.58, 0.61, 0.84, 0.94, 0.7, 0.93, 0.55, 0.84, 0.96, 0.92, 0.95, 0.87, 0.92, 0.9, 0.95, 0.88, 0.78, 0.94, 0.9, 0.57, 0.59, 0.83, 0.52, 0.82, 0.78, 0.89, 0.58, 0.82, 0.91, 0.92, 0.89, 0.51, 0.93, 0.74, 0.79, 0.96, 0.85, 0.53, 0.91, 0.93, 0.96, 0.93, 0.95, 0.52, 0.91, 0.8, 0.91, 0.96, 0.91, 0.62, 0.93, 0.86, 0.89, 0.89, 0.93, 0.61, 0.82, 0.55, 0.88, 0.55, 0.83, 0.86, 0.83, 0.65, 0.64, 0.55, 0.58, 0.52, 0.53, 0.53, 0.59, 0.51, 0.52, 0.58, 0.92, 0.89, 0.82, 0.89, 0.93, 0.79, 0.91, 0.74, 0.96, 0.93, 0.61, 0.96, 0.8, 0.85, 0.93, 0.95, 0.91, 0.52, 0.96, 0.89, 0.91, 0.91, 0.93, 0.89, 0.86, 0.93, 0.55, 0.83, 0.86, 0.61, 0.83, 0.65, 0.64, 0.58, 0.82, 0.55, 0.55, 0.53, 0.88, 0.91, 0.51, 0.9, 0.93, 0.93, 0.84, 0.58, 0.94, 0.84, 0.7, 0.96, 0.92, 0.93, 0.92, 0.95, 0.9, 0.62, 0.95, 0.78, 0.57, 0.87, 0.88, 0.94, 0.59, 0.88, 0.9, 0.83, 0.82, 0.52, 0.78, 0.55, 0.52, 0.53, 0.53, 0.59, 0.51, 0.52]",bz_2,"cluster_4, cluster_5"
bz_2_cluster_5_1mer-bz_2_cluster_4_1mer,seed-1_sample-0,140,0.51,0.8034285714285714,"[0.88, 0.9, 0.93, 0.93, 0.59, 0.6, 0.83, 0.94, 0.71, 0.93, 0.53, 0.83, 0.96, 0.91, 0.95, 0.87, 0.91, 0.89, 0.95, 0.87, 0.79, 0.94, 0.9, 0.55, 0.56, 0.82, 0.8, 0.76, 0.88, 0.58, 0.83, 0.92, 0.92, 0.88, 0.93, 0.73, 0.78, 0.97, 0.85, 0.52, 0.91, 0.93, 0.96, 0.93, 0.96, 0.52, 0.91, 0.79, 0.91, 0.96, 0.91, 0.61, 0.94, 0.85, 0.89, 0.89, 0.93, 0.6, 0.81, 0.52, 0.87, 0.55, 0.82, 0.85, 0.81, 0.61, 0.59, 0.52, 0.51, 0.56, 0.58, 0.92, 0.88, 0.83, 0.88, 0.93, 0.78, 0.91, 0.73, 0.97, 0.93, 0.6, 0.96, 0.79, 0.85, 0.93, 0.96, 0.91, 0.52, 0.96, 0.89, 0.91, 0.91, 0.94, 0.89, 0.85, 0.93, 0.55, 0.82, 0.85, 0.6, 0.81, 0.61, 0.59, 0.52, 0.81, 0.53, 0.52, 0.52, 0.88, 0.92, 0.9, 0.93, 0.93, 0.83, 0.59, 0.94, 0.83, 0.71, 0.96, 0.91, 0.93, 0.91, 0.95, 0.89, 0.61, 0.95, 0.79, 0.55, 0.87, 0.87, 0.94, 0.56, 0.87, 0.9, 0.82, 0.8, 0.76, 0.51, 0.56]",bz_2,"cluster_4, cluster_5"
bz_2_cluster_5_1mer-bz_2_cluster_4_1mer,seed-7_sample-0,152,0.51,0.7860526315789474,"[0.88, 0.9, 0.93, 0.93, 0.59, 0.61, 0.83, 0.94, 0.7, 0.93, 0.55, 0.83, 0.96, 0.92, 0.95, 0.87, 0.92, 0.89, 0.95, 0.88, 0.78, 0.94, 0.9, 0.57, 0.58, 0.83, 0.52, 0.81, 0.78, 0.88, 0.58, 0.82, 0.91, 0.92, 0.88, 0.93, 0.74, 0.79, 0.96, 0.85, 0.53, 0.9, 0.93, 0.96, 0.93, 0.95, 0.52, 0.91, 0.79, 0.91, 0.96, 0.91, 0.62, 0.94, 0.86, 0.89, 0.89, 0.92, 0.61, 0.82, 0.54, 0.87, 0.55, 0.83, 0.86, 0.82, 0.65, 0.64, 0.54, 0.57, 0.51, 0.53, 0.53, 0.59, 0.51, 0.52, 0.58, 0.92, 0.88, 0.82, 0.88, 0.93, 0.79, 0.9, 0.74, 0.96, 0.93, 0.61, 0.96, 0.79, 0.85, 0.93, 0.95, 0.91, 0.52, 0.96, 0.89, 0.91, 0.91, 0.94, 0.89, 0.86, 0.92, 0.55, 0.83, 0.86, 0.61, 0.82, 0.65, 0.64, 0.57, 0.82, 0.55, 0.54, 0.53, 0.88, 0.91, 0.9, 0.93, 0.93, 0.83, 0.59, 0.94, 0.83, 0.7, 0.96, 0.92, 0.93, 0.92, 0.95, 0.89, 0.62, 0.95, 0.78, 0.57, 0.87, 0.88, 0.94, 0.58, 0.87, 0.9, 0.83, 0.81, 0.52, 0.78, 0.54, 0.51, 0.53, 0.53, 0.59, 0.51, 0.52]",bz_2,"cluster_4, cluster_5"
bz_2_cluster_5_1mer-bz_2_cluster_0_1mer,seed-8_sample-0,0,,,,bz_2,"cluster_0, cluster_5"
bz_2_cluster_5_1mer-bz_2_cluster_0_1mer,seed-10_sample-0,0,,,,bz_2,"cluster_0, cluster_5"
bz_2_cluster_5_1mer-bz_2_cluster_0_1mer,seed-9_sample-0,0,,,,bz_2,"cluster_0, cluster_5"
bz_2_cluster_5_1mer-bz_2_cluster_0_1mer,seed-4_sample-0,0,,,,bz_2,"cluster_0, cluster_5"
bz_2_cluster_5_1mer-bz_2_cluster_0_1mer,seed-2_sample-0,0,,,,bz_2,"cluster_0, cluster_5"
bz_2_cluster_5_1mer-bz_2_cluster_0_1mer,seed-5_sample-0,0,,,,bz_2,"cluster_0, cluster_5"
bz_2_cluster_5_1mer-bz_2_cluster_0_1mer,seed-6_sample-0,0,,,,bz_2,"cluster_0, cluster_5"
bz_2_cluster_5_1mer-bz_2_cluster_0_1mer,seed-3_sample-0,0,,,,bz_2,"cluster_0, cluster_5"
bz_2_cluster_5_1mer-bz_2_cluster_0_1mer,seed-1_sample-0,0,,,,bz_2,"cluster_0, cluster_5"
bz_2_cluster_5_1mer-bz_2_cluster_0_1mer,seed-7_sample-0,0,,,,bz_2,"cluster_0, cluster_5"
bz_2_cluster_5_1mer-bz_2_cluster_7_1mer,seed-8_sample-0,0,,,,bz_2,"cluster_5, cluster_7"
bz_2_cluster_5_1mer-bz_2_cluster_7_1mer,seed-10_sample-0,0,,,,bz_2,"cluster_5, cluster_7"
bz_2_cluster_5_1mer-bz_2_cluster_7_1mer,seed-9_sample-0,0,,,,bz_2,"cluster_5, cluster_7"
bz_2_cluster_5_1mer-bz_2_cluster_7_1mer,seed-4_sample-0,0,,,,bz_2,"cluster_5, cluster_7"
bz_2_cluster_5_1mer-bz_2_cluster_7_1mer,seed-2_sample-0,0,,,,bz_2,"cluster_5, cluster_7"
bz_2_cluster_5_1mer-bz_2_cluster_7_1mer,seed-5_sample-0,0,,,,bz_2,"cluster_5, cluster_7"
bz_2_cluster_5_1mer-bz_2_cluster_7_1mer,seed-6_sample-0,0,,,,bz_2,"cluster_5, cluster_7"
bz_2_cluster_5_1mer-bz_2_cluster_7_1mer,seed-3_sample-0,0,,,,bz_2,"cluster_5, cluster_7"
bz_2_cluster_5_1mer-bz_2_cluster_7_1mer,seed-1_sample-0,0,,,,bz_2,"cluster_5, cluster_7"
bz_2_cluster_5_1mer-bz_2_cluster_7_1mer,seed-7_sample-0,0,,,,bz_2,"cluster_5, cluster_7"
bz_2_cluster_5_1mer-bz_2_cluster_8_1mer,seed-8_sample-0,0,,,,bz_2,"cluster_5, cluster_8"
bz_2_cluster_5_1mer-bz_2_cluster_8_1mer,seed-10_sample-0,0,,,,bz_2,"cluster_5, cluster_8"
bz_2_cluster_5_1mer-bz_2_cluster_8_1mer,seed-9_sample-0,0,,,,bz_2,"cluster_5, cluster_8"
bz_2_cluster_5_1mer-bz_2_cluster_8_1mer,seed-4_sample-0,0,,,,bz_2,"cluster_5, cluster_8"
bz_2_cluster_5_1mer-bz_2_cluster_8_1mer,seed-2_sample-0,0,,,,bz_2,"cluster_5, cluster_8"
bz_2_cluster_5_1mer-bz_2_cluster_8_1mer,seed-5_sample-0,0,,,,bz_2,"cluster_5, cluster_8"
bz_2_cluster_5_1mer-bz_2_cluster_8_1mer,seed-6_sample-0,0,,,,bz_2,"cluster_5, cluster_8"
bz_2_cluster_5_1mer-bz_2_cluster_8_1mer,seed-3_sample-0,0,,,,bz_2,"cluster_5, cluster_8"
bz_2_cluster_5_1mer-bz_2_cluster_8_1mer,seed-1_sample-0,0,,,,bz_2,"cluster_5, cluster_8"
bz_2_cluster_5_1mer-bz_2_cluster_8_1mer,seed-7_sample-0,0,,,,bz_2,"cluster_5, cluster_8"
bz_2_cluster_4_1mer-bz_2_cluster_0_1mer,seed-8_sample-0,0,,,,bz_2,"cluster_0, cluster_4"
bz_2_cluster_4_1mer-bz_2_cluster_0_1mer,seed-10_sample-0,0,,,,bz_2,"cluster_0, cluster_4"
bz_2_cluster_4_1mer-bz_2_cluster_0_1mer,seed-9_sample-0,0,,,,bz_2,"cluster_0, cluster_4"
bz_2_cluster_4_1mer-bz_2_cluster_0_1mer,seed-4_sample-0,0,,,,bz_2,"cluster_0, cluster_4"
bz_2_cluster_4_1mer-bz_2_cluster_0_1mer,seed-2_sample-0,0,,,,bz_2,"cluster_0, cluster_4"
bz_2_cluster_4_1mer-bz_2_cluster_0_1mer,seed-5_sample-0,0,,,,bz_2,"cluster_0, cluster_4"
bz_2_cluster_4_1mer-bz_2_cluster_0_1mer,seed-6_sample-0,0,,,,bz_2,"cluster_0, cluster_4"
bz_2_cluster_4_1mer-bz_2_cluster_0_1mer,seed-3_sample-0,0,,,,bz_2,"cluster_0, cluster_4"
bz_2_cluster_4_1mer-bz_2_cluster_0_1mer,seed-1_sample-0,0,,,,bz_2,"cluster_0, cluster_4"
bz_2_cluster_4_1mer-bz_2_cluster_0_1mer,seed-7_sample-0,0,,,,bz_2,"cluster_0, cluster_4"
bz_2_cluster_4_1mer-bz_2_cluster_7_1mer,seed-8_sample-0,14,0.51,0.5585714285714285,"[0.52, 0.52, 0.51, 0.67, 0.54, 0.57, 0.58, 0.52, 0.57, 0.52, 0.51, 0.67, 0.58, 0.54]",bz_2,"cluster_4, cluster_7"
bz_2_cluster_4_1mer-bz_2_cluster_7_1mer,seed-10_sample-0,14,0.51,0.5628571428571428,"[0.53, 0.52, 0.51, 0.68, 0.54, 0.57, 0.59, 0.52, 0.57, 0.53, 0.51, 0.68, 0.59, 0.54]",bz_2,"cluster_4, cluster_7"
bz_2_cluster_4_1mer-bz_2_cluster_7_1mer,seed-9_sample-0,8,0.54,0.5825,"[0.67, 0.54, 0.55, 0.57, 0.55, 0.67, 0.57, 0.54]",bz_2,"cluster_4, cluster_7"
bz_2_cluster_4_1mer-bz_2_cluster_7_1mer,seed-4_sample-0,8,0.52,0.5549999999999999,"[0.64, 0.52, 0.53, 0.53, 0.53, 0.64, 0.53, 0.52]",bz_2,"cluster_4, cluster_7"
bz_2_cluster_4_1mer-bz_2_cluster_7_1mer,seed-2_sample-0,8,0.51,0.56,"[0.65, 0.51, 0.54, 0.54, 0.54, 0.65, 0.54, 0.51]",bz_2,"cluster_4, cluster_7"
bz_2_cluster_4_1mer-bz_2_cluster_7_1mer,seed-5_sample-0,8,0.54,0.5800000000000001,"[0.66, 0.54, 0.55, 0.57, 0.55, 0.66, 0.57, 0.54]",bz_2,"cluster_4, cluster_7"
bz_2_cluster_4_1mer-bz_2_cluster_7_1mer,seed-6_sample-0,8,0.51,0.5525,"[0.64, 0.51, 0.53, 0.53, 0.53, 0.64, 0.53, 0.51]",bz_2,"cluster_4, cluster_7"
bz_2_cluster_4_1mer-bz_2_cluster_7_1mer,seed-3_sample-0,8,0.53,0.5775,"[0.66, 0.53, 0.55, 0.57, 0.55, 0.66, 0.57, 0.53]",bz_2,"cluster_4, cluster_7"
bz_2_cluster_4_1mer-bz_2_cluster_7_1mer,seed-1_sample-0,8,0.51,0.5549999999999999,"[0.65, 0.51, 0.52, 0.54, 0.52, 0.65, 0.54, 0.51]",bz_2,"cluster_4, cluster_7"
bz_2_cluster_4_1mer-bz_2_cluster_7_1mer,seed-7_sample-0,14,0.52,0.5714285714285714,"[0.53, 0.53, 0.52, 0.68, 0.55, 0.59, 0.6, 0.53, 0.59, 0.53, 0.52, 0.68, 0.6, 0.55]",bz_2,"cluster_4, cluster_7"
bz_2_cluster_4_1mer-bz_2_cluster_8_1mer,seed-8_sample-0,0,,,,bz_2,"cluster_4, cluster_8"
bz_2_cluster_4_1mer-bz_2_cluster_8_1mer,seed-10_sample-0,0,,,,bz_2,"cluster_4, cluster_8"
bz_2_cluster_4_1mer-bz_2_cluster_8_1mer,seed-9_sample-0,0,,,,bz_2,"cluster_4, cluster_8"
bz_2_cluster_4_1mer-bz_2_cluster_8_1mer,seed-4_sample-0,0,,,,bz_2,"cluster_4, cluster_8"
bz_2_cluster_4_1mer-bz_2_cluster_8_1mer,seed-2_sample-0,0,,,,bz_2,"cluster_4, cluster_8"
bz_2_cluster_4_1mer-bz_2_cluster_8_1mer,seed-5_sample-0,0,,,,bz_2,"cluster_4, cluster_8"
bz_2_cluster_4_1mer-bz_2_cluster_8_1mer,seed-6_sample-0,0,,,,bz_2,"cluster_4, cluster_8"
bz_2_cluster_4_1mer-bz_2_cluster_8_1mer,seed-3_sample-0,0,,,,bz_2,"cluster_4, cluster_8"
bz_2_cluster_4_1mer-bz_2_cluster_8_1mer,seed-1_sample-0,0,,,,bz_2,"cluster_4, cluster_8"
bz_2_cluster_4_1mer-bz_2_cluster_8_1mer,seed-7_sample-0,0,,,,bz_2,"cluster_4, cluster_8"
bz_2_cluster_0_1mer-bz_2_cluster_7_1mer,seed-8_sample-0,18,0.51,0.5677777777777778,"[0.56, 0.6, 0.52, 0.51, 0.51, 0.59, 0.56, 0.66, 0.6, 0.56, 0.51, 0.51, 0.6, 0.59, 0.56, 0.66, 0.52, 0.6]",bz_2,"cluster_0, cluster_7"
bz_2_cluster_0_1mer-bz_2_cluster_7_1mer,seed-10_sample-0,16,0.51,0.57625,"[0.55, 0.51, 0.63, 0.52, 0.6, 0.54, 0.67, 0.59, 0.55, 0.51, 0.63, 0.6, 0.54, 0.67, 0.52, 0.59]",bz_2,"cluster_0, cluster_7"
bz_2_cluster_0_1mer-bz_2_cluster_7_1mer,seed-9_sample-0,14,0.51,0.5599999999999999,"[0.51, 0.6, 0.51, 0.58, 0.53, 0.63, 0.56, 0.51, 0.51, 0.6, 0.58, 0.53, 0.63, 0.56]",bz_2,"cluster_0, cluster_7"
bz_2_cluster_0_1mer-bz_2_cluster_7_1mer,seed-4_sample-0,14,0.51,0.5728571428571428,"[0.53, 0.61, 0.51, 0.59, 0.54, 0.65, 0.58, 0.53, 0.61, 0.59, 0.54, 0.65, 0.51, 0.58]",bz_2,"cluster_0, cluster_7"
bz_2_cluster_0_1mer-bz_2_cluster_7_1mer,seed-2_sample-0,18,0.51,0.5655555555555556,"[0.54, 0.51, 0.62, 0.54, 0.52, 0.59, 0.53, 0.66, 0.58, 0.54, 0.52, 0.51, 0.62, 0.59, 0.53, 0.66, 0.54, 0.58]",bz_2,"cluster_0, cluster_7"
bz_2_cluster_0_1mer-bz_2_cluster_7_1mer,seed-5_sample-0,20,0.51,0.573,"[0.56, 0.51, 0.64, 0.53, 0.51, 0.51, 0.62, 0.56, 0.69, 0.6, 0.56, 0.51, 0.51, 0.51, 0.64, 0.62, 0.56, 0.69, 0.53, 0.6]",bz_2,"cluster_0, cluster_7"
bz_2_cluster_0_1mer-bz_2_cluster_7_1mer,seed-6_sample-0,10,0.52,0.56,"[0.58, 0.56, 0.52, 0.61, 0.53, 0.58, 0.56, 0.52, 0.61, 0.53]",bz_2,"cluster_0, cluster_7"
bz_2_cluster_0_1mer-bz_2_cluster_7_1mer,seed-3_sample-0,16,0.51,0.565,"[0.51, 0.61, 0.52, 0.51, 0.59, 0.53, 0.65, 0.6, 0.51, 0.51, 0.61, 0.59, 0.53, 0.65, 0.52, 0.6]",bz_2,"cluster_0, cluster_7"
bz_2_cluster_0_1mer-bz_2_cluster_7_1mer,seed-1_sample-0,14,0.51,0.5557142857142858,"[0.51, 0.58, 0.51, 0.56, 0.53, 0.63, 0.57, 0.51, 0.51, 0.58, 0.56, 0.53, 0.63, 0.57]",bz_2,"cluster_0, cluster_7"
bz_2_cluster_0_1mer-bz_2_cluster_7_1mer,seed-7_sample-0,16,0.51,0.58,"[0.55, 0.63, 0.52, 0.51, 0.61, 0.55, 0.68, 0.59, 0.55, 0.51, 0.63, 0.61, 0.55, 0.68, 0.52, 0.59]",bz_2,"cluster_0, cluster_7"
bz_2_cluster_0_1mer-bz_2_cluster_8_1mer,seed-8_sample-0,0,,,,bz_2,"cluster_0, cluster_8"
bz_2_cluster_0_1mer-bz_2_cluster_8_1mer,seed-10_sample-0,0,,,,bz_2,"cluster_0, cluster_8"
bz_2_cluster_0_1mer-bz_2_cluster_8_1mer,seed-9_sample-0,0,,,,bz_2,"cluster_0, cluster_8"
bz_2_cluster_0_1mer-bz_2_cluster_8_1mer,seed-4_sample-0,0,,,,bz_2,"cluster_0, cluster_8"
bz_2_cluster_0_1mer-bz_2_cluster_8_1mer,seed-2_sample-0,0,,,,bz_2,"cluster_0, cluster_8"
bz_2_cluster_0_1mer-bz_2_cluster_8_1mer,seed-5_sample-0,0,,,,bz_2,"cluster_0, cluster_8"
bz_2_cluster_0_1mer-bz_2_cluster_8_1mer,seed-6_sample-0,0,,,,bz_2,"cluster_0, cluster_8"
bz_2_cluster_0_1mer-bz_2_cluster_8_1mer,seed-3_sample-0,0,,,,bz_2,"cluster_0, cluster_8"
bz_2_cluster_0_1mer-bz_2_cluster_8_1mer,seed-1_sample-0,0,,,,bz_2,"cluster_0, cluster_8"
bz_2_cluster_0_1mer-bz_2_cluster_8_1mer,seed-7_sample-0,0,,,,bz_2,"cluster_0, cluster_8"
bz_2_cluster_7_1mer-bz_2_cluster_8_1mer,seed-8_sample-0,0,,,,bz_2,"cluster_7, cluster_8"
bz_2_cluster_7_1mer-bz_2_cluster_8_1mer,seed-10_sample-0,0,,,,bz_2,"cluster_7, cluster_8"
bz_2_cluster_7_1mer-bz_2_cluster_8_1mer,seed-9_sample-0,0,,,,bz_2,"cluster_7, cluster_8"
bz_2_cluster_7_1mer-bz_2_cluster_8_1mer,seed-4_sample-0,0,,,,bz_2,"cluster_7, cluster_8"
bz_2_cluster_7_1mer-bz_2_cluster_8_1mer,seed-2_sample-0,0,,,,bz_2,"cluster_7, cluster_8"
bz_2_cluster_7_1mer-bz_2_cluster_8_1mer,seed-5_sample-0,0,,,,bz_2,"cluster_7, cluster_8"
bz_2_cluster_7_1mer-bz_2_cluster_8_1mer,seed-6_sample-0,0,,,,bz_2,"cluster_7, cluster_8"
bz_2_cluster_7_1mer-bz_2_cluster_8_1mer,seed-3_sample-0,0,,,,bz_2,"cluster_7, cluster_8"
bz_2_cluster_7_1mer-bz_2_cluster_8_1mer,seed-1_sample-0,0,,,,bz_2,"cluster_7, cluster_8"
bz_2_cluster_7_1mer-bz_2_cluster_8_1mer,seed-7_sample-0,0,,,,bz_2,"cluster_7, cluster_8"
bz_2_cluster_2_1mer-bz_2_cluster_2_1mer,seed-8_sample-0,0,,,,bz_2,"cluster_2, cluster_2"
bz_2_cluster_2_1mer-bz_2_cluster_2_1mer,seed-10_sample-0,0,,,,bz_2,"cluster_2, cluster_2"
bz_2_cluster_2_1mer-bz_2_cluster_2_1mer,seed-9_sample-0,0,,,,bz_2,"cluster_2, cluster_2"
bz_2_cluster_2_1mer-bz_2_cluster_2_1mer,seed-4_sample-0,0,,,,bz_2,"cluster_2, cluster_2"
bz_2_cluster_2_1mer-bz_2_cluster_2_1mer,seed-2_sample-0,0,,,,bz_2,"cluster_2, cluster_2"
bz_2_cluster_2_1mer-bz_2_cluster_2_1mer,seed-5_sample-0,0,,,,bz_2,"cluster_2, cluster_2"
bz_2_cluster_2_1mer-bz_2_cluster_2_1mer,seed-6_sample-0,0,,,,bz_2,"cluster_2, cluster_2"
bz_2_cluster_2_1mer-bz_2_cluster_2_1mer,seed-3_sample-0,0,,,,bz_2,"cluster_2, cluster_2"
bz_2_cluster_2_1mer-bz_2_cluster_2_1mer,seed-1_sample-0,0,,,,bz_2,"cluster_2, cluster_2"
bz_2_cluster_2_1mer-bz_2_cluster_2_1mer,seed-7_sample-0,0,,,,bz_2,"cluster_2, cluster_2"
bz_2_cluster_3_1mer-bz_2_cluster_3_1mer,seed-8_sample-0,0,,,,bz_2,"cluster_3, cluster_3"
bz_2_cluster_3_1mer-bz_2_cluster_3_1mer,seed-10_sample-0,0,,,,bz_2,"cluster_3, cluster_3"
bz_2_cluster_3_1mer-bz_2_cluster_3_1mer,seed-9_sample-0,0,,,,bz_2,"cluster_3, cluster_3"
bz_2_cluster_3_1mer-bz_2_cluster_3_1mer,seed-4_sample-0,0,,,,bz_2,"cluster_3, cluster_3"
bz_2_cluster_3_1mer-bz_2_cluster_3_1mer,seed-2_sample-0,0,,,,bz_2,"cluster_3, cluster_3"
bz_2_cluster_3_1mer-bz_2_cluster_3_1mer,seed-5_sample-0,0,,,,bz_2,"cluster_3, cluster_3"
bz_2_cluster_3_1mer-bz_2_cluster_3_1mer,seed-6_sample-0,0,,,,bz_2,"cluster_3, cluster_3"
bz_2_cluster_3_1mer-bz_2_cluster_3_1mer,seed-3_sample-0,0,,,,bz_2,"cluster_3, cluster_3"
bz_2_cluster_3_1mer-bz_2_cluster_3_1mer,seed-1_sample-0,0,,,,bz_2,"cluster_3, cluster_3"
bz_2_cluster_3_1mer-bz_2_cluster_3_1mer,seed-7_sample-0,0,,,,bz_2,"cluster_3, cluster_3"
bz_2_cluster_1_1mer-bz_2_cluster_1_1mer,seed-8_sample-0,0,,,,bz_2,"cluster_1, cluster_1"
bz_2_cluster_1_1mer-bz_2_cluster_1_1mer,seed-10_sample-0,0,,,,bz_2,"cluster_1, cluster_1"
bz_2_cluster_1_1mer-bz_2_cluster_1_1mer,seed-9_sample-0,0,,,,bz_2,"cluster_1, cluster_1"
bz_2_cluster_1_1mer-bz_2_cluster_1_1mer,seed-4_sample-0,0,,,,bz_2,"cluster_1, cluster_1"
bz_2_cluster_1_1mer-bz_2_cluster_1_1mer,seed-2_sample-0,0,,,,bz_2,"cluster_1, cluster_1"
bz_2_cluster_1_1mer-bz_2_cluster_1_1mer,seed-5_sample-0,0,,,,bz_2,"cluster_1, cluster_1"
bz_2_cluster_1_1mer-bz_2_cluster_1_1mer,seed-6_sample-0,0,,,,bz_2,"cluster_1, cluster_1"
bz_2_cluster_1_1mer-bz_2_cluster_1_1mer,seed-3_sample-0,0,,,,bz_2,"cluster_1, cluster_1"
bz_2_cluster_1_1mer-bz_2_cluster_1_1mer,seed-1_sample-0,0,,,,bz_2,"cluster_1, cluster_1"
bz_2_cluster_1_1mer-bz_2_cluster_1_1mer,seed-7_sample-0,0,,,,bz_2,"cluster_1, cluster_1"
bz_2_cluster_6_1mer-bz_2_cluster_6_1mer,seed-8_sample-0,208,0.51,0.7116346153846153,"[0.77, 0.75, 0.79, 0.8, 0.73, 0.87, 0.8, 0.83, 0.88, 0.52, 0.78, 0.8, 0.76, 0.84, 0.79, 0.59, 0.6, 0.53, 0.85, 0.81, 0.79, 0.75, 0.83, 0.76, 0.78, 0.87, 0.83, 0.8, 0.8, 0.88, 0.75, 0.52, 0.84, 0.52, 0.79, 0.77, 0.8, 0.85, 0.59, 0.8, 0.75, 0.83, 0.59, 0.58, 0.55, 0.68, 0.75, 0.8, 0.58, 0.55, 0.68, 0.74, 0.67, 0.68, 0.69, 0.73, 0.66, 0.72, 0.65, 0.74, 0.73, 0.74, 0.76, 0.73, 0.52, 0.73, 0.72, 0.77, 0.63, 0.53, 0.72, 0.61, 0.53, 0.78, 0.52, 0.61, 0.79, 0.76, 0.51, 0.75, 0.76, 0.53, 0.75, 0.8, 0.55, 0.63, 0.52, 0.74, 0.74, 0.79, 0.7, 0.76, 0.73, 0.76, 0.64, 0.76, 0.56, 0.64, 0.74, 0.76, 0.78, 0.69, 0.68, 0.53, 0.76, 0.75, 0.78, 0.8, 0.74, 0.87, 0.8, 0.83, 0.88, 0.52, 0.77, 0.8, 0.75, 0.84, 0.8, 0.59, 0.59, 0.52, 0.85, 0.8, 0.79, 0.75, 0.83, 0.77, 0.79, 0.87, 0.83, 0.8, 0.8, 0.88, 0.76, 0.52, 0.84, 0.53, 0.79, 0.78, 0.79, 0.85, 0.59, 0.81, 0.75, 0.83, 0.6, 0.58, 0.55, 0.68, 0.75, 0.8, 0.58, 0.55, 0.68, 0.73, 0.67, 0.69, 0.68, 0.73, 0.65, 0.73, 0.66, 0.74, 0.72, 0.74, 0.76, 0.73, 0.53, 0.73, 0.72, 0.78, 0.63, 0.52, 0.72, 0.61, 0.52, 0.77, 0.53, 0.61, 0.79, 0.76, 0.52, 0.74, 0.76, 0.53, 0.74, 0.79, 0.56, 0.63, 0.51, 0.75, 0.75, 0.8, 0.7, 0.76, 0.74, 0.76, 0.64, 0.76, 0.55, 0.64, 0.73, 0.76, 0.78, 0.68, 0.69, 0.53]",bz_2,"cluster_6, cluster_6"
bz_2_cluster_6_1mer-bz_2_cluster_6_1mer,seed-10_sample-0,216,0.51,0.7178703703703704,"[0.77, 0.77, 0.51, 0.8, 0.81, 0.75, 0.88, 0.82, 0.85, 0.89, 0.53, 0.81, 0.82, 0.79, 0.87, 0.82, 0.59, 0.56, 0.53, 0.88, 0.83, 0.82, 0.79, 0.85, 0.78, 0.8, 0.88, 0.84, 0.83, 0.83, 0.89, 0.79, 0.53, 0.86, 0.53, 0.82, 0.81, 0.82, 0.88, 0.59, 0.83, 0.8, 0.84, 0.56, 0.6, 0.55, 0.67, 0.52, 0.77, 0.8, 0.59, 0.55, 0.66, 0.51, 0.75, 0.52, 0.64, 0.69, 0.69, 0.76, 0.67, 0.73, 0.67, 0.75, 0.74, 0.75, 0.77, 0.73, 0.54, 0.73, 0.73, 0.78, 0.64, 0.54, 0.73, 0.62, 0.54, 0.79, 0.55, 0.63, 0.83, 0.78, 0.53, 0.77, 0.77, 0.56, 0.76, 0.8, 0.57, 0.64, 0.52, 0.76, 0.76, 0.8, 0.72, 0.78, 0.75, 0.77, 0.65, 0.77, 0.56, 0.65, 0.75, 0.78, 0.8, 0.71, 0.7, 0.54, 0.78, 0.77, 0.51, 0.8, 0.8, 0.75, 0.88, 0.83, 0.84, 0.89, 0.53, 0.81, 0.83, 0.79, 0.86, 0.82, 0.59, 0.56, 0.53, 0.88, 0.83, 0.82, 0.8, 0.84, 0.77, 0.8, 0.88, 0.85, 0.82, 0.82, 0.89, 0.79, 0.53, 0.87, 0.53, 0.82, 0.81, 0.82, 0.88, 0.59, 0.83, 0.79, 0.85, 0.56, 0.59, 0.55, 0.66, 0.52, 0.77, 0.81, 0.6, 0.55, 0.67, 0.51, 0.75, 0.52, 0.64, 0.69, 0.69, 0.76, 0.67, 0.74, 0.67, 0.75, 0.73, 0.75, 0.77, 0.73, 0.54, 0.73, 0.73, 0.79, 0.64, 0.55, 0.73, 0.63, 0.54, 0.78, 0.54, 0.62, 0.83, 0.77, 0.52, 0.76, 0.78, 0.56, 0.76, 0.8, 0.56, 0.64, 0.53, 0.76, 0.77, 0.8, 0.72, 0.77, 0.75, 0.78, 0.65, 0.78, 0.57, 0.65, 0.75, 0.77, 0.8, 0.7, 0.71, 0.54]",bz_2,"cluster_6, cluster_6"
bz_2_cluster_6_1mer-bz_2_cluster_6_1mer,seed-9_sample-0,208,0.52,0.7261538461538461,"[0.76, 0.74, 0.52, 0.79, 0.79, 0.73, 0.86, 0.79, 0.83, 0.89, 0.52, 0.78, 0.81, 0.77, 0.84, 0.8, 0.57, 0.58, 0.53, 0.85, 0.81, 0.8, 0.75, 0.83, 0.76, 0.78, 0.87, 0.83, 0.8, 0.8, 0.88, 0.77, 0.52, 0.84, 0.53, 0.79, 0.78, 0.8, 0.85, 0.58, 0.81, 0.75, 0.83, 0.58, 0.52, 0.64, 0.74, 0.79, 0.52, 0.64, 0.53, 0.73, 0.71, 0.73, 0.74, 0.79, 0.69, 0.76, 0.7, 0.78, 0.77, 0.78, 0.83, 0.76, 0.57, 0.77, 0.75, 0.8, 0.65, 0.54, 0.75, 0.63, 0.55, 0.81, 0.55, 0.63, 0.85, 0.8, 0.53, 0.79, 0.8, 0.55, 0.79, 0.82, 0.57, 0.65, 0.54, 0.78, 0.79, 0.82, 0.77, 0.8, 0.76, 0.8, 0.66, 0.79, 0.58, 0.66, 0.76, 0.79, 0.85, 0.72, 0.72, 0.54, 0.76, 0.74, 0.53, 0.78, 0.79, 0.73, 0.87, 0.8, 0.83, 0.88, 0.52, 0.78, 0.8, 0.77, 0.84, 0.8, 0.58, 0.58, 0.53, 0.85, 0.81, 0.79, 0.75, 0.83, 0.76, 0.79, 0.86, 0.83, 0.81, 0.79, 0.89, 0.77, 0.52, 0.84, 0.53, 0.8, 0.78, 0.8, 0.85, 0.57, 0.81, 0.75, 0.83, 0.58, 0.52, 0.64, 0.74, 0.79, 0.52, 0.64, 0.52, 0.73, 0.71, 0.74, 0.73, 0.79, 0.7, 0.77, 0.69, 0.78, 0.76, 0.78, 0.83, 0.77, 0.55, 0.76, 0.75, 0.81, 0.65, 0.55, 0.75, 0.63, 0.57, 0.8, 0.54, 0.63, 0.85, 0.8, 0.54, 0.79, 0.8, 0.55, 0.78, 0.82, 0.58, 0.65, 0.53, 0.79, 0.79, 0.82, 0.77, 0.8, 0.76, 0.8, 0.66, 0.79, 0.57, 0.66, 0.76, 0.79, 0.85, 0.72, 0.72, 0.54]",bz_2,"cluster_6, cluster_6"
bz_2_cluster_6_1mer-bz_2_cluster_6_1mer,seed-4_sample-0,196,0.52,0.719591836734694,"[0.74, 0.7, 0.76, 0.74, 0.67, 0.85, 0.79, 0.81, 0.87, 0.77, 0.78, 0.75, 0.83, 0.78, 0.57, 0.55, 0.84, 0.79, 0.78, 0.73, 0.81, 0.74, 0.76, 0.86, 0.81, 0.78, 0.79, 0.87, 0.74, 0.82, 0.78, 0.77, 0.78, 0.85, 0.56, 0.79, 0.72, 0.81, 0.55, 0.54, 0.61, 0.71, 0.74, 0.54, 0.61, 0.67, 0.66, 0.71, 0.71, 0.76, 0.67, 0.74, 0.67, 0.76, 0.74, 0.76, 0.78, 0.74, 0.54, 0.74, 0.73, 0.79, 0.64, 0.54, 0.73, 0.62, 0.54, 0.8, 0.54, 0.62, 0.83, 0.78, 0.52, 0.77, 0.78, 0.55, 0.77, 0.81, 0.56, 0.64, 0.52, 0.76, 0.77, 0.81, 0.74, 0.79, 0.75, 0.78, 0.65, 0.78, 0.56, 0.65, 0.75, 0.78, 0.82, 0.71, 0.71, 0.54, 0.74, 0.71, 0.76, 0.74, 0.67, 0.86, 0.79, 0.81, 0.87, 0.77, 0.78, 0.74, 0.82, 0.78, 0.56, 0.55, 0.85, 0.79, 0.78, 0.72, 0.81, 0.74, 0.76, 0.85, 0.81, 0.78, 0.79, 0.87, 0.75, 0.83, 0.78, 0.77, 0.78, 0.84, 0.57, 0.79, 0.73, 0.81, 0.55, 0.54, 0.61, 0.7, 0.74, 0.54, 0.61, 0.67, 0.66, 0.71, 0.71, 0.76, 0.67, 0.74, 0.67, 0.76, 0.74, 0.76, 0.78, 0.74, 0.54, 0.74, 0.73, 0.8, 0.64, 0.54, 0.73, 0.62, 0.54, 0.79, 0.54, 0.62, 0.83, 0.78, 0.52, 0.77, 0.78, 0.55, 0.76, 0.81, 0.56, 0.64, 0.52, 0.77, 0.77, 0.81, 0.74, 0.78, 0.75, 0.79, 0.65, 0.78, 0.56, 0.65, 0.75, 0.78, 0.82, 0.71, 0.71, 0.54]",bz_2,"cluster_6, cluster_6"
bz_2_cluster_6_1mer-bz_2_cluster_6_1mer,seed-2_sample-0,212,0.52,0.7319811320754718,"[0.79, 0.76, 0.61, 0.81, 0.86, 0.79, 0.89, 0.82, 0.86, 0.9, 0.55, 0.81, 0.84, 0.79, 0.87, 0.83, 0.6, 0.62, 0.58, 0.88, 0.85, 0.82, 0.79, 0.86, 0.53, 0.78, 0.81, 0.89, 0.86, 0.83, 0.83, 0.9, 0.8, 0.54, 0.87, 0.57, 0.82, 0.81, 0.83, 0.88, 0.6, 0.84, 0.81, 0.52, 0.85, 0.61, 0.53, 0.67, 0.75, 0.85, 0.53, 0.68, 0.6, 0.79, 0.68, 0.71, 0.72, 0.76, 0.69, 0.75, 0.68, 0.77, 0.75, 0.77, 0.79, 0.75, 0.56, 0.75, 0.74, 0.79, 0.65, 0.54, 0.73, 0.64, 0.55, 0.79, 0.54, 0.63, 0.83, 0.79, 0.52, 0.77, 0.78, 0.55, 0.77, 0.81, 0.57, 0.65, 0.53, 0.77, 0.77, 0.82, 0.74, 0.77, 0.75, 0.78, 0.65, 0.78, 0.57, 0.65, 0.75, 0.78, 0.81, 0.7, 0.7, 0.54, 0.78, 0.75, 0.6, 0.81, 0.85, 0.79, 0.89, 0.83, 0.86, 0.9, 0.54, 0.81, 0.83, 0.8, 0.87, 0.83, 0.6, 0.61, 0.57, 0.88, 0.84, 0.82, 0.81, 0.85, 0.52, 0.79, 0.81, 0.89, 0.86, 0.84, 0.82, 0.9, 0.79, 0.55, 0.87, 0.58, 0.82, 0.81, 0.83, 0.88, 0.6, 0.85, 0.79, 0.53, 0.86, 0.62, 0.53, 0.68, 0.76, 0.86, 0.53, 0.67, 0.61, 0.79, 0.68, 0.72, 0.71, 0.76, 0.68, 0.75, 0.69, 0.77, 0.75, 0.77, 0.79, 0.75, 0.55, 0.75, 0.73, 0.79, 0.65, 0.54, 0.74, 0.63, 0.56, 0.79, 0.54, 0.64, 0.83, 0.78, 0.53, 0.77, 0.79, 0.55, 0.77, 0.82, 0.57, 0.65, 0.52, 0.77, 0.77, 0.81, 0.74, 0.78, 0.75, 0.77, 0.65, 0.78, 0.57, 0.65, 0.75, 0.78, 0.81, 0.7, 0.7, 0.54]",bz_2,"cluster_6, cluster_6"
bz_2_cluster_6_1mer-bz_2_cluster_6_1mer,seed-5_sample-0,212,0.51,0.7291509433962264,"[0.77, 0.76, 0.51, 0.79, 0.81, 0.74, 0.88, 0.82, 0.84, 0.88, 0.52, 0.79, 0.82, 0.78, 0.85, 0.81, 0.59, 0.58, 0.53, 0.87, 0.83, 0.8, 0.77, 0.84, 0.77, 0.78, 0.88, 0.84, 0.81, 0.82, 0.88, 0.78, 0.53, 0.85, 0.53, 0.8, 0.8, 0.82, 0.86, 0.58, 0.82, 0.78, 0.84, 0.58, 0.57, 0.54, 0.66, 0.76, 0.8, 0.57, 0.53, 0.65, 0.51, 0.74, 0.7, 0.74, 0.74, 0.8, 0.7, 0.77, 0.7, 0.78, 0.77, 0.78, 0.81, 0.76, 0.56, 0.76, 0.76, 0.81, 0.66, 0.55, 0.75, 0.64, 0.56, 0.8, 0.55, 0.64, 0.85, 0.8, 0.52, 0.79, 0.8, 0.58, 0.79, 0.82, 0.58, 0.66, 0.54, 0.78, 0.79, 0.83, 0.76, 0.8, 0.76, 0.8, 0.66, 0.8, 0.58, 0.67, 0.76, 0.79, 0.84, 0.72, 0.72, 0.55, 0.77, 0.76, 0.51, 0.78, 0.8, 0.74, 0.88, 0.82, 0.84, 0.88, 0.53, 0.8, 0.81, 0.78, 0.85, 0.82, 0.58, 0.58, 0.53, 0.86, 0.82, 0.8, 0.78, 0.84, 0.77, 0.79, 0.88, 0.84, 0.82, 0.82, 0.88, 0.78, 0.52, 0.85, 0.53, 0.8, 0.79, 0.81, 0.87, 0.59, 0.83, 0.77, 0.84, 0.58, 0.57, 0.53, 0.65, 0.76, 0.81, 0.57, 0.54, 0.66, 0.51, 0.74, 0.7, 0.74, 0.74, 0.8, 0.7, 0.77, 0.7, 0.78, 0.77, 0.78, 0.81, 0.76, 0.56, 0.76, 0.75, 0.8, 0.66, 0.55, 0.76, 0.64, 0.56, 0.81, 0.55, 0.64, 0.85, 0.8, 0.54, 0.79, 0.8, 0.58, 0.78, 0.83, 0.58, 0.66, 0.52, 0.79, 0.79, 0.82, 0.76, 0.8, 0.76, 0.8, 0.67, 0.79, 0.58, 0.66, 0.76, 0.8, 0.84, 0.72, 0.72, 0.55]",bz_2,"cluster_6, cluster_6"
bz_2_cluster_6_1mer-bz_2_cluster_6_1mer,seed-6_sample-0,212,0.51,0.723867924528302,"[0.78, 0.77, 0.51, 0.8, 0.81, 0.76, 0.88, 0.81, 0.84, 0.89, 0.54, 0.82, 0.83, 0.79, 0.87, 0.82, 0.6, 0.59, 0.54, 0.87, 0.83, 0.82, 0.8, 0.86, 0.78, 0.81, 0.89, 0.85, 0.83, 0.82, 0.89, 0.79, 0.53, 0.87, 0.54, 0.82, 0.8, 0.83, 0.88, 0.6, 0.83, 0.79, 0.85, 0.58, 0.58, 0.54, 0.66, 0.77, 0.81, 0.58, 0.54, 0.66, 0.51, 0.75, 0.69, 0.7, 0.7, 0.74, 0.67, 0.74, 0.68, 0.75, 0.75, 0.75, 0.77, 0.73, 0.54, 0.73, 0.73, 0.78, 0.65, 0.55, 0.74, 0.64, 0.54, 0.79, 0.55, 0.64, 0.82, 0.78, 0.52, 0.76, 0.78, 0.56, 0.76, 0.8, 0.57, 0.65, 0.53, 0.76, 0.76, 0.81, 0.72, 0.77, 0.74, 0.77, 0.65, 0.78, 0.56, 0.65, 0.75, 0.78, 0.8, 0.7, 0.7, 0.54, 0.78, 0.77, 0.51, 0.81, 0.81, 0.75, 0.89, 0.82, 0.85, 0.89, 0.53, 0.8, 0.83, 0.79, 0.87, 0.83, 0.6, 0.58, 0.54, 0.88, 0.83, 0.82, 0.79, 0.85, 0.78, 0.8, 0.88, 0.84, 0.83, 0.81, 0.89, 0.79, 0.54, 0.87, 0.54, 0.82, 0.82, 0.82, 0.87, 0.6, 0.83, 0.8, 0.86, 0.59, 0.58, 0.54, 0.66, 0.77, 0.81, 0.58, 0.54, 0.66, 0.51, 0.76, 0.69, 0.7, 0.7, 0.74, 0.68, 0.75, 0.67, 0.75, 0.74, 0.75, 0.77, 0.73, 0.54, 0.73, 0.74, 0.79, 0.65, 0.55, 0.73, 0.64, 0.54, 0.78, 0.55, 0.64, 0.82, 0.78, 0.53, 0.76, 0.78, 0.56, 0.76, 0.81, 0.56, 0.65, 0.52, 0.76, 0.76, 0.8, 0.72, 0.77, 0.75, 0.77, 0.65, 0.78, 0.57, 0.65, 0.74, 0.78, 0.8, 0.7, 0.7, 0.54]",bz_2,"cluster_6, cluster_6"
bz_2_cluster_6_1mer-bz_2_cluster_6_1mer,seed-3_sample-0,214,0.51,0.719626168224299,"[0.75, 0.75, 0.58, 0.77, 0.8, 0.74, 0.87, 0.8, 0.83, 0.88, 0.52, 0.78, 0.81, 0.77, 0.84, 0.8, 0.6, 0.59, 0.53, 0.86, 0.82, 0.8, 0.75, 0.84, 0.51, 0.75, 0.77, 0.88, 0.84, 0.8, 0.81, 0.88, 0.77, 0.53, 0.84, 0.54, 0.8, 0.78, 0.8, 0.86, 0.59, 0.81, 0.75, 0.83, 0.59, 0.52, 0.51, 0.64, 0.75, 0.8, 0.52, 0.51, 0.64, 0.59, 0.75, 0.69, 0.72, 0.72, 0.78, 0.69, 0.76, 0.69, 0.77, 0.76, 0.76, 0.78, 0.74, 0.55, 0.75, 0.74, 0.8, 0.66, 0.56, 0.74, 0.64, 0.55, 0.8, 0.55, 0.65, 0.83, 0.79, 0.54, 0.78, 0.78, 0.57, 0.77, 0.81, 0.57, 0.66, 0.54, 0.77, 0.77, 0.81, 0.74, 0.78, 0.76, 0.79, 0.66, 0.79, 0.58, 0.66, 0.76, 0.79, 0.82, 0.72, 0.72, 0.55, 0.75, 0.75, 0.59, 0.77, 0.8, 0.75, 0.88, 0.81, 0.84, 0.88, 0.53, 0.78, 0.8, 0.77, 0.84, 0.8, 0.59, 0.59, 0.54, 0.86, 0.81, 0.8, 0.75, 0.83, 0.75, 0.77, 0.87, 0.83, 0.81, 0.8, 0.88, 0.77, 0.52, 0.84, 0.53, 0.8, 0.78, 0.8, 0.86, 0.6, 0.82, 0.75, 0.51, 0.84, 0.59, 0.52, 0.51, 0.64, 0.75, 0.8, 0.52, 0.51, 0.64, 0.58, 0.74, 0.69, 0.72, 0.72, 0.78, 0.69, 0.76, 0.69, 0.76, 0.76, 0.77, 0.78, 0.75, 0.55, 0.74, 0.74, 0.8, 0.66, 0.55, 0.74, 0.65, 0.55, 0.8, 0.56, 0.64, 0.83, 0.78, 0.54, 0.77, 0.79, 0.57, 0.77, 0.81, 0.58, 0.66, 0.54, 0.77, 0.78, 0.81, 0.74, 0.79, 0.76, 0.78, 0.66, 0.79, 0.57, 0.66, 0.76, 0.79, 0.82, 0.72, 0.72, 0.55]",bz_2,"cluster_6, cluster_6"
bz_2_cluster_6_1mer-bz_2_cluster_6_1mer,seed-1_sample-0,208,0.51,0.7174038461538461,"[0.77, 0.74, 0.8, 0.79, 0.75, 0.88, 0.81, 0.84, 0.89, 0.54, 0.81, 0.83, 0.79, 0.86, 0.82, 0.59, 0.55, 0.53, 0.88, 0.83, 0.81, 0.79, 0.85, 0.78, 0.81, 0.89, 0.85, 0.83, 0.82, 0.89, 0.79, 0.54, 0.86, 0.53, 0.81, 0.81, 0.82, 0.87, 0.59, 0.83, 0.79, 0.84, 0.55, 0.57, 0.51, 0.67, 0.75, 0.79, 0.57, 0.52, 0.66, 0.76, 0.67, 0.69, 0.69, 0.74, 0.66, 0.73, 0.65, 0.74, 0.73, 0.73, 0.77, 0.72, 0.52, 0.72, 0.72, 0.78, 0.62, 0.51, 0.71, 0.61, 0.52, 0.78, 0.52, 0.61, 0.8, 0.76, 0.51, 0.75, 0.76, 0.54, 0.75, 0.79, 0.55, 0.63, 0.51, 0.75, 0.75, 0.8, 0.71, 0.76, 0.74, 0.77, 0.64, 0.77, 0.55, 0.63, 0.73, 0.76, 0.79, 0.69, 0.69, 0.54, 0.78, 0.75, 0.81, 0.79, 0.76, 0.89, 0.82, 0.85, 0.89, 0.54, 0.81, 0.83, 0.79, 0.86, 0.82, 0.59, 0.55, 0.53, 0.87, 0.83, 0.81, 0.79, 0.84, 0.77, 0.8, 0.88, 0.84, 0.83, 0.81, 0.89, 0.79, 0.54, 0.86, 0.53, 0.81, 0.81, 0.82, 0.88, 0.59, 0.83, 0.79, 0.85, 0.55, 0.57, 0.52, 0.66, 0.74, 0.79, 0.57, 0.51, 0.67, 0.75, 0.67, 0.69, 0.69, 0.74, 0.65, 0.73, 0.66, 0.73, 0.73, 0.74, 0.77, 0.72, 0.52, 0.72, 0.71, 0.78, 0.63, 0.52, 0.72, 0.61, 0.52, 0.78, 0.51, 0.61, 0.8, 0.76, 0.51, 0.75, 0.76, 0.54, 0.75, 0.8, 0.55, 0.62, 0.51, 0.75, 0.75, 0.79, 0.71, 0.77, 0.73, 0.76, 0.63, 0.76, 0.55, 0.64, 0.74, 0.77, 0.79, 0.69, 0.69, 0.54]",bz_2,"cluster_6, cluster_6"
bz_2_cluster_6_1mer-bz_2_cluster_6_1mer,seed-7_sample-0,212,0.52,0.7311320754716981,"[0.79, 0.78, 0.52, 0.82, 0.82, 0.79, 0.89, 0.83, 0.86, 0.9, 0.55, 0.83, 0.84, 0.8, 0.87, 0.84, 0.61, 0.56, 0.56, 0.89, 0.85, 0.83, 0.81, 0.86, 0.79, 0.82, 0.9, 0.86, 0.83, 0.83, 0.9, 0.8, 0.55, 0.88, 0.55, 0.83, 0.82, 0.84, 0.89, 0.6, 0.85, 0.81, 0.86, 0.55, 0.6, 0.56, 0.67, 0.78, 0.83, 0.6, 0.57, 0.68, 0.53, 0.79, 0.66, 0.7, 0.7, 0.77, 0.68, 0.74, 0.68, 0.75, 0.74, 0.76, 0.77, 0.73, 0.54, 0.73, 0.73, 0.79, 0.65, 0.55, 0.73, 0.64, 0.54, 0.8, 0.54, 0.64, 0.83, 0.79, 0.53, 0.77, 0.78, 0.56, 0.76, 0.81, 0.56, 0.66, 0.53, 0.75, 0.76, 0.81, 0.74, 0.77, 0.75, 0.78, 0.65, 0.78, 0.57, 0.65, 0.75, 0.78, 0.8, 0.7, 0.71, 0.54, 0.79, 0.78, 0.53, 0.82, 0.83, 0.79, 0.9, 0.83, 0.86, 0.9, 0.55, 0.82, 0.83, 0.8, 0.88, 0.84, 0.6, 0.55, 0.55, 0.89, 0.85, 0.83, 0.81, 0.86, 0.79, 0.82, 0.89, 0.86, 0.84, 0.83, 0.9, 0.8, 0.55, 0.87, 0.56, 0.83, 0.83, 0.84, 0.89, 0.61, 0.85, 0.81, 0.86, 0.56, 0.6, 0.57, 0.68, 0.78, 0.82, 0.6, 0.56, 0.67, 0.52, 0.79, 0.66, 0.7, 0.7, 0.77, 0.68, 0.74, 0.68, 0.76, 0.74, 0.75, 0.77, 0.73, 0.54, 0.73, 0.73, 0.8, 0.66, 0.54, 0.73, 0.64, 0.54, 0.79, 0.55, 0.64, 0.83, 0.78, 0.53, 0.76, 0.79, 0.56, 0.75, 0.81, 0.57, 0.65, 0.53, 0.76, 0.77, 0.81, 0.74, 0.78, 0.75, 0.77, 0.65, 0.78, 0.56, 0.65, 0.75, 0.78, 0.8, 0.71, 0.7, 0.54]",bz_2,"cluster_6, cluster_6"
bz_2_cluster_5_1mer-bz_2_cluster_5_1mer,seed-8_sample-0,0,,,,bz_2,"cluster_5, cluster_5"
bz_2_cluster_5_1mer-bz_2_cluster_5_1mer,seed-10_sample-0,0,,,,bz_2,"cluster_5, cluster_5"
bz_2_cluster_5_1mer-bz_2_cluster_5_1mer,seed-9_sample-0,0,,,,bz_2,"cluster_5, cluster_5"
bz_2_cluster_5_1mer-bz_2_cluster_5_1mer,seed-4_sample-0,0,,,,bz_2,"cluster_5, cluster_5"
bz_2_cluster_5_1mer-bz_2_cluster_5_1mer,seed-2_sample-0,0,,,,bz_2,"cluster_5, cluster_5"
bz_2_cluster_5_1mer-bz_2_cluster_5_1mer,seed-5_sample-0,0,,,,bz_2,"cluster_5, cluster_5"
bz_2_cluster_5_1mer-bz_2_cluster_5_1mer,seed-6_sample-0,0,,,,bz_2,"cluster_5, cluster_5"
bz_2_cluster_5_1mer-bz_2_cluster_5_1mer,seed-3_sample-0,0,,,,bz_2,"cluster_5, cluster_5"
bz_2_cluster_5_1mer-bz_2_cluster_5_1mer,seed-1_sample-0,0,,,,bz_2,"cluster_5, cluster_5"
bz_2_cluster_5_1mer-bz_2_cluster_5_1mer,seed-7_sample-0,0,,,,bz_2,"cluster_5, cluster_5"
bz_2_cluster_4_1mer-bz_2_cluster_4_1mer,seed-8_sample-0,122,0.51,0.7090163934426229,"[0.7, 0.51, 0.8, 0.69, 0.71, 0.6, 0.85, 0.67, 0.62, 0.88, 0.51, 0.81, 0.63, 0.6, 0.78, 0.91, 0.83, 0.9, 0.67, 0.76, 0.78, 0.85, 0.75, 0.54, 0.83, 0.68, 0.63, 0.66, 0.58, 0.58, 0.63, 0.51, 0.79, 0.69, 0.71, 0.85, 0.62, 0.6, 0.59, 0.67, 0.88, 0.78, 0.52, 0.91, 0.76, 0.82, 0.82, 0.9, 0.77, 0.59, 0.85, 0.54, 0.66, 0.74, 0.82, 0.61, 0.58, 0.82, 0.68, 0.66, 0.57, 0.7, 0.51, 0.79, 0.69, 0.71, 0.59, 0.85, 0.67, 0.62, 0.88, 0.52, 0.82, 0.63, 0.6, 0.78, 0.91, 0.82, 0.9, 0.66, 0.76, 0.77, 0.85, 0.74, 0.54, 0.82, 0.68, 0.61, 0.66, 0.57, 0.58, 0.63, 0.51, 0.8, 0.69, 0.71, 0.85, 0.62, 0.6, 0.6, 0.67, 0.88, 0.78, 0.51, 0.91, 0.76, 0.81, 0.83, 0.9, 0.78, 0.59, 0.85, 0.54, 0.67, 0.75, 0.83, 0.63, 0.58, 0.82, 0.68, 0.66, 0.58]",bz_2,"cluster_4, cluster_4"
bz_2_cluster_4_1mer-bz_2_cluster_4_1mer,seed-10_sample-0,122,0.51,0.7095081967213114,"[0.7, 0.51, 0.79, 0.7, 0.71, 0.6, 0.86, 0.68, 0.62, 0.88, 0.52, 0.81, 0.63, 0.6, 0.78, 0.91, 0.82, 0.89, 0.66, 0.77, 0.77, 0.85, 0.75, 0.54, 0.83, 0.68, 0.63, 0.67, 0.57, 0.58, 0.63, 0.51, 0.79, 0.69, 0.7, 0.85, 0.63, 0.6, 0.59, 0.68, 0.88, 0.78, 0.52, 0.91, 0.77, 0.81, 0.82, 0.9, 0.78, 0.58, 0.85, 0.54, 0.66, 0.74, 0.82, 0.62, 0.58, 0.82, 0.68, 0.67, 0.57, 0.7, 0.51, 0.79, 0.69, 0.7, 0.59, 0.85, 0.68, 0.63, 0.88, 0.52, 0.81, 0.63, 0.6, 0.78, 0.91, 0.82, 0.9, 0.66, 0.77, 0.78, 0.85, 0.74, 0.54, 0.82, 0.68, 0.62, 0.67, 0.57, 0.58, 0.63, 0.51, 0.79, 0.7, 0.71, 0.86, 0.62, 0.6, 0.6, 0.68, 0.88, 0.78, 0.52, 0.91, 0.77, 0.81, 0.82, 0.89, 0.77, 0.58, 0.85, 0.54, 0.66, 0.75, 0.83, 0.63, 0.58, 0.82, 0.68, 0.67, 0.57]",bz_2,"cluster_4, cluster_4"
bz_2_cluster_4_1mer-bz_2_cluster_4_1mer,seed-9_sample-0,122,0.51,0.711311475409836,"[0.69, 0.51, 0.8, 0.7, 0.71, 0.6, 0.86, 0.67, 0.63, 0.88, 0.52, 0.82, 0.63, 0.6, 0.78, 0.91, 0.83, 0.9, 0.67, 0.77, 0.78, 0.85, 0.75, 0.54, 0.83, 0.68, 0.63, 0.67, 0.57, 0.58, 0.63, 0.51, 0.8, 0.69, 0.71, 0.85, 0.63, 0.6, 0.6, 0.67, 0.88, 0.78, 0.52, 0.91, 0.77, 0.82, 0.82, 0.9, 0.78, 0.59, 0.86, 0.54, 0.66, 0.75, 0.83, 0.62, 0.58, 0.83, 0.67, 0.66, 0.57, 0.69, 0.51, 0.8, 0.69, 0.71, 0.6, 0.85, 0.67, 0.63, 0.88, 0.52, 0.82, 0.63, 0.6, 0.78, 0.91, 0.82, 0.9, 0.66, 0.77, 0.78, 0.86, 0.75, 0.54, 0.83, 0.67, 0.62, 0.66, 0.57, 0.58, 0.63, 0.51, 0.8, 0.7, 0.71, 0.86, 0.63, 0.6, 0.6, 0.67, 0.88, 0.78, 0.52, 0.91, 0.77, 0.82, 0.83, 0.9, 0.78, 0.59, 0.85, 0.54, 0.67, 0.75, 0.83, 0.63, 0.58, 0.83, 0.68, 0.67, 0.57]",bz_2,"cluster_4, cluster_4"
bz_2_cluster_4_1mer-bz_2_cluster_4_1mer,seed-4_sample-0,122,0.51,0.7101639344262294,"[0.69, 0.51, 0.8, 0.7, 0.71, 0.59, 0.86, 0.67, 0.63, 0.88, 0.51, 0.82, 0.63, 0.6, 0.78, 0.91, 0.83, 0.9, 0.66, 0.77, 0.78, 0.85, 0.75, 0.54, 0.83, 0.67, 0.62, 0.66, 0.57, 0.58, 0.63, 0.51, 0.8, 0.69, 0.72, 0.85, 0.63, 0.59, 0.6, 0.67, 0.88, 0.78, 0.52, 0.91, 0.77, 0.82, 0.82, 0.9, 0.78, 0.59, 0.85, 0.54, 0.66, 0.75, 0.82, 0.62, 0.58, 0.83, 0.68, 0.66, 0.57, 0.69, 0.51, 0.8, 0.69, 0.72, 0.6, 0.85, 0.67, 0.63, 0.88, 0.52, 0.82, 0.63, 0.59, 0.78, 0.91, 0.82, 0.9, 0.66, 0.77, 0.78, 0.85, 0.75, 0.54, 0.82, 0.68, 0.62, 0.66, 0.57, 0.58, 0.63, 0.51, 0.8, 0.7, 0.71, 0.86, 0.63, 0.6, 0.59, 0.67, 0.88, 0.78, 0.51, 0.91, 0.77, 0.82, 0.83, 0.9, 0.78, 0.59, 0.85, 0.54, 0.66, 0.75, 0.83, 0.62, 0.58, 0.83, 0.67, 0.66, 0.57]",bz_2,"cluster_4, cluster_4"
bz_2_cluster_4_1mer-bz_2_cluster_4_1mer,seed-2_sample-0,122,0.51,0.7086885245901638,"[0.69, 0.52, 0.79, 0.7, 0.71, 0.6, 0.86, 0.67, 0.63, 0.88, 0.52, 0.82, 0.63, 0.59, 0.78, 0.91, 0.82, 0.9, 0.66, 0.76, 0.78, 0.85, 0.75, 0.54, 0.83, 0.68, 0.62, 0.66, 0.56, 0.58, 0.62, 0.51, 0.79, 0.7, 0.7, 0.85, 0.62, 0.59, 0.59, 0.67, 0.88, 0.77, 0.52, 0.91, 0.77, 0.81, 0.82, 0.9, 0.77, 0.59, 0.85, 0.54, 0.66, 0.75, 0.82, 0.62, 0.58, 0.82, 0.68, 0.66, 0.58, 0.69, 0.51, 0.79, 0.7, 0.7, 0.59, 0.85, 0.67, 0.62, 0.88, 0.52, 0.81, 0.62, 0.59, 0.77, 0.91, 0.82, 0.9, 0.66, 0.77, 0.77, 0.85, 0.75, 0.54, 0.82, 0.68, 0.62, 0.66, 0.58, 0.58, 0.63, 0.52, 0.79, 0.7, 0.71, 0.86, 0.63, 0.59, 0.6, 0.67, 0.88, 0.78, 0.52, 0.91, 0.76, 0.82, 0.82, 0.9, 0.78, 0.59, 0.85, 0.54, 0.66, 0.75, 0.83, 0.62, 0.58, 0.82, 0.68, 0.66, 0.56]",bz_2,"cluster_4, cluster_4"
bz_2_cluster_4_1mer-bz_2_cluster_4_1mer,seed-5_sample-0,122,0.51,0.709672131147541,"[0.69, 0.51, 0.79, 0.69, 0.71, 0.59, 0.85, 0.67, 0.63, 0.88, 0.52, 0.82, 0.63, 0.6, 0.78, 0.91, 0.82, 0.9, 0.66, 0.76, 0.78, 0.85, 0.74, 0.54, 0.83, 0.68, 0.63, 0.66, 0.57, 0.59, 0.63, 0.51, 0.8, 0.7, 0.72, 0.85, 0.62, 0.6, 0.59, 0.67, 0.88, 0.78, 0.52, 0.91, 0.77, 0.82, 0.82, 0.9, 0.78, 0.58, 0.85, 0.54, 0.66, 0.75, 0.83, 0.62, 0.58, 0.82, 0.68, 0.66, 0.57, 0.69, 0.51, 0.8, 0.7, 0.72, 0.59, 0.85, 0.67, 0.62, 0.88, 0.52, 0.82, 0.63, 0.6, 0.78, 0.91, 0.82, 0.9, 0.66, 0.77, 0.78, 0.85, 0.75, 0.54, 0.83, 0.68, 0.62, 0.66, 0.57, 0.58, 0.63, 0.51, 0.79, 0.69, 0.71, 0.85, 0.63, 0.6, 0.59, 0.67, 0.88, 0.78, 0.52, 0.91, 0.76, 0.82, 0.82, 0.9, 0.78, 0.58, 0.85, 0.54, 0.66, 0.74, 0.83, 0.63, 0.59, 0.82, 0.68, 0.66, 0.57]",bz_2,"cluster_4, cluster_4"
bz_2_cluster_4_1mer-bz_2_cluster_4_1mer,seed-6_sample-0,122,0.51,0.7091803278688524,"[0.7, 0.51, 0.79, 0.7, 0.71, 0.6, 0.85, 0.68, 0.62, 0.88, 0.51, 0.81, 0.63, 0.6, 0.78, 0.91, 0.83, 0.9, 0.66, 0.76, 0.78, 0.85, 0.74, 0.54, 0.83, 0.68, 0.62, 0.67, 0.57, 0.58, 0.63, 0.51, 0.79, 0.69, 0.72, 0.85, 0.63, 0.6, 0.59, 0.67, 0.88, 0.78, 0.51, 0.91, 0.76, 0.81, 0.82, 0.9, 0.78, 0.58, 0.86, 0.54, 0.66, 0.75, 0.82, 0.62, 0.58, 0.82, 0.68, 0.66, 0.57, 0.7, 0.51, 0.79, 0.69, 0.72, 0.59, 0.85, 0.67, 0.63, 0.88, 0.51, 0.81, 0.63, 0.6, 0.78, 0.91, 0.82, 0.9, 0.66, 0.76, 0.78, 0.86, 0.75, 0.54, 0.82, 0.68, 0.62, 0.66, 0.57, 0.58, 0.63, 0.51, 0.79, 0.7, 0.71, 0.85, 0.62, 0.6, 0.6, 0.68, 0.88, 0.78, 0.51, 0.91, 0.76, 0.81, 0.83, 0.9, 0.78, 0.58, 0.85, 0.54, 0.66, 0.74, 0.83, 0.62, 0.58, 0.82, 0.68, 0.67, 0.57]",bz_2,"cluster_4, cluster_4"
bz_2_cluster_4_1mer-bz_2_cluster_4_1mer,seed-3_sample-0,122,0.51,0.7113114754098361,"[0.69, 0.51, 0.8, 0.7, 0.71, 0.6, 0.86, 0.68, 0.62, 0.88, 0.52, 0.82, 0.63, 0.6, 0.78, 0.91, 0.82, 0.9, 0.66, 0.77, 0.78, 0.85, 0.75, 0.54, 0.83, 0.68, 0.63, 0.67, 0.57, 0.58, 0.62, 0.52, 0.8, 0.7, 0.72, 0.85, 0.63, 0.6, 0.6, 0.67, 0.88, 0.78, 0.52, 0.91, 0.76, 0.82, 0.82, 0.9, 0.78, 0.58, 0.85, 0.54, 0.66, 0.75, 0.83, 0.62, 0.58, 0.83, 0.69, 0.66, 0.58, 0.69, 0.52, 0.8, 0.7, 0.72, 0.6, 0.85, 0.67, 0.63, 0.88, 0.52, 0.82, 0.62, 0.6, 0.78, 0.91, 0.82, 0.9, 0.66, 0.76, 0.78, 0.85, 0.75, 0.54, 0.83, 0.69, 0.62, 0.66, 0.58, 0.58, 0.63, 0.51, 0.8, 0.7, 0.71, 0.86, 0.62, 0.6, 0.6, 0.68, 0.88, 0.78, 0.52, 0.91, 0.77, 0.82, 0.82, 0.9, 0.78, 0.58, 0.85, 0.54, 0.66, 0.75, 0.83, 0.63, 0.58, 0.83, 0.68, 0.67, 0.57]",bz_2,"cluster_4, cluster_4"
bz_2_cluster_4_1mer-bz_2_cluster_4_1mer,seed-1_sample-0,122,0.51,0.7095081967213114,"[0.69, 0.52, 0.79, 0.69, 0.71, 0.6, 0.86, 0.68, 0.63, 0.89, 0.52, 0.81, 0.63, 0.6, 0.78, 0.91, 0.82, 0.9, 0.66, 0.76, 0.78, 0.85, 0.75, 0.54, 0.83, 0.68, 0.62, 0.67, 0.57, 0.59, 0.63, 0.51, 0.79, 0.69, 0.71, 0.85, 0.62, 0.59, 0.59, 0.67, 0.88, 0.78, 0.52, 0.91, 0.77, 0.82, 0.82, 0.9, 0.77, 0.58, 0.85, 0.54, 0.66, 0.74, 0.83, 0.62, 0.58, 0.82, 0.68, 0.66, 0.57, 0.69, 0.51, 0.79, 0.69, 0.71, 0.59, 0.85, 0.67, 0.62, 0.88, 0.52, 0.82, 0.63, 0.59, 0.78, 0.91, 0.82, 0.9, 0.66, 0.77, 0.77, 0.85, 0.74, 0.54, 0.83, 0.68, 0.62, 0.66, 0.57, 0.58, 0.63, 0.52, 0.79, 0.69, 0.71, 0.86, 0.63, 0.6, 0.6, 0.68, 0.89, 0.78, 0.52, 0.91, 0.76, 0.81, 0.82, 0.9, 0.78, 0.58, 0.85, 0.54, 0.66, 0.75, 0.83, 0.62, 0.59, 0.82, 0.68, 0.67, 0.57]",bz_2,"cluster_4, cluster_4"
bz_2_cluster_4_1mer-bz_2_cluster_4_1mer,seed-7_sample-0,122,0.51,0.7109836065573769,"[0.69, 0.52, 0.8, 0.69, 0.71, 0.6, 0.86, 0.68, 0.63, 0.88, 0.52, 0.82, 0.63, 0.6, 0.78, 0.91, 0.82, 0.9, 0.66, 0.76, 0.78, 0.85, 0.74, 0.54, 0.82, 0.68, 0.63, 0.66, 0.57, 0.59, 0.63, 0.51, 0.8, 0.69, 0.71, 0.85, 0.63, 0.6, 0.59, 0.67, 0.88, 0.78, 0.52, 0.91, 0.77, 0.82, 0.82, 0.9, 0.78, 0.58, 0.85, 0.54, 0.67, 0.74, 0.83, 0.63, 0.59, 0.83, 0.69, 0.67, 0.57, 0.69, 0.51, 0.8, 0.69, 0.71, 0.59, 0.85, 0.67, 0.63, 0.88, 0.52, 0.82, 0.63, 0.6, 0.78, 0.91, 0.82, 0.9, 0.67, 0.77, 0.78, 0.85, 0.74, 0.54, 0.83, 0.69, 0.63, 0.67, 0.57, 0.59, 0.63, 0.52, 0.8, 0.69, 0.71, 0.86, 0.63, 0.6, 0.6, 0.68, 0.88, 0.78, 0.52, 0.91, 0.76, 0.82, 0.82, 0.9, 0.78, 0.58, 0.85, 0.54, 0.66, 0.74, 0.82, 0.63, 0.59, 0.83, 0.68, 0.66, 0.57]",bz_2,"cluster_4, cluster_4"
bz_2_cluster_0_1mer-bz_2_cluster_0_1mer,seed-8_sample-0,0,,,,bz_2,"cluster_0, cluster_0"
bz_2_cluster_0_1mer-bz_2_cluster_0_1mer,seed-10_sample-0,0,,,,bz_2,"cluster_0, cluster_0"
bz_2_cluster_0_1mer-bz_2_cluster_0_1mer,seed-9_sample-0,0,,,,bz_2,"cluster_0, cluster_0"
bz_2_cluster_0_1mer-bz_2_cluster_0_1mer,seed-4_sample-0,0,,,,bz_2,"cluster_0, cluster_0"
bz_2_cluster_0_1mer-bz_2_cluster_0_1mer,seed-2_sample-0,0,,,,bz_2,"cluster_0, cluster_0"
bz_2_cluster_0_1mer-bz_2_cluster_0_1mer,seed-5_sample-0,34,0.54,0.6047058823529411,"[0.62, 0.59, 0.63, 0.66, 0.7, 0.57, 0.63, 0.54, 0.6, 0.59, 0.66, 0.56, 0.62, 0.57, 0.55, 0.56, 0.63, 0.6, 0.59, 0.63, 0.66, 0.7, 0.57, 0.63, 0.56, 0.62, 0.59, 0.66, 0.55, 0.63, 0.57, 0.56, 0.54, 0.62]",bz_2,"cluster_0, cluster_0"
bz_2_cluster_0_1mer-bz_2_cluster_0_1mer,seed-6_sample-0,0,,,,bz_2,"cluster_0, cluster_0"
bz_2_cluster_0_1mer-bz_2_cluster_0_1mer,seed-3_sample-0,0,,,,bz_2,"cluster_0, cluster_0"
bz_2_cluster_0_1mer-bz_2_cluster_0_1mer,seed-1_sample-0,0,,,,bz_2,"cluster_0, cluster_0"
bz_2_cluster_0_1mer-bz_2_cluster_0_1mer,seed-7_sample-0,4,0.54,0.54,"[0.54, 0.54, 0.54, 0.54]",bz_2,"cluster_0, cluster_0"
bz_2_cluster_7_1mer-bz_2_cluster_7_1mer,seed-8_sample-0,0,,,,bz_2,"cluster_7, cluster_7"
bz_2_cluster_7_1mer-bz_2_cluster_7_1mer,seed-10_sample-0,0,,,,bz_2,"cluster_7, cluster_7"
bz_2_cluster_7_1mer-bz_2_cluster_7_1mer,seed-9_sample-0,0,,,,bz_2,"cluster_7, cluster_7"
bz_2_cluster_7_1mer-bz_2_cluster_7_1mer,seed-4_sample-0,0,,,,bz_2,"cluster_7, cluster_7"
bz_2_cluster_7_1mer-bz_2_cluster_7_1mer,seed-2_sample-0,0,,,,bz_2,"cluster_7, cluster_7"
bz_2_cluster_7_1mer-bz_2_cluster_7_1mer,seed-5_sample-0,0,,,,bz_2,"cluster_7, cluster_7"
bz_2_cluster_7_1mer-bz_2_cluster_7_1mer,seed-6_sample-0,0,,,,bz_2,"cluster_7, cluster_7"
bz_2_cluster_7_1mer-bz_2_cluster_7_1mer,seed-3_sample-0,0,,,,bz_2,"cluster_7, cluster_7"
bz_2_cluster_7_1mer-bz_2_cluster_7_1mer,seed-1_sample-0,0,,,,bz_2,"cluster_7, cluster_7"
bz_2_cluster_7_1mer-bz_2_cluster_7_1mer,seed-7_sample-0,0,,,,bz_2,"cluster_7, cluster_7"
bz_2_cluster_8_1mer-bz_2_cluster_8_1mer,seed-8_sample-0,0,,,,bz_2,"cluster_8, cluster_8"
bz_2_cluster_8_1mer-bz_2_cluster_8_1mer,seed-10_sample-0,0,,,,bz_2,"cluster_8, cluster_8"
bz_2_cluster_8_1mer-bz_2_cluster_8_1mer,seed-9_sample-0,0,,,,bz_2,"cluster_8, cluster_8"
bz_2_cluster_8_1mer-bz_2_cluster_8_1mer,seed-4_sample-0,0,,,,bz_2,"cluster_8, cluster_8"
bz_2_cluster_8_1mer-bz_2_cluster_8_1mer,seed-2_sample-0,0,,,,bz_2,"cluster_8, cluster_8"
bz_2_cluster_8_1mer-bz_2_cluster_8_1mer,seed-5_sample-0,0,,,,bz_2,"cluster_8, cluster_8"
bz_2_cluster_8_1mer-bz_2_cluster_8_1mer,seed-6_sample-0,0,,,,bz_2,"cluster_8, cluster_8"
bz_2_cluster_8_1mer-bz_2_cluster_8_1mer,seed-3_sample-0,0,,,,bz_2,"cluster_8, cluster_8"
bz_2_cluster_8_1mer-bz_2_cluster_8_1mer,seed-1_sample-0,0,,,,bz_2,"cluster_8, cluster_8"
bz_2_cluster_8_1mer-bz_2_cluster_8_1mer,seed-7_sample-0,0,,,,bz_2,"cluster_8, cluster_8"
bz_3_cluster_2_1mer-bz_3_cluster_3_1mer,seed-8_sample-0,0,,,,bz_3,"cluster_2, cluster_3"
bz_3_cluster_2_1mer-bz_3_cluster_3_1mer,seed-10_sample-0,0,,,,bz_3,"cluster_2, cluster_3"
bz_3_cluster_2_1mer-bz_3_cluster_3_1mer,seed-9_sample-0,0,,,,bz_3,"cluster_2, cluster_3"
bz_3_cluster_2_1mer-bz_3_cluster_3_1mer,seed-4_sample-0,0,,,,bz_3,"cluster_2, cluster_3"
bz_3_cluster_2_1mer-bz_3_cluster_3_1mer,seed-2_sample-0,0,,,,bz_3,"cluster_2, cluster_3"
bz_3_cluster_2_1mer-bz_3_cluster_3_1mer,seed-5_sample-0,0,,,,bz_3,"cluster_2, cluster_3"
bz_3_cluster_2_1mer-bz_3_cluster_3_1mer,seed-6_sample-0,0,,,,bz_3,"cluster_2, cluster_3"
bz_3_cluster_2_1mer-bz_3_cluster_3_1mer,seed-3_sample-0,0,,,,bz_3,"cluster_2, cluster_3"
bz_3_cluster_2_1mer-bz_3_cluster_3_1mer,seed-1_sample-0,0,,,,bz_3,"cluster_2, cluster_3"
bz_3_cluster_2_1mer-bz_3_cluster_3_1mer,seed-7_sample-0,0,,,,bz_3,"cluster_2, cluster_3"
bz_3_cluster_2_1mer-bz_3_cluster_1_1mer,seed-8_sample-0,0,,,,bz_3,"cluster_1, cluster_2"
bz_3_cluster_2_1mer-bz_3_cluster_1_1mer,seed-10_sample-0,0,,,,bz_3,"cluster_1, cluster_2"
bz_3_cluster_2_1mer-bz_3_cluster_1_1mer,seed-9_sample-0,0,,,,bz_3,"cluster_1, cluster_2"
bz_3_cluster_2_1mer-bz_3_cluster_1_1mer,seed-4_sample-0,0,,,,bz_3,"cluster_1, cluster_2"
bz_3_cluster_2_1mer-bz_3_cluster_1_1mer,seed-2_sample-0,0,,,,bz_3,"cluster_1, cluster_2"
bz_3_cluster_2_1mer-bz_3_cluster_1_1mer,seed-5_sample-0,0,,,,bz_3,"cluster_1, cluster_2"
bz_3_cluster_2_1mer-bz_3_cluster_1_1mer,seed-6_sample-0,0,,,,bz_3,"cluster_1, cluster_2"
bz_3_cluster_2_1mer-bz_3_cluster_1_1mer,seed-3_sample-0,0,,,,bz_3,"cluster_1, cluster_2"
bz_3_cluster_2_1mer-bz_3_cluster_1_1mer,seed-1_sample-0,0,,,,bz_3,"cluster_1, cluster_2"
bz_3_cluster_2_1mer-bz_3_cluster_1_1mer,seed-7_sample-0,0,,,,bz_3,"cluster_1, cluster_2"
bz_3_cluster_2_1mer-bz_3_cluster_6_1mer,seed-8_sample-0,0,,,,bz_3,"cluster_2, cluster_6"
bz_3_cluster_2_1mer-bz_3_cluster_6_1mer,seed-10_sample-0,0,,,,bz_3,"cluster_2, cluster_6"
bz_3_cluster_2_1mer-bz_3_cluster_6_1mer,seed-9_sample-0,0,,,,bz_3,"cluster_2, cluster_6"
bz_3_cluster_2_1mer-bz_3_cluster_6_1mer,seed-4_sample-0,0,,,,bz_3,"cluster_2, cluster_6"
bz_3_cluster_2_1mer-bz_3_cluster_6_1mer,seed-2_sample-0,0,,,,bz_3,"cluster_2, cluster_6"
bz_3_cluster_2_1mer-bz_3_cluster_6_1mer,seed-5_sample-0,0,,,,bz_3,"cluster_2, cluster_6"
bz_3_cluster_2_1mer-bz_3_cluster_6_1mer,seed-6_sample-0,0,,,,bz_3,"cluster_2, cluster_6"
bz_3_cluster_2_1mer-bz_3_cluster_6_1mer,seed-3_sample-0,0,,,,bz_3,"cluster_2, cluster_6"
bz_3_cluster_2_1mer-bz_3_cluster_6_1mer,seed-1_sample-0,0,,,,bz_3,"cluster_2, cluster_6"
bz_3_cluster_2_1mer-bz_3_cluster_6_1mer,seed-7_sample-0,0,,,,bz_3,"cluster_2, cluster_6"
bz_3_cluster_2_1mer-bz_3_cluster_5_1mer,seed-8_sample-0,0,,,,bz_3,"cluster_2, cluster_5"
bz_3_cluster_2_1mer-bz_3_cluster_5_1mer,seed-10_sample-0,0,,,,bz_3,"cluster_2, cluster_5"
bz_3_cluster_2_1mer-bz_3_cluster_5_1mer,seed-9_sample-0,0,,,,bz_3,"cluster_2, cluster_5"
bz_3_cluster_2_1mer-bz_3_cluster_5_1mer,seed-4_sample-0,0,,,,bz_3,"cluster_2, cluster_5"
bz_3_cluster_2_1mer-bz_3_cluster_5_1mer,seed-2_sample-0,0,,,,bz_3,"cluster_2, cluster_5"
bz_3_cluster_2_1mer-bz_3_cluster_5_1mer,seed-5_sample-0,0,,,,bz_3,"cluster_2, cluster_5"
bz_3_cluster_2_1mer-bz_3_cluster_5_1mer,seed-6_sample-0,0,,,,bz_3,"cluster_2, cluster_5"
bz_3_cluster_2_1mer-bz_3_cluster_5_1mer,seed-3_sample-0,0,,,,bz_3,"cluster_2, cluster_5"
bz_3_cluster_2_1mer-bz_3_cluster_5_1mer,seed-1_sample-0,0,,,,bz_3,"cluster_2, cluster_5"
bz_3_cluster_2_1mer-bz_3_cluster_5_1mer,seed-7_sample-0,0,,,,bz_3,"cluster_2, cluster_5"
bz_3_cluster_2_1mer-bz_3_cluster_4_1mer,seed-8_sample-0,0,,,,bz_3,"cluster_2, cluster_4"
bz_3_cluster_2_1mer-bz_3_cluster_4_1mer,seed-10_sample-0,0,,,,bz_3,"cluster_2, cluster_4"
bz_3_cluster_2_1mer-bz_3_cluster_4_1mer,seed-9_sample-0,0,,,,bz_3,"cluster_2, cluster_4"
bz_3_cluster_2_1mer-bz_3_cluster_4_1mer,seed-4_sample-0,0,,,,bz_3,"cluster_2, cluster_4"
bz_3_cluster_2_1mer-bz_3_cluster_4_1mer,seed-2_sample-0,0,,,,bz_3,"cluster_2, cluster_4"
bz_3_cluster_2_1mer-bz_3_cluster_4_1mer,seed-5_sample-0,0,,,,bz_3,"cluster_2, cluster_4"
bz_3_cluster_2_1mer-bz_3_cluster_4_1mer,seed-6_sample-0,0,,,,bz_3,"cluster_2, cluster_4"
bz_3_cluster_2_1mer-bz_3_cluster_4_1mer,seed-3_sample-0,0,,,,bz_3,"cluster_2, cluster_4"
bz_3_cluster_2_1mer-bz_3_cluster_4_1mer,seed-1_sample-0,0,,,,bz_3,"cluster_2, cluster_4"
bz_3_cluster_2_1mer-bz_3_cluster_4_1mer,seed-7_sample-0,0,,,,bz_3,"cluster_2, cluster_4"
bz_3_cluster_2_1mer-bz_3_cluster_0_1mer,seed-8_sample-0,0,,,,bz_3,"cluster_0, cluster_2"
bz_3_cluster_2_1mer-bz_3_cluster_0_1mer,seed-10_sample-0,0,,,,bz_3,"cluster_0, cluster_2"
bz_3_cluster_2_1mer-bz_3_cluster_0_1mer,seed-9_sample-0,0,,,,bz_3,"cluster_0, cluster_2"
bz_3_cluster_2_1mer-bz_3_cluster_0_1mer,seed-4_sample-0,0,,,,bz_3,"cluster_0, cluster_2"
bz_3_cluster_2_1mer-bz_3_cluster_0_1mer,seed-2_sample-0,0,,,,bz_3,"cluster_0, cluster_2"
bz_3_cluster_2_1mer-bz_3_cluster_0_1mer,seed-5_sample-0,0,,,,bz_3,"cluster_0, cluster_2"
bz_3_cluster_2_1mer-bz_3_cluster_0_1mer,seed-6_sample-0,0,,,,bz_3,"cluster_0, cluster_2"
bz_3_cluster_2_1mer-bz_3_cluster_0_1mer,seed-3_sample-0,0,,,,bz_3,"cluster_0, cluster_2"
bz_3_cluster_2_1mer-bz_3_cluster_0_1mer,seed-1_sample-0,0,,,,bz_3,"cluster_0, cluster_2"
bz_3_cluster_2_1mer-bz_3_cluster_0_1mer,seed-7_sample-0,0,,,,bz_3,"cluster_0, cluster_2"
bz_3_cluster_2_1mer-bz_3_cluster_7_1mer,seed-8_sample-0,16,0.51,0.65,"[0.51, 0.64, 0.73, 0.62, 0.67, 0.72, 0.64, 0.67, 0.64, 0.73, 0.67, 0.64, 0.51, 0.62, 0.72, 0.67]",bz_3,"cluster_2, cluster_7"
bz_3_cluster_2_1mer-bz_3_cluster_7_1mer,seed-10_sample-0,16,0.51,0.6487499999999999,"[0.51, 0.64, 0.74, 0.62, 0.67, 0.72, 0.64, 0.65, 0.64, 0.74, 0.67, 0.64, 0.51, 0.62, 0.72, 0.65]",bz_3,"cluster_2, cluster_7"
bz_3_cluster_2_1mer-bz_3_cluster_7_1mer,seed-9_sample-0,14,0.62,0.67,"[0.63, 0.74, 0.62, 0.67, 0.72, 0.64, 0.67, 0.63, 0.74, 0.67, 0.64, 0.62, 0.72, 0.67]",bz_3,"cluster_2, cluster_7"
bz_3_cluster_2_1mer-bz_3_cluster_7_1mer,seed-4_sample-0,14,0.6,0.6557142857142857,"[0.62, 0.72, 0.6, 0.65, 0.71, 0.64, 0.65, 0.62, 0.72, 0.65, 0.64, 0.6, 0.71, 0.65]",bz_3,"cluster_2, cluster_7"
bz_3_cluster_2_1mer-bz_3_cluster_7_1mer,seed-2_sample-0,16,0.51,0.6412500000000001,"[0.51, 0.64, 0.73, 0.6, 0.65, 0.72, 0.63, 0.65, 0.64, 0.73, 0.65, 0.63, 0.51, 0.6, 0.72, 0.65]",bz_3,"cluster_2, cluster_7"
bz_3_cluster_2_1mer-bz_3_cluster_7_1mer,seed-5_sample-0,16,0.51,0.65625,"[0.51, 0.64, 0.75, 0.62, 0.68, 0.73, 0.65, 0.67, 0.64, 0.75, 0.68, 0.65, 0.51, 0.62, 0.73, 0.67]",bz_3,"cluster_2, cluster_7"
bz_3_cluster_2_1mer-bz_3_cluster_7_1mer,seed-6_sample-0,16,0.52,0.66,"[0.52, 0.64, 0.75, 0.63, 0.68, 0.74, 0.65, 0.67, 0.64, 0.75, 0.68, 0.65, 0.52, 0.63, 0.74, 0.67]",bz_3,"cluster_2, cluster_7"
bz_3_cluster_2_1mer-bz_3_cluster_7_1mer,seed-3_sample-0,14,0.61,0.6528571428571428,"[0.61, 0.72, 0.61, 0.64, 0.71, 0.63, 0.65, 0.61, 0.72, 0.64, 0.63, 0.61, 0.71, 0.65]",bz_3,"cluster_2, cluster_7"
bz_3_cluster_2_1mer-bz_3_cluster_7_1mer,seed-1_sample-0,16,0.51,0.6537499999999999,"[0.51, 0.64, 0.74, 0.62, 0.68, 0.73, 0.64, 0.67, 0.64, 0.74, 0.68, 0.64, 0.51, 0.62, 0.73, 0.67]",bz_3,"cluster_2, cluster_7"
bz_3_cluster_2_1mer-bz_3_cluster_7_1mer,seed-7_sample-0,0,,,,bz_3,"cluster_2, cluster_7"
bz_3_cluster_2_1mer-bz_3_cluster_8_1mer,seed-8_sample-0,0,,,,bz_3,"cluster_2, cluster_8"
bz_3_cluster_2_1mer-bz_3_cluster_8_1mer,seed-10_sample-0,0,,,,bz_3,"cluster_2, cluster_8"
bz_3_cluster_2_1mer-bz_3_cluster_8_1mer,seed-9_sample-0,0,,,,bz_3,"cluster_2, cluster_8"
bz_3_cluster_2_1mer-bz_3_cluster_8_1mer,seed-4_sample-0,0,,,,bz_3,"cluster_2, cluster_8"
bz_3_cluster_2_1mer-bz_3_cluster_8_1mer,seed-2_sample-0,0,,,,bz_3,"cluster_2, cluster_8"
bz_3_cluster_2_1mer-bz_3_cluster_8_1mer,seed-5_sample-0,0,,,,bz_3,"cluster_2, cluster_8"
bz_3_cluster_2_1mer-bz_3_cluster_8_1mer,seed-6_sample-0,0,,,,bz_3,"cluster_2, cluster_8"
bz_3_cluster_2_1mer-bz_3_cluster_8_1mer,seed-3_sample-0,0,,,,bz_3,"cluster_2, cluster_8"
bz_3_cluster_2_1mer-bz_3_cluster_8_1mer,seed-1_sample-0,0,,,,bz_3,"cluster_2, cluster_8"
bz_3_cluster_2_1mer-bz_3_cluster_8_1mer,seed-7_sample-0,0,,,,bz_3,"cluster_2, cluster_8"
bz_3_cluster_3_1mer-bz_3_cluster_1_1mer,seed-8_sample-0,70,0.52,0.824857142857143,"[0.56, 0.94, 0.52, 0.65, 0.61, 0.59, 0.67, 0.83, 0.97, 0.62, 0.59, 0.59, 0.97, 0.98, 0.95, 0.92, 0.84, 0.93, 0.81, 0.97, 0.65, 0.97, 0.68, 0.99, 0.98, 0.98, 0.99, 0.88, 0.81, 0.52, 0.97, 0.99, 0.99, 0.99, 0.97, 0.65, 0.84, 0.97, 0.93, 0.97, 0.97, 0.98, 0.81, 0.97, 0.95, 0.92, 0.99, 0.68, 0.98, 0.99, 0.99, 0.83, 0.99, 0.99, 0.97, 0.97, 0.94, 0.98, 0.88, 0.81, 0.52, 0.52, 0.56, 0.65, 0.61, 0.59, 0.67, 0.59, 0.62, 0.59]",bz_3,"cluster_1, cluster_3"
bz_3_cluster_3_1mer-bz_3_cluster_1_1mer,seed-10_sample-0,70,0.51,0.8245714285714285,"[0.56, 0.95, 0.51, 0.64, 0.6, 0.58, 0.68, 0.83, 0.97, 0.62, 0.58, 0.59, 0.97, 0.98, 0.96, 0.92, 0.84, 0.93, 0.81, 0.97, 0.66, 0.97, 0.67, 0.99, 0.98, 0.98, 0.99, 0.87, 0.81, 0.53, 0.97, 0.99, 0.99, 0.99, 0.98, 0.66, 0.84, 0.97, 0.93, 0.97, 0.97, 0.98, 0.81, 0.97, 0.96, 0.92, 0.99, 0.67, 0.98, 0.99, 0.99, 0.83, 0.99, 0.99, 0.97, 0.98, 0.95, 0.98, 0.87, 0.81, 0.53, 0.51, 0.56, 0.64, 0.6, 0.58, 0.68, 0.58, 0.62, 0.59]",bz_3,"cluster_1, cluster_3"
bz_3_cluster_3_1mer-bz_3_cluster_1_1mer,seed-9_sample-0,70,0.52,0.8262857142857143,"[0.57, 0.95, 0.53, 0.65, 0.62, 0.59, 0.68, 0.83, 0.97, 0.62, 0.59, 0.59, 0.97, 0.98, 0.96, 0.92, 0.84, 0.93, 0.81, 0.97, 0.65, 0.97, 0.67, 0.99, 0.98, 0.98, 0.99, 0.87, 0.81, 0.52, 0.97, 0.99, 0.99, 0.99, 0.98, 0.65, 0.84, 0.97, 0.93, 0.97, 0.97, 0.98, 0.81, 0.97, 0.96, 0.92, 0.99, 0.67, 0.98, 0.99, 0.99, 0.83, 0.99, 0.99, 0.97, 0.98, 0.95, 0.98, 0.87, 0.81, 0.52, 0.53, 0.57, 0.65, 0.62, 0.59, 0.68, 0.59, 0.62, 0.59]",bz_3,"cluster_1, cluster_3"
bz_3_cluster_3_1mer-bz_3_cluster_1_1mer,seed-4_sample-0,68,0.52,0.8285294117647057,"[0.54, 0.94, 0.63, 0.6, 0.57, 0.66, 0.82, 0.96, 0.61, 0.58, 0.58, 0.97, 0.98, 0.95, 0.92, 0.83, 0.93, 0.81, 0.97, 0.63, 0.97, 0.67, 0.99, 0.98, 0.98, 0.99, 0.87, 0.81, 0.52, 0.97, 0.98, 0.99, 0.99, 0.98, 0.63, 0.83, 0.97, 0.93, 0.97, 0.97, 0.98, 0.81, 0.96, 0.95, 0.92, 0.99, 0.67, 0.98, 0.98, 0.99, 0.82, 0.99, 0.99, 0.97, 0.98, 0.94, 0.98, 0.87, 0.81, 0.52, 0.54, 0.63, 0.6, 0.57, 0.66, 0.58, 0.61, 0.58]",bz_3,"cluster_1, cluster_3"
bz_3_cluster_3_1mer-bz_3_cluster_1_1mer,seed-2_sample-0,70,0.52,0.8260000000000001,"[0.56, 0.95, 0.52, 0.64, 0.61, 0.59, 0.68, 0.83, 0.97, 0.62, 0.59, 0.59, 0.97, 0.98, 0.96, 0.92, 0.84, 0.93, 0.82, 0.97, 0.65, 0.97, 0.67, 0.99, 0.98, 0.99, 0.99, 0.88, 0.8, 0.53, 0.97, 0.99, 0.99, 0.99, 0.98, 0.65, 0.84, 0.97, 0.93, 0.97, 0.97, 0.98, 0.82, 0.97, 0.96, 0.92, 0.99, 0.67, 0.99, 0.99, 0.99, 0.83, 0.99, 0.99, 0.97, 0.98, 0.95, 0.98, 0.88, 0.8, 0.53, 0.52, 0.56, 0.64, 0.61, 0.59, 0.68, 0.59, 0.62, 0.59]",bz_3,"cluster_1, cluster_3"
bz_3_cluster_3_1mer-bz_3_cluster_1_1mer,seed-5_sample-0,70,0.52,0.8257142857142857,"[0.57, 0.95, 0.52, 0.64, 0.62, 0.59, 0.68, 0.83, 0.97, 0.62, 0.59, 0.59, 0.97, 0.98, 0.96, 0.92, 0.84, 0.93, 0.81, 0.97, 0.66, 0.97, 0.66, 0.99, 0.98, 0.98, 0.99, 0.87, 0.81, 0.52, 0.97, 0.99, 0.99, 0.99, 0.98, 0.66, 0.84, 0.97, 0.93, 0.97, 0.97, 0.98, 0.81, 0.97, 0.96, 0.92, 0.99, 0.66, 0.98, 0.99, 0.99, 0.83, 0.99, 0.99, 0.97, 0.98, 0.95, 0.98, 0.87, 0.81, 0.52, 0.52, 0.57, 0.64, 0.62, 0.59, 0.68, 0.59, 0.62, 0.59]",bz_3,"cluster_1, cluster_3"
bz_3_cluster_3_1mer-bz_3_cluster_1_1mer,seed-6_sample-0,70,0.53,0.8282857142857143,"[0.58, 0.95, 0.53, 0.65, 0.64, 0.6, 0.68, 0.83, 0.96, 0.62, 0.59, 0.59, 0.97, 0.98, 0.96, 0.93, 0.84, 0.93, 0.82, 0.97, 0.65, 0.97, 0.67, 0.99, 0.98, 0.98, 0.99, 0.88, 0.8, 0.54, 0.97, 0.99, 0.99, 0.99, 0.98, 0.65, 0.84, 0.97, 0.93, 0.97, 0.97, 0.98, 0.82, 0.96, 0.96, 0.93, 0.99, 0.67, 0.98, 0.99, 0.99, 0.83, 0.99, 0.99, 0.97, 0.98, 0.95, 0.98, 0.88, 0.8, 0.54, 0.53, 0.58, 0.65, 0.64, 0.6, 0.68, 0.59, 0.62, 0.59]",bz_3,"cluster_1, cluster_3"
bz_3_cluster_3_1mer-bz_3_cluster_1_1mer,seed-3_sample-0,70,0.51,0.8271428571428571,"[0.57, 0.95, 0.51, 0.65, 0.62, 0.6, 0.69, 0.83, 0.96, 0.62, 0.59, 0.59, 0.97, 0.98, 0.96, 0.92, 0.84, 0.93, 0.81, 0.97, 0.66, 0.97, 0.68, 0.99, 0.98, 0.98, 0.99, 0.88, 0.81, 0.53, 0.97, 0.99, 0.99, 0.99, 0.98, 0.66, 0.84, 0.97, 0.93, 0.97, 0.97, 0.98, 0.81, 0.96, 0.96, 0.92, 0.99, 0.68, 0.98, 0.99, 0.99, 0.83, 0.99, 0.99, 0.97, 0.98, 0.95, 0.98, 0.88, 0.81, 0.53, 0.51, 0.57, 0.65, 0.62, 0.6, 0.69, 0.59, 0.62, 0.59]",bz_3,"cluster_1, cluster_3"
bz_3_cluster_3_1mer-bz_3_cluster_1_1mer,seed-1_sample-0,70,0.54,0.8285714285714286,"[0.59, 0.95, 0.55, 0.65, 0.64, 0.6, 0.67, 0.84, 0.97, 0.62, 0.59, 0.59, 0.97, 0.98, 0.96, 0.92, 0.84, 0.93, 0.81, 0.97, 0.65, 0.97, 0.67, 0.99, 0.98, 0.98, 0.99, 0.87, 0.8, 0.54, 0.97, 0.99, 0.99, 0.99, 0.98, 0.65, 0.84, 0.97, 0.93, 0.97, 0.97, 0.98, 0.81, 0.97, 0.96, 0.92, 0.99, 0.67, 0.98, 0.99, 0.99, 0.84, 0.99, 0.99, 0.97, 0.98, 0.95, 0.98, 0.87, 0.8, 0.54, 0.55, 0.59, 0.65, 0.64, 0.6, 0.67, 0.59, 0.62, 0.59]",bz_3,"cluster_1, cluster_3"
bz_3_cluster_3_1mer-bz_3_cluster_1_1mer,seed-7_sample-0,70,0.54,0.8302857142857143,"[0.59, 0.95, 0.55, 0.64, 0.65, 0.61, 0.67, 0.83, 0.97, 0.62, 0.59, 0.6, 0.97, 0.98, 0.96, 0.93, 0.84, 0.93, 0.82, 0.97, 0.65, 0.97, 0.68, 0.99, 0.98, 0.98, 0.99, 0.88, 0.81, 0.54, 0.97, 0.99, 0.99, 0.99, 0.98, 0.65, 0.84, 0.97, 0.93, 0.97, 0.97, 0.98, 0.82, 0.97, 0.96, 0.93, 0.99, 0.68, 0.98, 0.99, 0.99, 0.83, 0.99, 0.99, 0.97, 0.98, 0.95, 0.98, 0.88, 0.81, 0.54, 0.55, 0.59, 0.64, 0.65, 0.61, 0.67, 0.59, 0.62, 0.6]",bz_3,"cluster_1, cluster_3"
bz_3_cluster_3_1mer-bz_3_cluster_6_1mer,seed-8_sample-0,0,,,,bz_3,"cluster_3, cluster_6"
bz_3_cluster_3_1mer-bz_3_cluster_6_1mer,seed-10_sample-0,0,,,,bz_3,"cluster_3, cluster_6"
bz_3_cluster_3_1mer-bz_3_cluster_6_1mer,seed-9_sample-0,0,,,,bz_3,"cluster_3, cluster_6"
bz_3_cluster_3_1mer-bz_3_cluster_6_1mer,seed-4_sample-0,0,,,,bz_3,"cluster_3, cluster_6"
bz_3_cluster_3_1mer-bz_3_cluster_6_1mer,seed-2_sample-0,0,,,,bz_3,"cluster_3, cluster_6"
bz_3_cluster_3_1mer-bz_3_cluster_6_1mer,seed-5_sample-0,0,,,,bz_3,"cluster_3, cluster_6"
bz_3_cluster_3_1mer-bz_3_cluster_6_1mer,seed-6_sample-0,0,,,,bz_3,"cluster_3, cluster_6"
bz_3_cluster_3_1mer-bz_3_cluster_6_1mer,seed-3_sample-0,0,,,,bz_3,"cluster_3, cluster_6"
bz_3_cluster_3_1mer-bz_3_cluster_6_1mer,seed-1_sample-0,0,,,,bz_3,"cluster_3, cluster_6"
bz_3_cluster_3_1mer-bz_3_cluster_6_1mer,seed-7_sample-0,0,,,,bz_3,"cluster_3, cluster_6"
bz_3_cluster_3_1mer-bz_3_cluster_5_1mer,seed-8_sample-0,0,,,,bz_3,"cluster_3, cluster_5"
bz_3_cluster_3_1mer-bz_3_cluster_5_1mer,seed-10_sample-0,0,,,,bz_3,"cluster_3, cluster_5"
bz_3_cluster_3_1mer-bz_3_cluster_5_1mer,seed-9_sample-0,0,,,,bz_3,"cluster_3, cluster_5"
bz_3_cluster_3_1mer-bz_3_cluster_5_1mer,seed-4_sample-0,0,,,,bz_3,"cluster_3, cluster_5"
bz_3_cluster_3_1mer-bz_3_cluster_5_1mer,seed-2_sample-0,0,,,,bz_3,"cluster_3, cluster_5"
bz_3_cluster_3_1mer-bz_3_cluster_5_1mer,seed-5_sample-0,0,,,,bz_3,"cluster_3, cluster_5"
bz_3_cluster_3_1mer-bz_3_cluster_5_1mer,seed-6_sample-0,0,,,,bz_3,"cluster_3, cluster_5"
bz_3_cluster_3_1mer-bz_3_cluster_5_1mer,seed-3_sample-0,0,,,,bz_3,"cluster_3, cluster_5"
bz_3_cluster_3_1mer-bz_3_cluster_5_1mer,seed-1_sample-0,0,,,,bz_3,"cluster_3, cluster_5"
bz_3_cluster_3_1mer-bz_3_cluster_5_1mer,seed-7_sample-0,0,,,,bz_3,"cluster_3, cluster_5"
bz_3_cluster_3_1mer-bz_3_cluster_4_1mer,seed-8_sample-0,0,,,,bz_3,"cluster_3, cluster_4"
bz_3_cluster_3_1mer-bz_3_cluster_4_1mer,seed-10_sample-0,0,,,,bz_3,"cluster_3, cluster_4"
bz_3_cluster_3_1mer-bz_3_cluster_4_1mer,seed-9_sample-0,0,,,,bz_3,"cluster_3, cluster_4"
bz_3_cluster_3_1mer-bz_3_cluster_4_1mer,seed-4_sample-0,0,,,,bz_3,"cluster_3, cluster_4"
bz_3_cluster_3_1mer-bz_3_cluster_4_1mer,seed-2_sample-0,0,,,,bz_3,"cluster_3, cluster_4"
bz_3_cluster_3_1mer-bz_3_cluster_4_1mer,seed-5_sample-0,0,,,,bz_3,"cluster_3, cluster_4"
bz_3_cluster_3_1mer-bz_3_cluster_4_1mer,seed-6_sample-0,0,,,,bz_3,"cluster_3, cluster_4"
bz_3_cluster_3_1mer-bz_3_cluster_4_1mer,seed-3_sample-0,0,,,,bz_3,"cluster_3, cluster_4"
bz_3_cluster_3_1mer-bz_3_cluster_4_1mer,seed-1_sample-0,0,,,,bz_3,"cluster_3, cluster_4"
bz_3_cluster_3_1mer-bz_3_cluster_4_1mer,seed-7_sample-0,0,,,,bz_3,"cluster_3, cluster_4"
bz_3_cluster_3_1mer-bz_3_cluster_0_1mer,seed-8_sample-0,0,,,,bz_3,"cluster_0, cluster_3"
bz_3_cluster_3_1mer-bz_3_cluster_0_1mer,seed-10_sample-0,0,,,,bz_3,"cluster_0, cluster_3"
bz_3_cluster_3_1mer-bz_3_cluster_0_1mer,seed-9_sample-0,0,,,,bz_3,"cluster_0, cluster_3"
bz_3_cluster_3_1mer-bz_3_cluster_0_1mer,seed-4_sample-0,0,,,,bz_3,"cluster_0, cluster_3"
bz_3_cluster_3_1mer-bz_3_cluster_0_1mer,seed-2_sample-0,0,,,,bz_3,"cluster_0, cluster_3"
bz_3_cluster_3_1mer-bz_3_cluster_0_1mer,seed-5_sample-0,0,,,,bz_3,"cluster_0, cluster_3"
bz_3_cluster_3_1mer-bz_3_cluster_0_1mer,seed-6_sample-0,0,,,,bz_3,"cluster_0, cluster_3"
bz_3_cluster_3_1mer-bz_3_cluster_0_1mer,seed-3_sample-0,0,,,,bz_3,"cluster_0, cluster_3"
bz_3_cluster_3_1mer-bz_3_cluster_0_1mer,seed-1_sample-0,0,,,,bz_3,"cluster_0, cluster_3"
bz_3_cluster_3_1mer-bz_3_cluster_0_1mer,seed-7_sample-0,0,,,,bz_3,"cluster_0, cluster_3"
bz_3_cluster_3_1mer-bz_3_cluster_7_1mer,seed-8_sample-0,0,,,,bz_3,"cluster_3, cluster_7"
bz_3_cluster_3_1mer-bz_3_cluster_7_1mer,seed-10_sample-0,0,,,,bz_3,"cluster_3, cluster_7"
bz_3_cluster_3_1mer-bz_3_cluster_7_1mer,seed-9_sample-0,0,,,,bz_3,"cluster_3, cluster_7"
bz_3_cluster_3_1mer-bz_3_cluster_7_1mer,seed-4_sample-0,0,,,,bz_3,"cluster_3, cluster_7"
bz_3_cluster_3_1mer-bz_3_cluster_7_1mer,seed-2_sample-0,0,,,,bz_3,"cluster_3, cluster_7"
bz_3_cluster_3_1mer-bz_3_cluster_7_1mer,seed-5_sample-0,0,,,,bz_3,"cluster_3, cluster_7"
bz_3_cluster_3_1mer-bz_3_cluster_7_1mer,seed-6_sample-0,0,,,,bz_3,"cluster_3, cluster_7"
bz_3_cluster_3_1mer-bz_3_cluster_7_1mer,seed-3_sample-0,0,,,,bz_3,"cluster_3, cluster_7"
bz_3_cluster_3_1mer-bz_3_cluster_7_1mer,seed-1_sample-0,0,,,,bz_3,"cluster_3, cluster_7"
bz_3_cluster_3_1mer-bz_3_cluster_7_1mer,seed-7_sample-0,0,,,,bz_3,"cluster_3, cluster_7"
bz_3_cluster_3_1mer-bz_3_cluster_8_1mer,seed-8_sample-0,0,,,,bz_3,"cluster_3, cluster_8"
bz_3_cluster_3_1mer-bz_3_cluster_8_1mer,seed-10_sample-0,0,,,,bz_3,"cluster_3, cluster_8"
bz_3_cluster_3_1mer-bz_3_cluster_8_1mer,seed-9_sample-0,0,,,,bz_3,"cluster_3, cluster_8"
bz_3_cluster_3_1mer-bz_3_cluster_8_1mer,seed-4_sample-0,0,,,,bz_3,"cluster_3, cluster_8"
bz_3_cluster_3_1mer-bz_3_cluster_8_1mer,seed-2_sample-0,0,,,,bz_3,"cluster_3, cluster_8"
bz_3_cluster_3_1mer-bz_3_cluster_8_1mer,seed-5_sample-0,0,,,,bz_3,"cluster_3, cluster_8"
bz_3_cluster_3_1mer-bz_3_cluster_8_1mer,seed-6_sample-0,0,,,,bz_3,"cluster_3, cluster_8"
bz_3_cluster_3_1mer-bz_3_cluster_8_1mer,seed-3_sample-0,0,,,,bz_3,"cluster_3, cluster_8"
bz_3_cluster_3_1mer-bz_3_cluster_8_1mer,seed-1_sample-0,0,,,,bz_3,"cluster_3, cluster_8"
bz_3_cluster_3_1mer-bz_3_cluster_8_1mer,seed-7_sample-0,0,,,,bz_3,"cluster_3, cluster_8"
bz_3_cluster_1_1mer-bz_3_cluster_6_1mer,seed-8_sample-0,8,0.51,0.56,"[0.54, 0.57, 0.51, 0.62, 0.54, 0.51, 0.62, 0.57]",bz_3,"cluster_1, cluster_6"
bz_3_cluster_1_1mer-bz_3_cluster_6_1mer,seed-10_sample-0,4,0.53,0.575,"[0.62, 0.53, 0.62, 0.53]",bz_3,"cluster_1, cluster_6"
bz_3_cluster_1_1mer-bz_3_cluster_6_1mer,seed-9_sample-0,2,0.52,0.52,"[0.52, 0.52]",bz_3,"cluster_1, cluster_6"
bz_3_cluster_1_1mer-bz_3_cluster_6_1mer,seed-4_sample-0,16,0.54,0.58875,"[0.59, 0.54, 0.63, 0.56, 0.66, 0.61, 0.58, 0.54, 0.59, 0.54, 0.56, 0.66, 0.63, 0.61, 0.58, 0.54]",bz_3,"cluster_1, cluster_6"
bz_3_cluster_1_1mer-bz_3_cluster_6_1mer,seed-2_sample-0,16,0.51,0.5675,"[0.59, 0.52, 0.61, 0.57, 0.64, 0.56, 0.54, 0.51, 0.59, 0.52, 0.57, 0.64, 0.61, 0.56, 0.54, 0.51]",bz_3,"cluster_1, cluster_6"
bz_3_cluster_1_1mer-bz_3_cluster_6_1mer,seed-5_sample-0,0,,,,bz_3,"cluster_1, cluster_6"
bz_3_cluster_1_1mer-bz_3_cluster_6_1mer,seed-6_sample-0,4,0.51,0.5549999999999999,"[0.6, 0.51, 0.6, 0.51]",bz_3,"cluster_1, cluster_6"
bz_3_cluster_1_1mer-bz_3_cluster_6_1mer,seed-3_sample-0,18,0.51,0.5766666666666665,"[0.6, 0.54, 0.64, 0.52, 0.59, 0.67, 0.58, 0.54, 0.51, 0.52, 0.6, 0.54, 0.59, 0.67, 0.64, 0.58, 0.54, 0.51]",bz_3,"cluster_1, cluster_6"
bz_3_cluster_1_1mer-bz_3_cluster_6_1mer,seed-1_sample-0,4,0.53,0.5700000000000001,"[0.61, 0.53, 0.61, 0.53]",bz_3,"cluster_1, cluster_6"
bz_3_cluster_1_1mer-bz_3_cluster_6_1mer,seed-7_sample-0,14,0.51,0.5700000000000001,"[0.58, 0.51, 0.61, 0.55, 0.64, 0.57, 0.53, 0.58, 0.51, 0.55, 0.64, 0.61, 0.57, 0.53]",bz_3,"cluster_1, cluster_6"
bz_3_cluster_1_1mer-bz_3_cluster_5_1mer,seed-8_sample-0,0,,,,bz_3,"cluster_1, cluster_5"
bz_3_cluster_1_1mer-bz_3_cluster_5_1mer,seed-10_sample-0,0,,,,bz_3,"cluster_1, cluster_5"
bz_3_cluster_1_1mer-bz_3_cluster_5_1mer,seed-9_sample-0,0,,,,bz_3,"cluster_1, cluster_5"
bz_3_cluster_1_1mer-bz_3_cluster_5_1mer,seed-4_sample-0,0,,,,bz_3,"cluster_1, cluster_5"
bz_3_cluster_1_1mer-bz_3_cluster_5_1mer,seed-2_sample-0,0,,,,bz_3,"cluster_1, cluster_5"
bz_3_cluster_1_1mer-bz_3_cluster_5_1mer,seed-5_sample-0,0,,,,bz_3,"cluster_1, cluster_5"
bz_3_cluster_1_1mer-bz_3_cluster_5_1mer,seed-6_sample-0,0,,,,bz_3,"cluster_1, cluster_5"
bz_3_cluster_1_1mer-bz_3_cluster_5_1mer,seed-3_sample-0,0,,,,bz_3,"cluster_1, cluster_5"
bz_3_cluster_1_1mer-bz_3_cluster_5_1mer,seed-1_sample-0,0,,,,bz_3,"cluster_1, cluster_5"
bz_3_cluster_1_1mer-bz_3_cluster_5_1mer,seed-7_sample-0,0,,,,bz_3,"cluster_1, cluster_5"
bz_3_cluster_1_1mer-bz_3_cluster_4_1mer,seed-8_sample-0,0,,,,bz_3,"cluster_1, cluster_4"
bz_3_cluster_1_1mer-bz_3_cluster_4_1mer,seed-10_sample-0,0,,,,bz_3,"cluster_1, cluster_4"
bz_3_cluster_1_1mer-bz_3_cluster_4_1mer,seed-9_sample-0,0,,,,bz_3,"cluster_1, cluster_4"
bz_3_cluster_1_1mer-bz_3_cluster_4_1mer,seed-4_sample-0,0,,,,bz_3,"cluster_1, cluster_4"
bz_3_cluster_1_1mer-bz_3_cluster_4_1mer,seed-2_sample-0,0,,,,bz_3,"cluster_1, cluster_4"
bz_3_cluster_1_1mer-bz_3_cluster_4_1mer,seed-5_sample-0,0,,,,bz_3,"cluster_1, cluster_4"
bz_3_cluster_1_1mer-bz_3_cluster_4_1mer,seed-6_sample-0,0,,,,bz_3,"cluster_1, cluster_4"
bz_3_cluster_1_1mer-bz_3_cluster_4_1mer,seed-3_sample-0,0,,,,bz_3,"cluster_1, cluster_4"
bz_3_cluster_1_1mer-bz_3_cluster_4_1mer,seed-1_sample-0,0,,,,bz_3,"cluster_1, cluster_4"
bz_3_cluster_1_1mer-bz_3_cluster_4_1mer,seed-7_sample-0,0,,,,bz_3,"cluster_1, cluster_4"
bz_3_cluster_1_1mer-bz_3_cluster_0_1mer,seed-8_sample-0,0,,,,bz_3,"cluster_0, cluster_1"
bz_3_cluster_1_1mer-bz_3_cluster_0_1mer,seed-10_sample-0,0,,,,bz_3,"cluster_0, cluster_1"
bz_3_cluster_1_1mer-bz_3_cluster_0_1mer,seed-9_sample-0,0,,,,bz_3,"cluster_0, cluster_1"
bz_3_cluster_1_1mer-bz_3_cluster_0_1mer,seed-4_sample-0,0,,,,bz_3,"cluster_0, cluster_1"
bz_3_cluster_1_1mer-bz_3_cluster_0_1mer,seed-2_sample-0,0,,,,bz_3,"cluster_0, cluster_1"
bz_3_cluster_1_1mer-bz_3_cluster_0_1mer,seed-5_sample-0,0,,,,bz_3,"cluster_0, cluster_1"
bz_3_cluster_1_1mer-bz_3_cluster_0_1mer,seed-6_sample-0,0,,,,bz_3,"cluster_0, cluster_1"
bz_3_cluster_1_1mer-bz_3_cluster_0_1mer,seed-3_sample-0,0,,,,bz_3,"cluster_0, cluster_1"
bz_3_cluster_1_1mer-bz_3_cluster_0_1mer,seed-1_sample-0,0,,,,bz_3,"cluster_0, cluster_1"
bz_3_cluster_1_1mer-bz_3_cluster_0_1mer,seed-7_sample-0,0,,,,bz_3,"cluster_0, cluster_1"
bz_3_cluster_1_1mer-bz_3_cluster_7_1mer,seed-8_sample-0,0,,,,bz_3,"cluster_1, cluster_7"
bz_3_cluster_1_1mer-bz_3_cluster_7_1mer,seed-10_sample-0,0,,,,bz_3,"cluster_1, cluster_7"
bz_3_cluster_1_1mer-bz_3_cluster_7_1mer,seed-9_sample-0,0,,,,bz_3,"cluster_1, cluster_7"
bz_3_cluster_1_1mer-bz_3_cluster_7_1mer,seed-4_sample-0,0,,,,bz_3,"cluster_1, cluster_7"
bz_3_cluster_1_1mer-bz_3_cluster_7_1mer,seed-2_sample-0,0,,,,bz_3,"cluster_1, cluster_7"
bz_3_cluster_1_1mer-bz_3_cluster_7_1mer,seed-5_sample-0,0,,,,bz_3,"cluster_1, cluster_7"
bz_3_cluster_1_1mer-bz_3_cluster_7_1mer,seed-6_sample-0,0,,,,bz_3,"cluster_1, cluster_7"
bz_3_cluster_1_1mer-bz_3_cluster_7_1mer,seed-3_sample-0,0,,,,bz_3,"cluster_1, cluster_7"
bz_3_cluster_1_1mer-bz_3_cluster_7_1mer,seed-1_sample-0,0,,,,bz_3,"cluster_1, cluster_7"
bz_3_cluster_1_1mer-bz_3_cluster_7_1mer,seed-7_sample-0,0,,,,bz_3,"cluster_1, cluster_7"
bz_3_cluster_1_1mer-bz_3_cluster_8_1mer,seed-8_sample-0,0,,,,bz_3,"cluster_1, cluster_8"
bz_3_cluster_1_1mer-bz_3_cluster_8_1mer,seed-10_sample-0,0,,,,bz_3,"cluster_1, cluster_8"
bz_3_cluster_1_1mer-bz_3_cluster_8_1mer,seed-9_sample-0,0,,,,bz_3,"cluster_1, cluster_8"
bz_3_cluster_1_1mer-bz_3_cluster_8_1mer,seed-4_sample-0,0,,,,bz_3,"cluster_1, cluster_8"
bz_3_cluster_1_1mer-bz_3_cluster_8_1mer,seed-2_sample-0,0,,,,bz_3,"cluster_1, cluster_8"
bz_3_cluster_1_1mer-bz_3_cluster_8_1mer,seed-5_sample-0,0,,,,bz_3,"cluster_1, cluster_8"
bz_3_cluster_1_1mer-bz_3_cluster_8_1mer,seed-6_sample-0,0,,,,bz_3,"cluster_1, cluster_8"
bz_3_cluster_1_1mer-bz_3_cluster_8_1mer,seed-3_sample-0,0,,,,bz_3,"cluster_1, cluster_8"
bz_3_cluster_1_1mer-bz_3_cluster_8_1mer,seed-1_sample-0,0,,,,bz_3,"cluster_1, cluster_8"
bz_3_cluster_1_1mer-bz_3_cluster_8_1mer,seed-7_sample-0,0,,,,bz_3,"cluster_1, cluster_8"
bz_3_cluster_6_1mer-bz_3_cluster_5_1mer,seed-8_sample-0,0,,,,bz_3,"cluster_5, cluster_6"
bz_3_cluster_6_1mer-bz_3_cluster_5_1mer,seed-10_sample-0,0,,,,bz_3,"cluster_5, cluster_6"
bz_3_cluster_6_1mer-bz_3_cluster_5_1mer,seed-9_sample-0,0,,,,bz_3,"cluster_5, cluster_6"
bz_3_cluster_6_1mer-bz_3_cluster_5_1mer,seed-4_sample-0,0,,,,bz_3,"cluster_5, cluster_6"
bz_3_cluster_6_1mer-bz_3_cluster_5_1mer,seed-2_sample-0,0,,,,bz_3,"cluster_5, cluster_6"
bz_3_cluster_6_1mer-bz_3_cluster_5_1mer,seed-5_sample-0,0,,,,bz_3,"cluster_5, cluster_6"
bz_3_cluster_6_1mer-bz_3_cluster_5_1mer,seed-6_sample-0,0,,,,bz_3,"cluster_5, cluster_6"
bz_3_cluster_6_1mer-bz_3_cluster_5_1mer,seed-3_sample-0,0,,,,bz_3,"cluster_5, cluster_6"
bz_3_cluster_6_1mer-bz_3_cluster_5_1mer,seed-1_sample-0,0,,,,bz_3,"cluster_5, cluster_6"
bz_3_cluster_6_1mer-bz_3_cluster_5_1mer,seed-7_sample-0,0,,,,bz_3,"cluster_5, cluster_6"
bz_3_cluster_6_1mer-bz_3_cluster_4_1mer,seed-8_sample-0,0,,,,bz_3,"cluster_4, cluster_6"
bz_3_cluster_6_1mer-bz_3_cluster_4_1mer,seed-10_sample-0,0,,,,bz_3,"cluster_4, cluster_6"
bz_3_cluster_6_1mer-bz_3_cluster_4_1mer,seed-9_sample-0,0,,,,bz_3,"cluster_4, cluster_6"
bz_3_cluster_6_1mer-bz_3_cluster_4_1mer,seed-4_sample-0,0,,,,bz_3,"cluster_4, cluster_6"
bz_3_cluster_6_1mer-bz_3_cluster_4_1mer,seed-2_sample-0,0,,,,bz_3,"cluster_4, cluster_6"
bz_3_cluster_6_1mer-bz_3_cluster_4_1mer,seed-5_sample-0,0,,,,bz_3,"cluster_4, cluster_6"
bz_3_cluster_6_1mer-bz_3_cluster_4_1mer,seed-6_sample-0,0,,,,bz_3,"cluster_4, cluster_6"
bz_3_cluster_6_1mer-bz_3_cluster_4_1mer,seed-3_sample-0,0,,,,bz_3,"cluster_4, cluster_6"
bz_3_cluster_6_1mer-bz_3_cluster_4_1mer,seed-1_sample-0,0,,,,bz_3,"cluster_4, cluster_6"
bz_3_cluster_6_1mer-bz_3_cluster_4_1mer,seed-7_sample-0,0,,,,bz_3,"cluster_4, cluster_6"
bz_3_cluster_6_1mer-bz_3_cluster_0_1mer,seed-8_sample-0,0,,,,bz_3,"cluster_0, cluster_6"
bz_3_cluster_6_1mer-bz_3_cluster_0_1mer,seed-10_sample-0,0,,,,bz_3,"cluster_0, cluster_6"
bz_3_cluster_6_1mer-bz_3_cluster_0_1mer,seed-9_sample-0,0,,,,bz_3,"cluster_0, cluster_6"
bz_3_cluster_6_1mer-bz_3_cluster_0_1mer,seed-4_sample-0,0,,,,bz_3,"cluster_0, cluster_6"
bz_3_cluster_6_1mer-bz_3_cluster_0_1mer,seed-2_sample-0,0,,,,bz_3,"cluster_0, cluster_6"
bz_3_cluster_6_1mer-bz_3_cluster_0_1mer,seed-5_sample-0,0,,,,bz_3,"cluster_0, cluster_6"
bz_3_cluster_6_1mer-bz_3_cluster_0_1mer,seed-6_sample-0,0,,,,bz_3,"cluster_0, cluster_6"
bz_3_cluster_6_1mer-bz_3_cluster_0_1mer,seed-3_sample-0,0,,,,bz_3,"cluster_0, cluster_6"
bz_3_cluster_6_1mer-bz_3_cluster_0_1mer,seed-1_sample-0,0,,,,bz_3,"cluster_0, cluster_6"
bz_3_cluster_6_1mer-bz_3_cluster_0_1mer,seed-7_sample-0,0,,,,bz_3,"cluster_0, cluster_6"
bz_3_cluster_6_1mer-bz_3_cluster_7_1mer,seed-8_sample-0,0,,,,bz_3,"cluster_6, cluster_7"
bz_3_cluster_6_1mer-bz_3_cluster_7_1mer,seed-10_sample-0,0,,,,bz_3,"cluster_6, cluster_7"
bz_3_cluster_6_1mer-bz_3_cluster_7_1mer,seed-9_sample-0,0,,,,bz_3,"cluster_6, cluster_7"
bz_3_cluster_6_1mer-bz_3_cluster_7_1mer,seed-4_sample-0,0,,,,bz_3,"cluster_6, cluster_7"
bz_3_cluster_6_1mer-bz_3_cluster_7_1mer,seed-2_sample-0,0,,,,bz_3,"cluster_6, cluster_7"
bz_3_cluster_6_1mer-bz_3_cluster_7_1mer,seed-5_sample-0,0,,,,bz_3,"cluster_6, cluster_7"
bz_3_cluster_6_1mer-bz_3_cluster_7_1mer,seed-6_sample-0,0,,,,bz_3,"cluster_6, cluster_7"
bz_3_cluster_6_1mer-bz_3_cluster_7_1mer,seed-3_sample-0,0,,,,bz_3,"cluster_6, cluster_7"
bz_3_cluster_6_1mer-bz_3_cluster_7_1mer,seed-1_sample-0,0,,,,bz_3,"cluster_6, cluster_7"
bz_3_cluster_6_1mer-bz_3_cluster_7_1mer,seed-7_sample-0,0,,,,bz_3,"cluster_6, cluster_7"
bz_3_cluster_6_1mer-bz_3_cluster_8_1mer,seed-8_sample-0,0,,,,bz_3,"cluster_6, cluster_8"
bz_3_cluster_6_1mer-bz_3_cluster_8_1mer,seed-10_sample-0,0,,,,bz_3,"cluster_6, cluster_8"
bz_3_cluster_6_1mer-bz_3_cluster_8_1mer,seed-9_sample-0,0,,,,bz_3,"cluster_6, cluster_8"
bz_3_cluster_6_1mer-bz_3_cluster_8_1mer,seed-4_sample-0,0,,,,bz_3,"cluster_6, cluster_8"
bz_3_cluster_6_1mer-bz_3_cluster_8_1mer,seed-2_sample-0,0,,,,bz_3,"cluster_6, cluster_8"
bz_3_cluster_6_1mer-bz_3_cluster_8_1mer,seed-5_sample-0,0,,,,bz_3,"cluster_6, cluster_8"
bz_3_cluster_6_1mer-bz_3_cluster_8_1mer,seed-6_sample-0,0,,,,bz_3,"cluster_6, cluster_8"
bz_3_cluster_6_1mer-bz_3_cluster_8_1mer,seed-3_sample-0,0,,,,bz_3,"cluster_6, cluster_8"
bz_3_cluster_6_1mer-bz_3_cluster_8_1mer,seed-1_sample-0,0,,,,bz_3,"cluster_6, cluster_8"
bz_3_cluster_6_1mer-bz_3_cluster_8_1mer,seed-7_sample-0,0,,,,bz_3,"cluster_6, cluster_8"
bz_3_cluster_5_1mer-bz_3_cluster_4_1mer,seed-8_sample-0,144,0.51,0.7930555555555556,"[0.9, 0.9, 0.93, 0.69, 0.64, 0.93, 0.64, 0.64, 0.96, 0.65, 0.91, 0.78, 0.82, 0.97, 0.93, 0.95, 0.84, 0.9, 0.91, 0.94, 0.9, 0.94, 0.51, 0.8, 0.88, 0.81, 0.84, 0.85, 0.61, 0.78, 0.91, 0.91, 0.83, 0.92, 0.81, 0.63, 0.96, 0.7, 0.9, 0.93, 0.96, 0.9, 0.96, 0.61, 0.9, 0.81, 0.9, 0.95, 0.89, 0.7, 0.92, 0.72, 0.88, 0.89, 0.94, 0.53, 0.68, 0.78, 0.83, 0.87, 0.81, 0.67, 0.66, 0.58, 0.58, 0.6, 0.54, 0.52, 0.51, 0.66, 0.55, 0.55, 0.61, 0.91, 0.85, 0.78, 0.83, 0.92, 0.63, 0.9, 0.81, 0.96, 0.93, 0.96, 0.81, 0.7, 0.9, 0.96, 0.9, 0.61, 0.95, 0.88, 0.9, 0.89, 0.92, 0.89, 0.72, 0.94, 0.83, 0.87, 0.53, 0.81, 0.67, 0.66, 0.6, 0.54, 0.68, 0.64, 0.78, 0.9, 0.91, 0.9, 0.93, 0.93, 0.64, 0.69, 0.64, 0.96, 0.82, 0.65, 0.97, 0.9, 0.91, 0.93, 0.95, 0.91, 0.7, 0.94, 0.84, 0.9, 0.94, 0.8, 0.78, 0.88, 0.51, 0.81, 0.84, 0.58, 0.58, 0.52, 0.51, 0.66, 0.55, 0.55]",bz_3,"cluster_4, cluster_5"
bz_3_cluster_5_1mer-bz_3_cluster_4_1mer,seed-10_sample-0,144,0.51,0.7941666666666668,"[0.9, 0.89, 0.93, 0.69, 0.64, 0.94, 0.64, 0.63, 0.96, 0.65, 0.91, 0.78, 0.82, 0.97, 0.93, 0.95, 0.84, 0.9, 0.91, 0.94, 0.91, 0.94, 0.51, 0.8, 0.88, 0.81, 0.84, 0.85, 0.61, 0.79, 0.91, 0.91, 0.84, 0.92, 0.81, 0.63, 0.96, 0.7, 0.9, 0.93, 0.96, 0.9, 0.96, 0.61, 0.9, 0.81, 0.9, 0.95, 0.89, 0.7, 0.92, 0.73, 0.89, 0.89, 0.93, 0.53, 0.69, 0.79, 0.83, 0.87, 0.8, 0.67, 0.67, 0.58, 0.58, 0.61, 0.55, 0.52, 0.51, 0.66, 0.55, 0.56, 0.61, 0.91, 0.85, 0.79, 0.84, 0.92, 0.63, 0.9, 0.81, 0.96, 0.93, 0.96, 0.81, 0.7, 0.9, 0.96, 0.9, 0.61, 0.95, 0.89, 0.9, 0.89, 0.92, 0.89, 0.73, 0.93, 0.83, 0.87, 0.53, 0.8, 0.67, 0.67, 0.61, 0.55, 0.69, 0.64, 0.78, 0.9, 0.91, 0.89, 0.93, 0.94, 0.63, 0.69, 0.64, 0.96, 0.82, 0.65, 0.97, 0.9, 0.91, 0.93, 0.95, 0.91, 0.7, 0.94, 0.84, 0.91, 0.94, 0.8, 0.79, 0.88, 0.51, 0.81, 0.84, 0.58, 0.58, 0.52, 0.51, 0.66, 0.55, 0.56]",bz_3,"cluster_4, cluster_5"
bz_3_cluster_5_1mer-bz_3_cluster_4_1mer,seed-9_sample-0,142,0.51,0.796338028169014,"[0.91, 0.89, 0.93, 0.69, 0.63, 0.94, 0.64, 0.64, 0.96, 0.64, 0.91, 0.78, 0.82, 0.97, 0.93, 0.95, 0.84, 0.91, 0.91, 0.95, 0.9, 0.94, 0.51, 0.8, 0.88, 0.8, 0.84, 0.85, 0.61, 0.79, 0.91, 0.91, 0.84, 0.92, 0.81, 0.62, 0.96, 0.7, 0.9, 0.93, 0.96, 0.9, 0.96, 0.6, 0.9, 0.81, 0.9, 0.95, 0.89, 0.7, 0.92, 0.72, 0.88, 0.89, 0.93, 0.53, 0.69, 0.79, 0.83, 0.87, 0.8, 0.66, 0.66, 0.57, 0.57, 0.6, 0.53, 0.51, 0.66, 0.55, 0.55, 0.61, 0.91, 0.85, 0.79, 0.84, 0.92, 0.62, 0.9, 0.81, 0.96, 0.93, 0.96, 0.81, 0.7, 0.9, 0.96, 0.9, 0.6, 0.95, 0.88, 0.9, 0.89, 0.92, 0.89, 0.72, 0.93, 0.83, 0.87, 0.53, 0.8, 0.66, 0.66, 0.6, 0.53, 0.69, 0.63, 0.78, 0.91, 0.91, 0.89, 0.93, 0.94, 0.64, 0.69, 0.64, 0.96, 0.82, 0.64, 0.97, 0.91, 0.91, 0.93, 0.95, 0.91, 0.7, 0.95, 0.84, 0.9, 0.94, 0.8, 0.79, 0.88, 0.51, 0.8, 0.84, 0.57, 0.57, 0.51, 0.66, 0.55, 0.55]",bz_3,"cluster_4, cluster_5"
bz_3_cluster_5_1mer-bz_3_cluster_4_1mer,seed-4_sample-0,142,0.51,0.7967605633802817,"[0.9, 0.89, 0.93, 0.69, 0.64, 0.94, 0.64, 0.64, 0.96, 0.64, 0.9, 0.78, 0.82, 0.97, 0.93, 0.95, 0.83, 0.9, 0.91, 0.94, 0.9, 0.94, 0.51, 0.8, 0.88, 0.81, 0.84, 0.85, 0.61, 0.78, 0.91, 0.91, 0.84, 0.92, 0.81, 0.63, 0.96, 0.7, 0.9, 0.93, 0.96, 0.9, 0.96, 0.6, 0.89, 0.81, 0.9, 0.95, 0.89, 0.69, 0.92, 0.72, 0.88, 0.88, 0.93, 0.53, 0.69, 0.78, 0.83, 0.86, 0.81, 0.67, 0.67, 0.58, 0.58, 0.61, 0.55, 0.52, 0.66, 0.56, 0.56, 0.61, 0.91, 0.85, 0.78, 0.84, 0.92, 0.63, 0.9, 0.81, 0.96, 0.93, 0.96, 0.81, 0.7, 0.9, 0.96, 0.9, 0.6, 0.95, 0.88, 0.89, 0.89, 0.92, 0.88, 0.72, 0.93, 0.83, 0.86, 0.53, 0.81, 0.67, 0.67, 0.61, 0.55, 0.69, 0.64, 0.78, 0.9, 0.91, 0.89, 0.93, 0.94, 0.64, 0.69, 0.64, 0.96, 0.82, 0.64, 0.97, 0.9, 0.9, 0.93, 0.95, 0.91, 0.69, 0.94, 0.83, 0.9, 0.94, 0.8, 0.78, 0.88, 0.51, 0.81, 0.84, 0.58, 0.58, 0.52, 0.66, 0.56, 0.56]",bz_3,"cluster_4, cluster_5"
bz_3_cluster_5_1mer-bz_3_cluster_4_1mer,seed-2_sample-0,144,0.51,0.7927777777777778,"[0.9, 0.89, 0.93, 0.69, 0.63, 0.94, 0.63, 0.64, 0.95, 0.65, 0.9, 0.78, 0.82, 0.97, 0.93, 0.95, 0.83, 0.9, 0.91, 0.94, 0.9, 0.94, 0.51, 0.8, 0.87, 0.81, 0.84, 0.85, 0.61, 0.78, 0.91, 0.91, 0.84, 0.91, 0.81, 0.63, 0.96, 0.7, 0.9, 0.93, 0.96, 0.9, 0.96, 0.61, 0.9, 0.8, 0.9, 0.95, 0.89, 0.69, 0.92, 0.72, 0.88, 0.89, 0.93, 0.53, 0.69, 0.78, 0.83, 0.87, 0.81, 0.67, 0.67, 0.58, 0.59, 0.6, 0.55, 0.52, 0.67, 0.51, 0.56, 0.56, 0.61, 0.91, 0.85, 0.78, 0.84, 0.91, 0.63, 0.9, 0.81, 0.96, 0.93, 0.96, 0.8, 0.7, 0.9, 0.96, 0.9, 0.61, 0.95, 0.88, 0.9, 0.89, 0.92, 0.89, 0.72, 0.93, 0.83, 0.87, 0.53, 0.81, 0.67, 0.67, 0.6, 0.55, 0.69, 0.63, 0.78, 0.9, 0.91, 0.89, 0.93, 0.94, 0.64, 0.69, 0.63, 0.95, 0.82, 0.65, 0.97, 0.9, 0.9, 0.93, 0.95, 0.91, 0.69, 0.94, 0.83, 0.9, 0.94, 0.8, 0.78, 0.87, 0.51, 0.81, 0.84, 0.58, 0.59, 0.52, 0.67, 0.51, 0.56, 0.56]",bz_3,"cluster_4, cluster_5"
bz_3_cluster_5_1mer-bz_3_cluster_4_1mer,seed-5_sample-0,142,0.51,0.7960563380281691,"[0.9, 0.89, 0.93, 0.68, 0.63, 0.93, 0.64, 0.63, 0.96, 0.65, 0.9, 0.78, 0.81, 0.97, 0.93, 0.95, 0.83, 0.9, 0.91, 0.94, 0.9, 0.94, 0.51, 0.8, 0.88, 0.81, 0.84, 0.85, 0.6, 0.79, 0.91, 0.91, 0.84, 0.91, 0.81, 0.64, 0.96, 0.71, 0.9, 0.93, 0.96, 0.9, 0.96, 0.61, 0.9, 0.81, 0.9, 0.95, 0.89, 0.69, 0.92, 0.73, 0.88, 0.89, 0.93, 0.53, 0.69, 0.78, 0.83, 0.86, 0.8, 0.67, 0.66, 0.57, 0.58, 0.6, 0.54, 0.52, 0.66, 0.55, 0.56, 0.6, 0.91, 0.85, 0.79, 0.84, 0.91, 0.64, 0.9, 0.81, 0.96, 0.93, 0.96, 0.81, 0.71, 0.9, 0.96, 0.9, 0.61, 0.95, 0.88, 0.9, 0.89, 0.92, 0.89, 0.73, 0.93, 0.83, 0.86, 0.53, 0.8, 0.67, 0.66, 0.6, 0.54, 0.69, 0.63, 0.78, 0.9, 0.91, 0.89, 0.93, 0.93, 0.63, 0.68, 0.64, 0.96, 0.81, 0.65, 0.97, 0.9, 0.9, 0.93, 0.95, 0.91, 0.69, 0.94, 0.83, 0.9, 0.94, 0.8, 0.78, 0.88, 0.51, 0.81, 0.84, 0.57, 0.58, 0.52, 0.66, 0.55, 0.56]",bz_3,"cluster_4, cluster_5"
bz_3_cluster_5_1mer-bz_3_cluster_4_1mer,seed-6_sample-0,144,0.51,0.7933333333333334,"[0.9, 0.89, 0.93, 0.69, 0.63, 0.94, 0.64, 0.64, 0.96, 0.65, 0.91, 0.78, 0.82, 0.97, 0.93, 0.95, 0.84, 0.9, 0.91, 0.94, 0.9, 0.94, 0.51, 0.8, 0.88, 0.81, 0.84, 0.85, 0.61, 0.79, 0.91, 0.91, 0.84, 0.92, 0.81, 0.62, 0.96, 0.7, 0.9, 0.93, 0.96, 0.9, 0.96, 0.61, 0.9, 0.81, 0.9, 0.95, 0.89, 0.7, 0.92, 0.72, 0.89, 0.89, 0.94, 0.53, 0.69, 0.78, 0.83, 0.87, 0.81, 0.67, 0.67, 0.58, 0.58, 0.6, 0.55, 0.52, 0.51, 0.66, 0.54, 0.54, 0.61, 0.91, 0.85, 0.79, 0.84, 0.92, 0.62, 0.9, 0.81, 0.96, 0.93, 0.96, 0.81, 0.7, 0.9, 0.96, 0.9, 0.61, 0.95, 0.89, 0.9, 0.89, 0.92, 0.89, 0.72, 0.94, 0.83, 0.87, 0.53, 0.81, 0.67, 0.67, 0.6, 0.55, 0.69, 0.63, 0.78, 0.9, 0.91, 0.89, 0.93, 0.94, 0.64, 0.69, 0.64, 0.96, 0.82, 0.65, 0.97, 0.9, 0.91, 0.93, 0.95, 0.91, 0.7, 0.94, 0.84, 0.9, 0.94, 0.8, 0.78, 0.88, 0.51, 0.81, 0.84, 0.58, 0.58, 0.52, 0.51, 0.66, 0.54, 0.54]",bz_3,"cluster_4, cluster_5"
bz_3_cluster_5_1mer-bz_3_cluster_4_1mer,seed-3_sample-0,146,0.51,0.7895890410958905,"[0.9, 0.89, 0.93, 0.69, 0.64, 0.93, 0.64, 0.64, 0.95, 0.64, 0.9, 0.78, 0.82, 0.97, 0.93, 0.95, 0.83, 0.9, 0.91, 0.94, 0.9, 0.94, 0.51, 0.8, 0.87, 0.81, 0.84, 0.85, 0.61, 0.79, 0.91, 0.91, 0.84, 0.92, 0.81, 0.62, 0.96, 0.71, 0.9, 0.93, 0.96, 0.9, 0.96, 0.61, 0.89, 0.81, 0.9, 0.95, 0.89, 0.7, 0.92, 0.72, 0.88, 0.89, 0.93, 0.54, 0.69, 0.79, 0.82, 0.87, 0.81, 0.67, 0.67, 0.58, 0.59, 0.6, 0.55, 0.51, 0.51, 0.68, 0.51, 0.56, 0.57, 0.61, 0.91, 0.85, 0.79, 0.84, 0.92, 0.62, 0.9, 0.81, 0.96, 0.93, 0.96, 0.81, 0.71, 0.9, 0.96, 0.9, 0.61, 0.95, 0.88, 0.89, 0.89, 0.92, 0.89, 0.72, 0.93, 0.82, 0.87, 0.54, 0.81, 0.67, 0.67, 0.6, 0.55, 0.69, 0.64, 0.78, 0.9, 0.91, 0.89, 0.93, 0.93, 0.64, 0.69, 0.64, 0.95, 0.82, 0.64, 0.97, 0.9, 0.9, 0.93, 0.95, 0.91, 0.7, 0.94, 0.83, 0.9, 0.94, 0.8, 0.79, 0.87, 0.51, 0.81, 0.84, 0.58, 0.59, 0.51, 0.51, 0.68, 0.51, 0.56, 0.57]",bz_3,"cluster_4, cluster_5"
bz_3_cluster_5_1mer-bz_3_cluster_4_1mer,seed-1_sample-0,144,0.51,0.7931944444444444,"[0.9, 0.89, 0.93, 0.69, 0.64, 0.94, 0.64, 0.64, 0.96, 0.65, 0.9, 0.78, 0.82, 0.97, 0.93, 0.95, 0.83, 0.9, 0.91, 0.94, 0.9, 0.94, 0.52, 0.8, 0.88, 0.81, 0.84, 0.85, 0.61, 0.78, 0.91, 0.91, 0.84, 0.92, 0.81, 0.63, 0.96, 0.71, 0.9, 0.93, 0.96, 0.9, 0.96, 0.6, 0.9, 0.81, 0.9, 0.95, 0.89, 0.7, 0.92, 0.73, 0.88, 0.89, 0.93, 0.53, 0.69, 0.78, 0.83, 0.87, 0.8, 0.67, 0.67, 0.58, 0.57, 0.6, 0.54, 0.52, 0.66, 0.51, 0.55, 0.56, 0.61, 0.91, 0.85, 0.78, 0.84, 0.92, 0.63, 0.9, 0.81, 0.96, 0.93, 0.96, 0.81, 0.71, 0.9, 0.96, 0.9, 0.6, 0.95, 0.88, 0.9, 0.89, 0.92, 0.89, 0.73, 0.93, 0.83, 0.87, 0.53, 0.8, 0.67, 0.67, 0.6, 0.54, 0.69, 0.64, 0.78, 0.9, 0.91, 0.89, 0.93, 0.94, 0.64, 0.69, 0.64, 0.96, 0.82, 0.65, 0.97, 0.9, 0.9, 0.93, 0.95, 0.91, 0.7, 0.94, 0.83, 0.9, 0.94, 0.8, 0.78, 0.88, 0.52, 0.81, 0.84, 0.58, 0.57, 0.52, 0.66, 0.51, 0.55, 0.56]",bz_3,"cluster_4, cluster_5"
bz_3_cluster_5_1mer-bz_3_cluster_4_1mer,seed-7_sample-0,146,0.51,0.7909589041095891,"[0.9, 0.89, 0.93, 0.7, 0.64, 0.94, 0.64, 0.64, 0.96, 0.65, 0.91, 0.78, 0.82, 0.97, 0.93, 0.95, 0.84, 0.9, 0.91, 0.95, 0.91, 0.94, 0.51, 0.8, 0.88, 0.81, 0.84, 0.86, 0.62, 0.79, 0.91, 0.91, 0.83, 0.92, 0.81, 0.63, 0.96, 0.71, 0.9, 0.93, 0.96, 0.9, 0.96, 0.6, 0.9, 0.81, 0.9, 0.95, 0.89, 0.7, 0.92, 0.72, 0.88, 0.89, 0.94, 0.53, 0.69, 0.78, 0.83, 0.87, 0.81, 0.68, 0.67, 0.58, 0.58, 0.6, 0.55, 0.52, 0.51, 0.67, 0.51, 0.56, 0.56, 0.62, 0.91, 0.86, 0.79, 0.83, 0.92, 0.63, 0.9, 0.81, 0.96, 0.93, 0.96, 0.81, 0.71, 0.9, 0.96, 0.9, 0.6, 0.95, 0.88, 0.9, 0.89, 0.92, 0.89, 0.72, 0.94, 0.83, 0.87, 0.53, 0.81, 0.68, 0.67, 0.6, 0.55, 0.69, 0.64, 0.78, 0.9, 0.91, 0.89, 0.93, 0.94, 0.64, 0.7, 0.64, 0.96, 0.82, 0.65, 0.97, 0.9, 0.91, 0.93, 0.95, 0.91, 0.7, 0.95, 0.84, 0.91, 0.94, 0.8, 0.78, 0.88, 0.51, 0.81, 0.84, 0.58, 0.58, 0.52, 0.51, 0.67, 0.51, 0.56, 0.56]",bz_3,"cluster_4, cluster_5"
bz_3_cluster_5_1mer-bz_3_cluster_0_1mer,seed-8_sample-0,0,,,,bz_3,"cluster_0, cluster_5"
bz_3_cluster_5_1mer-bz_3_cluster_0_1mer,seed-10_sample-0,0,,,,bz_3,"cluster_0, cluster_5"
bz_3_cluster_5_1mer-bz_3_cluster_0_1mer,seed-9_sample-0,0,,,,bz_3,"cluster_0, cluster_5"
bz_3_cluster_5_1mer-bz_3_cluster_0_1mer,seed-4_sample-0,0,,,,bz_3,"cluster_0, cluster_5"
bz_3_cluster_5_1mer-bz_3_cluster_0_1mer,seed-2_sample-0,0,,,,bz_3,"cluster_0, cluster_5"
bz_3_cluster_5_1mer-bz_3_cluster_0_1mer,seed-5_sample-0,0,,,,bz_3,"cluster_0, cluster_5"
bz_3_cluster_5_1mer-bz_3_cluster_0_1mer,seed-6_sample-0,0,,,,bz_3,"cluster_0, cluster_5"
bz_3_cluster_5_1mer-bz_3_cluster_0_1mer,seed-3_sample-0,0,,,,bz_3,"cluster_0, cluster_5"
bz_3_cluster_5_1mer-bz_3_cluster_0_1mer,seed-1_sample-0,0,,,,bz_3,"cluster_0, cluster_5"
bz_3_cluster_5_1mer-bz_3_cluster_0_1mer,seed-7_sample-0,0,,,,bz_3,"cluster_0, cluster_5"
bz_3_cluster_5_1mer-bz_3_cluster_7_1mer,seed-8_sample-0,0,,,,bz_3,"cluster_5, cluster_7"
bz_3_cluster_5_1mer-bz_3_cluster_7_1mer,seed-10_sample-0,0,,,,bz_3,"cluster_5, cluster_7"
bz_3_cluster_5_1mer-bz_3_cluster_7_1mer,seed-9_sample-0,0,,,,bz_3,"cluster_5, cluster_7"
bz_3_cluster_5_1mer-bz_3_cluster_7_1mer,seed-4_sample-0,0,,,,bz_3,"cluster_5, cluster_7"
bz_3_cluster_5_1mer-bz_3_cluster_7_1mer,seed-2_sample-0,0,,,,bz_3,"cluster_5, cluster_7"
bz_3_cluster_5_1mer-bz_3_cluster_7_1mer,seed-5_sample-0,0,,,,bz_3,"cluster_5, cluster_7"
bz_3_cluster_5_1mer-bz_3_cluster_7_1mer,seed-6_sample-0,0,,,,bz_3,"cluster_5, cluster_7"
bz_3_cluster_5_1mer-bz_3_cluster_7_1mer,seed-3_sample-0,0,,,,bz_3,"cluster_5, cluster_7"
bz_3_cluster_5_1mer-bz_3_cluster_7_1mer,seed-1_sample-0,0,,,,bz_3,"cluster_5, cluster_7"
bz_3_cluster_5_1mer-bz_3_cluster_7_1mer,seed-7_sample-0,0,,,,bz_3,"cluster_5, cluster_7"
bz_3_cluster_5_1mer-bz_3_cluster_8_1mer,seed-8_sample-0,0,,,,bz_3,"cluster_5, cluster_8"
bz_3_cluster_5_1mer-bz_3_cluster_8_1mer,seed-10_sample-0,0,,,,bz_3,"cluster_5, cluster_8"
bz_3_cluster_5_1mer-bz_3_cluster_8_1mer,seed-9_sample-0,0,,,,bz_3,"cluster_5, cluster_8"
bz_3_cluster_5_1mer-bz_3_cluster_8_1mer,seed-4_sample-0,0,,,,bz_3,"cluster_5, cluster_8"
bz_3_cluster_5_1mer-bz_3_cluster_8_1mer,seed-2_sample-0,0,,,,bz_3,"cluster_5, cluster_8"
bz_3_cluster_5_1mer-bz_3_cluster_8_1mer,seed-5_sample-0,0,,,,bz_3,"cluster_5, cluster_8"
bz_3_cluster_5_1mer-bz_3_cluster_8_1mer,seed-6_sample-0,0,,,,bz_3,"cluster_5, cluster_8"
bz_3_cluster_5_1mer-bz_3_cluster_8_1mer,seed-3_sample-0,0,,,,bz_3,"cluster_5, cluster_8"
bz_3_cluster_5_1mer-bz_3_cluster_8_1mer,seed-1_sample-0,0,,,,bz_3,"cluster_5, cluster_8"
bz_3_cluster_5_1mer-bz_3_cluster_8_1mer,seed-7_sample-0,0,,,,bz_3,"cluster_5, cluster_8"
bz_3_cluster_4_1mer-bz_3_cluster_0_1mer,seed-8_sample-0,0,,,,bz_3,"cluster_0, cluster_4"
bz_3_cluster_4_1mer-bz_3_cluster_0_1mer,seed-10_sample-0,0,,,,bz_3,"cluster_0, cluster_4"
bz_3_cluster_4_1mer-bz_3_cluster_0_1mer,seed-9_sample-0,0,,,,bz_3,"cluster_0, cluster_4"
bz_3_cluster_4_1mer-bz_3_cluster_0_1mer,seed-4_sample-0,0,,,,bz_3,"cluster_0, cluster_4"
bz_3_cluster_4_1mer-bz_3_cluster_0_1mer,seed-2_sample-0,0,,,,bz_3,"cluster_0, cluster_4"
bz_3_cluster_4_1mer-bz_3_cluster_0_1mer,seed-5_sample-0,0,,,,bz_3,"cluster_0, cluster_4"
bz_3_cluster_4_1mer-bz_3_cluster_0_1mer,seed-6_sample-0,0,,,,bz_3,"cluster_0, cluster_4"
bz_3_cluster_4_1mer-bz_3_cluster_0_1mer,seed-3_sample-0,0,,,,bz_3,"cluster_0, cluster_4"
bz_3_cluster_4_1mer-bz_3_cluster_0_1mer,seed-1_sample-0,0,,,,bz_3,"cluster_0, cluster_4"
bz_3_cluster_4_1mer-bz_3_cluster_0_1mer,seed-7_sample-0,0,,,,bz_3,"cluster_0, cluster_4"
bz_3_cluster_4_1mer-bz_3_cluster_7_1mer,seed-8_sample-0,0,,,,bz_3,"cluster_4, cluster_7"
bz_3_cluster_4_1mer-bz_3_cluster_7_1mer,seed-10_sample-0,0,,,,bz_3,"cluster_4, cluster_7"
bz_3_cluster_4_1mer-bz_3_cluster_7_1mer,seed-9_sample-0,0,,,,bz_3,"cluster_4, cluster_7"
bz_3_cluster_4_1mer-bz_3_cluster_7_1mer,seed-4_sample-0,0,,,,bz_3,"cluster_4, cluster_7"
bz_3_cluster_4_1mer-bz_3_cluster_7_1mer,seed-2_sample-0,0,,,,bz_3,"cluster_4, cluster_7"
bz_3_cluster_4_1mer-bz_3_cluster_7_1mer,seed-5_sample-0,0,,,,bz_3,"cluster_4, cluster_7"
bz_3_cluster_4_1mer-bz_3_cluster_7_1mer,seed-6_sample-0,0,,,,bz_3,"cluster_4, cluster_7"
bz_3_cluster_4_1mer-bz_3_cluster_7_1mer,seed-3_sample-0,0,,,,bz_3,"cluster_4, cluster_7"
bz_3_cluster_4_1mer-bz_3_cluster_7_1mer,seed-1_sample-0,0,,,,bz_3,"cluster_4, cluster_7"
bz_3_cluster_4_1mer-bz_3_cluster_7_1mer,seed-7_sample-0,0,,,,bz_3,"cluster_4, cluster_7"
bz_3_cluster_4_1mer-bz_3_cluster_8_1mer,seed-8_sample-0,0,,,,bz_3,"cluster_4, cluster_8"
bz_3_cluster_4_1mer-bz_3_cluster_8_1mer,seed-10_sample-0,0,,,,bz_3,"cluster_4, cluster_8"
bz_3_cluster_4_1mer-bz_3_cluster_8_1mer,seed-9_sample-0,0,,,,bz_3,"cluster_4, cluster_8"
bz_3_cluster_4_1mer-bz_3_cluster_8_1mer,seed-4_sample-0,0,,,,bz_3,"cluster_4, cluster_8"
bz_3_cluster_4_1mer-bz_3_cluster_8_1mer,seed-2_sample-0,0,,,,bz_3,"cluster_4, cluster_8"
bz_3_cluster_4_1mer-bz_3_cluster_8_1mer,seed-5_sample-0,0,,,,bz_3,"cluster_4, cluster_8"
bz_3_cluster_4_1mer-bz_3_cluster_8_1mer,seed-6_sample-0,0,,,,bz_3,"cluster_4, cluster_8"
bz_3_cluster_4_1mer-bz_3_cluster_8_1mer,seed-3_sample-0,0,,,,bz_3,"cluster_4, cluster_8"
bz_3_cluster_4_1mer-bz_3_cluster_8_1mer,seed-1_sample-0,0,,,,bz_3,"cluster_4, cluster_8"
bz_3_cluster_4_1mer-bz_3_cluster_8_1mer,seed-7_sample-0,0,,,,bz_3,"cluster_4, cluster_8"
bz_3_cluster_0_1mer-bz_3_cluster_7_1mer,seed-8_sample-0,76,0.51,0.7144736842105265,"[0.85, 0.71, 0.9, 0.83, 0.52, 0.62, 0.79, 0.89, 0.52, 0.68, 0.83, 0.59, 0.51, 0.85, 0.82, 0.61, 0.84, 0.76, 0.7, 0.62, 0.7, 0.67, 0.53, 0.7, 0.78, 0.61, 0.72, 0.76, 0.67, 0.54, 0.57, 0.91, 0.67, 0.81, 0.83, 0.89, 0.8, 0.55, 0.55, 0.62, 0.53, 0.7, 0.7, 0.67, 0.7, 0.72, 0.78, 0.61, 0.76, 0.52, 0.67, 0.59, 0.62, 0.52, 0.54, 0.57, 0.79, 0.68, 0.71, 0.9, 0.83, 0.89, 0.91, 0.83, 0.67, 0.85, 0.51, 0.76, 0.81, 0.89, 0.8, 0.83, 0.85, 0.84, 0.82, 0.61]",bz_3,"cluster_0, cluster_7"
bz_3_cluster_0_1mer-bz_3_cluster_7_1mer,seed-10_sample-0,78,0.51,0.7166666666666668,"[0.86, 0.52, 0.7, 0.9, 0.83, 0.56, 0.62, 0.81, 0.89, 0.51, 0.7, 0.83, 0.6, 0.51, 0.85, 0.83, 0.57, 0.84, 0.77, 0.71, 0.63, 0.7, 0.67, 0.52, 0.71, 0.78, 0.62, 0.71, 0.78, 0.69, 0.64, 0.61, 0.91, 0.68, 0.81, 0.83, 0.89, 0.81, 0.55, 0.55, 0.63, 0.52, 0.71, 0.7, 0.67, 0.71, 0.71, 0.78, 0.62, 0.78, 0.56, 0.69, 0.6, 0.62, 0.51, 0.52, 0.64, 0.61, 0.81, 0.7, 0.7, 0.9, 0.83, 0.89, 0.91, 0.83, 0.68, 0.86, 0.51, 0.77, 0.81, 0.89, 0.81, 0.83, 0.85, 0.84, 0.83, 0.57]",bz_3,"cluster_0, cluster_7"
bz_3_cluster_0_1mer-bz_3_cluster_7_1mer,seed-9_sample-0,68,0.54,0.6788235294117646,"[0.54, 0.58, 0.62, 0.54, 0.57, 0.71, 0.77, 0.57, 0.71, 0.71, 0.55, 0.75, 0.72, 0.71, 0.78, 0.56, 0.8, 0.71, 0.82, 0.71, 0.82, 0.62, 0.82, 0.77, 0.68, 0.62, 0.69, 0.57, 0.71, 0.64, 0.75, 0.65, 0.65, 0.66, 0.69, 0.75, 0.65, 0.57, 0.65, 0.66, 0.71, 0.54, 0.71, 0.56, 0.82, 0.62, 0.8, 0.82, 0.62, 0.71, 0.71, 0.72, 0.71, 0.82, 0.77, 0.71, 0.78, 0.71, 0.77, 0.55, 0.57, 0.57, 0.75, 0.68, 0.64, 0.54, 0.58, 0.62]",bz_3,"cluster_0, cluster_7"
bz_3_cluster_0_1mer-bz_3_cluster_7_1mer,seed-4_sample-0,44,0.59,0.7986363636363637,"[0.88, 0.65, 0.91, 0.86, 0.82, 0.91, 0.71, 0.83, 0.87, 0.84, 0.66, 0.84, 0.78, 0.75, 0.67, 0.91, 0.72, 0.86, 0.82, 0.87, 0.59, 0.82, 0.75, 0.59, 0.67, 0.82, 0.71, 0.65, 0.91, 0.86, 0.91, 0.91, 0.82, 0.72, 0.88, 0.78, 0.86, 0.87, 0.82, 0.83, 0.87, 0.84, 0.84, 0.66]",bz_3,"cluster_0, cluster_7"
bz_3_cluster_0_1mer-bz_3_cluster_7_1mer,seed-2_sample-0,86,0.51,0.7113953488372093,"[0.86, 0.52, 0.52, 0.7, 0.9, 0.82, 0.58, 0.51, 0.67, 0.79, 0.89, 0.57, 0.7, 0.82, 0.66, 0.51, 0.86, 0.82, 0.56, 0.84, 0.77, 0.74, 0.67, 0.73, 0.52, 0.69, 0.57, 0.73, 0.81, 0.65, 0.74, 0.53, 0.8, 0.72, 0.63, 0.6, 0.91, 0.7, 0.82, 0.83, 0.88, 0.81, 0.64, 0.64, 0.52, 0.67, 0.57, 0.74, 0.73, 0.69, 0.73, 0.74, 0.53, 0.81, 0.65, 0.8, 0.58, 0.72, 0.66, 0.51, 0.67, 0.57, 0.51, 0.52, 0.63, 0.6, 0.79, 0.7, 0.7, 0.9, 0.82, 0.89, 0.52, 0.91, 0.83, 0.7, 0.86, 0.77, 0.82, 0.88, 0.81, 0.82, 0.86, 0.84, 0.82, 0.56]",bz_3,"cluster_0, cluster_7"
bz_3_cluster_0_1mer-bz_3_cluster_7_1mer,seed-5_sample-0,62,0.59,0.754516129032258,"[0.73, 0.62, 0.7, 0.8, 0.8, 0.59, 0.79, 0.8, 0.72, 0.82, 0.79, 0.74, 0.81, 0.68, 0.84, 0.78, 0.87, 0.77, 0.85, 0.85, 0.81, 0.62, 0.64, 0.67, 0.75, 0.79, 0.69, 0.76, 0.79, 0.78, 0.74, 0.67, 0.76, 0.79, 0.75, 0.78, 0.74, 0.79, 0.8, 0.68, 0.85, 0.84, 0.85, 0.64, 0.78, 0.79, 0.79, 0.74, 0.87, 0.8, 0.8, 0.81, 0.77, 0.81, 0.72, 0.7, 0.59, 0.82, 0.62, 0.69, 0.73, 0.62]",bz_3,"cluster_0, cluster_7"
bz_3_cluster_0_1mer-bz_3_cluster_7_1mer,seed-6_sample-0,98,0.51,0.7189795918367347,"[0.87, 0.52, 0.72, 0.91, 0.83, 0.7, 0.55, 0.71, 0.81, 0.9, 0.59, 0.71, 0.84, 0.7, 0.51, 0.52, 0.87, 0.84, 0.6, 0.85, 0.79, 0.79, 0.71, 0.77, 0.67, 0.52, 0.55, 0.73, 0.63, 0.77, 0.81, 0.69, 0.77, 0.73, 0.85, 0.79, 0.54, 0.56, 0.92, 0.74, 0.83, 0.84, 0.51, 0.9, 0.82, 0.6, 0.73, 0.6, 0.52, 0.6, 0.6, 0.52, 0.52, 0.55, 0.73, 0.67, 0.71, 0.63, 0.79, 0.77, 0.73, 0.77, 0.77, 0.73, 0.81, 0.69, 0.85, 0.7, 0.79, 0.7, 0.55, 0.71, 0.59, 0.51, 0.54, 0.56, 0.81, 0.71, 0.72, 0.91, 0.83, 0.9, 0.52, 0.92, 0.84, 0.74, 0.51, 0.87, 0.52, 0.79, 0.83, 0.9, 0.82, 0.84, 0.87, 0.85, 0.84, 0.6]",bz_3,"cluster_0, cluster_7"
bz_3_cluster_0_1mer-bz_3_cluster_7_1mer,seed-3_sample-0,62,0.61,0.7816129032258066,"[0.77, 0.63, 0.74, 0.83, 0.83, 0.61, 0.82, 0.84, 0.75, 0.84, 0.82, 0.77, 0.83, 0.71, 0.87, 0.81, 0.89, 0.81, 0.88, 0.87, 0.84, 0.61, 0.65, 0.71, 0.78, 0.83, 0.7, 0.79, 0.82, 0.81, 0.77, 0.71, 0.79, 0.82, 0.78, 0.81, 0.77, 0.83, 0.83, 0.71, 0.88, 0.87, 0.87, 0.65, 0.81, 0.82, 0.82, 0.77, 0.89, 0.83, 0.84, 0.83, 0.81, 0.84, 0.75, 0.74, 0.61, 0.84, 0.61, 0.7, 0.77, 0.63]",bz_3,"cluster_0, cluster_7"
bz_3_cluster_0_1mer-bz_3_cluster_7_1mer,seed-1_sample-0,82,0.51,0.7190243902439024,"[0.85, 0.57, 0.71, 0.9, 0.82, 0.63, 0.66, 0.8, 0.89, 0.56, 0.7, 0.82, 0.66, 0.51, 0.85, 0.82, 0.6, 0.84, 0.77, 0.74, 0.65, 0.72, 0.52, 0.7, 0.57, 0.74, 0.78, 0.64, 0.73, 0.54, 0.8, 0.72, 0.51, 0.89, 0.76, 0.82, 0.82, 0.56, 0.88, 0.81, 0.62, 0.62, 0.52, 0.65, 0.57, 0.74, 0.72, 0.7, 0.74, 0.73, 0.54, 0.78, 0.64, 0.8, 0.63, 0.72, 0.66, 0.66, 0.56, 0.51, 0.8, 0.7, 0.71, 0.9, 0.82, 0.89, 0.57, 0.89, 0.82, 0.76, 0.56, 0.85, 0.51, 0.77, 0.82, 0.88, 0.81, 0.82, 0.85, 0.84, 0.82, 0.6]",bz_3,"cluster_0, cluster_7"
bz_3_cluster_0_1mer-bz_3_cluster_7_1mer,seed-7_sample-0,62,0.58,0.7716129032258064,"[0.76, 0.63, 0.73, 0.82, 0.81, 0.6, 0.81, 0.83, 0.74, 0.84, 0.81, 0.77, 0.83, 0.7, 0.86, 0.8, 0.88, 0.79, 0.87, 0.86, 0.84, 0.58, 0.64, 0.72, 0.77, 0.82, 0.66, 0.78, 0.81, 0.81, 0.75, 0.72, 0.78, 0.81, 0.77, 0.81, 0.75, 0.82, 0.82, 0.7, 0.87, 0.86, 0.86, 0.64, 0.8, 0.81, 0.81, 0.77, 0.88, 0.81, 0.83, 0.83, 0.79, 0.84, 0.74, 0.73, 0.6, 0.84, 0.58, 0.66, 0.76, 0.63]",bz_3,"cluster_0, cluster_7"
bz_3_cluster_0_1mer-bz_3_cluster_8_1mer,seed-8_sample-0,0,,,,bz_3,"cluster_0, cluster_8"
bz_3_cluster_0_1mer-bz_3_cluster_8_1mer,seed-10_sample-0,0,,,,bz_3,"cluster_0, cluster_8"
bz_3_cluster_0_1mer-bz_3_cluster_8_1mer,seed-9_sample-0,0,,,,bz_3,"cluster_0, cluster_8"
bz_3_cluster_0_1mer-bz_3_cluster_8_1mer,seed-4_sample-0,0,,,,bz_3,"cluster_0, cluster_8"
bz_3_cluster_0_1mer-bz_3_cluster_8_1mer,seed-2_sample-0,0,,,,bz_3,"cluster_0, cluster_8"
bz_3_cluster_0_1mer-bz_3_cluster_8_1mer,seed-5_sample-0,0,,,,bz_3,"cluster_0, cluster_8"
bz_3_cluster_0_1mer-bz_3_cluster_8_1mer,seed-6_sample-0,0,,,,bz_3,"cluster_0, cluster_8"
bz_3_cluster_0_1mer-bz_3_cluster_8_1mer,seed-3_sample-0,0,,,,bz_3,"cluster_0, cluster_8"
bz_3_cluster_0_1mer-bz_3_cluster_8_1mer,seed-1_sample-0,0,,,,bz_3,"cluster_0, cluster_8"
bz_3_cluster_0_1mer-bz_3_cluster_8_1mer,seed-7_sample-0,0,,,,bz_3,"cluster_0, cluster_8"
bz_3_cluster_7_1mer-bz_3_cluster_8_1mer,seed-8_sample-0,0,,,,bz_3,"cluster_7, cluster_8"
bz_3_cluster_7_1mer-bz_3_cluster_8_1mer,seed-10_sample-0,0,,,,bz_3,"cluster_7, cluster_8"
bz_3_cluster_7_1mer-bz_3_cluster_8_1mer,seed-9_sample-0,0,,,,bz_3,"cluster_7, cluster_8"
bz_3_cluster_7_1mer-bz_3_cluster_8_1mer,seed-4_sample-0,0,,,,bz_3,"cluster_7, cluster_8"
bz_3_cluster_7_1mer-bz_3_cluster_8_1mer,seed-2_sample-0,0,,,,bz_3,"cluster_7, cluster_8"
bz_3_cluster_7_1mer-bz_3_cluster_8_1mer,seed-5_sample-0,0,,,,bz_3,"cluster_7, cluster_8"
bz_3_cluster_7_1mer-bz_3_cluster_8_1mer,seed-6_sample-0,0,,,,bz_3,"cluster_7, cluster_8"
bz_3_cluster_7_1mer-bz_3_cluster_8_1mer,seed-3_sample-0,0,,,,bz_3,"cluster_7, cluster_8"
bz_3_cluster_7_1mer-bz_3_cluster_8_1mer,seed-1_sample-0,0,,,,bz_3,"cluster_7, cluster_8"
bz_3_cluster_7_1mer-bz_3_cluster_8_1mer,seed-7_sample-0,0,,,,bz_3,"cluster_7, cluster_8"
bz_3_cluster_2_1mer-bz_3_cluster_2_1mer,seed-8_sample-0,0,,,,bz_3,"cluster_2, cluster_2"
bz_3_cluster_2_1mer-bz_3_cluster_2_1mer,seed-10_sample-0,0,,,,bz_3,"cluster_2, cluster_2"
bz_3_cluster_2_1mer-bz_3_cluster_2_1mer,seed-9_sample-0,0,,,,bz_3,"cluster_2, cluster_2"
bz_3_cluster_2_1mer-bz_3_cluster_2_1mer,seed-4_sample-0,0,,,,bz_3,"cluster_2, cluster_2"
bz_3_cluster_2_1mer-bz_3_cluster_2_1mer,seed-2_sample-0,0,,,,bz_3,"cluster_2, cluster_2"
bz_3_cluster_2_1mer-bz_3_cluster_2_1mer,seed-5_sample-0,0,,,,bz_3,"cluster_2, cluster_2"
bz_3_cluster_2_1mer-bz_3_cluster_2_1mer,seed-6_sample-0,0,,,,bz_3,"cluster_2, cluster_2"
bz_3_cluster_2_1mer-bz_3_cluster_2_1mer,seed-3_sample-0,0,,,,bz_3,"cluster_2, cluster_2"
bz_3_cluster_2_1mer-bz_3_cluster_2_1mer,seed-1_sample-0,0,,,,bz_3,"cluster_2, cluster_2"
bz_3_cluster_2_1mer-bz_3_cluster_2_1mer,seed-7_sample-0,0,,,,bz_3,"cluster_2, cluster_2"
bz_3_cluster_3_1mer-bz_3_cluster_3_1mer,seed-8_sample-0,0,,,,bz_3,"cluster_3, cluster_3"
bz_3_cluster_3_1mer-bz_3_cluster_3_1mer,seed-10_sample-0,0,,,,bz_3,"cluster_3, cluster_3"
bz_3_cluster_3_1mer-bz_3_cluster_3_1mer,seed-9_sample-0,0,,,,bz_3,"cluster_3, cluster_3"
bz_3_cluster_3_1mer-bz_3_cluster_3_1mer,seed-4_sample-0,0,,,,bz_3,"cluster_3, cluster_3"
bz_3_cluster_3_1mer-bz_3_cluster_3_1mer,seed-2_sample-0,0,,,,bz_3,"cluster_3, cluster_3"
bz_3_cluster_3_1mer-bz_3_cluster_3_1mer,seed-5_sample-0,0,,,,bz_3,"cluster_3, cluster_3"
bz_3_cluster_3_1mer-bz_3_cluster_3_1mer,seed-6_sample-0,0,,,,bz_3,"cluster_3, cluster_3"
bz_3_cluster_3_1mer-bz_3_cluster_3_1mer,seed-3_sample-0,0,,,,bz_3,"cluster_3, cluster_3"
bz_3_cluster_3_1mer-bz_3_cluster_3_1mer,seed-1_sample-0,0,,,,bz_3,"cluster_3, cluster_3"
bz_3_cluster_3_1mer-bz_3_cluster_3_1mer,seed-7_sample-0,0,,,,bz_3,"cluster_3, cluster_3"
bz_3_cluster_1_1mer-bz_3_cluster_1_1mer,seed-8_sample-0,168,0.52,0.7941666666666668,"[0.53, 0.52, 0.85, 0.59, 0.69, 0.62, 0.83, 0.79, 0.6, 0.83, 0.83, 0.58, 0.78, 0.9, 0.76, 0.81, 0.85, 0.86, 0.86, 0.86, 0.75, 0.8, 0.73, 0.84, 0.83, 0.85, 0.8, 0.89, 0.91, 0.84, 0.79, 0.83, 0.88, 0.87, 0.83, 0.81, 0.78, 0.78, 0.8, 0.76, 0.88, 0.84, 0.77, 0.79, 0.88, 0.9, 0.89, 0.82, 0.86, 0.9, 0.83, 0.82, 0.88, 0.89, 0.83, 0.75, 0.82, 0.79, 0.76, 0.9, 0.83, 0.83, 0.73, 0.59, 0.78, 0.87, 0.88, 0.83, 0.84, 0.84, 0.78, 0.88, 0.57, 0.71, 0.75, 0.82, 0.72, 0.84, 0.9, 0.7, 0.87, 0.69, 0.8, 0.55, 0.53, 0.52, 0.85, 0.59, 0.62, 0.75, 0.72, 0.84, 0.69, 0.83, 0.79, 0.88, 0.82, 0.9, 0.7, 0.6, 0.83, 0.83, 0.76, 0.84, 0.83, 0.8, 0.89, 0.84, 0.78, 0.76, 0.58, 0.91, 0.79, 0.78, 0.88, 0.82, 0.8, 0.84, 0.79, 0.9, 0.84, 0.77, 0.83, 0.79, 0.83, 0.83, 0.83, 0.83, 0.88, 0.89, 0.82, 0.82, 0.88, 0.86, 0.85, 0.88, 0.81, 0.9, 0.9, 0.73, 0.87, 0.86, 0.84, 0.8, 0.83, 0.81, 0.86, 0.83, 0.78, 0.86, 0.9, 0.85, 0.75, 0.76, 0.89, 0.75, 0.73, 0.87, 0.78, 0.59, 0.78, 0.88, 0.57, 0.69, 0.71, 0.87, 0.8, 0.55]",bz_3,"cluster_1, cluster_1"
bz_3_cluster_1_1mer-bz_3_cluster_1_1mer,seed-10_sample-0,170,0.51,0.7898823529411765,"[0.53, 0.53, 0.85, 0.59, 0.7, 0.6, 0.83, 0.78, 0.61, 0.83, 0.83, 0.58, 0.78, 0.9, 0.77, 0.8, 0.85, 0.85, 0.86, 0.86, 0.76, 0.8, 0.73, 0.84, 0.82, 0.51, 0.84, 0.8, 0.88, 0.9, 0.83, 0.8, 0.82, 0.88, 0.87, 0.83, 0.81, 0.77, 0.78, 0.81, 0.75, 0.88, 0.84, 0.78, 0.79, 0.87, 0.9, 0.89, 0.82, 0.86, 0.91, 0.83, 0.82, 0.88, 0.89, 0.83, 0.75, 0.82, 0.79, 0.76, 0.9, 0.83, 0.83, 0.72, 0.58, 0.78, 0.88, 0.88, 0.82, 0.84, 0.84, 0.78, 0.88, 0.56, 0.71, 0.75, 0.82, 0.72, 0.84, 0.9, 0.7, 0.86, 0.69, 0.8, 0.56, 0.53, 0.53, 0.85, 0.59, 0.6, 0.75, 0.72, 0.84, 0.7, 0.83, 0.78, 0.88, 0.82, 0.9, 0.7, 0.61, 0.83, 0.82, 0.76, 0.84, 0.83, 0.8, 0.88, 0.83, 0.77, 0.75, 0.58, 0.9, 0.8, 0.78, 0.88, 0.82, 0.81, 0.84, 0.79, 0.9, 0.84, 0.78, 0.83, 0.79, 0.83, 0.83, 0.83, 0.82, 0.87, 0.89, 0.82, 0.82, 0.88, 0.86, 0.84, 0.88, 0.81, 0.9, 0.91, 0.73, 0.87, 0.85, 0.84, 0.8, 0.83, 0.8, 0.86, 0.82, 0.78, 0.86, 0.51, 0.9, 0.85, 0.76, 0.77, 0.89, 0.75, 0.72, 0.88, 0.78, 0.58, 0.78, 0.88, 0.56, 0.69, 0.71, 0.86, 0.8, 0.56]",bz_3,"cluster_1, cluster_1"
bz_3_cluster_1_1mer-bz_3_cluster_1_1mer,seed-9_sample-0,168,0.52,0.7942857142857143,"[0.53, 0.52, 0.84, 0.59, 0.69, 0.62, 0.83, 0.78, 0.61, 0.83, 0.83, 0.58, 0.78, 0.9, 0.77, 0.81, 0.85, 0.86, 0.86, 0.86, 0.76, 0.81, 0.72, 0.84, 0.83, 0.85, 0.8, 0.9, 0.9, 0.84, 0.79, 0.83, 0.87, 0.87, 0.83, 0.82, 0.78, 0.79, 0.81, 0.75, 0.88, 0.84, 0.78, 0.8, 0.87, 0.9, 0.89, 0.83, 0.87, 0.9, 0.83, 0.82, 0.88, 0.89, 0.83, 0.75, 0.82, 0.79, 0.76, 0.9, 0.82, 0.83, 0.72, 0.59, 0.78, 0.88, 0.87, 0.83, 0.84, 0.84, 0.78, 0.88, 0.56, 0.71, 0.75, 0.82, 0.72, 0.84, 0.9, 0.7, 0.86, 0.69, 0.8, 0.55, 0.53, 0.52, 0.84, 0.59, 0.62, 0.75, 0.72, 0.84, 0.69, 0.83, 0.78, 0.87, 0.82, 0.9, 0.7, 0.61, 0.83, 0.83, 0.76, 0.84, 0.83, 0.81, 0.9, 0.84, 0.78, 0.75, 0.58, 0.9, 0.79, 0.79, 0.88, 0.82, 0.81, 0.84, 0.79, 0.9, 0.84, 0.78, 0.82, 0.8, 0.83, 0.83, 0.83, 0.83, 0.87, 0.89, 0.82, 0.83, 0.88, 0.87, 0.85, 0.87, 0.82, 0.9, 0.9, 0.72, 0.87, 0.86, 0.84, 0.8, 0.83, 0.81, 0.86, 0.83, 0.78, 0.86, 0.9, 0.85, 0.76, 0.77, 0.89, 0.75, 0.72, 0.88, 0.78, 0.59, 0.78, 0.88, 0.56, 0.69, 0.71, 0.86, 0.8, 0.55]",bz_3,"cluster_1, cluster_1"
bz_3_cluster_1_1mer-bz_3_cluster_1_1mer,seed-4_sample-0,170,0.51,0.7903529411764705,"[0.53, 0.52, 0.84, 0.59, 0.68, 0.62, 0.83, 0.78, 0.6, 0.83, 0.83, 0.58, 0.78, 0.9, 0.77, 0.81, 0.84, 0.86, 0.86, 0.86, 0.76, 0.81, 0.73, 0.84, 0.82, 0.51, 0.84, 0.8, 0.89, 0.91, 0.84, 0.8, 0.83, 0.87, 0.87, 0.83, 0.81, 0.78, 0.77, 0.81, 0.76, 0.88, 0.84, 0.77, 0.79, 0.88, 0.9, 0.89, 0.83, 0.86, 0.9, 0.83, 0.81, 0.87, 0.89, 0.83, 0.76, 0.82, 0.79, 0.75, 0.9, 0.83, 0.83, 0.73, 0.6, 0.78, 0.88, 0.87, 0.82, 0.84, 0.83, 0.78, 0.88, 0.56, 0.72, 0.75, 0.82, 0.72, 0.84, 0.9, 0.7, 0.87, 0.7, 0.8, 0.55, 0.53, 0.52, 0.84, 0.59, 0.62, 0.75, 0.72, 0.84, 0.68, 0.83, 0.78, 0.87, 0.82, 0.9, 0.7, 0.6, 0.83, 0.82, 0.75, 0.84, 0.83, 0.81, 0.89, 0.84, 0.78, 0.76, 0.58, 0.91, 0.8, 0.77, 0.88, 0.82, 0.81, 0.84, 0.79, 0.9, 0.83, 0.77, 0.83, 0.79, 0.83, 0.83, 0.83, 0.83, 0.88, 0.89, 0.81, 0.83, 0.87, 0.86, 0.84, 0.87, 0.81, 0.9, 0.9, 0.73, 0.87, 0.86, 0.84, 0.8, 0.83, 0.81, 0.86, 0.82, 0.78, 0.86, 0.51, 0.9, 0.84, 0.76, 0.77, 0.89, 0.76, 0.73, 0.88, 0.78, 0.6, 0.78, 0.88, 0.56, 0.7, 0.72, 0.87, 0.8, 0.55]",bz_3,"cluster_1, cluster_1"
bz_3_cluster_1_1mer-bz_3_cluster_1_1mer,seed-2_sample-0,168,0.52,0.7951190476190477,"[0.54, 0.52, 0.85, 0.59, 0.68, 0.63, 0.83, 0.78, 0.6, 0.83, 0.84, 0.58, 0.77, 0.9, 0.77, 0.81, 0.85, 0.86, 0.85, 0.87, 0.76, 0.81, 0.73, 0.84, 0.83, 0.85, 0.81, 0.89, 0.91, 0.84, 0.8, 0.83, 0.87, 0.87, 0.83, 0.82, 0.78, 0.78, 0.81, 0.76, 0.88, 0.85, 0.78, 0.79, 0.86, 0.91, 0.89, 0.82, 0.86, 0.9, 0.83, 0.81, 0.87, 0.89, 0.83, 0.76, 0.82, 0.79, 0.76, 0.9, 0.83, 0.84, 0.73, 0.59, 0.78, 0.87, 0.88, 0.83, 0.84, 0.84, 0.79, 0.88, 0.58, 0.71, 0.75, 0.82, 0.73, 0.84, 0.9, 0.7, 0.86, 0.69, 0.79, 0.55, 0.54, 0.52, 0.85, 0.59, 0.63, 0.75, 0.73, 0.84, 0.68, 0.83, 0.78, 0.88, 0.82, 0.9, 0.7, 0.6, 0.83, 0.83, 0.76, 0.84, 0.84, 0.81, 0.89, 0.84, 0.78, 0.76, 0.58, 0.91, 0.8, 0.78, 0.88, 0.82, 0.81, 0.85, 0.79, 0.9, 0.84, 0.78, 0.83, 0.79, 0.83, 0.83, 0.84, 0.83, 0.86, 0.89, 0.81, 0.82, 0.87, 0.86, 0.85, 0.87, 0.82, 0.91, 0.9, 0.73, 0.87, 0.86, 0.84, 0.81, 0.83, 0.81, 0.85, 0.83, 0.77, 0.87, 0.9, 0.85, 0.76, 0.77, 0.89, 0.76, 0.73, 0.87, 0.79, 0.59, 0.78, 0.88, 0.58, 0.69, 0.71, 0.86, 0.79, 0.55]",bz_3,"cluster_1, cluster_1"
bz_3_cluster_1_1mer-bz_3_cluster_1_1mer,seed-5_sample-0,170,0.51,0.7912941176470589,"[0.53, 0.52, 0.85, 0.6, 0.69, 0.63, 0.83, 0.79, 0.6, 0.83, 0.84, 0.58, 0.77, 0.89, 0.77, 0.81, 0.85, 0.86, 0.86, 0.86, 0.75, 0.82, 0.72, 0.84, 0.82, 0.51, 0.84, 0.79, 0.9, 0.91, 0.83, 0.8, 0.83, 0.87, 0.87, 0.84, 0.81, 0.77, 0.79, 0.81, 0.76, 0.88, 0.84, 0.77, 0.8, 0.87, 0.91, 0.89, 0.82, 0.86, 0.9, 0.83, 0.82, 0.88, 0.89, 0.83, 0.75, 0.82, 0.8, 0.76, 0.89, 0.83, 0.83, 0.73, 0.59, 0.78, 0.88, 0.88, 0.83, 0.84, 0.84, 0.78, 0.88, 0.56, 0.71, 0.75, 0.82, 0.73, 0.84, 0.9, 0.7, 0.86, 0.7, 0.8, 0.55, 0.53, 0.52, 0.85, 0.6, 0.63, 0.75, 0.73, 0.84, 0.69, 0.83, 0.79, 0.88, 0.82, 0.9, 0.7, 0.6, 0.83, 0.83, 0.76, 0.84, 0.84, 0.82, 0.9, 0.83, 0.77, 0.76, 0.58, 0.91, 0.8, 0.79, 0.88, 0.82, 0.81, 0.84, 0.8, 0.89, 0.84, 0.77, 0.83, 0.8, 0.83, 0.83, 0.83, 0.83, 0.87, 0.89, 0.82, 0.82, 0.88, 0.86, 0.84, 0.87, 0.81, 0.91, 0.9, 0.72, 0.87, 0.86, 0.84, 0.79, 0.84, 0.81, 0.86, 0.82, 0.77, 0.86, 0.51, 0.89, 0.85, 0.75, 0.77, 0.89, 0.75, 0.73, 0.88, 0.78, 0.59, 0.78, 0.88, 0.56, 0.7, 0.71, 0.86, 0.8, 0.55]",bz_3,"cluster_1, cluster_1"
bz_3_cluster_1_1mer-bz_3_cluster_1_1mer,seed-6_sample-0,168,0.52,0.7939285714285714,"[0.54, 0.52, 0.85, 0.59, 0.69, 0.62, 0.83, 0.78, 0.6, 0.83, 0.83, 0.59, 0.78, 0.9, 0.77, 0.81, 0.85, 0.86, 0.86, 0.86, 0.75, 0.8, 0.73, 0.83, 0.82, 0.85, 0.8, 0.9, 0.9, 0.84, 0.79, 0.83, 0.87, 0.87, 0.82, 0.82, 0.78, 0.78, 0.81, 0.77, 0.89, 0.84, 0.78, 0.79, 0.87, 0.91, 0.89, 0.83, 0.86, 0.91, 0.83, 0.81, 0.88, 0.89, 0.83, 0.75, 0.82, 0.79, 0.75, 0.89, 0.83, 0.84, 0.73, 0.58, 0.78, 0.87, 0.88, 0.82, 0.85, 0.84, 0.78, 0.88, 0.55, 0.71, 0.75, 0.82, 0.72, 0.84, 0.9, 0.7, 0.86, 0.69, 0.79, 0.55, 0.54, 0.52, 0.85, 0.59, 0.62, 0.75, 0.72, 0.84, 0.69, 0.83, 0.78, 0.88, 0.82, 0.9, 0.7, 0.6, 0.83, 0.82, 0.75, 0.85, 0.83, 0.8, 0.9, 0.84, 0.78, 0.77, 0.59, 0.9, 0.79, 0.78, 0.89, 0.82, 0.81, 0.84, 0.79, 0.89, 0.84, 0.78, 0.83, 0.79, 0.83, 0.83, 0.84, 0.83, 0.87, 0.89, 0.81, 0.83, 0.88, 0.86, 0.85, 0.87, 0.82, 0.91, 0.91, 0.73, 0.87, 0.86, 0.83, 0.8, 0.82, 0.81, 0.86, 0.82, 0.78, 0.86, 0.9, 0.85, 0.75, 0.77, 0.89, 0.75, 0.73, 0.87, 0.78, 0.58, 0.78, 0.88, 0.55, 0.69, 0.71, 0.86, 0.79, 0.55]",bz_3,"cluster_1, cluster_1"
bz_3_cluster_1_1mer-bz_3_cluster_1_1mer,seed-3_sample-0,168,0.52,0.7933333333333333,"[0.53, 0.52, 0.85, 0.59, 0.69, 0.61, 0.83, 0.78, 0.6, 0.83, 0.83, 0.58, 0.78, 0.89, 0.77, 0.81, 0.84, 0.86, 0.86, 0.86, 0.76, 0.81, 0.72, 0.83, 0.82, 0.85, 0.8, 0.9, 0.9, 0.84, 0.79, 0.83, 0.87, 0.88, 0.83, 0.81, 0.78, 0.78, 0.81, 0.75, 0.88, 0.85, 0.76, 0.79, 0.87, 0.91, 0.89, 0.82, 0.86, 0.9, 0.83, 0.82, 0.87, 0.89, 0.83, 0.75, 0.82, 0.79, 0.76, 0.9, 0.82, 0.83, 0.73, 0.59, 0.78, 0.88, 0.88, 0.82, 0.84, 0.84, 0.78, 0.88, 0.56, 0.72, 0.75, 0.82, 0.72, 0.84, 0.9, 0.7, 0.86, 0.69, 0.8, 0.55, 0.53, 0.52, 0.85, 0.59, 0.61, 0.75, 0.72, 0.84, 0.69, 0.83, 0.78, 0.88, 0.82, 0.9, 0.7, 0.6, 0.83, 0.82, 0.76, 0.84, 0.83, 0.81, 0.9, 0.84, 0.78, 0.75, 0.58, 0.9, 0.79, 0.78, 0.88, 0.82, 0.81, 0.85, 0.79, 0.9, 0.84, 0.76, 0.82, 0.79, 0.83, 0.83, 0.83, 0.83, 0.87, 0.89, 0.82, 0.82, 0.87, 0.86, 0.85, 0.87, 0.81, 0.91, 0.9, 0.72, 0.88, 0.86, 0.83, 0.8, 0.83, 0.81, 0.86, 0.82, 0.78, 0.86, 0.89, 0.84, 0.76, 0.77, 0.89, 0.75, 0.73, 0.88, 0.78, 0.59, 0.78, 0.88, 0.56, 0.69, 0.72, 0.86, 0.8, 0.55]",bz_3,"cluster_1, cluster_1"
bz_3_cluster_1_1mer-bz_3_cluster_1_1mer,seed-1_sample-0,168,0.53,0.793452380952381,"[0.54, 0.53, 0.85, 0.59, 0.69, 0.63, 0.83, 0.78, 0.6, 0.83, 0.84, 0.57, 0.78, 0.9, 0.77, 0.81, 0.85, 0.86, 0.86, 0.86, 0.75, 0.81, 0.72, 0.83, 0.83, 0.85, 0.8, 0.89, 0.91, 0.84, 0.79, 0.82, 0.86, 0.87, 0.83, 0.82, 0.78, 0.76, 0.81, 0.76, 0.88, 0.84, 0.77, 0.8, 0.87, 0.91, 0.89, 0.82, 0.86, 0.9, 0.82, 0.82, 0.87, 0.89, 0.83, 0.75, 0.82, 0.79, 0.76, 0.89, 0.82, 0.83, 0.73, 0.6, 0.77, 0.87, 0.88, 0.82, 0.84, 0.83, 0.78, 0.88, 0.58, 0.71, 0.75, 0.82, 0.72, 0.84, 0.9, 0.7, 0.87, 0.69, 0.79, 0.55, 0.54, 0.53, 0.85, 0.59, 0.63, 0.75, 0.72, 0.84, 0.69, 0.83, 0.78, 0.88, 0.82, 0.9, 0.7, 0.6, 0.83, 0.82, 0.76, 0.84, 0.84, 0.81, 0.89, 0.84, 0.78, 0.76, 0.57, 0.91, 0.79, 0.76, 0.88, 0.82, 0.81, 0.84, 0.79, 0.89, 0.83, 0.77, 0.82, 0.8, 0.82, 0.83, 0.83, 0.82, 0.87, 0.89, 0.82, 0.82, 0.87, 0.86, 0.85, 0.86, 0.82, 0.91, 0.9, 0.72, 0.87, 0.86, 0.83, 0.8, 0.83, 0.81, 0.86, 0.83, 0.78, 0.86, 0.9, 0.85, 0.75, 0.77, 0.89, 0.75, 0.73, 0.87, 0.78, 0.6, 0.77, 0.88, 0.58, 0.69, 0.71, 0.87, 0.79, 0.55]",bz_3,"cluster_1, cluster_1"
bz_3_cluster_1_1mer-bz_3_cluster_1_1mer,seed-7_sample-0,168,0.53,0.7939285714285714,"[0.53, 0.53, 0.85, 0.59, 0.69, 0.61, 0.83, 0.78, 0.61, 0.83, 0.83, 0.59, 0.78, 0.9, 0.77, 0.81, 0.85, 0.86, 0.86, 0.86, 0.75, 0.81, 0.73, 0.84, 0.83, 0.85, 0.8, 0.89, 0.9, 0.84, 0.8, 0.82, 0.87, 0.87, 0.83, 0.82, 0.78, 0.77, 0.81, 0.75, 0.88, 0.85, 0.77, 0.8, 0.88, 0.91, 0.88, 0.83, 0.86, 0.9, 0.83, 0.81, 0.87, 0.89, 0.83, 0.75, 0.82, 0.79, 0.76, 0.89, 0.82, 0.84, 0.73, 0.58, 0.78, 0.88, 0.87, 0.82, 0.84, 0.84, 0.78, 0.88, 0.56, 0.72, 0.75, 0.82, 0.72, 0.84, 0.9, 0.7, 0.86, 0.69, 0.8, 0.55, 0.53, 0.53, 0.85, 0.59, 0.61, 0.75, 0.72, 0.84, 0.69, 0.83, 0.78, 0.87, 0.82, 0.9, 0.7, 0.61, 0.83, 0.82, 0.76, 0.84, 0.83, 0.81, 0.89, 0.84, 0.78, 0.75, 0.59, 0.9, 0.8, 0.77, 0.88, 0.82, 0.81, 0.85, 0.79, 0.89, 0.84, 0.77, 0.82, 0.8, 0.83, 0.83, 0.84, 0.82, 0.88, 0.88, 0.81, 0.83, 0.87, 0.86, 0.85, 0.87, 0.82, 0.91, 0.9, 0.73, 0.87, 0.86, 0.84, 0.8, 0.83, 0.81, 0.86, 0.83, 0.78, 0.86, 0.9, 0.85, 0.75, 0.77, 0.89, 0.75, 0.73, 0.88, 0.78, 0.58, 0.78, 0.88, 0.56, 0.69, 0.72, 0.86, 0.8, 0.55]",bz_3,"cluster_1, cluster_1"
bz_3_cluster_6_1mer-bz_3_cluster_6_1mer,seed-8_sample-0,156,0.51,0.6820512820512821,"[0.7, 0.7, 0.58, 0.69, 0.8, 0.72, 0.87, 0.72, 0.79, 0.84, 0.78, 0.8, 0.77, 0.85, 0.82, 0.76, 0.76, 0.82, 0.8, 0.71, 0.8, 0.74, 0.7, 0.71, 0.69, 0.86, 0.79, 0.79, 0.73, 0.84, 0.78, 0.85, 0.7, 0.78, 0.82, 0.81, 0.77, 0.79, 0.79, 0.7, 0.75, 0.75, 0.55, 0.7, 0.79, 0.55, 0.59, 0.72, 0.53, 0.54, 0.54, 0.61, 0.51, 0.52, 0.51, 0.58, 0.62, 0.57, 0.62, 0.51, 0.62, 0.59, 0.63, 0.56, 0.55, 0.57, 0.59, 0.57, 0.58, 0.58, 0.57, 0.58, 0.6, 0.57, 0.59, 0.6, 0.54, 0.53, 0.71, 0.7, 0.59, 0.69, 0.79, 0.72, 0.86, 0.73, 0.79, 0.84, 0.78, 0.79, 0.78, 0.85, 0.82, 0.77, 0.75, 0.81, 0.79, 0.7, 0.79, 0.75, 0.7, 0.7, 0.69, 0.87, 0.79, 0.8, 0.72, 0.84, 0.77, 0.85, 0.71, 0.78, 0.82, 0.82, 0.76, 0.8, 0.8, 0.7, 0.74, 0.76, 0.55, 0.7, 0.8, 0.55, 0.58, 0.72, 0.53, 0.54, 0.54, 0.61, 0.52, 0.51, 0.51, 0.57, 0.62, 0.58, 0.62, 0.51, 0.63, 0.59, 0.62, 0.57, 0.57, 0.56, 0.59, 0.55, 0.57, 0.59, 0.58, 0.57, 0.6, 0.58, 0.58, 0.6, 0.53, 0.54]",bz_3,"cluster_6, cluster_6"
bz_3_cluster_6_1mer-bz_3_cluster_6_1mer,seed-10_sample-0,144,0.51,0.6722222222222223,"[0.69, 0.7, 0.58, 0.65, 0.77, 0.7, 0.86, 0.7, 0.77, 0.83, 0.77, 0.78, 0.75, 0.83, 0.8, 0.74, 0.74, 0.79, 0.77, 0.69, 0.77, 0.73, 0.68, 0.69, 0.65, 0.85, 0.78, 0.78, 0.7, 0.83, 0.75, 0.83, 0.69, 0.76, 0.79, 0.79, 0.75, 0.75, 0.76, 0.67, 0.73, 0.74, 0.69, 0.78, 0.51, 0.58, 0.69, 0.52, 0.54, 0.57, 0.56, 0.59, 0.54, 0.59, 0.6, 0.53, 0.59, 0.54, 0.53, 0.55, 0.54, 0.54, 0.55, 0.55, 0.54, 0.55, 0.56, 0.55, 0.55, 0.57, 0.51, 0.51, 0.69, 0.69, 0.58, 0.65, 0.78, 0.69, 0.85, 0.7, 0.78, 0.83, 0.76, 0.78, 0.75, 0.83, 0.79, 0.75, 0.74, 0.79, 0.75, 0.69, 0.76, 0.73, 0.67, 0.69, 0.65, 0.86, 0.77, 0.78, 0.7, 0.83, 0.75, 0.83, 0.69, 0.77, 0.8, 0.79, 0.74, 0.77, 0.77, 0.68, 0.73, 0.74, 0.51, 0.7, 0.77, 0.58, 0.7, 0.54, 0.52, 0.57, 0.54, 0.59, 0.56, 0.59, 0.59, 0.54, 0.6, 0.55, 0.54, 0.54, 0.53, 0.53, 0.54, 0.55, 0.55, 0.55, 0.57, 0.55, 0.55, 0.56, 0.51, 0.51]",bz_3,"cluster_6, cluster_6"
bz_3_cluster_6_1mer-bz_3_cluster_6_1mer,seed-9_sample-0,96,0.55,0.7518750000000001,"[0.7, 0.69, 0.59, 0.67, 0.78, 0.73, 0.86, 0.72, 0.79, 0.84, 0.79, 0.8, 0.77, 0.86, 0.82, 0.76, 0.76, 0.82, 0.8, 0.71, 0.8, 0.75, 0.7, 0.7, 0.69, 0.87, 0.79, 0.79, 0.73, 0.85, 0.77, 0.85, 0.71, 0.79, 0.81, 0.81, 0.76, 0.78, 0.78, 0.69, 0.74, 0.76, 0.55, 0.7, 0.78, 0.56, 0.59, 0.73, 0.7, 0.7, 0.59, 0.69, 0.78, 0.73, 0.87, 0.73, 0.79, 0.85, 0.79, 0.79, 0.77, 0.85, 0.81, 0.76, 0.76, 0.81, 0.78, 0.71, 0.78, 0.74, 0.69, 0.7, 0.67, 0.86, 0.79, 0.8, 0.72, 0.84, 0.77, 0.86, 0.71, 0.79, 0.82, 0.82, 0.76, 0.8, 0.8, 0.7, 0.75, 0.76, 0.56, 0.69, 0.78, 0.55, 0.59, 0.73]",bz_3,"cluster_6, cluster_6"
bz_3_cluster_6_1mer-bz_3_cluster_6_1mer,seed-4_sample-0,172,0.51,0.6713953488372092,"[0.7, 0.7, 0.54, 0.64, 0.76, 0.73, 0.85, 0.71, 0.78, 0.83, 0.78, 0.78, 0.76, 0.84, 0.81, 0.76, 0.74, 0.82, 0.78, 0.69, 0.78, 0.73, 0.67, 0.7, 0.64, 0.85, 0.77, 0.78, 0.71, 0.84, 0.75, 0.83, 0.69, 0.78, 0.81, 0.8, 0.77, 0.78, 0.76, 0.67, 0.72, 0.73, 0.51, 0.6, 0.69, 0.76, 0.52, 0.6, 0.54, 0.73, 0.55, 0.51, 0.53, 0.59, 0.6, 0.53, 0.53, 0.67, 0.57, 0.57, 0.54, 0.61, 0.66, 0.61, 0.66, 0.59, 0.65, 0.61, 0.66, 0.6, 0.61, 0.52, 0.59, 0.61, 0.6, 0.61, 0.6, 0.6, 0.59, 0.61, 0.52, 0.59, 0.61, 0.61, 0.57, 0.55, 0.7, 0.69, 0.54, 0.64, 0.76, 0.73, 0.85, 0.71, 0.77, 0.84, 0.78, 0.78, 0.75, 0.83, 0.81, 0.77, 0.73, 0.8, 0.78, 0.69, 0.76, 0.72, 0.67, 0.7, 0.64, 0.85, 0.78, 0.78, 0.71, 0.83, 0.76, 0.84, 0.69, 0.78, 0.81, 0.82, 0.76, 0.78, 0.78, 0.67, 0.73, 0.74, 0.52, 0.6, 0.7, 0.76, 0.51, 0.6, 0.54, 0.73, 0.55, 0.53, 0.51, 0.6, 0.59, 0.53, 0.53, 0.67, 0.57, 0.57, 0.54, 0.61, 0.66, 0.61, 0.66, 0.59, 0.66, 0.61, 0.65, 0.59, 0.6, 0.52, 0.6, 0.61, 0.61, 0.6, 0.61, 0.61, 0.59, 0.61, 0.52, 0.59, 0.6, 0.61, 0.55, 0.57]",bz_3,"cluster_6, cluster_6"
bz_3_cluster_6_1mer-bz_3_cluster_6_1mer,seed-2_sample-0,158,0.51,0.6894936708860759,"[0.71, 0.71, 0.59, 0.69, 0.8, 0.74, 0.86, 0.73, 0.8, 0.84, 0.79, 0.8, 0.78, 0.86, 0.82, 0.77, 0.77, 0.83, 0.79, 0.72, 0.81, 0.75, 0.71, 0.72, 0.7, 0.87, 0.8, 0.8, 0.74, 0.84, 0.78, 0.86, 0.72, 0.79, 0.82, 0.83, 0.77, 0.8, 0.8, 0.71, 0.75, 0.76, 0.57, 0.71, 0.8, 0.57, 0.6, 0.74, 0.53, 0.51, 0.57, 0.57, 0.64, 0.55, 0.54, 0.51, 0.59, 0.64, 0.59, 0.64, 0.54, 0.63, 0.59, 0.63, 0.58, 0.59, 0.58, 0.59, 0.58, 0.58, 0.59, 0.57, 0.57, 0.6, 0.58, 0.59, 0.6, 0.54, 0.54, 0.72, 0.71, 0.6, 0.7, 0.8, 0.74, 0.87, 0.74, 0.8, 0.84, 0.79, 0.8, 0.78, 0.86, 0.82, 0.77, 0.76, 0.83, 0.8, 0.72, 0.8, 0.75, 0.71, 0.71, 0.69, 0.86, 0.8, 0.8, 0.73, 0.84, 0.78, 0.86, 0.72, 0.79, 0.82, 0.83, 0.77, 0.79, 0.81, 0.71, 0.75, 0.77, 0.57, 0.71, 0.8, 0.57, 0.59, 0.74, 0.53, 0.51, 0.57, 0.57, 0.64, 0.54, 0.55, 0.51, 0.59, 0.64, 0.59, 0.64, 0.54, 0.63, 0.59, 0.63, 0.58, 0.58, 0.58, 0.59, 0.59, 0.57, 0.59, 0.58, 0.58, 0.6, 0.57, 0.59, 0.6, 0.54, 0.54]",bz_3,"cluster_6, cluster_6"
bz_3_cluster_6_1mer-bz_3_cluster_6_1mer,seed-5_sample-0,174,0.51,0.7033333333333333,"[0.71, 0.72, 0.61, 0.68, 0.79, 0.74, 0.87, 0.73, 0.8, 0.85, 0.79, 0.8, 0.78, 0.85, 0.82, 0.76, 0.76, 0.83, 0.79, 0.72, 0.8, 0.75, 0.7, 0.72, 0.68, 0.87, 0.8, 0.8, 0.73, 0.85, 0.78, 0.85, 0.71, 0.8, 0.82, 0.83, 0.76, 0.79, 0.79, 0.71, 0.75, 0.76, 0.54, 0.72, 0.8, 0.54, 0.62, 0.74, 0.58, 0.57, 0.58, 0.64, 0.63, 0.56, 0.58, 0.75, 0.62, 0.62, 0.57, 0.66, 0.72, 0.65, 0.71, 0.71, 0.71, 0.69, 0.72, 0.65, 0.66, 0.55, 0.66, 0.69, 0.67, 0.55, 0.66, 0.67, 0.66, 0.51, 0.64, 0.68, 0.56, 0.63, 0.67, 0.68, 0.6, 0.6, 0.52, 0.72, 0.72, 0.62, 0.68, 0.8, 0.74, 0.87, 0.73, 0.8, 0.85, 0.8, 0.8, 0.78, 0.85, 0.82, 0.76, 0.76, 0.83, 0.79, 0.71, 0.79, 0.75, 0.71, 0.71, 0.68, 0.87, 0.8, 0.8, 0.73, 0.85, 0.78, 0.85, 0.72, 0.79, 0.82, 0.83, 0.76, 0.79, 0.8, 0.7, 0.75, 0.76, 0.54, 0.72, 0.79, 0.54, 0.61, 0.74, 0.58, 0.58, 0.57, 0.63, 0.64, 0.58, 0.56, 0.75, 0.62, 0.62, 0.57, 0.65, 0.71, 0.66, 0.72, 0.71, 0.72, 0.69, 0.71, 0.66, 0.67, 0.56, 0.65, 0.69, 0.66, 0.55, 0.66, 0.67, 0.66, 0.51, 0.63, 0.68, 0.55, 0.64, 0.67, 0.68, 0.6, 0.6, 0.52]",bz_3,"cluster_6, cluster_6"
bz_3_cluster_6_1mer-bz_3_cluster_6_1mer,seed-6_sample-0,172,0.52,0.6901162790697675,"[0.7, 0.69, 0.56, 0.64, 0.77, 0.72, 0.85, 0.7, 0.78, 0.83, 0.77, 0.78, 0.76, 0.83, 0.8, 0.75, 0.74, 0.8, 0.78, 0.69, 0.77, 0.72, 0.67, 0.69, 0.66, 0.86, 0.78, 0.78, 0.7, 0.83, 0.75, 0.83, 0.69, 0.77, 0.8, 0.8, 0.75, 0.77, 0.76, 0.66, 0.72, 0.74, 0.57, 0.69, 0.76, 0.56, 0.57, 0.73, 0.58, 0.56, 0.59, 0.63, 0.62, 0.57, 0.57, 0.73, 0.62, 0.62, 0.58, 0.65, 0.71, 0.65, 0.71, 0.69, 0.7, 0.69, 0.69, 0.64, 0.65, 0.55, 0.65, 0.68, 0.66, 0.54, 0.65, 0.67, 0.65, 0.52, 0.63, 0.67, 0.55, 0.62, 0.67, 0.67, 0.6, 0.6, 0.69, 0.69, 0.57, 0.66, 0.76, 0.73, 0.86, 0.7, 0.78, 0.83, 0.77, 0.78, 0.75, 0.83, 0.8, 0.75, 0.74, 0.8, 0.77, 0.69, 0.76, 0.72, 0.66, 0.7, 0.64, 0.85, 0.78, 0.78, 0.7, 0.83, 0.76, 0.83, 0.69, 0.77, 0.8, 0.8, 0.75, 0.78, 0.77, 0.67, 0.72, 0.74, 0.56, 0.69, 0.77, 0.57, 0.56, 0.72, 0.58, 0.59, 0.56, 0.62, 0.63, 0.57, 0.57, 0.73, 0.62, 0.62, 0.58, 0.65, 0.71, 0.65, 0.71, 0.69, 0.69, 0.68, 0.7, 0.65, 0.66, 0.55, 0.64, 0.69, 0.65, 0.54, 0.65, 0.67, 0.65, 0.52, 0.62, 0.67, 0.55, 0.63, 0.67, 0.67, 0.6, 0.6]",bz_3,"cluster_6, cluster_6"
bz_3_cluster_6_1mer-bz_3_cluster_6_1mer,seed-3_sample-0,146,0.51,0.6872602739726028,"[0.71, 0.72, 0.58, 0.7, 0.81, 0.74, 0.87, 0.73, 0.8, 0.84, 0.79, 0.8, 0.78, 0.86, 0.83, 0.77, 0.76, 0.83, 0.8, 0.71, 0.81, 0.75, 0.7, 0.72, 0.69, 0.87, 0.8, 0.8, 0.73, 0.85, 0.77, 0.85, 0.71, 0.79, 0.81, 0.82, 0.77, 0.79, 0.8, 0.7, 0.75, 0.76, 0.63, 0.72, 0.81, 0.62, 0.59, 0.73, 0.51, 0.53, 0.52, 0.57, 0.51, 0.56, 0.58, 0.56, 0.58, 0.58, 0.53, 0.58, 0.54, 0.54, 0.55, 0.52, 0.53, 0.53, 0.53, 0.53, 0.54, 0.56, 0.53, 0.53, 0.56, 0.72, 0.72, 0.59, 0.69, 0.81, 0.73, 0.87, 0.73, 0.8, 0.85, 0.79, 0.8, 0.77, 0.85, 0.81, 0.77, 0.76, 0.82, 0.79, 0.71, 0.8, 0.75, 0.7, 0.71, 0.7, 0.87, 0.8, 0.8, 0.73, 0.84, 0.78, 0.86, 0.71, 0.79, 0.83, 0.83, 0.77, 0.8, 0.81, 0.7, 0.75, 0.76, 0.51, 0.62, 0.72, 0.81, 0.63, 0.58, 0.74, 0.52, 0.53, 0.57, 0.51, 0.56, 0.58, 0.56, 0.58, 0.58, 0.52, 0.58, 0.55, 0.53, 0.54, 0.53, 0.54, 0.53, 0.53, 0.53, 0.53, 0.56, 0.54, 0.53, 0.56]",bz_3,"cluster_6, cluster_6"
bz_3_cluster_6_1mer-bz_3_cluster_6_1mer,seed-1_sample-0,150,0.51,0.6654666666666667,"[0.69, 0.66, 0.54, 0.67, 0.76, 0.69, 0.86, 0.7, 0.77, 0.81, 0.76, 0.79, 0.75, 0.82, 0.8, 0.74, 0.73, 0.79, 0.76, 0.68, 0.78, 0.72, 0.66, 0.68, 0.66, 0.86, 0.76, 0.78, 0.71, 0.82, 0.75, 0.83, 0.69, 0.75, 0.8, 0.79, 0.75, 0.76, 0.76, 0.65, 0.72, 0.73, 0.57, 0.66, 0.77, 0.57, 0.54, 0.68, 0.52, 0.53, 0.58, 0.51, 0.51, 0.57, 0.6, 0.56, 0.6, 0.61, 0.55, 0.6, 0.56, 0.54, 0.55, 0.54, 0.54, 0.55, 0.55, 0.55, 0.55, 0.57, 0.54, 0.56, 0.57, 0.52, 0.51, 0.68, 0.66, 0.54, 0.66, 0.77, 0.68, 0.86, 0.71, 0.76, 0.82, 0.75, 0.78, 0.75, 0.83, 0.8, 0.75, 0.73, 0.79, 0.76, 0.69, 0.76, 0.72, 0.65, 0.69, 0.67, 0.86, 0.77, 0.79, 0.7, 0.81, 0.75, 0.82, 0.68, 0.76, 0.8, 0.79, 0.74, 0.76, 0.78, 0.66, 0.72, 0.73, 0.57, 0.66, 0.76, 0.57, 0.54, 0.69, 0.53, 0.52, 0.58, 0.51, 0.51, 0.56, 0.6, 0.57, 0.6, 0.6, 0.54, 0.61, 0.55, 0.54, 0.56, 0.55, 0.54, 0.55, 0.56, 0.55, 0.54, 0.57, 0.55, 0.55, 0.57, 0.51, 0.52]",bz_3,"cluster_6, cluster_6"
bz_3_cluster_6_1mer-bz_3_cluster_6_1mer,seed-7_sample-0,156,0.51,0.678974358974359,"[0.69, 0.7, 0.58, 0.66, 0.77, 0.69, 0.86, 0.71, 0.78, 0.84, 0.77, 0.79, 0.76, 0.85, 0.81, 0.75, 0.75, 0.82, 0.79, 0.71, 0.78, 0.74, 0.7, 0.7, 0.66, 0.86, 0.78, 0.79, 0.71, 0.84, 0.75, 0.84, 0.7, 0.77, 0.81, 0.81, 0.75, 0.79, 0.78, 0.69, 0.74, 0.75, 0.52, 0.7, 0.77, 0.53, 0.58, 0.7, 0.51, 0.54, 0.55, 0.63, 0.52, 0.53, 0.53, 0.59, 0.64, 0.58, 0.64, 0.55, 0.63, 0.59, 0.64, 0.57, 0.57, 0.57, 0.59, 0.58, 0.58, 0.59, 0.58, 0.58, 0.6, 0.58, 0.6, 0.6, 0.54, 0.54, 0.7, 0.7, 0.58, 0.66, 0.77, 0.7, 0.86, 0.71, 0.78, 0.84, 0.77, 0.79, 0.75, 0.84, 0.81, 0.75, 0.75, 0.81, 0.79, 0.7, 0.78, 0.74, 0.69, 0.69, 0.66, 0.86, 0.78, 0.79, 0.71, 0.84, 0.76, 0.85, 0.71, 0.77, 0.81, 0.82, 0.75, 0.79, 0.78, 0.7, 0.74, 0.75, 0.53, 0.7, 0.77, 0.52, 0.58, 0.69, 0.51, 0.55, 0.54, 0.63, 0.53, 0.52, 0.53, 0.58, 0.64, 0.59, 0.64, 0.55, 0.64, 0.59, 0.63, 0.57, 0.58, 0.57, 0.59, 0.57, 0.58, 0.6, 0.58, 0.58, 0.6, 0.58, 0.59, 0.6, 0.54, 0.54]",bz_3,"cluster_6, cluster_6"
bz_3_cluster_5_1mer-bz_3_cluster_5_1mer,seed-8_sample-0,110,0.52,0.6920000000000001,"[0.68, 0.74, 0.64, 0.6, 0.75, 0.73, 0.81, 0.66, 0.72, 0.8, 0.72, 0.52, 0.82, 0.72, 0.73, 0.7, 0.76, 0.75, 0.74, 0.61, 0.52, 0.68, 0.64, 0.69, 0.52, 0.68, 0.73, 0.64, 0.76, 0.59, 0.74, 0.81, 0.71, 0.8, 0.52, 0.73, 0.67, 0.72, 0.82, 0.7, 0.79, 0.76, 0.73, 0.75, 0.75, 0.61, 0.64, 0.61, 0.52, 0.68, 0.69, 0.53, 0.8, 0.72, 0.61, 0.68, 0.73, 0.64, 0.59, 0.76, 0.74, 0.81, 0.67, 0.71, 0.8, 0.72, 0.52, 0.82, 0.73, 0.73, 0.7, 0.76, 0.75, 0.75, 0.61, 0.52, 0.68, 0.64, 0.69, 0.52, 0.68, 0.74, 0.64, 0.75, 0.6, 0.73, 0.81, 0.72, 0.8, 0.52, 0.73, 0.66, 0.72, 0.82, 0.7, 0.79, 0.76, 0.72, 0.75, 0.74, 0.61, 0.64, 0.61, 0.52, 0.68, 0.69, 0.53, 0.8, 0.72, 0.61]",bz_3,"cluster_5, cluster_5"
bz_3_cluster_5_1mer-bz_3_cluster_5_1mer,seed-10_sample-0,106,0.51,0.6890566037735848,"[0.68, 0.73, 0.62, 0.58, 0.75, 0.73, 0.81, 0.66, 0.7, 0.79, 0.71, 0.51, 0.82, 0.72, 0.72, 0.69, 0.75, 0.74, 0.74, 0.6, 0.51, 0.67, 0.63, 0.67, 0.67, 0.72, 0.63, 0.75, 0.58, 0.73, 0.81, 0.7, 0.79, 0.51, 0.72, 0.65, 0.71, 0.82, 0.69, 0.77, 0.75, 0.72, 0.74, 0.73, 0.59, 0.63, 0.61, 0.66, 0.68, 0.51, 0.8, 0.71, 0.61, 0.67, 0.72, 0.63, 0.58, 0.75, 0.73, 0.81, 0.65, 0.7, 0.79, 0.71, 0.51, 0.82, 0.72, 0.72, 0.69, 0.75, 0.74, 0.73, 0.59, 0.66, 0.63, 0.68, 0.68, 0.73, 0.62, 0.75, 0.58, 0.73, 0.81, 0.7, 0.79, 0.51, 0.72, 0.66, 0.71, 0.82, 0.69, 0.77, 0.75, 0.72, 0.74, 0.74, 0.6, 0.63, 0.61, 0.51, 0.67, 0.67, 0.51, 0.8, 0.71, 0.61]",bz_3,"cluster_5, cluster_5"
bz_3_cluster_5_1mer-bz_3_cluster_5_1mer,seed-9_sample-0,108,0.51,0.6870370370370369,"[0.67, 0.72, 0.63, 0.59, 0.75, 0.74, 0.81, 0.66, 0.7, 0.79, 0.71, 0.51, 0.82, 0.71, 0.72, 0.69, 0.75, 0.74, 0.75, 0.6, 0.52, 0.67, 0.63, 0.67, 0.66, 0.72, 0.63, 0.75, 0.58, 0.73, 0.81, 0.71, 0.8, 0.52, 0.72, 0.66, 0.71, 0.81, 0.69, 0.77, 0.75, 0.71, 0.74, 0.74, 0.6, 0.63, 0.62, 0.51, 0.67, 0.68, 0.52, 0.79, 0.71, 0.61, 0.66, 0.72, 0.63, 0.58, 0.75, 0.73, 0.81, 0.66, 0.71, 0.8, 0.71, 0.52, 0.81, 0.71, 0.72, 0.69, 0.75, 0.74, 0.74, 0.6, 0.51, 0.67, 0.63, 0.68, 0.67, 0.72, 0.63, 0.75, 0.59, 0.74, 0.81, 0.7, 0.79, 0.51, 0.72, 0.66, 0.71, 0.82, 0.69, 0.77, 0.75, 0.71, 0.74, 0.75, 0.6, 0.63, 0.62, 0.52, 0.67, 0.67, 0.52, 0.79, 0.71, 0.61]",bz_3,"cluster_5, cluster_5"
bz_3_cluster_5_1mer-bz_3_cluster_5_1mer,seed-4_sample-0,108,0.52,0.6968518518518517,"[0.69, 0.74, 0.64, 0.6, 0.75, 0.74, 0.82, 0.67, 0.72, 0.8, 0.73, 0.52, 0.82, 0.72, 0.73, 0.71, 0.77, 0.75, 0.76, 0.61, 0.52, 0.68, 0.65, 0.69, 0.52, 0.68, 0.73, 0.64, 0.75, 0.6, 0.74, 0.82, 0.71, 0.8, 0.52, 0.73, 0.67, 0.72, 0.82, 0.7, 0.79, 0.77, 0.73, 0.75, 0.75, 0.61, 0.64, 0.62, 0.52, 0.67, 0.69, 0.78, 0.69, 0.64, 0.68, 0.73, 0.64, 0.6, 0.75, 0.74, 0.82, 0.67, 0.71, 0.8, 0.72, 0.52, 0.82, 0.73, 0.73, 0.7, 0.77, 0.75, 0.75, 0.61, 0.52, 0.67, 0.64, 0.69, 0.52, 0.69, 0.74, 0.64, 0.75, 0.6, 0.74, 0.82, 0.72, 0.8, 0.52, 0.73, 0.67, 0.73, 0.82, 0.71, 0.79, 0.77, 0.72, 0.75, 0.76, 0.61, 0.65, 0.62, 0.52, 0.68, 0.69, 0.78, 0.69, 0.64]",bz_3,"cluster_5, cluster_5"
bz_3_cluster_5_1mer-bz_3_cluster_5_1mer,seed-2_sample-0,108,0.51,0.6870370370370371,"[0.67, 0.72, 0.63, 0.59, 0.75, 0.73, 0.81, 0.65, 0.71, 0.79, 0.71, 0.51, 0.81, 0.72, 0.72, 0.7, 0.75, 0.74, 0.74, 0.6, 0.51, 0.67, 0.63, 0.67, 0.66, 0.72, 0.63, 0.74, 0.59, 0.73, 0.81, 0.71, 0.8, 0.51, 0.72, 0.65, 0.71, 0.82, 0.69, 0.78, 0.75, 0.72, 0.74, 0.74, 0.6, 0.63, 0.61, 0.51, 0.67, 0.68, 0.52, 0.79, 0.72, 0.62, 0.66, 0.72, 0.63, 0.59, 0.74, 0.73, 0.81, 0.65, 0.71, 0.8, 0.71, 0.51, 0.82, 0.72, 0.72, 0.69, 0.75, 0.74, 0.74, 0.6, 0.51, 0.67, 0.63, 0.68, 0.67, 0.72, 0.63, 0.75, 0.59, 0.73, 0.81, 0.71, 0.79, 0.51, 0.72, 0.65, 0.71, 0.81, 0.7, 0.78, 0.75, 0.72, 0.74, 0.74, 0.6, 0.63, 0.61, 0.51, 0.67, 0.67, 0.52, 0.79, 0.72, 0.62]",bz_3,"cluster_5, cluster_5"
bz_3_cluster_5_1mer-bz_3_cluster_5_1mer,seed-5_sample-0,110,0.51,0.6876363636363638,"[0.68, 0.73, 0.64, 0.59, 0.75, 0.74, 0.81, 0.67, 0.71, 0.79, 0.72, 0.52, 0.82, 0.72, 0.73, 0.7, 0.75, 0.75, 0.74, 0.6, 0.51, 0.67, 0.64, 0.68, 0.51, 0.67, 0.73, 0.63, 0.75, 0.59, 0.74, 0.81, 0.71, 0.8, 0.52, 0.72, 0.67, 0.71, 0.82, 0.7, 0.78, 0.75, 0.72, 0.74, 0.75, 0.6, 0.63, 0.62, 0.51, 0.67, 0.68, 0.51, 0.79, 0.71, 0.62, 0.67, 0.73, 0.63, 0.59, 0.75, 0.74, 0.81, 0.67, 0.71, 0.8, 0.71, 0.52, 0.82, 0.72, 0.72, 0.7, 0.75, 0.74, 0.75, 0.6, 0.51, 0.67, 0.63, 0.68, 0.51, 0.68, 0.73, 0.64, 0.75, 0.59, 0.74, 0.81, 0.71, 0.79, 0.52, 0.73, 0.67, 0.72, 0.82, 0.7, 0.78, 0.75, 0.72, 0.75, 0.74, 0.6, 0.64, 0.62, 0.51, 0.67, 0.68, 0.51, 0.79, 0.71, 0.62]",bz_3,"cluster_5, cluster_5"
bz_3_cluster_5_1mer-bz_3_cluster_5_1mer,seed-6_sample-0,108,0.51,0.6894444444444443,"[0.67, 0.72, 0.63, 0.59, 0.75, 0.74, 0.81, 0.66, 0.71, 0.8, 0.72, 0.52, 0.82, 0.72, 0.72, 0.7, 0.76, 0.74, 0.75, 0.6, 0.51, 0.67, 0.64, 0.68, 0.51, 0.67, 0.73, 0.62, 0.75, 0.59, 0.73, 0.81, 0.7, 0.8, 0.52, 0.72, 0.66, 0.71, 0.82, 0.7, 0.77, 0.75, 0.72, 0.74, 0.74, 0.59, 0.64, 0.62, 0.67, 0.68, 0.52, 0.8, 0.71, 0.61, 0.67, 0.73, 0.62, 0.59, 0.75, 0.73, 0.81, 0.66, 0.7, 0.8, 0.71, 0.52, 0.82, 0.72, 0.72, 0.7, 0.75, 0.74, 0.74, 0.59, 0.67, 0.64, 0.68, 0.51, 0.67, 0.72, 0.63, 0.75, 0.59, 0.74, 0.81, 0.71, 0.8, 0.52, 0.72, 0.66, 0.72, 0.82, 0.7, 0.77, 0.76, 0.72, 0.74, 0.75, 0.6, 0.64, 0.62, 0.51, 0.67, 0.68, 0.52, 0.8, 0.71, 0.61]",bz_3,"cluster_5, cluster_5"
bz_3_cluster_5_1mer-bz_3_cluster_5_1mer,seed-3_sample-0,110,0.51,0.6876363636363635,"[0.67, 0.73, 0.64, 0.59, 0.75, 0.74, 0.82, 0.66, 0.71, 0.8, 0.71, 0.52, 0.82, 0.72, 0.72, 0.7, 0.75, 0.74, 0.74, 0.6, 0.52, 0.68, 0.64, 0.68, 0.51, 0.67, 0.73, 0.64, 0.76, 0.58, 0.73, 0.81, 0.71, 0.8, 0.52, 0.72, 0.66, 0.71, 0.82, 0.7, 0.78, 0.75, 0.72, 0.74, 0.75, 0.6, 0.64, 0.62, 0.51, 0.67, 0.68, 0.52, 0.8, 0.71, 0.61, 0.67, 0.73, 0.64, 0.58, 0.76, 0.73, 0.81, 0.66, 0.71, 0.8, 0.71, 0.52, 0.82, 0.72, 0.72, 0.7, 0.75, 0.74, 0.75, 0.6, 0.51, 0.67, 0.64, 0.68, 0.51, 0.67, 0.73, 0.64, 0.75, 0.59, 0.74, 0.82, 0.71, 0.8, 0.52, 0.72, 0.66, 0.71, 0.82, 0.7, 0.78, 0.75, 0.72, 0.74, 0.74, 0.6, 0.64, 0.62, 0.52, 0.68, 0.68, 0.52, 0.8, 0.71, 0.61]",bz_3,"cluster_5, cluster_5"
bz_3_cluster_5_1mer-bz_3_cluster_5_1mer,seed-1_sample-0,110,0.51,0.6827272727272728,"[0.67, 0.72, 0.63, 0.58, 0.75, 0.73, 0.81, 0.66, 0.7, 0.79, 0.71, 0.51, 0.81, 0.72, 0.72, 0.69, 0.74, 0.74, 0.74, 0.59, 0.51, 0.67, 0.63, 0.67, 0.51, 0.66, 0.72, 0.63, 0.75, 0.58, 0.73, 0.81, 0.71, 0.79, 0.52, 0.72, 0.66, 0.71, 0.82, 0.69, 0.78, 0.75, 0.71, 0.74, 0.73, 0.6, 0.63, 0.61, 0.67, 0.68, 0.51, 0.8, 0.71, 0.62, 0.51, 0.66, 0.72, 0.63, 0.58, 0.75, 0.73, 0.81, 0.66, 0.71, 0.79, 0.71, 0.52, 0.82, 0.71, 0.72, 0.69, 0.75, 0.74, 0.73, 0.6, 0.67, 0.63, 0.68, 0.51, 0.67, 0.72, 0.63, 0.75, 0.58, 0.73, 0.81, 0.7, 0.79, 0.51, 0.72, 0.66, 0.71, 0.81, 0.69, 0.78, 0.74, 0.72, 0.74, 0.74, 0.59, 0.63, 0.61, 0.51, 0.67, 0.67, 0.51, 0.8, 0.71, 0.62, 0.51]",bz_3,"cluster_5, cluster_5"
bz_3_cluster_5_1mer-bz_3_cluster_5_1mer,seed-7_sample-0,108,0.51,0.6883333333333331,"[0.67, 0.73, 0.63, 0.59, 0.75, 0.74, 0.81, 0.66, 0.71, 0.8, 0.71, 0.52, 0.82, 0.72, 0.72, 0.69, 0.75, 0.74, 0.74, 0.6, 0.51, 0.66, 0.63, 0.68, 0.51, 0.67, 0.73, 0.63, 0.75, 0.58, 0.73, 0.81, 0.71, 0.79, 0.51, 0.72, 0.66, 0.72, 0.81, 0.7, 0.78, 0.74, 0.72, 0.74, 0.75, 0.6, 0.63, 0.61, 0.67, 0.68, 0.52, 0.8, 0.71, 0.61, 0.67, 0.73, 0.63, 0.58, 0.75, 0.73, 0.81, 0.66, 0.71, 0.79, 0.72, 0.51, 0.81, 0.72, 0.72, 0.7, 0.74, 0.74, 0.75, 0.6, 0.67, 0.63, 0.68, 0.51, 0.67, 0.73, 0.63, 0.75, 0.59, 0.74, 0.81, 0.71, 0.8, 0.52, 0.72, 0.66, 0.71, 0.82, 0.69, 0.78, 0.75, 0.72, 0.74, 0.74, 0.6, 0.63, 0.61, 0.51, 0.66, 0.68, 0.52, 0.8, 0.71, 0.61]",bz_3,"cluster_5, cluster_5"
bz_3_cluster_4_1mer-bz_3_cluster_4_1mer,seed-8_sample-0,76,0.51,0.6660526315789473,"[0.52, 0.63, 0.76, 0.65, 0.8, 0.54, 0.69, 0.65, 0.81, 0.74, 0.81, 0.64, 0.56, 0.62, 0.75, 0.64, 0.53, 0.73, 0.51, 0.64, 0.77, 0.64, 0.8, 0.64, 0.54, 0.82, 0.56, 0.69, 0.74, 0.8, 0.62, 0.76, 0.53, 0.64, 0.64, 0.74, 0.65, 0.51, 0.52, 0.64, 0.77, 0.64, 0.8, 0.54, 0.69, 0.64, 0.82, 0.74, 0.8, 0.64, 0.56, 0.62, 0.76, 0.64, 0.53, 0.74, 0.51, 0.63, 0.76, 0.65, 0.8, 0.65, 0.54, 0.81, 0.56, 0.69, 0.74, 0.81, 0.62, 0.75, 0.53, 0.64, 0.64, 0.73, 0.65, 0.51]",bz_3,"cluster_4, cluster_4"
bz_3_cluster_4_1mer-bz_3_cluster_4_1mer,seed-10_sample-0,76,0.51,0.6571052631578947,"[0.62, 0.51, 0.76, 0.64, 0.79, 0.53, 0.68, 0.64, 0.8, 0.73, 0.81, 0.62, 0.55, 0.61, 0.75, 0.63, 0.53, 0.71, 0.51, 0.62, 0.76, 0.64, 0.8, 0.65, 0.53, 0.81, 0.55, 0.68, 0.73, 0.8, 0.61, 0.75, 0.53, 0.61, 0.62, 0.72, 0.63, 0.51, 0.62, 0.76, 0.64, 0.8, 0.53, 0.68, 0.65, 0.81, 0.73, 0.8, 0.61, 0.55, 0.61, 0.75, 0.62, 0.53, 0.72, 0.51, 0.62, 0.76, 0.51, 0.64, 0.79, 0.64, 0.53, 0.8, 0.55, 0.68, 0.73, 0.81, 0.61, 0.75, 0.53, 0.62, 0.63, 0.71, 0.63, 0.51]",bz_3,"cluster_4, cluster_4"
bz_3_cluster_4_1mer-bz_3_cluster_4_1mer,seed-9_sample-0,78,0.51,0.6566666666666667,"[0.51, 0.62, 0.51, 0.77, 0.64, 0.79, 0.54, 0.69, 0.63, 0.81, 0.73, 0.81, 0.63, 0.55, 0.61, 0.75, 0.63, 0.52, 0.72, 0.63, 0.77, 0.51, 0.64, 0.79, 0.64, 0.54, 0.81, 0.56, 0.69, 0.73, 0.8, 0.61, 0.76, 0.53, 0.63, 0.64, 0.73, 0.63, 0.51, 0.51, 0.63, 0.51, 0.77, 0.64, 0.79, 0.54, 0.69, 0.64, 0.81, 0.73, 0.8, 0.63, 0.56, 0.61, 0.76, 0.64, 0.53, 0.73, 0.51, 0.62, 0.77, 0.51, 0.64, 0.79, 0.63, 0.54, 0.81, 0.55, 0.69, 0.73, 0.81, 0.61, 0.75, 0.52, 0.63, 0.63, 0.72, 0.63]",bz_3,"cluster_4, cluster_4"
bz_3_cluster_4_1mer-bz_3_cluster_4_1mer,seed-4_sample-0,76,0.51,0.6618421052631579,"[0.51, 0.63, 0.51, 0.76, 0.64, 0.79, 0.54, 0.7, 0.64, 0.81, 0.74, 0.81, 0.63, 0.55, 0.61, 0.75, 0.64, 0.53, 0.73, 0.63, 0.77, 0.51, 0.64, 0.79, 0.64, 0.54, 0.81, 0.55, 0.69, 0.74, 0.81, 0.61, 0.75, 0.53, 0.62, 0.64, 0.73, 0.63, 0.51, 0.63, 0.51, 0.77, 0.64, 0.79, 0.54, 0.69, 0.64, 0.81, 0.74, 0.81, 0.62, 0.55, 0.61, 0.75, 0.64, 0.53, 0.73, 0.63, 0.76, 0.51, 0.64, 0.79, 0.64, 0.54, 0.81, 0.55, 0.7, 0.74, 0.81, 0.61, 0.75, 0.53, 0.63, 0.64, 0.73, 0.63]",bz_3,"cluster_4, cluster_4"
bz_3_cluster_4_1mer-bz_3_cluster_4_1mer,seed-2_sample-0,76,0.51,0.6589473684210528,"[0.51, 0.62, 0.76, 0.64, 0.79, 0.54, 0.69, 0.64, 0.81, 0.74, 0.81, 0.62, 0.55, 0.61, 0.74, 0.63, 0.53, 0.71, 0.52, 0.62, 0.77, 0.64, 0.79, 0.64, 0.54, 0.81, 0.55, 0.68, 0.74, 0.81, 0.61, 0.75, 0.53, 0.62, 0.63, 0.71, 0.63, 0.51, 0.51, 0.62, 0.77, 0.64, 0.79, 0.54, 0.68, 0.64, 0.81, 0.74, 0.81, 0.62, 0.55, 0.61, 0.75, 0.63, 0.53, 0.71, 0.51, 0.62, 0.76, 0.64, 0.79, 0.64, 0.54, 0.81, 0.55, 0.69, 0.74, 0.81, 0.61, 0.74, 0.53, 0.62, 0.63, 0.71, 0.63, 0.52]",bz_3,"cluster_4, cluster_4"
bz_3_cluster_4_1mer-bz_3_cluster_4_1mer,seed-5_sample-0,78,0.51,0.6594871794871795,"[0.51, 0.63, 0.51, 0.77, 0.65, 0.79, 0.54, 0.7, 0.64, 0.82, 0.74, 0.81, 0.63, 0.55, 0.61, 0.75, 0.64, 0.53, 0.73, 0.51, 0.63, 0.77, 0.51, 0.65, 0.8, 0.64, 0.54, 0.81, 0.56, 0.69, 0.74, 0.8, 0.61, 0.75, 0.53, 0.63, 0.63, 0.73, 0.64, 0.51, 0.63, 0.51, 0.77, 0.65, 0.8, 0.54, 0.69, 0.64, 0.81, 0.74, 0.8, 0.63, 0.56, 0.61, 0.75, 0.63, 0.53, 0.73, 0.63, 0.77, 0.51, 0.65, 0.79, 0.64, 0.54, 0.82, 0.55, 0.7, 0.74, 0.81, 0.61, 0.75, 0.53, 0.63, 0.64, 0.73, 0.64, 0.51]",bz_3,"cluster_4, cluster_4"
bz_3_cluster_4_1mer-bz_3_cluster_4_1mer,seed-6_sample-0,76,0.51,0.6623684210526316,"[0.51, 0.63, 0.51, 0.77, 0.65, 0.79, 0.55, 0.7, 0.64, 0.81, 0.74, 0.81, 0.64, 0.56, 0.61, 0.75, 0.63, 0.53, 0.73, 0.63, 0.77, 0.51, 0.64, 0.8, 0.64, 0.54, 0.81, 0.55, 0.69, 0.73, 0.8, 0.61, 0.75, 0.52, 0.63, 0.63, 0.73, 0.63, 0.51, 0.63, 0.51, 0.77, 0.64, 0.8, 0.54, 0.69, 0.64, 0.81, 0.73, 0.8, 0.63, 0.55, 0.61, 0.75, 0.63, 0.52, 0.73, 0.63, 0.77, 0.51, 0.65, 0.79, 0.64, 0.55, 0.81, 0.56, 0.7, 0.74, 0.81, 0.61, 0.75, 0.53, 0.64, 0.63, 0.73, 0.63]",bz_3,"cluster_4, cluster_4"
bz_3_cluster_4_1mer-bz_3_cluster_4_1mer,seed-3_sample-0,80,0.51,0.658,"[0.51, 0.63, 0.51, 0.77, 0.65, 0.8, 0.54, 0.7, 0.64, 0.82, 0.74, 0.81, 0.63, 0.56, 0.62, 0.75, 0.64, 0.54, 0.73, 0.51, 0.63, 0.77, 0.51, 0.64, 0.8, 0.64, 0.55, 0.81, 0.56, 0.69, 0.74, 0.81, 0.62, 0.75, 0.54, 0.63, 0.64, 0.74, 0.64, 0.51, 0.51, 0.63, 0.51, 0.77, 0.64, 0.8, 0.55, 0.69, 0.64, 0.81, 0.74, 0.81, 0.63, 0.56, 0.62, 0.75, 0.64, 0.54, 0.74, 0.51, 0.63, 0.77, 0.51, 0.65, 0.8, 0.64, 0.54, 0.82, 0.56, 0.7, 0.74, 0.81, 0.62, 0.75, 0.54, 0.63, 0.64, 0.73, 0.64, 0.51]",bz_3,"cluster_4, cluster_4"
bz_3_cluster_4_1mer-bz_3_cluster_4_1mer,seed-1_sample-0,82,0.51,0.6558536585365853,"[0.52, 0.63, 0.51, 0.51, 0.77, 0.64, 0.79, 0.55, 0.7, 0.65, 0.82, 0.74, 0.81, 0.64, 0.56, 0.62, 0.76, 0.65, 0.53, 0.73, 0.51, 0.63, 0.77, 0.51, 0.64, 0.8, 0.65, 0.55, 0.81, 0.57, 0.7, 0.74, 0.81, 0.63, 0.75, 0.54, 0.63, 0.64, 0.73, 0.64, 0.51, 0.52, 0.63, 0.51, 0.77, 0.64, 0.8, 0.55, 0.7, 0.65, 0.81, 0.74, 0.81, 0.63, 0.57, 0.63, 0.75, 0.64, 0.54, 0.73, 0.51, 0.63, 0.51, 0.77, 0.51, 0.64, 0.79, 0.65, 0.55, 0.82, 0.56, 0.7, 0.74, 0.81, 0.62, 0.76, 0.53, 0.64, 0.65, 0.73, 0.64, 0.51]",bz_3,"cluster_4, cluster_4"
bz_3_cluster_4_1mer-bz_3_cluster_4_1mer,seed-7_sample-0,78,0.51,0.6515384615384616,"[0.51, 0.62, 0.51, 0.76, 0.64, 0.79, 0.53, 0.68, 0.64, 0.8, 0.73, 0.81, 0.61, 0.54, 0.61, 0.74, 0.62, 0.52, 0.71, 0.52, 0.62, 0.77, 0.63, 0.79, 0.64, 0.52, 0.81, 0.56, 0.68, 0.73, 0.81, 0.61, 0.75, 0.52, 0.61, 0.62, 0.71, 0.63, 0.51, 0.51, 0.62, 0.77, 0.63, 0.79, 0.52, 0.68, 0.64, 0.81, 0.73, 0.81, 0.61, 0.56, 0.61, 0.75, 0.62, 0.52, 0.71, 0.51, 0.62, 0.76, 0.51, 0.64, 0.79, 0.64, 0.53, 0.8, 0.54, 0.68, 0.73, 0.81, 0.61, 0.74, 0.52, 0.61, 0.62, 0.71, 0.63, 0.52]",bz_3,"cluster_4, cluster_4"
bz_3_cluster_0_1mer-bz_3_cluster_0_1mer,seed-8_sample-0,0,,,,bz_3,"cluster_0, cluster_0"
bz_3_cluster_0_1mer-bz_3_cluster_0_1mer,seed-10_sample-0,0,,,,bz_3,"cluster_0, cluster_0"
bz_3_cluster_0_1mer-bz_3_cluster_0_1mer,seed-9_sample-0,0,,,,bz_3,"cluster_0, cluster_0"
bz_3_cluster_0_1mer-bz_3_cluster_0_1mer,seed-4_sample-0,0,,,,bz_3,"cluster_0, cluster_0"
bz_3_cluster_0_1mer-bz_3_cluster_0_1mer,seed-2_sample-0,0,,,,bz_3,"cluster_0, cluster_0"
bz_3_cluster_0_1mer-bz_3_cluster_0_1mer,seed-5_sample-0,0,,,,bz_3,"cluster_0, cluster_0"
bz_3_cluster_0_1mer-bz_3_cluster_0_1mer,seed-6_sample-0,0,,,,bz_3,"cluster_0, cluster_0"
bz_3_cluster_0_1mer-bz_3_cluster_0_1mer,seed-3_sample-0,0,,,,bz_3,"cluster_0, cluster_0"
bz_3_cluster_0_1mer-bz_3_cluster_0_1mer,seed-1_sample-0,0,,,,bz_3,"cluster_0, cluster_0"
bz_3_cluster_0_1mer-bz_3_cluster_0_1mer,seed-7_sample-0,0,,,,bz_3,"cluster_0, cluster_0"
bz_3_cluster_7_1mer-bz_3_cluster_7_1mer,seed-8_sample-0,0,,,,bz_3,"cluster_7, cluster_7"
bz_3_cluster_7_1mer-bz_3_cluster_7_1mer,seed-10_sample-0,0,,,,bz_3,"cluster_7, cluster_7"
bz_3_cluster_7_1mer-bz_3_cluster_7_1mer,seed-9_sample-0,0,,,,bz_3,"cluster_7, cluster_7"
bz_3_cluster_7_1mer-bz_3_cluster_7_1mer,seed-4_sample-0,0,,,,bz_3,"cluster_7, cluster_7"
bz_3_cluster_7_1mer-bz_3_cluster_7_1mer,seed-2_sample-0,0,,,,bz_3,"cluster_7, cluster_7"
bz_3_cluster_7_1mer-bz_3_cluster_7_1mer,seed-5_sample-0,0,,,,bz_3,"cluster_7, cluster_7"
bz_3_cluster_7_1mer-bz_3_cluster_7_1mer,seed-6_sample-0,0,,,,bz_3,"cluster_7, cluster_7"
bz_3_cluster_7_1mer-bz_3_cluster_7_1mer,seed-3_sample-0,0,,,,bz_3,"cluster_7, cluster_7"
bz_3_cluster_7_1mer-bz_3_cluster_7_1mer,seed-1_sample-0,0,,,,bz_3,"cluster_7, cluster_7"
bz_3_cluster_7_1mer-bz_3_cluster_7_1mer,seed-7_sample-0,0,,,,bz_3,"cluster_7, cluster_7"
bz_3_cluster_8_1mer-bz_3_cluster_8_1mer,seed-8_sample-0,38,0.51,0.8452631578947368,"[0.76, 0.84, 0.95, 0.89, 0.91, 0.94, 0.89, 0.92, 0.9, 0.51, 0.75, 0.84, 0.91, 0.89, 0.95, 0.95, 0.94, 0.51, 0.81, 0.75, 0.84, 0.95, 0.89, 0.91, 0.94, 0.89, 0.92, 0.89, 0.51, 0.76, 0.84, 0.91, 0.9, 0.95, 0.95, 0.94, 0.51, 0.81]",bz_3,"cluster_8, cluster_8"
bz_3_cluster_8_1mer-bz_3_cluster_8_1mer,seed-10_sample-0,38,0.51,0.848421052631579,"[0.75, 0.84, 0.95, 0.9, 0.92, 0.94, 0.89, 0.92, 0.9, 0.51, 0.76, 0.84, 0.91, 0.9, 0.95, 0.95, 0.95, 0.52, 0.82, 0.76, 0.84, 0.95, 0.89, 0.91, 0.95, 0.9, 0.92, 0.9, 0.52, 0.75, 0.84, 0.92, 0.9, 0.95, 0.95, 0.94, 0.51, 0.82]",bz_3,"cluster_8, cluster_8"
bz_3_cluster_8_1mer-bz_3_cluster_8_1mer,seed-9_sample-0,38,0.51,0.8494736842105264,"[0.76, 0.85, 0.95, 0.9, 0.92, 0.94, 0.89, 0.92, 0.9, 0.51, 0.75, 0.85, 0.91, 0.9, 0.96, 0.95, 0.95, 0.51, 0.82, 0.75, 0.85, 0.95, 0.89, 0.91, 0.95, 0.9, 0.92, 0.9, 0.51, 0.76, 0.85, 0.92, 0.9, 0.96, 0.95, 0.94, 0.51, 0.82]",bz_3,"cluster_8, cluster_8"
bz_3_cluster_8_1mer-bz_3_cluster_8_1mer,seed-4_sample-0,36,0.51,0.8655555555555554,"[0.77, 0.85, 0.95, 0.89, 0.91, 0.94, 0.89, 0.91, 0.9, 0.76, 0.84, 0.91, 0.89, 0.95, 0.95, 0.95, 0.51, 0.81, 0.76, 0.84, 0.95, 0.89, 0.91, 0.95, 0.89, 0.91, 0.89, 0.51, 0.77, 0.85, 0.91, 0.9, 0.95, 0.95, 0.94, 0.81]",bz_3,"cluster_8, cluster_8"
bz_3_cluster_8_1mer-bz_3_cluster_8_1mer,seed-2_sample-0,38,0.51,0.8457894736842105,"[0.75, 0.84, 0.95, 0.89, 0.91, 0.94, 0.89, 0.92, 0.9, 0.51, 0.75, 0.84, 0.91, 0.9, 0.95, 0.95, 0.94, 0.51, 0.82, 0.75, 0.84, 0.95, 0.89, 0.91, 0.94, 0.89, 0.92, 0.9, 0.51, 0.75, 0.84, 0.91, 0.9, 0.95, 0.95, 0.94, 0.51, 0.82]",bz_3,"cluster_8, cluster_8"
bz_3_cluster_8_1mer-bz_3_cluster_8_1mer,seed-5_sample-0,38,0.51,0.8468421052631578,"[0.75, 0.84, 0.95, 0.9, 0.91, 0.94, 0.89, 0.92, 0.9, 0.51, 0.75, 0.85, 0.91, 0.9, 0.96, 0.95, 0.94, 0.51, 0.81, 0.75, 0.85, 0.95, 0.89, 0.91, 0.94, 0.9, 0.92, 0.9, 0.51, 0.75, 0.84, 0.91, 0.9, 0.96, 0.95, 0.94, 0.51, 0.81]",bz_3,"cluster_8, cluster_8"
bz_3_cluster_8_1mer-bz_3_cluster_8_1mer,seed-6_sample-0,38,0.51,0.8478947368421053,"[0.75, 0.85, 0.95, 0.9, 0.92, 0.94, 0.89, 0.92, 0.9, 0.51, 0.75, 0.84, 0.91, 0.9, 0.96, 0.95, 0.94, 0.51, 0.82, 0.75, 0.84, 0.95, 0.89, 0.91, 0.94, 0.9, 0.92, 0.9, 0.51, 0.75, 0.85, 0.92, 0.9, 0.96, 0.95, 0.94, 0.51, 0.82]",bz_3,"cluster_8, cluster_8"
bz_3_cluster_8_1mer-bz_3_cluster_8_1mer,seed-3_sample-0,36,0.52,0.8688888888888889,"[0.74, 0.85, 0.95, 0.9, 0.91, 0.94, 0.9, 0.92, 0.9, 0.76, 0.85, 0.92, 0.9, 0.96, 0.95, 0.95, 0.52, 0.82, 0.76, 0.85, 0.95, 0.9, 0.92, 0.95, 0.9, 0.92, 0.9, 0.52, 0.74, 0.85, 0.91, 0.9, 0.96, 0.95, 0.94, 0.82]",bz_3,"cluster_8, cluster_8"
bz_3_cluster_8_1mer-bz_3_cluster_8_1mer,seed-1_sample-0,38,0.51,0.8463157894736844,"[0.76, 0.84, 0.95, 0.89, 0.91, 0.94, 0.89, 0.92, 0.9, 0.51, 0.75, 0.84, 0.91, 0.89, 0.96, 0.95, 0.94, 0.51, 0.82, 0.75, 0.84, 0.95, 0.89, 0.91, 0.94, 0.89, 0.92, 0.89, 0.51, 0.76, 0.84, 0.91, 0.9, 0.96, 0.95, 0.94, 0.51, 0.82]",bz_3,"cluster_8, cluster_8"
bz_3_cluster_8_1mer-bz_3_cluster_8_1mer,seed-7_sample-0,36,0.51,0.8672222222222222,"[0.76, 0.85, 0.95, 0.89, 0.91, 0.94, 0.9, 0.92, 0.9, 0.75, 0.85, 0.91, 0.9, 0.96, 0.95, 0.94, 0.51, 0.82, 0.75, 0.85, 0.95, 0.9, 0.91, 0.94, 0.89, 0.92, 0.9, 0.51, 0.76, 0.85, 0.91, 0.9, 0.96, 0.95, 0.94, 0.82]",bz_3,"cluster_8, cluster_8"
bz_4_cluster_8_1mer-bz_4_cluster_0_1mer,seed-8_sample-0,0,,,,bz_4,"cluster_0, cluster_8"
bz_4_cluster_8_1mer-bz_4_cluster_0_1mer,seed-10_sample-0,0,,,,bz_4,"cluster_0, cluster_8"
bz_4_cluster_8_1mer-bz_4_cluster_0_1mer,seed-9_sample-0,0,,,,bz_4,"cluster_0, cluster_8"
bz_4_cluster_8_1mer-bz_4_cluster_0_1mer,seed-4_sample-0,0,,,,bz_4,"cluster_0, cluster_8"
bz_4_cluster_8_1mer-bz_4_cluster_0_1mer,seed-2_sample-0,0,,,,bz_4,"cluster_0, cluster_8"
bz_4_cluster_8_1mer-bz_4_cluster_0_1mer,seed-5_sample-0,0,,,,bz_4,"cluster_0, cluster_8"
bz_4_cluster_8_1mer-bz_4_cluster_0_1mer,seed-6_sample-0,0,,,,bz_4,"cluster_0, cluster_8"
bz_4_cluster_8_1mer-bz_4_cluster_0_1mer,seed-3_sample-0,0,,,,bz_4,"cluster_0, cluster_8"
bz_4_cluster_8_1mer-bz_4_cluster_0_1mer,seed-1_sample-0,0,,,,bz_4,"cluster_0, cluster_8"
bz_4_cluster_8_1mer-bz_4_cluster_0_1mer,seed-7_sample-0,0,,,,bz_4,"cluster_0, cluster_8"
bz_4_cluster_8_1mer-bz_4_cluster_4_1mer,seed-8_sample-0,0,,,,bz_4,"cluster_4, cluster_8"
bz_4_cluster_8_1mer-bz_4_cluster_4_1mer,seed-10_sample-0,0,,,,bz_4,"cluster_4, cluster_8"
bz_4_cluster_8_1mer-bz_4_cluster_4_1mer,seed-9_sample-0,0,,,,bz_4,"cluster_4, cluster_8"
bz_4_cluster_8_1mer-bz_4_cluster_4_1mer,seed-4_sample-0,0,,,,bz_4,"cluster_4, cluster_8"
bz_4_cluster_8_1mer-bz_4_cluster_4_1mer,seed-2_sample-0,0,,,,bz_4,"cluster_4, cluster_8"
bz_4_cluster_8_1mer-bz_4_cluster_4_1mer,seed-5_sample-0,0,,,,bz_4,"cluster_4, cluster_8"
bz_4_cluster_8_1mer-bz_4_cluster_4_1mer,seed-6_sample-0,0,,,,bz_4,"cluster_4, cluster_8"
bz_4_cluster_8_1mer-bz_4_cluster_4_1mer,seed-3_sample-0,0,,,,bz_4,"cluster_4, cluster_8"
bz_4_cluster_8_1mer-bz_4_cluster_4_1mer,seed-1_sample-0,0,,,,bz_4,"cluster_4, cluster_8"
bz_4_cluster_8_1mer-bz_4_cluster_4_1mer,seed-7_sample-0,0,,,,bz_4,"cluster_4, cluster_8"
bz_4_cluster_8_1mer-bz_4_cluster_5_1mer,seed-8_sample-0,0,,,,bz_4,"cluster_5, cluster_8"
bz_4_cluster_8_1mer-bz_4_cluster_5_1mer,seed-10_sample-0,0,,,,bz_4,"cluster_5, cluster_8"
bz_4_cluster_8_1mer-bz_4_cluster_5_1mer,seed-9_sample-0,0,,,,bz_4,"cluster_5, cluster_8"
bz_4_cluster_8_1mer-bz_4_cluster_5_1mer,seed-4_sample-0,0,,,,bz_4,"cluster_5, cluster_8"
bz_4_cluster_8_1mer-bz_4_cluster_5_1mer,seed-2_sample-0,0,,,,bz_4,"cluster_5, cluster_8"
bz_4_cluster_8_1mer-bz_4_cluster_5_1mer,seed-5_sample-0,0,,,,bz_4,"cluster_5, cluster_8"
bz_4_cluster_8_1mer-bz_4_cluster_5_1mer,seed-6_sample-0,0,,,,bz_4,"cluster_5, cluster_8"
bz_4_cluster_8_1mer-bz_4_cluster_5_1mer,seed-3_sample-0,0,,,,bz_4,"cluster_5, cluster_8"
bz_4_cluster_8_1mer-bz_4_cluster_5_1mer,seed-1_sample-0,0,,,,bz_4,"cluster_5, cluster_8"
bz_4_cluster_8_1mer-bz_4_cluster_5_1mer,seed-7_sample-0,0,,,,bz_4,"cluster_5, cluster_8"
bz_4_cluster_8_1mer-bz_4_cluster_6_1mer,seed-8_sample-0,0,,,,bz_4,"cluster_6, cluster_8"
bz_4_cluster_8_1mer-bz_4_cluster_6_1mer,seed-10_sample-0,0,,,,bz_4,"cluster_6, cluster_8"
bz_4_cluster_8_1mer-bz_4_cluster_6_1mer,seed-9_sample-0,0,,,,bz_4,"cluster_6, cluster_8"
bz_4_cluster_8_1mer-bz_4_cluster_6_1mer,seed-4_sample-0,0,,,,bz_4,"cluster_6, cluster_8"
bz_4_cluster_8_1mer-bz_4_cluster_6_1mer,seed-2_sample-0,0,,,,bz_4,"cluster_6, cluster_8"
bz_4_cluster_8_1mer-bz_4_cluster_6_1mer,seed-5_sample-0,0,,,,bz_4,"cluster_6, cluster_8"
bz_4_cluster_8_1mer-bz_4_cluster_6_1mer,seed-6_sample-0,0,,,,bz_4,"cluster_6, cluster_8"
bz_4_cluster_8_1mer-bz_4_cluster_6_1mer,seed-3_sample-0,0,,,,bz_4,"cluster_6, cluster_8"
bz_4_cluster_8_1mer-bz_4_cluster_6_1mer,seed-1_sample-0,0,,,,bz_4,"cluster_6, cluster_8"
bz_4_cluster_8_1mer-bz_4_cluster_6_1mer,seed-7_sample-0,0,,,,bz_4,"cluster_6, cluster_8"
bz_4_cluster_8_1mer-bz_4_cluster_1_1mer,seed-8_sample-0,0,,,,bz_4,"cluster_1, cluster_8"
bz_4_cluster_8_1mer-bz_4_cluster_1_1mer,seed-10_sample-0,0,,,,bz_4,"cluster_1, cluster_8"
bz_4_cluster_8_1mer-bz_4_cluster_1_1mer,seed-9_sample-0,0,,,,bz_4,"cluster_1, cluster_8"
bz_4_cluster_8_1mer-bz_4_cluster_1_1mer,seed-4_sample-0,0,,,,bz_4,"cluster_1, cluster_8"
bz_4_cluster_8_1mer-bz_4_cluster_1_1mer,seed-2_sample-0,0,,,,bz_4,"cluster_1, cluster_8"
bz_4_cluster_8_1mer-bz_4_cluster_1_1mer,seed-5_sample-0,0,,,,bz_4,"cluster_1, cluster_8"
bz_4_cluster_8_1mer-bz_4_cluster_1_1mer,seed-6_sample-0,0,,,,bz_4,"cluster_1, cluster_8"
bz_4_cluster_8_1mer-bz_4_cluster_1_1mer,seed-3_sample-0,0,,,,bz_4,"cluster_1, cluster_8"
bz_4_cluster_8_1mer-bz_4_cluster_1_1mer,seed-1_sample-0,0,,,,bz_4,"cluster_1, cluster_8"
bz_4_cluster_8_1mer-bz_4_cluster_1_1mer,seed-7_sample-0,0,,,,bz_4,"cluster_1, cluster_8"
bz_4_cluster_8_1mer-bz_4_cluster_3_1mer,seed-8_sample-0,14,0.54,0.5657142857142856,"[0.54, 0.6, 0.54, 0.59, 0.56, 0.55, 0.58, 0.54, 0.6, 0.54, 0.59, 0.56, 0.55, 0.58]",bz_4,"cluster_3, cluster_8"
bz_4_cluster_8_1mer-bz_4_cluster_3_1mer,seed-10_sample-0,14,0.52,0.5514285714285715,"[0.52, 0.6, 0.53, 0.58, 0.53, 0.54, 0.56, 0.52, 0.6, 0.53, 0.58, 0.53, 0.54, 0.56]",bz_4,"cluster_3, cluster_8"
bz_4_cluster_8_1mer-bz_4_cluster_3_1mer,seed-9_sample-0,14,0.53,0.5557142857142857,"[0.53, 0.59, 0.53, 0.59, 0.53, 0.55, 0.57, 0.53, 0.59, 0.53, 0.59, 0.53, 0.55, 0.57]",bz_4,"cluster_3, cluster_8"
bz_4_cluster_8_1mer-bz_4_cluster_3_1mer,seed-4_sample-0,14,0.53,0.557142857142857,"[0.53, 0.6, 0.53, 0.58, 0.55, 0.55, 0.56, 0.53, 0.6, 0.53, 0.58, 0.55, 0.55, 0.56]",bz_4,"cluster_3, cluster_8"
bz_4_cluster_8_1mer-bz_4_cluster_3_1mer,seed-2_sample-0,14,0.52,0.55,"[0.52, 0.6, 0.53, 0.57, 0.53, 0.54, 0.56, 0.52, 0.6, 0.53, 0.57, 0.53, 0.54, 0.56]",bz_4,"cluster_3, cluster_8"
bz_4_cluster_8_1mer-bz_4_cluster_3_1mer,seed-5_sample-0,14,0.53,0.5628571428571428,"[0.53, 0.59, 0.54, 0.59, 0.56, 0.55, 0.58, 0.53, 0.59, 0.54, 0.59, 0.56, 0.55, 0.58]",bz_4,"cluster_3, cluster_8"
bz_4_cluster_8_1mer-bz_4_cluster_3_1mer,seed-6_sample-0,14,0.53,0.5642857142857143,"[0.54, 0.61, 0.53, 0.59, 0.55, 0.56, 0.57, 0.54, 0.61, 0.53, 0.59, 0.55, 0.56, 0.57]",bz_4,"cluster_3, cluster_8"
bz_4_cluster_8_1mer-bz_4_cluster_3_1mer,seed-3_sample-0,14,0.52,0.5571428571428572,"[0.52, 0.6, 0.53, 0.59, 0.54, 0.55, 0.57, 0.52, 0.6, 0.53, 0.59, 0.54, 0.55, 0.57]",bz_4,"cluster_3, cluster_8"
bz_4_cluster_8_1mer-bz_4_cluster_3_1mer,seed-1_sample-0,14,0.52,0.5585714285714285,"[0.52, 0.6, 0.53, 0.59, 0.55, 0.55, 0.57, 0.52, 0.6, 0.53, 0.59, 0.55, 0.55, 0.57]",bz_4,"cluster_3, cluster_8"
bz_4_cluster_8_1mer-bz_4_cluster_3_1mer,seed-7_sample-0,14,0.52,0.5442857142857143,"[0.52, 0.59, 0.52, 0.57, 0.53, 0.53, 0.55, 0.52, 0.59, 0.52, 0.57, 0.53, 0.53, 0.55]",bz_4,"cluster_3, cluster_8"
bz_4_cluster_8_1mer-bz_4_cluster_2_1mer,seed-8_sample-0,0,,,,bz_4,"cluster_2, cluster_8"
bz_4_cluster_8_1mer-bz_4_cluster_2_1mer,seed-10_sample-0,0,,,,bz_4,"cluster_2, cluster_8"
bz_4_cluster_8_1mer-bz_4_cluster_2_1mer,seed-9_sample-0,0,,,,bz_4,"cluster_2, cluster_8"
bz_4_cluster_8_1mer-bz_4_cluster_2_1mer,seed-4_sample-0,0,,,,bz_4,"cluster_2, cluster_8"
bz_4_cluster_8_1mer-bz_4_cluster_2_1mer,seed-2_sample-0,0,,,,bz_4,"cluster_2, cluster_8"
bz_4_cluster_8_1mer-bz_4_cluster_2_1mer,seed-5_sample-0,0,,,,bz_4,"cluster_2, cluster_8"
bz_4_cluster_8_1mer-bz_4_cluster_2_1mer,seed-6_sample-0,0,,,,bz_4,"cluster_2, cluster_8"
bz_4_cluster_8_1mer-bz_4_cluster_2_1mer,seed-3_sample-0,0,,,,bz_4,"cluster_2, cluster_8"
bz_4_cluster_8_1mer-bz_4_cluster_2_1mer,seed-1_sample-0,0,,,,bz_4,"cluster_2, cluster_8"
bz_4_cluster_8_1mer-bz_4_cluster_2_1mer,seed-7_sample-0,0,,,,bz_4,"cluster_2, cluster_8"
bz_4_cluster_0_1mer-bz_4_cluster_4_1mer,seed-8_sample-0,0,,,,bz_4,"cluster_0, cluster_4"
bz_4_cluster_0_1mer-bz_4_cluster_4_1mer,seed-10_sample-0,16,0.53,0.62875,"[0.65, 0.63, 0.6, 0.53, 0.72, 0.67, 0.62, 0.61, 0.6, 0.65, 0.53, 0.67, 0.62, 0.61, 0.63, 0.72]",bz_4,"cluster_0, cluster_4"
bz_4_cluster_0_1mer-bz_4_cluster_4_1mer,seed-9_sample-0,0,,,,bz_4,"cluster_0, cluster_4"
bz_4_cluster_0_1mer-bz_4_cluster_4_1mer,seed-4_sample-0,0,,,,bz_4,"cluster_0, cluster_4"
bz_4_cluster_0_1mer-bz_4_cluster_4_1mer,seed-2_sample-0,0,,,,bz_4,"cluster_0, cluster_4"
bz_4_cluster_0_1mer-bz_4_cluster_4_1mer,seed-5_sample-0,0,,,,bz_4,"cluster_0, cluster_4"
bz_4_cluster_0_1mer-bz_4_cluster_4_1mer,seed-6_sample-0,0,,,,bz_4,"cluster_0, cluster_4"
bz_4_cluster_0_1mer-bz_4_cluster_4_1mer,seed-3_sample-0,0,,,,bz_4,"cluster_0, cluster_4"
bz_4_cluster_0_1mer-bz_4_cluster_4_1mer,seed-1_sample-0,0,,,,bz_4,"cluster_0, cluster_4"
bz_4_cluster_0_1mer-bz_4_cluster_4_1mer,seed-7_sample-0,0,,,,bz_4,"cluster_0, cluster_4"
bz_4_cluster_0_1mer-bz_4_cluster_5_1mer,seed-8_sample-0,0,,,,bz_4,"cluster_0, cluster_5"
bz_4_cluster_0_1mer-bz_4_cluster_5_1mer,seed-10_sample-0,0,,,,bz_4,"cluster_0, cluster_5"
bz_4_cluster_0_1mer-bz_4_cluster_5_1mer,seed-9_sample-0,0,,,,bz_4,"cluster_0, cluster_5"
bz_4_cluster_0_1mer-bz_4_cluster_5_1mer,seed-4_sample-0,0,,,,bz_4,"cluster_0, cluster_5"
bz_4_cluster_0_1mer-bz_4_cluster_5_1mer,seed-2_sample-0,0,,,,bz_4,"cluster_0, cluster_5"
bz_4_cluster_0_1mer-bz_4_cluster_5_1mer,seed-5_sample-0,0,,,,bz_4,"cluster_0, cluster_5"
bz_4_cluster_0_1mer-bz_4_cluster_5_1mer,seed-6_sample-0,0,,,,bz_4,"cluster_0, cluster_5"
bz_4_cluster_0_1mer-bz_4_cluster_5_1mer,seed-3_sample-0,0,,,,bz_4,"cluster_0, cluster_5"
bz_4_cluster_0_1mer-bz_4_cluster_5_1mer,seed-1_sample-0,0,,,,bz_4,"cluster_0, cluster_5"
bz_4_cluster_0_1mer-bz_4_cluster_5_1mer,seed-7_sample-0,0,,,,bz_4,"cluster_0, cluster_5"
bz_4_cluster_0_1mer-bz_4_cluster_6_1mer,seed-8_sample-0,0,,,,bz_4,"cluster_0, cluster_6"
bz_4_cluster_0_1mer-bz_4_cluster_6_1mer,seed-10_sample-0,0,,,,bz_4,"cluster_0, cluster_6"
bz_4_cluster_0_1mer-bz_4_cluster_6_1mer,seed-9_sample-0,0,,,,bz_4,"cluster_0, cluster_6"
bz_4_cluster_0_1mer-bz_4_cluster_6_1mer,seed-4_sample-0,0,,,,bz_4,"cluster_0, cluster_6"
bz_4_cluster_0_1mer-bz_4_cluster_6_1mer,seed-2_sample-0,0,,,,bz_4,"cluster_0, cluster_6"
bz_4_cluster_0_1mer-bz_4_cluster_6_1mer,seed-5_sample-0,0,,,,bz_4,"cluster_0, cluster_6"
bz_4_cluster_0_1mer-bz_4_cluster_6_1mer,seed-6_sample-0,0,,,,bz_4,"cluster_0, cluster_6"
bz_4_cluster_0_1mer-bz_4_cluster_6_1mer,seed-3_sample-0,0,,,,bz_4,"cluster_0, cluster_6"
bz_4_cluster_0_1mer-bz_4_cluster_6_1mer,seed-1_sample-0,0,,,,bz_4,"cluster_0, cluster_6"
bz_4_cluster_0_1mer-bz_4_cluster_6_1mer,seed-7_sample-0,0,,,,bz_4,"cluster_0, cluster_6"
bz_4_cluster_0_1mer-bz_4_cluster_1_1mer,seed-8_sample-0,0,,,,bz_4,"cluster_0, cluster_1"
bz_4_cluster_0_1mer-bz_4_cluster_1_1mer,seed-10_sample-0,0,,,,bz_4,"cluster_0, cluster_1"
bz_4_cluster_0_1mer-bz_4_cluster_1_1mer,seed-9_sample-0,0,,,,bz_4,"cluster_0, cluster_1"
bz_4_cluster_0_1mer-bz_4_cluster_1_1mer,seed-4_sample-0,0,,,,bz_4,"cluster_0, cluster_1"
bz_4_cluster_0_1mer-bz_4_cluster_1_1mer,seed-2_sample-0,0,,,,bz_4,"cluster_0, cluster_1"
bz_4_cluster_0_1mer-bz_4_cluster_1_1mer,seed-5_sample-0,0,,,,bz_4,"cluster_0, cluster_1"
bz_4_cluster_0_1mer-bz_4_cluster_1_1mer,seed-6_sample-0,0,,,,bz_4,"cluster_0, cluster_1"
bz_4_cluster_0_1mer-bz_4_cluster_1_1mer,seed-3_sample-0,0,,,,bz_4,"cluster_0, cluster_1"
bz_4_cluster_0_1mer-bz_4_cluster_1_1mer,seed-1_sample-0,0,,,,bz_4,"cluster_0, cluster_1"
bz_4_cluster_0_1mer-bz_4_cluster_1_1mer,seed-7_sample-0,0,,,,bz_4,"cluster_0, cluster_1"
bz_4_cluster_0_1mer-bz_4_cluster_3_1mer,seed-8_sample-0,0,,,,bz_4,"cluster_0, cluster_3"
bz_4_cluster_0_1mer-bz_4_cluster_3_1mer,seed-10_sample-0,0,,,,bz_4,"cluster_0, cluster_3"
bz_4_cluster_0_1mer-bz_4_cluster_3_1mer,seed-9_sample-0,0,,,,bz_4,"cluster_0, cluster_3"
bz_4_cluster_0_1mer-bz_4_cluster_3_1mer,seed-4_sample-0,0,,,,bz_4,"cluster_0, cluster_3"
bz_4_cluster_0_1mer-bz_4_cluster_3_1mer,seed-2_sample-0,0,,,,bz_4,"cluster_0, cluster_3"
bz_4_cluster_0_1mer-bz_4_cluster_3_1mer,seed-5_sample-0,0,,,,bz_4,"cluster_0, cluster_3"
bz_4_cluster_0_1mer-bz_4_cluster_3_1mer,seed-6_sample-0,0,,,,bz_4,"cluster_0, cluster_3"
bz_4_cluster_0_1mer-bz_4_cluster_3_1mer,seed-3_sample-0,0,,,,bz_4,"cluster_0, cluster_3"
bz_4_cluster_0_1mer-bz_4_cluster_3_1mer,seed-1_sample-0,0,,,,bz_4,"cluster_0, cluster_3"
bz_4_cluster_0_1mer-bz_4_cluster_3_1mer,seed-7_sample-0,0,,,,bz_4,"cluster_0, cluster_3"
bz_4_cluster_0_1mer-bz_4_cluster_2_1mer,seed-8_sample-0,0,,,,bz_4,"cluster_0, cluster_2"
bz_4_cluster_0_1mer-bz_4_cluster_2_1mer,seed-10_sample-0,0,,,,bz_4,"cluster_0, cluster_2"
bz_4_cluster_0_1mer-bz_4_cluster_2_1mer,seed-9_sample-0,0,,,,bz_4,"cluster_0, cluster_2"
bz_4_cluster_0_1mer-bz_4_cluster_2_1mer,seed-4_sample-0,0,,,,bz_4,"cluster_0, cluster_2"
bz_4_cluster_0_1mer-bz_4_cluster_2_1mer,seed-2_sample-0,0,,,,bz_4,"cluster_0, cluster_2"
bz_4_cluster_0_1mer-bz_4_cluster_2_1mer,seed-5_sample-0,0,,,,bz_4,"cluster_0, cluster_2"
bz_4_cluster_0_1mer-bz_4_cluster_2_1mer,seed-6_sample-0,0,,,,bz_4,"cluster_0, cluster_2"
bz_4_cluster_0_1mer-bz_4_cluster_2_1mer,seed-3_sample-0,0,,,,bz_4,"cluster_0, cluster_2"
bz_4_cluster_0_1mer-bz_4_cluster_2_1mer,seed-1_sample-0,0,,,,bz_4,"cluster_0, cluster_2"
bz_4_cluster_0_1mer-bz_4_cluster_2_1mer,seed-7_sample-0,0,,,,bz_4,"cluster_0, cluster_2"
bz_4_cluster_4_1mer-bz_4_cluster_5_1mer,seed-8_sample-0,186,0.52,0.8481720430107528,"[0.68, 0.78, 0.91, 0.95, 0.89, 0.96, 0.96, 0.95, 0.95, 0.76, 0.96, 0.95, 0.87, 0.94, 0.63, 0.97, 0.9, 0.97, 0.95, 0.95, 0.97, 0.96, 0.94, 0.95, 0.96, 0.96, 0.93, 0.97, 0.96, 0.96, 0.81, 0.59, 0.82, 0.94, 0.66, 0.83, 0.88, 0.71, 0.58, 0.95, 0.93, 0.96, 0.98, 0.8, 0.98, 0.98, 0.99, 0.92, 0.6, 0.76, 0.99, 0.98, 0.94, 1.0, 0.99, 0.98, 0.99, 0.98, 0.98, 0.99, 0.86, 0.89, 0.98, 0.99, 0.98, 0.95, 0.96, 0.97, 0.87, 0.52, 0.58, 0.65, 0.59, 0.53, 0.68, 0.75, 0.54, 0.74, 0.75, 0.78, 0.83, 0.76, 0.79, 0.65, 0.64, 0.85, 0.61, 0.78, 0.79, 0.82, 0.62, 0.61, 0.64, 0.96, 0.98, 0.98, 0.6, 0.99, 0.76, 0.87, 0.92, 0.99, 0.94, 0.98, 0.98, 1.0, 0.99, 0.98, 0.98, 0.99, 0.98, 0.99, 0.99, 0.86, 0.98, 0.89, 0.95, 0.97, 0.87, 0.52, 0.95, 0.68, 0.89, 0.98, 0.78, 0.91, 0.96, 0.8, 0.96, 0.76, 0.95, 0.96, 0.9, 0.95, 0.95, 0.94, 0.97, 0.63, 0.95, 0.94, 0.97, 0.95, 0.97, 0.95, 0.96, 0.93, 0.96, 0.96, 0.97, 0.82, 0.95, 0.93, 0.96, 0.96, 0.96, 0.94, 0.66, 0.81, 0.83, 0.88, 0.58, 0.59, 0.71, 0.58, 0.65, 0.59, 0.53, 0.54, 0.68, 0.75, 0.74, 0.78, 0.75, 0.83, 0.76, 0.79, 0.65, 0.64, 0.85, 0.78, 0.79, 0.61, 0.82, 0.62, 0.61, 0.64]",bz_4,"cluster_4, cluster_5"
bz_4_cluster_4_1mer-bz_4_cluster_5_1mer,seed-10_sample-0,186,0.51,0.8438709677419355,"[0.69, 0.77, 0.91, 0.95, 0.9, 0.95, 0.96, 0.95, 0.95, 0.76, 0.95, 0.95, 0.87, 0.94, 0.63, 0.96, 0.9, 0.97, 0.95, 0.95, 0.97, 0.96, 0.94, 0.95, 0.95, 0.96, 0.93, 0.97, 0.96, 0.95, 0.8, 0.58, 0.82, 0.93, 0.65, 0.82, 0.88, 0.7, 0.58, 0.94, 0.93, 0.96, 0.98, 0.8, 0.97, 0.98, 0.99, 0.91, 0.59, 0.74, 0.99, 0.98, 0.94, 1.0, 0.98, 0.97, 0.99, 0.98, 0.98, 0.99, 0.86, 0.89, 0.98, 0.99, 0.98, 0.95, 0.96, 0.96, 0.86, 0.52, 0.57, 0.65, 0.57, 0.51, 0.67, 0.74, 0.53, 0.74, 0.74, 0.77, 0.83, 0.74, 0.78, 0.65, 0.63, 0.84, 0.6, 0.78, 0.8, 0.81, 0.61, 0.59, 0.63, 0.96, 0.97, 0.98, 0.59, 0.99, 0.74, 0.87, 0.91, 0.99, 0.94, 0.97, 0.98, 1.0, 0.99, 0.98, 0.98, 0.98, 0.98, 0.99, 0.99, 0.86, 0.98, 0.89, 0.95, 0.96, 0.86, 0.52, 0.95, 0.69, 0.9, 0.98, 0.77, 0.91, 0.95, 0.8, 0.96, 0.76, 0.95, 0.95, 0.9, 0.95, 0.95, 0.94, 0.97, 0.63, 0.95, 0.94, 0.96, 0.95, 0.97, 0.95, 0.95, 0.93, 0.96, 0.96, 0.97, 0.82, 0.94, 0.93, 0.96, 0.96, 0.95, 0.93, 0.65, 0.8, 0.82, 0.88, 0.57, 0.58, 0.7, 0.58, 0.65, 0.57, 0.51, 0.53, 0.67, 0.74, 0.74, 0.77, 0.74, 0.83, 0.74, 0.78, 0.65, 0.63, 0.84, 0.78, 0.8, 0.6, 0.81, 0.61, 0.59, 0.63]",bz_4,"cluster_4, cluster_5"
bz_4_cluster_4_1mer-bz_4_cluster_5_1mer,seed-9_sample-0,184,0.52,0.8480434782608696,"[0.68, 0.77, 0.91, 0.95, 0.89, 0.95, 0.96, 0.95, 0.95, 0.77, 0.95, 0.95, 0.87, 0.94, 0.62, 0.97, 0.9, 0.97, 0.95, 0.95, 0.97, 0.96, 0.94, 0.95, 0.96, 0.96, 0.93, 0.97, 0.96, 0.95, 0.8, 0.59, 0.82, 0.94, 0.65, 0.83, 0.88, 0.71, 0.59, 0.95, 0.93, 0.96, 0.98, 0.8, 0.97, 0.98, 0.99, 0.91, 0.6, 0.75, 0.99, 0.98, 0.94, 1.0, 0.98, 0.97, 0.99, 0.98, 0.98, 0.99, 0.84, 0.89, 0.98, 0.99, 0.98, 0.94, 0.96, 0.96, 0.84, 0.57, 0.58, 0.64, 0.55, 0.67, 0.75, 0.52, 0.74, 0.74, 0.78, 0.82, 0.74, 0.79, 0.65, 0.62, 0.84, 0.6, 0.78, 0.79, 0.81, 0.6, 0.6, 0.63, 0.96, 0.97, 0.98, 0.6, 0.99, 0.75, 0.87, 0.91, 0.99, 0.94, 0.97, 0.98, 1.0, 0.99, 0.98, 0.98, 0.98, 0.98, 0.99, 0.99, 0.84, 0.98, 0.89, 0.94, 0.96, 0.84, 0.57, 0.95, 0.68, 0.89, 0.98, 0.77, 0.91, 0.95, 0.8, 0.96, 0.77, 0.95, 0.95, 0.9, 0.95, 0.95, 0.94, 0.97, 0.62, 0.95, 0.94, 0.97, 0.95, 0.97, 0.95, 0.96, 0.93, 0.96, 0.96, 0.97, 0.82, 0.95, 0.93, 0.96, 0.96, 0.95, 0.94, 0.65, 0.8, 0.83, 0.88, 0.58, 0.59, 0.71, 0.59, 0.64, 0.55, 0.52, 0.67, 0.75, 0.74, 0.78, 0.74, 0.82, 0.74, 0.79, 0.65, 0.62, 0.84, 0.78, 0.79, 0.6, 0.81, 0.6, 0.6, 0.63]",bz_4,"cluster_4, cluster_5"
bz_4_cluster_4_1mer-bz_4_cluster_5_1mer,seed-4_sample-0,184,0.53,0.8528260869565218,"[0.67, 0.78, 0.91, 0.95, 0.9, 0.96, 0.96, 0.95, 0.95, 0.75, 0.96, 0.95, 0.87, 0.94, 0.61, 0.97, 0.91, 0.97, 0.95, 0.95, 0.97, 0.96, 0.94, 0.95, 0.95, 0.96, 0.93, 0.97, 0.96, 0.96, 0.8, 0.59, 0.83, 0.93, 0.66, 0.82, 0.87, 0.7, 0.57, 0.94, 0.93, 0.96, 0.98, 0.8, 0.98, 0.98, 0.99, 0.92, 0.58, 0.75, 0.99, 0.98, 0.94, 1.0, 0.99, 0.98, 0.99, 0.98, 0.98, 0.99, 0.85, 0.89, 0.98, 0.99, 0.98, 0.95, 0.96, 0.97, 0.86, 0.58, 0.67, 0.62, 0.53, 0.71, 0.76, 0.55, 0.76, 0.76, 0.79, 0.85, 0.77, 0.8, 0.63, 0.65, 0.86, 0.62, 0.79, 0.8, 0.81, 0.63, 0.62, 0.66, 0.96, 0.98, 0.98, 0.58, 0.99, 0.75, 0.87, 0.92, 0.99, 0.94, 0.98, 0.98, 1.0, 0.99, 0.98, 0.98, 0.99, 0.98, 0.99, 0.99, 0.85, 0.98, 0.89, 0.95, 0.97, 0.86, 0.95, 0.67, 0.9, 0.98, 0.78, 0.91, 0.96, 0.8, 0.96, 0.75, 0.95, 0.96, 0.91, 0.95, 0.95, 0.94, 0.97, 0.61, 0.95, 0.94, 0.97, 0.95, 0.97, 0.95, 0.95, 0.93, 0.96, 0.96, 0.97, 0.83, 0.94, 0.93, 0.96, 0.96, 0.96, 0.93, 0.66, 0.8, 0.82, 0.87, 0.58, 0.59, 0.7, 0.57, 0.67, 0.62, 0.53, 0.55, 0.71, 0.76, 0.76, 0.79, 0.76, 0.85, 0.77, 0.8, 0.63, 0.65, 0.86, 0.79, 0.8, 0.62, 0.81, 0.63, 0.62, 0.66]",bz_4,"cluster_4, cluster_5"
bz_4_cluster_4_1mer-bz_4_cluster_5_1mer,seed-2_sample-0,186,0.51,0.8458064516129032,"[0.68, 0.77, 0.91, 0.95, 0.9, 0.96, 0.96, 0.95, 0.94, 0.75, 0.95, 0.95, 0.87, 0.94, 0.64, 0.97, 0.9, 0.97, 0.95, 0.95, 0.97, 0.95, 0.94, 0.95, 0.95, 0.96, 0.93, 0.97, 0.96, 0.95, 0.8, 0.59, 0.82, 0.93, 0.67, 0.82, 0.88, 0.71, 0.58, 0.95, 0.93, 0.96, 0.98, 0.8, 0.98, 0.98, 0.99, 0.92, 0.58, 0.75, 0.99, 0.98, 0.94, 1.0, 0.99, 0.97, 0.99, 0.98, 0.98, 0.99, 0.85, 0.89, 0.98, 0.99, 0.98, 0.94, 0.96, 0.96, 0.86, 0.51, 0.58, 0.65, 0.58, 0.52, 0.69, 0.75, 0.53, 0.74, 0.75, 0.77, 0.83, 0.75, 0.79, 0.65, 0.64, 0.84, 0.61, 0.78, 0.79, 0.81, 0.61, 0.61, 0.65, 0.96, 0.98, 0.98, 0.58, 0.99, 0.75, 0.87, 0.92, 0.99, 0.94, 0.97, 0.98, 1.0, 0.99, 0.98, 0.98, 0.99, 0.98, 0.99, 0.99, 0.85, 0.98, 0.89, 0.94, 0.96, 0.86, 0.51, 0.95, 0.68, 0.9, 0.98, 0.77, 0.91, 0.96, 0.8, 0.96, 0.75, 0.95, 0.95, 0.9, 0.94, 0.95, 0.94, 0.97, 0.64, 0.95, 0.94, 0.97, 0.95, 0.97, 0.95, 0.95, 0.93, 0.95, 0.96, 0.97, 0.82, 0.95, 0.93, 0.96, 0.96, 0.95, 0.93, 0.67, 0.8, 0.82, 0.88, 0.58, 0.59, 0.71, 0.58, 0.65, 0.58, 0.52, 0.53, 0.69, 0.75, 0.74, 0.77, 0.75, 0.83, 0.75, 0.79, 0.65, 0.64, 0.84, 0.78, 0.79, 0.61, 0.81, 0.61, 0.61, 0.65]",bz_4,"cluster_4, cluster_5"
bz_4_cluster_4_1mer-bz_4_cluster_5_1mer,seed-5_sample-0,184,0.52,0.8505434782608695,"[0.68, 0.78, 0.91, 0.95, 0.89, 0.95, 0.96, 0.94, 0.95, 0.77, 0.95, 0.95, 0.87, 0.94, 0.63, 0.97, 0.9, 0.97, 0.95, 0.95, 0.97, 0.96, 0.94, 0.95, 0.96, 0.97, 0.93, 0.97, 0.96, 0.96, 0.8, 0.59, 0.83, 0.93, 0.66, 0.83, 0.88, 0.71, 0.58, 0.95, 0.93, 0.96, 0.98, 0.8, 0.98, 0.98, 0.99, 0.92, 0.59, 0.75, 0.99, 0.98, 0.94, 1.0, 0.99, 0.97, 0.99, 0.98, 0.98, 0.99, 0.85, 0.88, 0.98, 0.99, 0.98, 0.95, 0.96, 0.97, 0.88, 0.58, 0.65, 0.58, 0.52, 0.69, 0.76, 0.54, 0.74, 0.75, 0.78, 0.83, 0.75, 0.79, 0.64, 0.63, 0.85, 0.6, 0.78, 0.8, 0.81, 0.61, 0.61, 0.64, 0.96, 0.98, 0.98, 0.59, 0.99, 0.75, 0.87, 0.92, 0.99, 0.94, 0.97, 0.98, 1.0, 0.99, 0.98, 0.98, 0.99, 0.98, 0.99, 0.99, 0.85, 0.98, 0.88, 0.95, 0.97, 0.88, 0.95, 0.68, 0.89, 0.98, 0.78, 0.91, 0.95, 0.8, 0.96, 0.77, 0.94, 0.95, 0.9, 0.95, 0.95, 0.94, 0.97, 0.63, 0.95, 0.94, 0.97, 0.95, 0.97, 0.95, 0.96, 0.93, 0.96, 0.97, 0.97, 0.83, 0.95, 0.93, 0.96, 0.96, 0.96, 0.93, 0.66, 0.8, 0.83, 0.88, 0.58, 0.59, 0.71, 0.58, 0.65, 0.58, 0.52, 0.54, 0.69, 0.76, 0.74, 0.78, 0.75, 0.83, 0.75, 0.79, 0.64, 0.63, 0.85, 0.78, 0.8, 0.6, 0.81, 0.61, 0.61, 0.64]",bz_4,"cluster_4, cluster_5"
bz_4_cluster_4_1mer-bz_4_cluster_5_1mer,seed-6_sample-0,184,0.52,0.8491304347826087,"[0.68, 0.77, 0.91, 0.95, 0.89, 0.95, 0.96, 0.95, 0.94, 0.77, 0.95, 0.95, 0.87, 0.94, 0.64, 0.96, 0.91, 0.97, 0.95, 0.95, 0.96, 0.96, 0.94, 0.95, 0.95, 0.96, 0.93, 0.97, 0.96, 0.96, 0.8, 0.59, 0.82, 0.94, 0.66, 0.82, 0.88, 0.71, 0.59, 0.95, 0.93, 0.96, 0.98, 0.8, 0.98, 0.98, 0.99, 0.91, 0.58, 0.74, 0.99, 0.98, 0.94, 1.0, 0.99, 0.97, 0.99, 0.98, 0.98, 0.99, 0.85, 0.89, 0.98, 0.99, 0.98, 0.95, 0.96, 0.96, 0.86, 0.58, 0.64, 0.57, 0.52, 0.68, 0.74, 0.53, 0.74, 0.75, 0.78, 0.83, 0.75, 0.79, 0.65, 0.65, 0.84, 0.6, 0.78, 0.79, 0.81, 0.61, 0.61, 0.64, 0.96, 0.98, 0.98, 0.58, 0.99, 0.74, 0.87, 0.91, 0.99, 0.94, 0.97, 0.98, 1.0, 0.99, 0.98, 0.98, 0.99, 0.98, 0.99, 0.99, 0.85, 0.98, 0.89, 0.95, 0.96, 0.86, 0.95, 0.68, 0.89, 0.98, 0.77, 0.91, 0.95, 0.8, 0.96, 0.77, 0.95, 0.95, 0.91, 0.94, 0.95, 0.94, 0.97, 0.64, 0.95, 0.94, 0.96, 0.95, 0.96, 0.95, 0.95, 0.93, 0.96, 0.96, 0.97, 0.82, 0.95, 0.93, 0.96, 0.96, 0.96, 0.94, 0.66, 0.8, 0.82, 0.88, 0.58, 0.59, 0.71, 0.59, 0.64, 0.57, 0.52, 0.53, 0.68, 0.74, 0.74, 0.78, 0.75, 0.83, 0.75, 0.79, 0.65, 0.65, 0.84, 0.78, 0.79, 0.6, 0.81, 0.61, 0.61, 0.64]",bz_4,"cluster_4, cluster_5"
bz_4_cluster_4_1mer-bz_4_cluster_5_1mer,seed-3_sample-0,186,0.51,0.8446236559139785,"[0.68, 0.77, 0.91, 0.95, 0.89, 0.96, 0.96, 0.95, 0.95, 0.77, 0.96, 0.96, 0.87, 0.94, 0.64, 0.97, 0.91, 0.97, 0.95, 0.95, 0.97, 0.96, 0.94, 0.95, 0.96, 0.96, 0.93, 0.97, 0.96, 0.96, 0.81, 0.59, 0.83, 0.93, 0.65, 0.82, 0.88, 0.71, 0.59, 0.95, 0.93, 0.96, 0.98, 0.8, 0.98, 0.98, 0.99, 0.92, 0.59, 0.75, 0.99, 0.98, 0.94, 1.0, 0.99, 0.97, 0.99, 0.98, 0.98, 0.99, 0.85, 0.89, 0.98, 0.99, 0.98, 0.95, 0.96, 0.96, 0.85, 0.54, 0.58, 0.63, 0.55, 0.66, 0.74, 0.52, 0.74, 0.74, 0.77, 0.82, 0.73, 0.78, 0.65, 0.62, 0.84, 0.51, 0.6, 0.78, 0.79, 0.81, 0.6, 0.59, 0.63, 0.96, 0.98, 0.98, 0.59, 0.99, 0.75, 0.87, 0.92, 0.99, 0.94, 0.97, 0.98, 1.0, 0.99, 0.98, 0.98, 0.99, 0.98, 0.99, 0.99, 0.85, 0.98, 0.89, 0.95, 0.96, 0.85, 0.54, 0.95, 0.68, 0.89, 0.98, 0.77, 0.91, 0.96, 0.8, 0.96, 0.77, 0.95, 0.96, 0.91, 0.95, 0.96, 0.94, 0.97, 0.64, 0.95, 0.94, 0.97, 0.95, 0.97, 0.95, 0.96, 0.93, 0.96, 0.96, 0.97, 0.83, 0.95, 0.93, 0.96, 0.96, 0.96, 0.93, 0.65, 0.81, 0.82, 0.88, 0.58, 0.59, 0.71, 0.59, 0.63, 0.55, 0.52, 0.66, 0.74, 0.74, 0.77, 0.74, 0.82, 0.73, 0.78, 0.65, 0.62, 0.84, 0.78, 0.79, 0.51, 0.6, 0.81, 0.6, 0.59, 0.63]",bz_4,"cluster_4, cluster_5"
bz_4_cluster_4_1mer-bz_4_cluster_5_1mer,seed-1_sample-0,186,0.52,0.8478494623655913,"[0.68, 0.78, 0.91, 0.95, 0.9, 0.96, 0.96, 0.95, 0.95, 0.76, 0.96, 0.96, 0.88, 0.94, 0.63, 0.97, 0.91, 0.97, 0.95, 0.95, 0.97, 0.96, 0.94, 0.95, 0.96, 0.96, 0.93, 0.97, 0.96, 0.96, 0.8, 0.58, 0.82, 0.93, 0.67, 0.82, 0.88, 0.7, 0.58, 0.95, 0.93, 0.96, 0.98, 0.81, 0.98, 0.98, 0.99, 0.92, 0.58, 0.75, 0.99, 0.98, 0.94, 1.0, 0.99, 0.98, 0.99, 0.98, 0.98, 0.99, 0.85, 0.89, 0.98, 0.99, 0.98, 0.95, 0.96, 0.97, 0.86, 0.52, 0.58, 0.67, 0.6, 0.53, 0.69, 0.75, 0.55, 0.74, 0.75, 0.78, 0.83, 0.75, 0.79, 0.64, 0.64, 0.85, 0.61, 0.78, 0.79, 0.81, 0.61, 0.61, 0.64, 0.96, 0.98, 0.98, 0.58, 0.99, 0.75, 0.88, 0.92, 0.99, 0.94, 0.98, 0.98, 1.0, 0.99, 0.98, 0.98, 0.99, 0.98, 0.99, 0.99, 0.85, 0.98, 0.89, 0.95, 0.97, 0.86, 0.52, 0.95, 0.68, 0.9, 0.98, 0.78, 0.91, 0.96, 0.81, 0.96, 0.76, 0.95, 0.96, 0.91, 0.95, 0.96, 0.94, 0.97, 0.63, 0.95, 0.94, 0.97, 0.95, 0.97, 0.95, 0.96, 0.93, 0.96, 0.96, 0.97, 0.82, 0.95, 0.93, 0.96, 0.96, 0.96, 0.93, 0.67, 0.8, 0.82, 0.88, 0.58, 0.58, 0.7, 0.58, 0.67, 0.6, 0.53, 0.55, 0.69, 0.75, 0.74, 0.78, 0.75, 0.83, 0.75, 0.79, 0.64, 0.64, 0.85, 0.78, 0.79, 0.61, 0.81, 0.61, 0.61, 0.64]",bz_4,"cluster_4, cluster_5"
bz_4_cluster_4_1mer-bz_4_cluster_5_1mer,seed-7_sample-0,184,0.53,0.8480434782608696,"[0.68, 0.77, 0.91, 0.95, 0.89, 0.95, 0.96, 0.95, 0.95, 0.76, 0.95, 0.95, 0.87, 0.94, 0.64, 0.97, 0.9, 0.97, 0.95, 0.95, 0.96, 0.96, 0.94, 0.95, 0.95, 0.96, 0.93, 0.97, 0.96, 0.96, 0.8, 0.59, 0.83, 0.93, 0.66, 0.82, 0.88, 0.71, 0.58, 0.95, 0.93, 0.96, 0.98, 0.79, 0.97, 0.98, 0.99, 0.91, 0.59, 0.75, 0.99, 0.98, 0.93, 1.0, 0.99, 0.97, 0.99, 0.98, 0.98, 0.99, 0.85, 0.89, 0.98, 0.99, 0.98, 0.95, 0.96, 0.96, 0.85, 0.54, 0.58, 0.64, 0.56, 0.67, 0.75, 0.53, 0.74, 0.75, 0.78, 0.82, 0.74, 0.78, 0.66, 0.63, 0.85, 0.6, 0.78, 0.79, 0.81, 0.6, 0.59, 0.62, 0.96, 0.97, 0.98, 0.59, 0.99, 0.75, 0.87, 0.91, 0.99, 0.93, 0.97, 0.98, 1.0, 0.99, 0.98, 0.98, 0.99, 0.98, 0.99, 0.99, 0.85, 0.98, 0.89, 0.95, 0.96, 0.85, 0.54, 0.95, 0.68, 0.89, 0.98, 0.77, 0.91, 0.95, 0.79, 0.96, 0.76, 0.95, 0.95, 0.9, 0.95, 0.95, 0.94, 0.97, 0.64, 0.95, 0.94, 0.97, 0.95, 0.96, 0.95, 0.95, 0.93, 0.96, 0.96, 0.97, 0.83, 0.95, 0.93, 0.96, 0.96, 0.96, 0.93, 0.66, 0.8, 0.82, 0.88, 0.58, 0.59, 0.71, 0.58, 0.64, 0.56, 0.53, 0.67, 0.75, 0.74, 0.78, 0.75, 0.82, 0.74, 0.78, 0.66, 0.63, 0.85, 0.78, 0.79, 0.6, 0.81, 0.6, 0.59, 0.62]",bz_4,"cluster_4, cluster_5"
bz_4_cluster_4_1mer-bz_4_cluster_6_1mer,seed-8_sample-0,0,,,,bz_4,"cluster_4, cluster_6"
bz_4_cluster_4_1mer-bz_4_cluster_6_1mer,seed-10_sample-0,0,,,,bz_4,"cluster_4, cluster_6"
bz_4_cluster_4_1mer-bz_4_cluster_6_1mer,seed-9_sample-0,0,,,,bz_4,"cluster_4, cluster_6"
bz_4_cluster_4_1mer-bz_4_cluster_6_1mer,seed-4_sample-0,0,,,,bz_4,"cluster_4, cluster_6"
bz_4_cluster_4_1mer-bz_4_cluster_6_1mer,seed-2_sample-0,0,,,,bz_4,"cluster_4, cluster_6"
bz_4_cluster_4_1mer-bz_4_cluster_6_1mer,seed-5_sample-0,0,,,,bz_4,"cluster_4, cluster_6"
bz_4_cluster_4_1mer-bz_4_cluster_6_1mer,seed-6_sample-0,0,,,,bz_4,"cluster_4, cluster_6"
bz_4_cluster_4_1mer-bz_4_cluster_6_1mer,seed-3_sample-0,0,,,,bz_4,"cluster_4, cluster_6"
bz_4_cluster_4_1mer-bz_4_cluster_6_1mer,seed-1_sample-0,0,,,,bz_4,"cluster_4, cluster_6"
bz_4_cluster_4_1mer-bz_4_cluster_6_1mer,seed-7_sample-0,0,,,,bz_4,"cluster_4, cluster_6"
bz_4_cluster_4_1mer-bz_4_cluster_1_1mer,seed-8_sample-0,0,,,,bz_4,"cluster_1, cluster_4"
bz_4_cluster_4_1mer-bz_4_cluster_1_1mer,seed-10_sample-0,0,,,,bz_4,"cluster_1, cluster_4"
bz_4_cluster_4_1mer-bz_4_cluster_1_1mer,seed-9_sample-0,0,,,,bz_4,"cluster_1, cluster_4"
bz_4_cluster_4_1mer-bz_4_cluster_1_1mer,seed-4_sample-0,0,,,,bz_4,"cluster_1, cluster_4"
bz_4_cluster_4_1mer-bz_4_cluster_1_1mer,seed-2_sample-0,0,,,,bz_4,"cluster_1, cluster_4"
bz_4_cluster_4_1mer-bz_4_cluster_1_1mer,seed-5_sample-0,0,,,,bz_4,"cluster_1, cluster_4"
bz_4_cluster_4_1mer-bz_4_cluster_1_1mer,seed-6_sample-0,0,,,,bz_4,"cluster_1, cluster_4"
bz_4_cluster_4_1mer-bz_4_cluster_1_1mer,seed-3_sample-0,0,,,,bz_4,"cluster_1, cluster_4"
bz_4_cluster_4_1mer-bz_4_cluster_1_1mer,seed-1_sample-0,0,,,,bz_4,"cluster_1, cluster_4"
bz_4_cluster_4_1mer-bz_4_cluster_1_1mer,seed-7_sample-0,0,,,,bz_4,"cluster_1, cluster_4"
bz_4_cluster_4_1mer-bz_4_cluster_3_1mer,seed-8_sample-0,0,,,,bz_4,"cluster_3, cluster_4"
bz_4_cluster_4_1mer-bz_4_cluster_3_1mer,seed-10_sample-0,0,,,,bz_4,"cluster_3, cluster_4"
bz_4_cluster_4_1mer-bz_4_cluster_3_1mer,seed-9_sample-0,0,,,,bz_4,"cluster_3, cluster_4"
bz_4_cluster_4_1mer-bz_4_cluster_3_1mer,seed-4_sample-0,0,,,,bz_4,"cluster_3, cluster_4"
bz_4_cluster_4_1mer-bz_4_cluster_3_1mer,seed-2_sample-0,0,,,,bz_4,"cluster_3, cluster_4"
bz_4_cluster_4_1mer-bz_4_cluster_3_1mer,seed-5_sample-0,0,,,,bz_4,"cluster_3, cluster_4"
bz_4_cluster_4_1mer-bz_4_cluster_3_1mer,seed-6_sample-0,0,,,,bz_4,"cluster_3, cluster_4"
bz_4_cluster_4_1mer-bz_4_cluster_3_1mer,seed-3_sample-0,0,,,,bz_4,"cluster_3, cluster_4"
bz_4_cluster_4_1mer-bz_4_cluster_3_1mer,seed-1_sample-0,0,,,,bz_4,"cluster_3, cluster_4"
bz_4_cluster_4_1mer-bz_4_cluster_3_1mer,seed-7_sample-0,0,,,,bz_4,"cluster_3, cluster_4"
bz_4_cluster_4_1mer-bz_4_cluster_2_1mer,seed-8_sample-0,0,,,,bz_4,"cluster_2, cluster_4"
bz_4_cluster_4_1mer-bz_4_cluster_2_1mer,seed-10_sample-0,0,,,,bz_4,"cluster_2, cluster_4"
bz_4_cluster_4_1mer-bz_4_cluster_2_1mer,seed-9_sample-0,0,,,,bz_4,"cluster_2, cluster_4"
bz_4_cluster_4_1mer-bz_4_cluster_2_1mer,seed-4_sample-0,0,,,,bz_4,"cluster_2, cluster_4"
bz_4_cluster_4_1mer-bz_4_cluster_2_1mer,seed-2_sample-0,0,,,,bz_4,"cluster_2, cluster_4"
bz_4_cluster_4_1mer-bz_4_cluster_2_1mer,seed-5_sample-0,0,,,,bz_4,"cluster_2, cluster_4"
bz_4_cluster_4_1mer-bz_4_cluster_2_1mer,seed-6_sample-0,0,,,,bz_4,"cluster_2, cluster_4"
bz_4_cluster_4_1mer-bz_4_cluster_2_1mer,seed-3_sample-0,0,,,,bz_4,"cluster_2, cluster_4"
bz_4_cluster_4_1mer-bz_4_cluster_2_1mer,seed-1_sample-0,0,,,,bz_4,"cluster_2, cluster_4"
bz_4_cluster_4_1mer-bz_4_cluster_2_1mer,seed-7_sample-0,0,,,,bz_4,"cluster_2, cluster_4"
bz_4_cluster_5_1mer-bz_4_cluster_6_1mer,seed-8_sample-0,0,,,,bz_4,"cluster_5, cluster_6"
bz_4_cluster_5_1mer-bz_4_cluster_6_1mer,seed-10_sample-0,0,,,,bz_4,"cluster_5, cluster_6"
bz_4_cluster_5_1mer-bz_4_cluster_6_1mer,seed-9_sample-0,0,,,,bz_4,"cluster_5, cluster_6"
bz_4_cluster_5_1mer-bz_4_cluster_6_1mer,seed-4_sample-0,0,,,,bz_4,"cluster_5, cluster_6"
bz_4_cluster_5_1mer-bz_4_cluster_6_1mer,seed-2_sample-0,0,,,,bz_4,"cluster_5, cluster_6"
bz_4_cluster_5_1mer-bz_4_cluster_6_1mer,seed-5_sample-0,0,,,,bz_4,"cluster_5, cluster_6"
bz_4_cluster_5_1mer-bz_4_cluster_6_1mer,seed-6_sample-0,0,,,,bz_4,"cluster_5, cluster_6"
bz_4_cluster_5_1mer-bz_4_cluster_6_1mer,seed-3_sample-0,0,,,,bz_4,"cluster_5, cluster_6"
bz_4_cluster_5_1mer-bz_4_cluster_6_1mer,seed-1_sample-0,0,,,,bz_4,"cluster_5, cluster_6"
bz_4_cluster_5_1mer-bz_4_cluster_6_1mer,seed-7_sample-0,0,,,,bz_4,"cluster_5, cluster_6"
bz_4_cluster_5_1mer-bz_4_cluster_1_1mer,seed-8_sample-0,0,,,,bz_4,"cluster_1, cluster_5"
bz_4_cluster_5_1mer-bz_4_cluster_1_1mer,seed-10_sample-0,0,,,,bz_4,"cluster_1, cluster_5"
bz_4_cluster_5_1mer-bz_4_cluster_1_1mer,seed-9_sample-0,0,,,,bz_4,"cluster_1, cluster_5"
bz_4_cluster_5_1mer-bz_4_cluster_1_1mer,seed-4_sample-0,0,,,,bz_4,"cluster_1, cluster_5"
bz_4_cluster_5_1mer-bz_4_cluster_1_1mer,seed-2_sample-0,0,,,,bz_4,"cluster_1, cluster_5"
bz_4_cluster_5_1mer-bz_4_cluster_1_1mer,seed-5_sample-0,0,,,,bz_4,"cluster_1, cluster_5"
bz_4_cluster_5_1mer-bz_4_cluster_1_1mer,seed-6_sample-0,0,,,,bz_4,"cluster_1, cluster_5"
bz_4_cluster_5_1mer-bz_4_cluster_1_1mer,seed-3_sample-0,0,,,,bz_4,"cluster_1, cluster_5"
bz_4_cluster_5_1mer-bz_4_cluster_1_1mer,seed-1_sample-0,0,,,,bz_4,"cluster_1, cluster_5"
bz_4_cluster_5_1mer-bz_4_cluster_1_1mer,seed-7_sample-0,0,,,,bz_4,"cluster_1, cluster_5"
bz_4_cluster_5_1mer-bz_4_cluster_3_1mer,seed-8_sample-0,36,0.53,0.595,"[0.53, 0.56, 0.6, 0.59, 0.6, 0.53, 0.63, 0.59, 0.62, 0.64, 0.58, 0.63, 0.56, 0.58, 0.6, 0.65, 0.63, 0.59, 0.58, 0.6, 0.65, 0.59, 0.59, 0.6, 0.59, 0.53, 0.53, 0.62, 0.63, 0.64, 0.58, 0.56, 0.6, 0.63, 0.63, 0.56]",bz_4,"cluster_3, cluster_5"
bz_4_cluster_5_1mer-bz_4_cluster_3_1mer,seed-10_sample-0,36,0.54,0.6005555555555555,"[0.54, 0.56, 0.59, 0.59, 0.61, 0.54, 0.63, 0.6, 0.63, 0.65, 0.58, 0.64, 0.57, 0.59, 0.6, 0.66, 0.64, 0.59, 0.59, 0.6, 0.66, 0.6, 0.59, 0.61, 0.59, 0.54, 0.54, 0.63, 0.64, 0.65, 0.58, 0.56, 0.59, 0.63, 0.64, 0.57]",bz_4,"cluster_3, cluster_5"
bz_4_cluster_5_1mer-bz_4_cluster_3_1mer,seed-9_sample-0,36,0.54,0.6,"[0.54, 0.56, 0.59, 0.58, 0.61, 0.54, 0.63, 0.61, 0.63, 0.64, 0.58, 0.65, 0.57, 0.58, 0.61, 0.65, 0.64, 0.59, 0.58, 0.61, 0.65, 0.61, 0.58, 0.61, 0.59, 0.54, 0.54, 0.63, 0.64, 0.64, 0.58, 0.56, 0.59, 0.63, 0.65, 0.57]",bz_4,"cluster_3, cluster_5"
bz_4_cluster_5_1mer-bz_4_cluster_3_1mer,seed-4_sample-0,36,0.53,0.5994444444444444,"[0.53, 0.56, 0.6, 0.59, 0.6, 0.54, 0.63, 0.6, 0.63, 0.64, 0.59, 0.65, 0.56, 0.59, 0.6, 0.66, 0.63, 0.59, 0.59, 0.6, 0.66, 0.6, 0.59, 0.6, 0.59, 0.53, 0.54, 0.63, 0.63, 0.64, 0.59, 0.56, 0.6, 0.63, 0.65, 0.56]",bz_4,"cluster_3, cluster_5"
bz_4_cluster_5_1mer-bz_4_cluster_3_1mer,seed-2_sample-0,36,0.56,0.6138888888888888,"[0.57, 0.57, 0.61, 0.6, 0.62, 0.56, 0.64, 0.61, 0.65, 0.66, 0.59, 0.65, 0.58, 0.6, 0.62, 0.67, 0.65, 0.6, 0.6, 0.62, 0.67, 0.61, 0.6, 0.62, 0.6, 0.57, 0.56, 0.65, 0.65, 0.66, 0.59, 0.57, 0.61, 0.64, 0.65, 0.58]",bz_4,"cluster_3, cluster_5"
bz_4_cluster_5_1mer-bz_4_cluster_3_1mer,seed-5_sample-0,36,0.53,0.5988888888888888,"[0.53, 0.56, 0.61, 0.58, 0.61, 0.54, 0.63, 0.6, 0.63, 0.64, 0.57, 0.63, 0.56, 0.58, 0.61, 0.66, 0.64, 0.6, 0.58, 0.61, 0.66, 0.6, 0.58, 0.61, 0.6, 0.53, 0.54, 0.63, 0.64, 0.64, 0.57, 0.56, 0.61, 0.63, 0.63, 0.56]",bz_4,"cluster_3, cluster_5"
bz_4_cluster_5_1mer-bz_4_cluster_3_1mer,seed-6_sample-0,36,0.54,0.6005555555555556,"[0.54, 0.56, 0.6, 0.59, 0.61, 0.54, 0.63, 0.61, 0.63, 0.64, 0.58, 0.64, 0.57, 0.58, 0.61, 0.66, 0.63, 0.59, 0.58, 0.61, 0.66, 0.61, 0.59, 0.61, 0.59, 0.54, 0.54, 0.63, 0.63, 0.64, 0.58, 0.56, 0.6, 0.63, 0.64, 0.57]",bz_4,"cluster_3, cluster_5"
bz_4_cluster_5_1mer-bz_4_cluster_3_1mer,seed-3_sample-0,36,0.55,0.6083333333333332,"[0.55, 0.57, 0.61, 0.58, 0.62, 0.55, 0.65, 0.63, 0.64, 0.65, 0.58, 0.65, 0.56, 0.59, 0.61, 0.67, 0.64, 0.6, 0.59, 0.61, 0.67, 0.63, 0.58, 0.62, 0.6, 0.55, 0.55, 0.64, 0.64, 0.65, 0.58, 0.57, 0.61, 0.65, 0.65, 0.56]",bz_4,"cluster_3, cluster_5"
bz_4_cluster_5_1mer-bz_4_cluster_3_1mer,seed-1_sample-0,36,0.53,0.6016666666666666,"[0.53, 0.57, 0.61, 0.58, 0.61, 0.54, 0.63, 0.61, 0.64, 0.64, 0.58, 0.64, 0.56, 0.59, 0.61, 0.66, 0.64, 0.59, 0.59, 0.61, 0.66, 0.61, 0.58, 0.61, 0.59, 0.53, 0.54, 0.64, 0.64, 0.64, 0.58, 0.57, 0.61, 0.63, 0.64, 0.56]",bz_4,"cluster_3, cluster_5"
bz_4_cluster_5_1mer-bz_4_cluster_3_1mer,seed-7_sample-0,36,0.54,0.6000000000000001,"[0.54, 0.56, 0.6, 0.59, 0.61, 0.54, 0.63, 0.61, 0.63, 0.64, 0.59, 0.64, 0.55, 0.58, 0.61, 0.66, 0.63, 0.59, 0.58, 0.61, 0.66, 0.61, 0.59, 0.61, 0.59, 0.54, 0.54, 0.63, 0.63, 0.64, 0.59, 0.56, 0.6, 0.63, 0.64, 0.55]",bz_4,"cluster_3, cluster_5"
bz_4_cluster_5_1mer-bz_4_cluster_2_1mer,seed-8_sample-0,0,,,,bz_4,"cluster_2, cluster_5"
bz_4_cluster_5_1mer-bz_4_cluster_2_1mer,seed-10_sample-0,0,,,,bz_4,"cluster_2, cluster_5"
bz_4_cluster_5_1mer-bz_4_cluster_2_1mer,seed-9_sample-0,0,,,,bz_4,"cluster_2, cluster_5"
bz_4_cluster_5_1mer-bz_4_cluster_2_1mer,seed-4_sample-0,0,,,,bz_4,"cluster_2, cluster_5"
bz_4_cluster_5_1mer-bz_4_cluster_2_1mer,seed-2_sample-0,0,,,,bz_4,"cluster_2, cluster_5"
bz_4_cluster_5_1mer-bz_4_cluster_2_1mer,seed-5_sample-0,0,,,,bz_4,"cluster_2, cluster_5"
bz_4_cluster_5_1mer-bz_4_cluster_2_1mer,seed-6_sample-0,0,,,,bz_4,"cluster_2, cluster_5"
bz_4_cluster_5_1mer-bz_4_cluster_2_1mer,seed-3_sample-0,0,,,,bz_4,"cluster_2, cluster_5"
bz_4_cluster_5_1mer-bz_4_cluster_2_1mer,seed-1_sample-0,0,,,,bz_4,"cluster_2, cluster_5"
bz_4_cluster_5_1mer-bz_4_cluster_2_1mer,seed-7_sample-0,0,,,,bz_4,"cluster_2, cluster_5"
bz_4_cluster_6_1mer-bz_4_cluster_1_1mer,seed-8_sample-0,16,0.51,0.5362500000000001,"[0.52, 0.51, 0.51, 0.57, 0.55, 0.53, 0.58, 0.52, 0.55, 0.52, 0.51, 0.51, 0.57, 0.53, 0.58, 0.52]",bz_4,"cluster_1, cluster_6"
bz_4_cluster_6_1mer-bz_4_cluster_1_1mer,seed-10_sample-0,2,0.51,0.51,"[0.51, 0.51]",bz_4,"cluster_1, cluster_6"
bz_4_cluster_6_1mer-bz_4_cluster_1_1mer,seed-9_sample-0,10,0.51,0.538,"[0.51, 0.57, 0.54, 0.52, 0.55, 0.54, 0.51, 0.57, 0.52, 0.55]",bz_4,"cluster_1, cluster_6"
bz_4_cluster_6_1mer-bz_4_cluster_1_1mer,seed-4_sample-0,16,0.51,0.5325,"[0.52, 0.51, 0.57, 0.55, 0.51, 0.52, 0.57, 0.51, 0.55, 0.52, 0.51, 0.51, 0.57, 0.52, 0.57, 0.51]",bz_4,"cluster_1, cluster_6"
bz_4_cluster_6_1mer-bz_4_cluster_1_1mer,seed-2_sample-0,8,0.51,0.5425,"[0.57, 0.54, 0.51, 0.55, 0.54, 0.57, 0.51, 0.55]",bz_4,"cluster_1, cluster_6"
bz_4_cluster_6_1mer-bz_4_cluster_1_1mer,seed-5_sample-0,14,0.51,0.5385714285714286,"[0.52, 0.52, 0.57, 0.55, 0.53, 0.57, 0.51, 0.55, 0.52, 0.52, 0.57, 0.53, 0.57, 0.51]",bz_4,"cluster_1, cluster_6"
bz_4_cluster_6_1mer-bz_4_cluster_1_1mer,seed-6_sample-0,8,0.51,0.5325,"[0.51, 0.53, 0.54, 0.55, 0.54, 0.51, 0.53, 0.55]",bz_4,"cluster_1, cluster_6"
bz_4_cluster_6_1mer-bz_4_cluster_1_1mer,seed-3_sample-0,14,0.51,0.5414285714285715,"[0.53, 0.52, 0.58, 0.55, 0.52, 0.58, 0.51, 0.55, 0.53, 0.52, 0.58, 0.52, 0.58, 0.51]",bz_4,"cluster_1, cluster_6"
bz_4_cluster_6_1mer-bz_4_cluster_1_1mer,seed-1_sample-0,4,0.51,0.515,"[0.51, 0.52, 0.51, 0.52]",bz_4,"cluster_1, cluster_6"
bz_4_cluster_6_1mer-bz_4_cluster_1_1mer,seed-7_sample-0,18,0.51,0.5355555555555556,"[0.53, 0.52, 0.52, 0.58, 0.55, 0.51, 0.53, 0.57, 0.51, 0.55, 0.53, 0.52, 0.51, 0.52, 0.58, 0.53, 0.57, 0.51]",bz_4,"cluster_1, cluster_6"
bz_4_cluster_6_1mer-bz_4_cluster_3_1mer,seed-8_sample-0,12,0.51,0.5499999999999999,"[0.58, 0.58, 0.55, 0.51, 0.56, 0.52, 0.55, 0.56, 0.51, 0.58, 0.58, 0.52]",bz_4,"cluster_3, cluster_6"
bz_4_cluster_6_1mer-bz_4_cluster_3_1mer,seed-10_sample-0,0,,,,bz_4,"cluster_3, cluster_6"
bz_4_cluster_6_1mer-bz_4_cluster_3_1mer,seed-9_sample-0,0,,,,bz_4,"cluster_3, cluster_6"
bz_4_cluster_6_1mer-bz_4_cluster_3_1mer,seed-4_sample-0,0,,,,bz_4,"cluster_3, cluster_6"
bz_4_cluster_6_1mer-bz_4_cluster_3_1mer,seed-2_sample-0,8,0.51,0.5225,"[0.51, 0.52, 0.51, 0.55, 0.51, 0.55, 0.52, 0.51]",bz_4,"cluster_3, cluster_6"
bz_4_cluster_6_1mer-bz_4_cluster_3_1mer,seed-5_sample-0,0,,,,bz_4,"cluster_3, cluster_6"
bz_4_cluster_6_1mer-bz_4_cluster_3_1mer,seed-6_sample-0,0,,,,bz_4,"cluster_3, cluster_6"
bz_4_cluster_6_1mer-bz_4_cluster_3_1mer,seed-3_sample-0,0,,,,bz_4,"cluster_3, cluster_6"
bz_4_cluster_6_1mer-bz_4_cluster_3_1mer,seed-1_sample-0,10,0.52,0.556,"[0.57, 0.55, 0.55, 0.52, 0.59, 0.52, 0.59, 0.55, 0.57, 0.55]",bz_4,"cluster_3, cluster_6"
bz_4_cluster_6_1mer-bz_4_cluster_3_1mer,seed-7_sample-0,0,,,,bz_4,"cluster_3, cluster_6"
bz_4_cluster_6_1mer-bz_4_cluster_2_1mer,seed-8_sample-0,6,0.54,0.56,"[0.55, 0.59, 0.54, 0.55, 0.59, 0.54]",bz_4,"cluster_2, cluster_6"
bz_4_cluster_6_1mer-bz_4_cluster_2_1mer,seed-10_sample-0,10,0.52,0.5599999999999999,"[0.54, 0.57, 0.52, 0.63, 0.54, 0.57, 0.54, 0.52, 0.63, 0.54]",bz_4,"cluster_2, cluster_6"
bz_4_cluster_6_1mer-bz_4_cluster_2_1mer,seed-9_sample-0,8,0.51,0.5549999999999999,"[0.51, 0.56, 0.62, 0.53, 0.56, 0.51, 0.62, 0.53]",bz_4,"cluster_2, cluster_6"
bz_4_cluster_6_1mer-bz_4_cluster_2_1mer,seed-4_sample-0,8,0.52,0.5599999999999999,"[0.52, 0.57, 0.62, 0.53, 0.57, 0.52, 0.62, 0.53]",bz_4,"cluster_2, cluster_6"
bz_4_cluster_6_1mer-bz_4_cluster_2_1mer,seed-2_sample-0,6,0.52,0.5533333333333333,"[0.55, 0.59, 0.52, 0.55, 0.59, 0.52]",bz_4,"cluster_2, cluster_6"
bz_4_cluster_6_1mer-bz_4_cluster_2_1mer,seed-5_sample-0,28,0.54,0.6392857142857143,"[0.67, 0.66, 0.63, 0.56, 0.7, 0.54, 0.64, 0.72, 0.61, 0.59, 0.65, 0.7, 0.67, 0.61, 0.56, 0.54, 0.67, 0.66, 0.63, 0.7, 0.64, 0.72, 0.61, 0.59, 0.65, 0.7, 0.67, 0.61]",bz_4,"cluster_2, cluster_6"
bz_4_cluster_6_1mer-bz_4_cluster_2_1mer,seed-6_sample-0,8,0.52,0.5650000000000001,"[0.52, 0.58, 0.62, 0.54, 0.58, 0.52, 0.62, 0.54]",bz_4,"cluster_2, cluster_6"
bz_4_cluster_6_1mer-bz_4_cluster_2_1mer,seed-3_sample-0,6,0.53,0.5499999999999999,"[0.55, 0.57, 0.53, 0.55, 0.57, 0.53]",bz_4,"cluster_2, cluster_6"
bz_4_cluster_6_1mer-bz_4_cluster_2_1mer,seed-1_sample-0,6,0.53,0.5566666666666666,"[0.55, 0.59, 0.53, 0.55, 0.59, 0.53]",bz_4,"cluster_2, cluster_6"
bz_4_cluster_6_1mer-bz_4_cluster_2_1mer,seed-7_sample-0,8,0.52,0.565,"[0.52, 0.57, 0.62, 0.55, 0.57, 0.52, 0.62, 0.55]",bz_4,"cluster_2, cluster_6"
bz_4_cluster_1_1mer-bz_4_cluster_3_1mer,seed-8_sample-0,70,0.53,0.8397142857142857,"[0.85, 0.91, 0.87, 0.95, 0.91, 0.91, 0.87, 0.9, 0.89, 0.78, 0.93, 0.86, 0.79, 0.89, 0.88, 0.89, 0.85, 0.9, 0.91, 0.9, 0.85, 0.88, 0.85, 0.89, 0.53, 0.93, 0.66, 0.82, 0.84, 0.63, 0.74, 0.72, 0.78, 0.84, 0.79, 0.89, 0.91, 0.87, 0.87, 0.85, 0.91, 0.95, 0.9, 0.91, 0.63, 0.74, 0.86, 0.72, 0.78, 0.53, 0.82, 0.84, 0.91, 0.85, 0.79, 0.89, 0.9, 0.89, 0.93, 0.84, 0.79, 0.85, 0.89, 0.85, 0.66, 0.78, 0.93, 0.88, 0.9, 0.88]",bz_4,"cluster_1, cluster_3"
bz_4_cluster_1_1mer-bz_4_cluster_3_1mer,seed-10_sample-0,70,0.53,0.8380000000000001,"[0.85, 0.91, 0.87, 0.95, 0.9, 0.91, 0.87, 0.9, 0.89, 0.79, 0.93, 0.86, 0.79, 0.88, 0.88, 0.9, 0.85, 0.9, 0.91, 0.9, 0.84, 0.88, 0.85, 0.89, 0.53, 0.93, 0.65, 0.81, 0.84, 0.63, 0.73, 0.71, 0.77, 0.84, 0.79, 0.89, 0.91, 0.87, 0.87, 0.85, 0.91, 0.95, 0.9, 0.9, 0.63, 0.73, 0.86, 0.71, 0.77, 0.53, 0.81, 0.84, 0.91, 0.85, 0.79, 0.9, 0.9, 0.89, 0.93, 0.84, 0.79, 0.84, 0.88, 0.85, 0.65, 0.79, 0.93, 0.88, 0.9, 0.88]",bz_4,"cluster_1, cluster_3"
bz_4_cluster_1_1mer-bz_4_cluster_3_1mer,seed-9_sample-0,70,0.53,0.8385714285714286,"[0.84, 0.91, 0.87, 0.95, 0.9, 0.91, 0.87, 0.9, 0.89, 0.78, 0.93, 0.86, 0.79, 0.88, 0.88, 0.9, 0.84, 0.9, 0.91, 0.91, 0.85, 0.88, 0.85, 0.88, 0.53, 0.93, 0.65, 0.81, 0.85, 0.63, 0.73, 0.72, 0.78, 0.84, 0.8, 0.89, 0.91, 0.87, 0.87, 0.84, 0.91, 0.95, 0.9, 0.9, 0.63, 0.73, 0.86, 0.72, 0.78, 0.53, 0.81, 0.84, 0.91, 0.85, 0.79, 0.9, 0.91, 0.88, 0.93, 0.85, 0.8, 0.85, 0.88, 0.84, 0.65, 0.78, 0.93, 0.88, 0.9, 0.88]",bz_4,"cluster_1, cluster_3"
bz_4_cluster_1_1mer-bz_4_cluster_3_1mer,seed-4_sample-0,70,0.53,0.8380000000000001,"[0.85, 0.91, 0.87, 0.95, 0.9, 0.91, 0.87, 0.9, 0.88, 0.78, 0.93, 0.86, 0.79, 0.88, 0.87, 0.9, 0.85, 0.9, 0.91, 0.9, 0.85, 0.88, 0.85, 0.88, 0.53, 0.93, 0.65, 0.82, 0.85, 0.62, 0.73, 0.72, 0.78, 0.84, 0.79, 0.88, 0.91, 0.87, 0.87, 0.85, 0.91, 0.95, 0.9, 0.9, 0.62, 0.73, 0.86, 0.72, 0.78, 0.53, 0.82, 0.84, 0.91, 0.85, 0.79, 0.9, 0.9, 0.88, 0.93, 0.85, 0.79, 0.85, 0.88, 0.85, 0.65, 0.78, 0.93, 0.87, 0.9, 0.88]",bz_4,"cluster_1, cluster_3"
bz_4_cluster_1_1mer-bz_4_cluster_3_1mer,seed-2_sample-0,70,0.52,0.8391428571428572,"[0.84, 0.9, 0.88, 0.95, 0.9, 0.91, 0.87, 0.9, 0.89, 0.79, 0.93, 0.87, 0.79, 0.89, 0.88, 0.9, 0.84, 0.9, 0.91, 0.91, 0.85, 0.88, 0.85, 0.89, 0.52, 0.93, 0.66, 0.81, 0.85, 0.62, 0.73, 0.72, 0.78, 0.84, 0.79, 0.89, 0.91, 0.88, 0.87, 0.84, 0.9, 0.95, 0.9, 0.9, 0.62, 0.73, 0.87, 0.72, 0.78, 0.52, 0.81, 0.84, 0.91, 0.85, 0.79, 0.9, 0.91, 0.89, 0.93, 0.85, 0.79, 0.85, 0.89, 0.84, 0.66, 0.79, 0.93, 0.88, 0.9, 0.88]",bz_4,"cluster_1, cluster_3"
bz_4_cluster_1_1mer-bz_4_cluster_3_1mer,seed-5_sample-0,70,0.52,0.8374285714285715,"[0.84, 0.91, 0.87, 0.95, 0.9, 0.91, 0.87, 0.9, 0.89, 0.78, 0.93, 0.86, 0.79, 0.89, 0.88, 0.9, 0.84, 0.9, 0.91, 0.91, 0.85, 0.88, 0.85, 0.89, 0.52, 0.93, 0.64, 0.81, 0.85, 0.62, 0.73, 0.71, 0.77, 0.84, 0.79, 0.89, 0.91, 0.87, 0.87, 0.84, 0.91, 0.95, 0.9, 0.9, 0.62, 0.73, 0.86, 0.71, 0.77, 0.52, 0.81, 0.84, 0.91, 0.85, 0.79, 0.9, 0.91, 0.89, 0.93, 0.85, 0.79, 0.85, 0.89, 0.84, 0.64, 0.78, 0.93, 0.88, 0.9, 0.88]",bz_4,"cluster_1, cluster_3"
bz_4_cluster_1_1mer-bz_4_cluster_3_1mer,seed-6_sample-0,70,0.51,0.8377142857142856,"[0.85, 0.91, 0.87, 0.95, 0.9, 0.91, 0.87, 0.9, 0.89, 0.79, 0.93, 0.86, 0.79, 0.88, 0.87, 0.9, 0.84, 0.9, 0.91, 0.91, 0.85, 0.88, 0.85, 0.89, 0.51, 0.93, 0.65, 0.81, 0.84, 0.62, 0.73, 0.71, 0.79, 0.84, 0.79, 0.89, 0.91, 0.87, 0.87, 0.85, 0.91, 0.95, 0.9, 0.9, 0.62, 0.73, 0.86, 0.71, 0.79, 0.51, 0.81, 0.84, 0.91, 0.85, 0.79, 0.9, 0.91, 0.89, 0.93, 0.84, 0.79, 0.85, 0.88, 0.84, 0.65, 0.79, 0.93, 0.87, 0.9, 0.88]",bz_4,"cluster_1, cluster_3"
bz_4_cluster_1_1mer-bz_4_cluster_3_1mer,seed-3_sample-0,70,0.53,0.8394285714285714,"[0.85, 0.91, 0.88, 0.95, 0.9, 0.91, 0.87, 0.9, 0.88, 0.79, 0.93, 0.86, 0.79, 0.88, 0.88, 0.9, 0.84, 0.9, 0.91, 0.91, 0.85, 0.88, 0.85, 0.89, 0.53, 0.93, 0.66, 0.82, 0.84, 0.63, 0.73, 0.72, 0.78, 0.84, 0.79, 0.88, 0.91, 0.88, 0.87, 0.85, 0.91, 0.95, 0.9, 0.9, 0.63, 0.73, 0.86, 0.72, 0.78, 0.53, 0.82, 0.84, 0.91, 0.85, 0.79, 0.9, 0.91, 0.89, 0.93, 0.84, 0.79, 0.85, 0.88, 0.84, 0.66, 0.79, 0.93, 0.88, 0.9, 0.88]",bz_4,"cluster_1, cluster_3"
bz_4_cluster_1_1mer-bz_4_cluster_3_1mer,seed-1_sample-0,70,0.53,0.8411428571428571,"[0.85, 0.91, 0.87, 0.95, 0.91, 0.91, 0.88, 0.9, 0.89, 0.78, 0.93, 0.87, 0.79, 0.89, 0.87, 0.9, 0.85, 0.9, 0.91, 0.91, 0.85, 0.88, 0.85, 0.89, 0.53, 0.93, 0.66, 0.82, 0.85, 0.63, 0.74, 0.72, 0.78, 0.84, 0.8, 0.89, 0.91, 0.87, 0.88, 0.85, 0.91, 0.95, 0.9, 0.91, 0.63, 0.74, 0.87, 0.72, 0.78, 0.53, 0.82, 0.84, 0.91, 0.85, 0.79, 0.9, 0.91, 0.89, 0.93, 0.85, 0.8, 0.85, 0.89, 0.85, 0.66, 0.78, 0.93, 0.87, 0.9, 0.88]",bz_4,"cluster_1, cluster_3"
bz_4_cluster_1_1mer-bz_4_cluster_3_1mer,seed-7_sample-0,70,0.52,0.8402857142857143,"[0.85, 0.91, 0.87, 0.95, 0.9, 0.91, 0.87, 0.9, 0.89, 0.79, 0.93, 0.87, 0.79, 0.89, 0.88, 0.9, 0.85, 0.9, 0.91, 0.91, 0.85, 0.88, 0.85, 0.89, 0.52, 0.93, 0.65, 0.82, 0.85, 0.63, 0.73, 0.72, 0.78, 0.84, 0.8, 0.89, 0.91, 0.87, 0.87, 0.85, 0.91, 0.95, 0.9, 0.9, 0.63, 0.73, 0.87, 0.72, 0.78, 0.52, 0.82, 0.84, 0.91, 0.85, 0.79, 0.9, 0.91, 0.89, 0.93, 0.85, 0.8, 0.85, 0.89, 0.85, 0.65, 0.79, 0.93, 0.88, 0.9, 0.88]",bz_4,"cluster_1, cluster_3"
bz_4_cluster_1_1mer-bz_4_cluster_2_1mer,seed-8_sample-0,0,,,,bz_4,"cluster_1, cluster_2"
bz_4_cluster_1_1mer-bz_4_cluster_2_1mer,seed-10_sample-0,0,,,,bz_4,"cluster_1, cluster_2"
bz_4_cluster_1_1mer-bz_4_cluster_2_1mer,seed-9_sample-0,0,,,,bz_4,"cluster_1, cluster_2"
bz_4_cluster_1_1mer-bz_4_cluster_2_1mer,seed-4_sample-0,0,,,,bz_4,"cluster_1, cluster_2"
bz_4_cluster_1_1mer-bz_4_cluster_2_1mer,seed-2_sample-0,0,,,,bz_4,"cluster_1, cluster_2"
bz_4_cluster_1_1mer-bz_4_cluster_2_1mer,seed-5_sample-0,0,,,,bz_4,"cluster_1, cluster_2"
bz_4_cluster_1_1mer-bz_4_cluster_2_1mer,seed-6_sample-0,0,,,,bz_4,"cluster_1, cluster_2"
bz_4_cluster_1_1mer-bz_4_cluster_2_1mer,seed-3_sample-0,0,,,,bz_4,"cluster_1, cluster_2"
bz_4_cluster_1_1mer-bz_4_cluster_2_1mer,seed-1_sample-0,0,,,,bz_4,"cluster_1, cluster_2"
bz_4_cluster_1_1mer-bz_4_cluster_2_1mer,seed-7_sample-0,0,,,,bz_4,"cluster_1, cluster_2"
bz_4_cluster_3_1mer-bz_4_cluster_2_1mer,seed-8_sample-0,28,0.75,0.8585714285714285,"[0.91, 0.87, 0.75, 0.86, 0.9, 0.86, 0.84, 0.8, 0.86, 0.85, 0.88, 0.88, 0.89, 0.87, 0.86, 0.85, 0.87, 0.91, 0.87, 0.75, 0.86, 0.88, 0.86, 0.84, 0.88, 0.9, 0.8, 0.89]",bz_4,"cluster_2, cluster_3"
bz_4_cluster_3_1mer-bz_4_cluster_2_1mer,seed-10_sample-0,28,0.75,0.8571428571428571,"[0.91, 0.86, 0.75, 0.86, 0.9, 0.86, 0.84, 0.8, 0.86, 0.84, 0.88, 0.88, 0.89, 0.87, 0.86, 0.84, 0.87, 0.91, 0.86, 0.75, 0.86, 0.88, 0.86, 0.84, 0.88, 0.9, 0.8, 0.89]",bz_4,"cluster_2, cluster_3"
bz_4_cluster_3_1mer-bz_4_cluster_2_1mer,seed-9_sample-0,28,0.75,0.857857142857143,"[0.91, 0.87, 0.75, 0.86, 0.89, 0.86, 0.85, 0.8, 0.86, 0.84, 0.88, 0.88, 0.89, 0.87, 0.86, 0.84, 0.87, 0.91, 0.87, 0.75, 0.86, 0.88, 0.86, 0.85, 0.88, 0.89, 0.8, 0.89]",bz_4,"cluster_2, cluster_3"
bz_4_cluster_3_1mer-bz_4_cluster_2_1mer,seed-4_sample-0,28,0.75,0.857857142857143,"[0.91, 0.87, 0.75, 0.86, 0.89, 0.86, 0.84, 0.8, 0.86, 0.85, 0.88, 0.88, 0.89, 0.87, 0.86, 0.85, 0.87, 0.91, 0.87, 0.75, 0.86, 0.88, 0.86, 0.84, 0.88, 0.89, 0.8, 0.89]",bz_4,"cluster_2, cluster_3"
bz_4_cluster_3_1mer-bz_4_cluster_2_1mer,seed-2_sample-0,28,0.76,0.8614285714285713,"[0.91, 0.87, 0.76, 0.87, 0.9, 0.87, 0.85, 0.8, 0.86, 0.84, 0.88, 0.88, 0.89, 0.88, 0.86, 0.84, 0.88, 0.91, 0.87, 0.76, 0.87, 0.88, 0.87, 0.85, 0.88, 0.9, 0.8, 0.89]",bz_4,"cluster_2, cluster_3"
bz_4_cluster_3_1mer-bz_4_cluster_2_1mer,seed-5_sample-0,28,0.75,0.8592857142857142,"[0.91, 0.87, 0.75, 0.87, 0.9, 0.86, 0.85, 0.8, 0.86, 0.84, 0.88, 0.88, 0.89, 0.87, 0.86, 0.84, 0.87, 0.91, 0.87, 0.75, 0.86, 0.88, 0.87, 0.85, 0.88, 0.9, 0.8, 0.89]",bz_4,"cluster_2, cluster_3"
bz_4_cluster_3_1mer-bz_4_cluster_2_1mer,seed-6_sample-0,28,0.75,0.8585714285714285,"[0.91, 0.87, 0.75, 0.87, 0.89, 0.86, 0.85, 0.8, 0.86, 0.84, 0.88, 0.88, 0.89, 0.87, 0.86, 0.84, 0.87, 0.91, 0.87, 0.75, 0.86, 0.88, 0.87, 0.85, 0.88, 0.89, 0.8, 0.89]",bz_4,"cluster_2, cluster_3"
bz_4_cluster_3_1mer-bz_4_cluster_2_1mer,seed-3_sample-0,28,0.75,0.86,"[0.91, 0.87, 0.75, 0.86, 0.9, 0.87, 0.85, 0.8, 0.86, 0.84, 0.88, 0.88, 0.9, 0.87, 0.86, 0.84, 0.87, 0.91, 0.87, 0.75, 0.87, 0.88, 0.86, 0.85, 0.88, 0.9, 0.8, 0.9]",bz_4,"cluster_2, cluster_3"
bz_4_cluster_3_1mer-bz_4_cluster_2_1mer,seed-1_sample-0,28,0.75,0.8607142857142855,"[0.91, 0.87, 0.75, 0.87, 0.9, 0.86, 0.85, 0.81, 0.86, 0.85, 0.88, 0.88, 0.89, 0.87, 0.86, 0.85, 0.87, 0.91, 0.87, 0.75, 0.86, 0.88, 0.87, 0.85, 0.88, 0.9, 0.81, 0.89]",bz_4,"cluster_2, cluster_3"
bz_4_cluster_3_1mer-bz_4_cluster_2_1mer,seed-7_sample-0,28,0.74,0.8585714285714285,"[0.91, 0.87, 0.74, 0.86, 0.9, 0.86, 0.85, 0.8, 0.86, 0.85, 0.88, 0.88, 0.89, 0.87, 0.86, 0.85, 0.87, 0.91, 0.87, 0.74, 0.86, 0.88, 0.86, 0.85, 0.88, 0.9, 0.8, 0.89]",bz_4,"cluster_2, cluster_3"
bz_4_cluster_8_1mer-bz_4_cluster_8_1mer,seed-8_sample-0,2,0.82,0.82,"[0.82, 0.82]",bz_4,"cluster_8, cluster_8"
bz_4_cluster_8_1mer-bz_4_cluster_8_1mer,seed-10_sample-0,2,0.82,0.82,"[0.82, 0.82]",bz_4,"cluster_8, cluster_8"
bz_4_cluster_8_1mer-bz_4_cluster_8_1mer,seed-9_sample-0,2,0.83,0.83,"[0.83, 0.83]",bz_4,"cluster_8, cluster_8"
bz_4_cluster_8_1mer-bz_4_cluster_8_1mer,seed-4_sample-0,2,0.82,0.82,"[0.82, 0.82]",bz_4,"cluster_8, cluster_8"
bz_4_cluster_8_1mer-bz_4_cluster_8_1mer,seed-2_sample-0,2,0.83,0.83,"[0.83, 0.83]",bz_4,"cluster_8, cluster_8"
bz_4_cluster_8_1mer-bz_4_cluster_8_1mer,seed-5_sample-0,2,0.82,0.82,"[0.82, 0.82]",bz_4,"cluster_8, cluster_8"
bz_4_cluster_8_1mer-bz_4_cluster_8_1mer,seed-6_sample-0,2,0.83,0.83,"[0.83, 0.83]",bz_4,"cluster_8, cluster_8"
bz_4_cluster_8_1mer-bz_4_cluster_8_1mer,seed-3_sample-0,2,0.82,0.82,"[0.82, 0.82]",bz_4,"cluster_8, cluster_8"
bz_4_cluster_8_1mer-bz_4_cluster_8_1mer,seed-1_sample-0,2,0.81,0.81,"[0.81, 0.81]",bz_4,"cluster_8, cluster_8"
bz_4_cluster_8_1mer-bz_4_cluster_8_1mer,seed-7_sample-0,2,0.82,0.82,"[0.82, 0.82]",bz_4,"cluster_8, cluster_8"
bz_4_cluster_0_1mer-bz_4_cluster_0_1mer,seed-8_sample-0,82,0.57,0.7407317073170732,"[0.7, 0.59, 0.6, 0.57, 0.8, 0.78, 0.77, 0.79, 0.82, 0.74, 0.68, 0.74, 0.79, 0.73, 0.71, 0.68, 0.7, 0.74, 0.8, 0.59, 0.6, 0.73, 0.8, 0.82, 0.79, 0.78, 0.72, 0.84, 0.81, 0.81, 0.8, 0.66, 0.69, 0.69, 0.72, 0.72, 0.8, 0.8, 0.84, 0.82, 0.81, 0.7, 0.59, 0.6, 0.57, 0.79, 0.78, 0.77, 0.79, 0.81, 0.73, 0.68, 0.74, 0.79, 0.74, 0.71, 0.68, 0.7, 0.74, 0.8, 0.59, 0.6, 0.72, 0.8, 0.81, 0.8, 0.78, 0.72, 0.84, 0.82, 0.82, 0.8, 0.66, 0.69, 0.69, 0.73, 0.72, 0.8, 0.8, 0.84, 0.81, 0.82]",bz_4,"cluster_0, cluster_0"
bz_4_cluster_0_1mer-bz_4_cluster_0_1mer,seed-10_sample-0,86,0.51,0.7323255813953488,"[0.7, 0.59, 0.6, 0.51, 0.55, 0.8, 0.79, 0.78, 0.79, 0.82, 0.74, 0.69, 0.75, 0.8, 0.74, 0.73, 0.69, 0.7, 0.75, 0.8, 0.6, 0.6, 0.51, 0.73, 0.8, 0.82, 0.79, 0.78, 0.73, 0.83, 0.81, 0.81, 0.81, 0.67, 0.68, 0.68, 0.74, 0.73, 0.8, 0.8, 0.83, 0.81, 0.81, 0.7, 0.6, 0.6, 0.51, 0.55, 0.79, 0.78, 0.78, 0.8, 0.81, 0.74, 0.69, 0.75, 0.79, 0.74, 0.73, 0.69, 0.7, 0.75, 0.8, 0.59, 0.6, 0.51, 0.74, 0.8, 0.81, 0.8, 0.79, 0.73, 0.83, 0.81, 0.82, 0.81, 0.67, 0.68, 0.68, 0.73, 0.73, 0.8, 0.8, 0.83, 0.81, 0.82]",bz_4,"cluster_0, cluster_0"
bz_4_cluster_0_1mer-bz_4_cluster_0_1mer,seed-9_sample-0,82,0.55,0.7351219512195122,"[0.7, 0.57, 0.58, 0.55, 0.79, 0.78, 0.77, 0.79, 0.81, 0.73, 0.69, 0.74, 0.79, 0.73, 0.7, 0.69, 0.69, 0.74, 0.8, 0.58, 0.59, 0.72, 0.79, 0.81, 0.79, 0.78, 0.72, 0.83, 0.8, 0.81, 0.8, 0.65, 0.68, 0.68, 0.72, 0.72, 0.79, 0.79, 0.83, 0.81, 0.81, 0.69, 0.58, 0.59, 0.55, 0.79, 0.78, 0.77, 0.79, 0.81, 0.73, 0.69, 0.74, 0.79, 0.73, 0.7, 0.69, 0.7, 0.74, 0.79, 0.57, 0.58, 0.72, 0.79, 0.81, 0.79, 0.78, 0.72, 0.83, 0.81, 0.81, 0.8, 0.65, 0.68, 0.68, 0.72, 0.72, 0.8, 0.79, 0.83, 0.8, 0.81]",bz_4,"cluster_0, cluster_0"
bz_4_cluster_0_1mer-bz_4_cluster_0_1mer,seed-4_sample-0,82,0.56,0.7397560975609756,"[0.71, 0.58, 0.59, 0.56, 0.8, 0.79, 0.78, 0.79, 0.81, 0.74, 0.69, 0.74, 0.79, 0.74, 0.71, 0.69, 0.7, 0.75, 0.8, 0.58, 0.58, 0.73, 0.8, 0.81, 0.79, 0.78, 0.73, 0.83, 0.81, 0.82, 0.81, 0.64, 0.68, 0.68, 0.73, 0.73, 0.8, 0.79, 0.83, 0.81, 0.81, 0.7, 0.58, 0.58, 0.56, 0.79, 0.78, 0.78, 0.79, 0.82, 0.74, 0.69, 0.75, 0.79, 0.74, 0.71, 0.69, 0.71, 0.74, 0.8, 0.58, 0.59, 0.73, 0.79, 0.81, 0.8, 0.79, 0.73, 0.83, 0.81, 0.81, 0.81, 0.64, 0.68, 0.68, 0.73, 0.73, 0.8, 0.8, 0.83, 0.81, 0.81]",bz_4,"cluster_0, cluster_0"
bz_4_cluster_0_1mer-bz_4_cluster_0_1mer,seed-2_sample-0,82,0.56,0.7439024390243902,"[0.69, 0.6, 0.6, 0.56, 0.8, 0.78, 0.78, 0.79, 0.81, 0.74, 0.69, 0.75, 0.8, 0.74, 0.72, 0.69, 0.7, 0.75, 0.8, 0.59, 0.6, 0.73, 0.81, 0.82, 0.8, 0.79, 0.73, 0.84, 0.81, 0.82, 0.81, 0.66, 0.69, 0.69, 0.72, 0.73, 0.8, 0.8, 0.84, 0.81, 0.82, 0.7, 0.59, 0.6, 0.56, 0.8, 0.79, 0.78, 0.8, 0.82, 0.74, 0.69, 0.75, 0.79, 0.74, 0.72, 0.69, 0.69, 0.75, 0.8, 0.6, 0.6, 0.72, 0.8, 0.82, 0.8, 0.78, 0.73, 0.84, 0.81, 0.81, 0.81, 0.66, 0.69, 0.69, 0.73, 0.73, 0.8, 0.81, 0.84, 0.81, 0.82]",bz_4,"cluster_0, cluster_0"
bz_4_cluster_0_1mer-bz_4_cluster_0_1mer,seed-5_sample-0,82,0.57,0.7402439024390244,"[0.69, 0.59, 0.6, 0.57, 0.79, 0.78, 0.77, 0.78, 0.81, 0.73, 0.69, 0.74, 0.79, 0.73, 0.71, 0.69, 0.69, 0.74, 0.8, 0.58, 0.59, 0.73, 0.8, 0.82, 0.79, 0.78, 0.73, 0.84, 0.81, 0.82, 0.81, 0.66, 0.69, 0.69, 0.73, 0.72, 0.8, 0.8, 0.84, 0.81, 0.82, 0.69, 0.58, 0.59, 0.57, 0.79, 0.78, 0.77, 0.79, 0.82, 0.73, 0.69, 0.74, 0.78, 0.73, 0.71, 0.69, 0.69, 0.74, 0.8, 0.59, 0.6, 0.73, 0.8, 0.82, 0.79, 0.78, 0.72, 0.84, 0.81, 0.81, 0.81, 0.66, 0.69, 0.69, 0.73, 0.73, 0.8, 0.8, 0.84, 0.81, 0.82]",bz_4,"cluster_0, cluster_0"
bz_4_cluster_0_1mer-bz_4_cluster_0_1mer,seed-6_sample-0,82,0.57,0.7324390243902439,"[0.69, 0.59, 0.59, 0.57, 0.79, 0.77, 0.76, 0.77, 0.81, 0.72, 0.67, 0.73, 0.78, 0.72, 0.69, 0.67, 0.69, 0.73, 0.79, 0.59, 0.59, 0.72, 0.8, 0.81, 0.78, 0.77, 0.72, 0.83, 0.81, 0.8, 0.8, 0.66, 0.67, 0.68, 0.71, 0.72, 0.8, 0.79, 0.83, 0.82, 0.8, 0.69, 0.59, 0.59, 0.57, 0.78, 0.77, 0.76, 0.78, 0.8, 0.72, 0.67, 0.73, 0.77, 0.72, 0.69, 0.67, 0.69, 0.73, 0.8, 0.59, 0.59, 0.71, 0.79, 0.8, 0.79, 0.77, 0.72, 0.83, 0.82, 0.81, 0.8, 0.66, 0.68, 0.67, 0.72, 0.72, 0.79, 0.8, 0.83, 0.81, 0.81]",bz_4,"cluster_0, cluster_0"
bz_4_cluster_0_1mer-bz_4_cluster_0_1mer,seed-3_sample-0,82,0.56,0.7360975609756099,"[0.69, 0.58, 0.59, 0.56, 0.79, 0.77, 0.77, 0.78, 0.81, 0.73, 0.69, 0.74, 0.78, 0.73, 0.7, 0.68, 0.69, 0.74, 0.79, 0.58, 0.59, 0.73, 0.8, 0.82, 0.79, 0.77, 0.73, 0.84, 0.81, 0.81, 0.8, 0.65, 0.68, 0.68, 0.73, 0.73, 0.79, 0.79, 0.83, 0.81, 0.81, 0.69, 0.58, 0.59, 0.56, 0.79, 0.77, 0.77, 0.78, 0.81, 0.73, 0.68, 0.74, 0.78, 0.73, 0.7, 0.69, 0.69, 0.74, 0.79, 0.58, 0.59, 0.73, 0.79, 0.81, 0.79, 0.77, 0.73, 0.83, 0.81, 0.81, 0.8, 0.65, 0.68, 0.68, 0.73, 0.73, 0.79, 0.8, 0.84, 0.81, 0.82]",bz_4,"cluster_0, cluster_0"
bz_4_cluster_0_1mer-bz_4_cluster_0_1mer,seed-1_sample-0,82,0.58,0.7373170731707317,"[0.69, 0.58, 0.59, 0.6, 0.78, 0.78, 0.78, 0.79, 0.81, 0.73, 0.7, 0.74, 0.79, 0.72, 0.69, 0.69, 0.69, 0.74, 0.8, 0.58, 0.58, 0.72, 0.8, 0.81, 0.78, 0.78, 0.72, 0.83, 0.81, 0.81, 0.8, 0.65, 0.69, 0.69, 0.72, 0.72, 0.8, 0.8, 0.83, 0.81, 0.81, 0.69, 0.58, 0.58, 0.6, 0.78, 0.78, 0.78, 0.79, 0.81, 0.72, 0.69, 0.74, 0.79, 0.73, 0.69, 0.7, 0.69, 0.74, 0.8, 0.58, 0.59, 0.72, 0.8, 0.81, 0.78, 0.78, 0.72, 0.83, 0.81, 0.81, 0.8, 0.65, 0.69, 0.69, 0.72, 0.72, 0.8, 0.8, 0.83, 0.81, 0.81]",bz_4,"cluster_0, cluster_0"
bz_4_cluster_0_1mer-bz_4_cluster_0_1mer,seed-7_sample-0,82,0.55,0.7375609756097562,"[0.69, 0.59, 0.59, 0.55, 0.8, 0.78, 0.77, 0.78, 0.8, 0.73, 0.7, 0.75, 0.79, 0.73, 0.71, 0.69, 0.69, 0.75, 0.8, 0.58, 0.59, 0.73, 0.8, 0.81, 0.8, 0.78, 0.73, 0.83, 0.8, 0.81, 0.8, 0.65, 0.67, 0.68, 0.73, 0.72, 0.8, 0.8, 0.83, 0.8, 0.81, 0.69, 0.58, 0.59, 0.55, 0.8, 0.78, 0.77, 0.79, 0.81, 0.73, 0.69, 0.75, 0.78, 0.73, 0.71, 0.7, 0.69, 0.75, 0.8, 0.59, 0.59, 0.73, 0.8, 0.81, 0.8, 0.78, 0.72, 0.83, 0.8, 0.8, 0.8, 0.65, 0.68, 0.67, 0.73, 0.73, 0.8, 0.8, 0.83, 0.8, 0.81]",bz_4,"cluster_0, cluster_0"
bz_4_cluster_4_1mer-bz_4_cluster_4_1mer,seed-8_sample-0,4,0.51,0.51,"[0.51, 0.51, 0.51, 0.51]",bz_4,"cluster_4, cluster_4"
bz_4_cluster_4_1mer-bz_4_cluster_4_1mer,seed-10_sample-0,0,,,,bz_4,"cluster_4, cluster_4"
bz_4_cluster_4_1mer-bz_4_cluster_4_1mer,seed-9_sample-0,0,,,,bz_4,"cluster_4, cluster_4"
bz_4_cluster_4_1mer-bz_4_cluster_4_1mer,seed-4_sample-0,0,,,,bz_4,"cluster_4, cluster_4"
bz_4_cluster_4_1mer-bz_4_cluster_4_1mer,seed-2_sample-0,0,,,,bz_4,"cluster_4, cluster_4"
bz_4_cluster_4_1mer-bz_4_cluster_4_1mer,seed-5_sample-0,0,,,,bz_4,"cluster_4, cluster_4"
bz_4_cluster_4_1mer-bz_4_cluster_4_1mer,seed-6_sample-0,0,,,,bz_4,"cluster_4, cluster_4"
bz_4_cluster_4_1mer-bz_4_cluster_4_1mer,seed-3_sample-0,0,,,,bz_4,"cluster_4, cluster_4"
bz_4_cluster_4_1mer-bz_4_cluster_4_1mer,seed-1_sample-0,0,,,,bz_4,"cluster_4, cluster_4"
bz_4_cluster_4_1mer-bz_4_cluster_4_1mer,seed-7_sample-0,0,,,,bz_4,"cluster_4, cluster_4"
bz_4_cluster_5_1mer-bz_4_cluster_5_1mer,seed-8_sample-0,0,,,,bz_4,"cluster_5, cluster_5"
bz_4_cluster_5_1mer-bz_4_cluster_5_1mer,seed-10_sample-0,0,,,,bz_4,"cluster_5, cluster_5"
bz_4_cluster_5_1mer-bz_4_cluster_5_1mer,seed-9_sample-0,0,,,,bz_4,"cluster_5, cluster_5"
bz_4_cluster_5_1mer-bz_4_cluster_5_1mer,seed-4_sample-0,118,0.51,0.6815254237288135,"[0.71, 0.7, 0.77, 0.73, 0.6, 0.71, 0.6, 0.85, 0.67, 0.79, 0.55, 0.74, 0.81, 0.75, 0.85, 0.74, 0.74, 0.69, 0.78, 0.71, 0.66, 0.75, 0.51, 0.61, 0.53, 0.59, 0.58, 0.59, 0.55, 0.66, 0.71, 0.7, 0.78, 0.73, 0.59, 0.55, 0.6, 0.85, 0.75, 0.67, 0.82, 0.73, 0.78, 0.75, 0.85, 0.69, 0.78, 0.65, 0.54, 0.74, 0.71, 0.76, 0.59, 0.54, 0.51, 0.58, 0.6, 0.59, 0.55, 0.71, 0.7, 0.78, 0.73, 0.6, 0.71, 0.59, 0.85, 0.67, 0.78, 0.55, 0.75, 0.82, 0.75, 0.85, 0.74, 0.73, 0.69, 0.78, 0.71, 0.65, 0.76, 0.51, 0.6, 0.54, 0.59, 0.58, 0.59, 0.55, 0.66, 0.71, 0.7, 0.77, 0.73, 0.6, 0.55, 0.6, 0.85, 0.74, 0.67, 0.81, 0.74, 0.79, 0.75, 0.85, 0.69, 0.78, 0.66, 0.53, 0.74, 0.71, 0.75, 0.59, 0.54, 0.51, 0.58, 0.61, 0.59, 0.55]",bz_4,"cluster_5, cluster_5"
bz_4_cluster_5_1mer-bz_4_cluster_5_1mer,seed-2_sample-0,0,,,,bz_4,"cluster_5, cluster_5"
bz_4_cluster_5_1mer-bz_4_cluster_5_1mer,seed-5_sample-0,0,,,,bz_4,"cluster_5, cluster_5"
bz_4_cluster_5_1mer-bz_4_cluster_5_1mer,seed-6_sample-0,0,,,,bz_4,"cluster_5, cluster_5"
bz_4_cluster_5_1mer-bz_4_cluster_5_1mer,seed-3_sample-0,0,,,,bz_4,"cluster_5, cluster_5"
bz_4_cluster_5_1mer-bz_4_cluster_5_1mer,seed-1_sample-0,0,,,,bz_4,"cluster_5, cluster_5"
bz_4_cluster_5_1mer-bz_4_cluster_5_1mer,seed-7_sample-0,0,,,,bz_4,"cluster_5, cluster_5"
bz_4_cluster_6_1mer-bz_4_cluster_6_1mer,seed-8_sample-0,86,0.53,0.6227906976744187,"[0.57, 0.56, 0.55, 0.54, 0.8, 0.6, 0.66, 0.75, 0.65, 0.67, 0.55, 0.73, 0.63, 0.56, 0.64, 0.54, 0.67, 0.65, 0.6, 0.59, 0.59, 0.56, 0.56, 0.81, 0.65, 0.67, 0.61, 0.77, 0.56, 0.73, 0.54, 0.6, 0.63, 0.64, 0.66, 0.56, 0.66, 0.6, 0.6, 0.63, 0.56, 0.55, 0.53, 0.56, 0.56, 0.56, 0.55, 0.81, 0.61, 0.65, 0.77, 0.63, 0.67, 0.56, 0.73, 0.64, 0.56, 0.63, 0.54, 0.66, 0.66, 0.6, 0.6, 0.6, 0.57, 0.56, 0.8, 0.66, 0.67, 0.6, 0.75, 0.55, 0.73, 0.54, 0.6, 0.65, 0.63, 0.67, 0.56, 0.65, 0.59, 0.59, 0.64, 0.55, 0.54, 0.53]",bz_4,"cluster_6, cluster_6"
bz_4_cluster_6_1mer-bz_4_cluster_6_1mer,seed-10_sample-0,76,0.51,0.5957894736842106,"[0.52, 0.54, 0.59, 0.77, 0.53, 0.61, 0.72, 0.6, 0.62, 0.54, 0.68, 0.59, 0.52, 0.61, 0.61, 0.6, 0.56, 0.53, 0.57, 0.52, 0.54, 0.78, 0.62, 0.62, 0.54, 0.73, 0.53, 0.67, 0.55, 0.59, 0.59, 0.62, 0.51, 0.6, 0.54, 0.56, 0.61, 0.61, 0.52, 0.54, 0.61, 0.78, 0.54, 0.62, 0.73, 0.59, 0.62, 0.53, 0.67, 0.59, 0.51, 0.61, 0.62, 0.6, 0.55, 0.54, 0.56, 0.52, 0.54, 0.77, 0.61, 0.62, 0.53, 0.72, 0.54, 0.68, 0.56, 0.6, 0.59, 0.61, 0.52, 0.6, 0.53, 0.57, 0.61, 0.59]",bz_4,"cluster_6, cluster_6"
bz_4_cluster_6_1mer-bz_4_cluster_6_1mer,seed-9_sample-0,80,0.61,0.702,"[0.61, 0.68, 0.63, 0.84, 0.64, 0.73, 0.82, 0.72, 0.72, 0.63, 0.81, 0.71, 0.64, 0.68, 0.62, 0.74, 0.74, 0.68, 0.72, 0.68, 0.62, 0.69, 0.84, 0.74, 0.73, 0.64, 0.82, 0.62, 0.81, 0.62, 0.67, 0.71, 0.71, 0.74, 0.63, 0.74, 0.7, 0.67, 0.69, 0.65, 0.62, 0.69, 0.65, 0.84, 0.64, 0.74, 0.82, 0.71, 0.73, 0.62, 0.81, 0.71, 0.63, 0.69, 0.62, 0.74, 0.74, 0.67, 0.7, 0.67, 0.61, 0.68, 0.84, 0.73, 0.72, 0.64, 0.82, 0.63, 0.81, 0.62, 0.68, 0.72, 0.71, 0.74, 0.64, 0.74, 0.72, 0.68, 0.68, 0.63]",bz_4,"cluster_6, cluster_6"
bz_4_cluster_6_1mer-bz_4_cluster_6_1mer,seed-4_sample-0,74,0.51,0.5862162162162161,"[0.54, 0.51, 0.53, 0.76, 0.53, 0.6, 0.72, 0.59, 0.61, 0.51, 0.66, 0.58, 0.59, 0.62, 0.59, 0.55, 0.53, 0.54, 0.55, 0.51, 0.77, 0.6, 0.6, 0.53, 0.72, 0.53, 0.68, 0.55, 0.58, 0.56, 0.61, 0.58, 0.53, 0.54, 0.58, 0.53, 0.58, 0.55, 0.51, 0.53, 0.77, 0.53, 0.6, 0.72, 0.58, 0.6, 0.53, 0.68, 0.56, 0.58, 0.61, 0.58, 0.55, 0.53, 0.54, 0.54, 0.51, 0.76, 0.6, 0.61, 0.53, 0.72, 0.51, 0.66, 0.55, 0.59, 0.58, 0.62, 0.59, 0.53, 0.54, 0.59, 0.53, 0.58]",bz_4,"cluster_6, cluster_6"
bz_4_cluster_6_1mer-bz_4_cluster_6_1mer,seed-2_sample-0,88,0.52,0.6668181818181818,"[0.55, 0.53, 0.63, 0.62, 0.52, 0.83, 0.63, 0.72, 0.79, 0.71, 0.68, 0.6, 0.79, 0.71, 0.62, 0.67, 0.58, 0.73, 0.72, 0.66, 0.7, 0.66, 0.57, 0.64, 0.84, 0.72, 0.7, 0.63, 0.8, 0.61, 0.78, 0.59, 0.66, 0.7, 0.7, 0.73, 0.62, 0.72, 0.7, 0.66, 0.66, 0.53, 0.61, 0.52, 0.57, 0.53, 0.64, 0.61, 0.52, 0.84, 0.63, 0.72, 0.8, 0.7, 0.7, 0.61, 0.78, 0.7, 0.62, 0.66, 0.59, 0.73, 0.72, 0.66, 0.7, 0.66, 0.55, 0.63, 0.83, 0.72, 0.68, 0.63, 0.79, 0.6, 0.79, 0.58, 0.66, 0.71, 0.71, 0.73, 0.62, 0.72, 0.7, 0.66, 0.67, 0.53, 0.62, 0.52]",bz_4,"cluster_6, cluster_6"
bz_4_cluster_6_1mer-bz_4_cluster_6_1mer,seed-5_sample-0,78,0.52,0.6276923076923077,"[0.56, 0.62, 0.79, 0.6, 0.64, 0.74, 0.63, 0.65, 0.58, 0.73, 0.64, 0.53, 0.64, 0.53, 0.65, 0.64, 0.6, 0.57, 0.59, 0.57, 0.63, 0.79, 0.64, 0.66, 0.6, 0.75, 0.57, 0.74, 0.53, 0.6, 0.64, 0.64, 0.66, 0.54, 0.64, 0.6, 0.59, 0.64, 0.52, 0.57, 0.63, 0.52, 0.79, 0.6, 0.64, 0.75, 0.64, 0.66, 0.57, 0.74, 0.64, 0.54, 0.64, 0.53, 0.66, 0.64, 0.6, 0.6, 0.59, 0.56, 0.62, 0.79, 0.64, 0.65, 0.6, 0.74, 0.58, 0.73, 0.53, 0.6, 0.63, 0.64, 0.65, 0.53, 0.64, 0.57, 0.59, 0.64]",bz_4,"cluster_6, cluster_6"
bz_4_cluster_6_1mer-bz_4_cluster_6_1mer,seed-6_sample-0,80,0.6,0.701,"[0.61, 0.69, 0.72, 0.84, 0.64, 0.74, 0.8, 0.71, 0.72, 0.62, 0.8, 0.72, 0.63, 0.68, 0.61, 0.73, 0.73, 0.67, 0.71, 0.67, 0.6, 0.68, 0.85, 0.74, 0.72, 0.64, 0.8, 0.61, 0.8, 0.61, 0.68, 0.71, 0.72, 0.73, 0.62, 0.72, 0.7, 0.67, 0.68, 0.72, 0.6, 0.68, 0.72, 0.85, 0.64, 0.74, 0.8, 0.71, 0.72, 0.61, 0.8, 0.72, 0.62, 0.68, 0.61, 0.73, 0.72, 0.68, 0.7, 0.67, 0.61, 0.69, 0.84, 0.74, 0.72, 0.64, 0.8, 0.62, 0.8, 0.61, 0.67, 0.71, 0.72, 0.73, 0.63, 0.73, 0.71, 0.67, 0.68, 0.72]",bz_4,"cluster_6, cluster_6"
bz_4_cluster_6_1mer-bz_4_cluster_6_1mer,seed-3_sample-0,88,0.58,0.683409090909091,"[0.6, 0.58, 0.67, 0.75, 0.58, 0.82, 0.62, 0.72, 0.81, 0.69, 0.71, 0.62, 0.79, 0.7, 0.62, 0.68, 0.6, 0.71, 0.72, 0.66, 0.69, 0.66, 0.62, 0.66, 0.83, 0.72, 0.72, 0.63, 0.82, 0.61, 0.8, 0.6, 0.65, 0.7, 0.7, 0.71, 0.62, 0.73, 0.68, 0.66, 0.69, 0.59, 0.75, 0.58, 0.62, 0.59, 0.66, 0.75, 0.58, 0.83, 0.63, 0.72, 0.82, 0.7, 0.72, 0.61, 0.8, 0.7, 0.62, 0.69, 0.6, 0.71, 0.73, 0.65, 0.68, 0.66, 0.6, 0.67, 0.82, 0.72, 0.71, 0.62, 0.81, 0.62, 0.79, 0.6, 0.66, 0.69, 0.7, 0.71, 0.62, 0.72, 0.69, 0.66, 0.68, 0.58, 0.75, 0.58]",bz_4,"cluster_6, cluster_6"
bz_4_cluster_6_1mer-bz_4_cluster_6_1mer,seed-1_sample-0,126,0.51,0.605079365079365,"[0.54, 0.57, 0.78, 0.58, 0.64, 0.73, 0.63, 0.66, 0.56, 0.72, 0.62, 0.54, 0.62, 0.53, 0.64, 0.62, 0.59, 0.61, 0.57, 0.55, 0.57, 0.78, 0.64, 0.65, 0.59, 0.74, 0.55, 0.73, 0.52, 0.6, 0.62, 0.62, 0.63, 0.53, 0.64, 0.59, 0.58, 0.62, 0.55, 0.57, 0.77, 0.61, 0.6, 0.55, 0.61, 0.53, 0.52, 0.55, 0.62, 0.52, 0.63, 0.59, 0.62, 0.62, 0.59, 0.6, 0.51, 0.59, 0.6, 0.6, 0.54, 0.56, 0.57, 0.55, 0.57, 0.78, 0.59, 0.64, 0.74, 0.62, 0.65, 0.55, 0.73, 0.62, 0.53, 0.62, 0.52, 0.63, 0.64, 0.6, 0.59, 0.58, 0.54, 0.57, 0.78, 0.64, 0.66, 0.58, 0.73, 0.56, 0.72, 0.53, 0.59, 0.63, 0.62, 0.64, 0.54, 0.62, 0.61, 0.57, 0.62, 0.57, 0.55, 0.77, 0.6, 0.61, 0.55, 0.62, 0.51, 0.52, 0.55, 0.61, 0.52, 0.62, 0.6, 0.63, 0.62, 0.59, 0.6, 0.53, 0.59, 0.59, 0.6, 0.54, 0.57, 0.56]",bz_4,"cluster_6, cluster_6"
bz_4_cluster_6_1mer-bz_4_cluster_6_1mer,seed-7_sample-0,126,0.51,0.6004761904761906,"[0.55, 0.56, 0.78, 0.58, 0.65, 0.73, 0.62, 0.65, 0.53, 0.72, 0.61, 0.53, 0.61, 0.52, 0.65, 0.64, 0.59, 0.59, 0.57, 0.55, 0.57, 0.78, 0.64, 0.64, 0.58, 0.74, 0.53, 0.71, 0.52, 0.59, 0.62, 0.61, 0.65, 0.52, 0.64, 0.58, 0.58, 0.62, 0.56, 0.56, 0.76, 0.6, 0.6, 0.55, 0.61, 0.52, 0.51, 0.55, 0.62, 0.51, 0.62, 0.59, 0.61, 0.62, 0.59, 0.57, 0.52, 0.59, 0.6, 0.59, 0.55, 0.54, 0.54, 0.55, 0.57, 0.78, 0.58, 0.64, 0.74, 0.62, 0.64, 0.53, 0.71, 0.61, 0.52, 0.62, 0.52, 0.65, 0.64, 0.59, 0.58, 0.58, 0.55, 0.56, 0.78, 0.65, 0.65, 0.58, 0.73, 0.53, 0.72, 0.52, 0.59, 0.62, 0.61, 0.65, 0.53, 0.64, 0.59, 0.57, 0.61, 0.56, 0.56, 0.76, 0.6, 0.6, 0.55, 0.62, 0.52, 0.51, 0.55, 0.61, 0.51, 0.61, 0.6, 0.62, 0.62, 0.59, 0.59, 0.52, 0.59, 0.59, 0.57, 0.55, 0.54, 0.54]",bz_4,"cluster_6, cluster_6"
bz_4_cluster_1_1mer-bz_4_cluster_1_1mer,seed-8_sample-0,148,0.51,0.644054054054054,"[0.55, 0.54, 0.62, 0.51, 0.51, 0.58, 0.66, 0.74, 0.72, 0.64, 0.67, 0.62, 0.66, 0.69, 0.75, 0.71, 0.54, 0.75, 0.56, 0.59, 0.71, 0.68, 0.64, 0.67, 0.68, 0.64, 0.67, 0.61, 0.57, 0.65, 0.71, 0.7, 0.64, 0.62, 0.73, 0.67, 0.63, 0.66, 0.64, 0.65, 0.64, 0.62, 0.67, 0.56, 0.64, 0.74, 0.66, 0.64, 0.72, 0.52, 0.54, 0.65, 0.6, 0.63, 0.67, 0.54, 0.64, 0.66, 0.69, 0.65, 0.69, 0.68, 0.6, 0.65, 0.72, 0.64, 0.69, 0.73, 0.7, 0.59, 0.69, 0.6, 0.56, 0.66, 0.55, 0.54, 0.62, 0.58, 0.66, 0.67, 0.54, 0.52, 0.54, 0.63, 0.74, 0.65, 0.69, 0.66, 0.72, 0.6, 0.75, 0.75, 0.71, 0.56, 0.62, 0.64, 0.64, 0.62, 0.59, 0.64, 0.71, 0.67, 0.61, 0.65, 0.73, 0.67, 0.67, 0.67, 0.65, 0.56, 0.71, 0.63, 0.66, 0.64, 0.64, 0.64, 0.7, 0.66, 0.68, 0.68, 0.64, 0.57, 0.64, 0.54, 0.69, 0.69, 0.65, 0.72, 0.69, 0.65, 0.68, 0.74, 0.62, 0.66, 0.67, 0.73, 0.6, 0.64, 0.7, 0.69, 0.51, 0.72, 0.64, 0.59, 0.6, 0.66, 0.56, 0.51]",bz_4,"cluster_1, cluster_1"
bz_4_cluster_1_1mer-bz_4_cluster_1_1mer,seed-10_sample-0,148,0.52,0.6464864864864865,"[0.56, 0.55, 0.62, 0.52, 0.52, 0.59, 0.67, 0.75, 0.72, 0.64, 0.66, 0.62, 0.66, 0.69, 0.76, 0.71, 0.53, 0.76, 0.57, 0.58, 0.72, 0.69, 0.65, 0.68, 0.67, 0.65, 0.67, 0.62, 0.57, 0.64, 0.7, 0.7, 0.66, 0.62, 0.73, 0.66, 0.63, 0.67, 0.65, 0.64, 0.64, 0.62, 0.66, 0.57, 0.64, 0.74, 0.68, 0.64, 0.72, 0.53, 0.56, 0.65, 0.61, 0.63, 0.67, 0.54, 0.65, 0.67, 0.68, 0.64, 0.69, 0.69, 0.59, 0.65, 0.72, 0.64, 0.69, 0.73, 0.71, 0.59, 0.69, 0.59, 0.56, 0.66, 0.56, 0.55, 0.62, 0.59, 0.67, 0.66, 0.53, 0.53, 0.56, 0.63, 0.74, 0.65, 0.69, 0.68, 0.72, 0.61, 0.76, 0.76, 0.71, 0.57, 0.62, 0.64, 0.64, 0.62, 0.58, 0.65, 0.72, 0.68, 0.62, 0.64, 0.73, 0.66, 0.67, 0.66, 0.64, 0.57, 0.7, 0.63, 0.67, 0.65, 0.65, 0.64, 0.7, 0.67, 0.69, 0.67, 0.65, 0.57, 0.66, 0.54, 0.68, 0.69, 0.65, 0.72, 0.69, 0.64, 0.69, 0.75, 0.62, 0.66, 0.67, 0.73, 0.59, 0.64, 0.71, 0.69, 0.52, 0.72, 0.64, 0.59, 0.59, 0.66, 0.56, 0.52]",bz_4,"cluster_1, cluster_1"
bz_4_cluster_1_1mer-bz_4_cluster_1_1mer,seed-9_sample-0,148,0.51,0.6463513513513514,"[0.56, 0.55, 0.62, 0.51, 0.51, 0.59, 0.67, 0.73, 0.72, 0.64, 0.67, 0.63, 0.66, 0.69, 0.76, 0.71, 0.54, 0.76, 0.56, 0.6, 0.72, 0.69, 0.65, 0.66, 0.68, 0.64, 0.67, 0.62, 0.57, 0.64, 0.7, 0.69, 0.64, 0.63, 0.73, 0.66, 0.64, 0.67, 0.66, 0.64, 0.65, 0.62, 0.67, 0.57, 0.63, 0.75, 0.67, 0.65, 0.72, 0.52, 0.55, 0.65, 0.62, 0.63, 0.67, 0.54, 0.64, 0.67, 0.69, 0.65, 0.7, 0.68, 0.59, 0.64, 0.71, 0.64, 0.69, 0.73, 0.7, 0.59, 0.69, 0.6, 0.57, 0.66, 0.56, 0.55, 0.62, 0.59, 0.67, 0.67, 0.54, 0.52, 0.55, 0.63, 0.75, 0.65, 0.69, 0.67, 0.72, 0.62, 0.76, 0.76, 0.71, 0.56, 0.63, 0.63, 0.65, 0.62, 0.6, 0.65, 0.72, 0.66, 0.62, 0.64, 0.73, 0.67, 0.67, 0.66, 0.64, 0.57, 0.7, 0.64, 0.67, 0.64, 0.66, 0.65, 0.69, 0.67, 0.69, 0.68, 0.64, 0.57, 0.64, 0.54, 0.69, 0.7, 0.64, 0.71, 0.69, 0.65, 0.68, 0.73, 0.63, 0.66, 0.67, 0.73, 0.59, 0.64, 0.7, 0.69, 0.51, 0.72, 0.64, 0.59, 0.6, 0.66, 0.57, 0.51]",bz_4,"cluster_1, cluster_1"
bz_4_cluster_1_1mer-bz_4_cluster_1_1mer,seed-4_sample-0,148,0.52,0.6433783783783784,"[0.56, 0.54, 0.61, 0.52, 0.52, 0.59, 0.66, 0.73, 0.72, 0.63, 0.66, 0.62, 0.66, 0.69, 0.75, 0.71, 0.53, 0.76, 0.56, 0.57, 0.71, 0.68, 0.64, 0.66, 0.68, 0.64, 0.67, 0.62, 0.56, 0.65, 0.7, 0.7, 0.66, 0.62, 0.73, 0.66, 0.64, 0.67, 0.65, 0.65, 0.63, 0.62, 0.67, 0.57, 0.63, 0.74, 0.68, 0.65, 0.72, 0.53, 0.55, 0.64, 0.61, 0.63, 0.66, 0.52, 0.64, 0.66, 0.69, 0.65, 0.7, 0.67, 0.58, 0.63, 0.72, 0.64, 0.69, 0.73, 0.7, 0.59, 0.68, 0.59, 0.56, 0.66, 0.56, 0.54, 0.61, 0.59, 0.66, 0.66, 0.53, 0.53, 0.55, 0.63, 0.74, 0.64, 0.69, 0.68, 0.72, 0.61, 0.75, 0.76, 0.71, 0.56, 0.62, 0.63, 0.65, 0.62, 0.57, 0.64, 0.71, 0.66, 0.62, 0.65, 0.73, 0.67, 0.66, 0.66, 0.65, 0.57, 0.7, 0.64, 0.67, 0.64, 0.65, 0.63, 0.7, 0.66, 0.68, 0.68, 0.64, 0.56, 0.66, 0.52, 0.69, 0.7, 0.63, 0.72, 0.69, 0.65, 0.67, 0.73, 0.62, 0.66, 0.67, 0.73, 0.58, 0.64, 0.7, 0.68, 0.52, 0.72, 0.63, 0.59, 0.59, 0.66, 0.56, 0.52]",bz_4,"cluster_1, cluster_1"
bz_4_cluster_1_1mer-bz_4_cluster_1_1mer,seed-2_sample-0,152,0.51,0.6464473684210525,"[0.56, 0.55, 0.62, 0.52, 0.52, 0.59, 0.67, 0.74, 0.72, 0.64, 0.67, 0.63, 0.66, 0.69, 0.76, 0.71, 0.54, 0.77, 0.57, 0.59, 0.72, 0.68, 0.66, 0.67, 0.68, 0.66, 0.68, 0.63, 0.58, 0.66, 0.71, 0.7, 0.66, 0.63, 0.73, 0.67, 0.65, 0.68, 0.65, 0.65, 0.65, 0.61, 0.67, 0.57, 0.64, 0.74, 0.68, 0.51, 0.66, 0.73, 0.52, 0.57, 0.65, 0.62, 0.51, 0.64, 0.67, 0.54, 0.65, 0.67, 0.69, 0.65, 0.69, 0.68, 0.59, 0.64, 0.72, 0.65, 0.7, 0.73, 0.7, 0.59, 0.7, 0.61, 0.56, 0.66, 0.56, 0.55, 0.62, 0.59, 0.67, 0.67, 0.54, 0.52, 0.51, 0.57, 0.64, 0.74, 0.65, 0.69, 0.68, 0.73, 0.62, 0.51, 0.76, 0.77, 0.71, 0.57, 0.63, 0.64, 0.66, 0.61, 0.59, 0.66, 0.72, 0.67, 0.63, 0.66, 0.73, 0.67, 0.67, 0.67, 0.65, 0.57, 0.71, 0.65, 0.68, 0.65, 0.65, 0.65, 0.7, 0.67, 0.68, 0.68, 0.66, 0.58, 0.66, 0.54, 0.69, 0.69, 0.64, 0.72, 0.7, 0.65, 0.68, 0.74, 0.63, 0.66, 0.68, 0.73, 0.59, 0.65, 0.7, 0.7, 0.52, 0.72, 0.64, 0.59, 0.61, 0.66, 0.56, 0.52]",bz_4,"cluster_1, cluster_1"
bz_4_cluster_1_1mer-bz_4_cluster_1_1mer,seed-5_sample-0,154,0.51,0.6433766233766234,"[0.56, 0.55, 0.63, 0.52, 0.51, 0.59, 0.68, 0.74, 0.72, 0.64, 0.67, 0.62, 0.66, 0.51, 0.69, 0.76, 0.72, 0.54, 0.75, 0.57, 0.59, 0.71, 0.68, 0.64, 0.67, 0.69, 0.64, 0.68, 0.64, 0.58, 0.64, 0.71, 0.7, 0.65, 0.63, 0.73, 0.67, 0.64, 0.67, 0.66, 0.65, 0.65, 0.61, 0.66, 0.58, 0.63, 0.74, 0.67, 0.51, 0.65, 0.71, 0.53, 0.56, 0.66, 0.61, 0.51, 0.63, 0.67, 0.54, 0.65, 0.67, 0.69, 0.65, 0.7, 0.69, 0.59, 0.64, 0.72, 0.65, 0.7, 0.73, 0.71, 0.6, 0.7, 0.6, 0.57, 0.66, 0.56, 0.55, 0.63, 0.59, 0.68, 0.67, 0.54, 0.51, 0.53, 0.51, 0.56, 0.63, 0.74, 0.66, 0.69, 0.67, 0.71, 0.61, 0.51, 0.76, 0.75, 0.72, 0.57, 0.63, 0.63, 0.65, 0.61, 0.59, 0.64, 0.71, 0.67, 0.64, 0.64, 0.73, 0.66, 0.67, 0.67, 0.65, 0.58, 0.71, 0.64, 0.67, 0.65, 0.66, 0.65, 0.7, 0.67, 0.68, 0.69, 0.64, 0.58, 0.65, 0.54, 0.69, 0.7, 0.64, 0.72, 0.7, 0.65, 0.69, 0.74, 0.62, 0.66, 0.68, 0.73, 0.59, 0.65, 0.71, 0.7, 0.52, 0.72, 0.64, 0.6, 0.6, 0.66, 0.57, 0.51]",bz_4,"cluster_1, cluster_1"
bz_4_cluster_1_1mer-bz_4_cluster_1_1mer,seed-6_sample-0,150,0.51,0.6469333333333332,"[0.56, 0.55, 0.63, 0.52, 0.52, 0.59, 0.67, 0.74, 0.72, 0.64, 0.67, 0.63, 0.67, 0.69, 0.75, 0.72, 0.54, 0.76, 0.57, 0.58, 0.72, 0.69, 0.65, 0.67, 0.69, 0.64, 0.67, 0.63, 0.56, 0.64, 0.7, 0.7, 0.64, 0.63, 0.73, 0.67, 0.63, 0.67, 0.65, 0.65, 0.65, 0.62, 0.67, 0.58, 0.64, 0.76, 0.68, 0.51, 0.65, 0.72, 0.52, 0.55, 0.65, 0.61, 0.63, 0.67, 0.54, 0.65, 0.67, 0.69, 0.65, 0.7, 0.69, 0.6, 0.66, 0.72, 0.65, 0.7, 0.73, 0.69, 0.6, 0.69, 0.6, 0.57, 0.66, 0.56, 0.55, 0.63, 0.59, 0.67, 0.67, 0.54, 0.52, 0.55, 0.63, 0.76, 0.65, 0.69, 0.68, 0.72, 0.61, 0.51, 0.75, 0.76, 0.72, 0.57, 0.63, 0.64, 0.65, 0.62, 0.58, 0.65, 0.72, 0.67, 0.63, 0.64, 0.73, 0.67, 0.67, 0.67, 0.65, 0.58, 0.7, 0.63, 0.67, 0.65, 0.65, 0.65, 0.7, 0.67, 0.69, 0.69, 0.64, 0.56, 0.64, 0.54, 0.69, 0.7, 0.66, 0.72, 0.7, 0.65, 0.69, 0.74, 0.63, 0.67, 0.67, 0.73, 0.6, 0.65, 0.69, 0.69, 0.52, 0.72, 0.64, 0.6, 0.6, 0.66, 0.57, 0.52]",bz_4,"cluster_1, cluster_1"
bz_4_cluster_1_1mer-bz_4_cluster_1_1mer,seed-3_sample-0,152,0.51,0.6461842105263158,"[0.57, 0.55, 0.63, 0.52, 0.52, 0.59, 0.68, 0.74, 0.72, 0.64, 0.67, 0.63, 0.66, 0.69, 0.75, 0.71, 0.55, 0.76, 0.56, 0.61, 0.72, 0.69, 0.65, 0.67, 0.68, 0.64, 0.68, 0.63, 0.58, 0.65, 0.7, 0.71, 0.67, 0.62, 0.74, 0.67, 0.64, 0.67, 0.65, 0.65, 0.64, 0.62, 0.67, 0.57, 0.63, 0.75, 0.67, 0.51, 0.65, 0.72, 0.53, 0.57, 0.66, 0.62, 0.51, 0.64, 0.67, 0.54, 0.65, 0.66, 0.7, 0.65, 0.69, 0.68, 0.59, 0.64, 0.72, 0.65, 0.69, 0.74, 0.7, 0.59, 0.69, 0.6, 0.57, 0.67, 0.57, 0.55, 0.63, 0.59, 0.68, 0.67, 0.55, 0.53, 0.51, 0.57, 0.64, 0.75, 0.66, 0.69, 0.67, 0.72, 0.62, 0.51, 0.75, 0.76, 0.71, 0.56, 0.62, 0.63, 0.65, 0.62, 0.61, 0.65, 0.72, 0.67, 0.63, 0.65, 0.74, 0.67, 0.67, 0.67, 0.65, 0.57, 0.7, 0.64, 0.67, 0.65, 0.65, 0.64, 0.71, 0.66, 0.69, 0.68, 0.64, 0.58, 0.67, 0.54, 0.7, 0.69, 0.64, 0.72, 0.69, 0.65, 0.68, 0.74, 0.63, 0.66, 0.68, 0.74, 0.59, 0.65, 0.7, 0.69, 0.52, 0.72, 0.64, 0.59, 0.6, 0.67, 0.57, 0.52]",bz_4,"cluster_1, cluster_1"
bz_4_cluster_1_1mer-bz_4_cluster_1_1mer,seed-1_sample-0,152,0.51,0.6419736842105263,"[0.56, 0.55, 0.62, 0.52, 0.52, 0.58, 0.67, 0.73, 0.72, 0.64, 0.67, 0.62, 0.66, 0.7, 0.75, 0.7, 0.54, 0.75, 0.56, 0.58, 0.72, 0.69, 0.64, 0.68, 0.67, 0.64, 0.67, 0.6, 0.57, 0.64, 0.71, 0.7, 0.65, 0.62, 0.73, 0.65, 0.64, 0.67, 0.65, 0.64, 0.64, 0.62, 0.67, 0.57, 0.64, 0.74, 0.68, 0.51, 0.66, 0.72, 0.52, 0.55, 0.65, 0.61, 0.51, 0.64, 0.67, 0.54, 0.64, 0.66, 0.69, 0.65, 0.69, 0.69, 0.59, 0.65, 0.71, 0.64, 0.69, 0.73, 0.7, 0.59, 0.69, 0.59, 0.57, 0.66, 0.56, 0.55, 0.62, 0.58, 0.67, 0.67, 0.54, 0.52, 0.51, 0.55, 0.64, 0.74, 0.65, 0.7, 0.68, 0.72, 0.61, 0.51, 0.75, 0.75, 0.7, 0.56, 0.62, 0.64, 0.66, 0.62, 0.58, 0.64, 0.72, 0.68, 0.6, 0.64, 0.73, 0.67, 0.67, 0.65, 0.64, 0.57, 0.71, 0.64, 0.67, 0.64, 0.65, 0.64, 0.7, 0.66, 0.69, 0.67, 0.64, 0.57, 0.65, 0.54, 0.69, 0.69, 0.65, 0.71, 0.69, 0.65, 0.69, 0.73, 0.62, 0.66, 0.67, 0.73, 0.59, 0.64, 0.7, 0.69, 0.52, 0.72, 0.64, 0.59, 0.59, 0.66, 0.57, 0.52]",bz_4,"cluster_1, cluster_1"
bz_4_cluster_1_1mer-bz_4_cluster_1_1mer,seed-7_sample-0,150,0.51,0.6453333333333334,"[0.56, 0.55, 0.62, 0.51, 0.52, 0.59, 0.66, 0.74, 0.73, 0.64, 0.66, 0.63, 0.66, 0.69, 0.76, 0.71, 0.53, 0.75, 0.57, 0.6, 0.71, 0.69, 0.64, 0.67, 0.67, 0.64, 0.68, 0.62, 0.57, 0.65, 0.71, 0.7, 0.64, 0.63, 0.73, 0.66, 0.64, 0.67, 0.64, 0.65, 0.64, 0.62, 0.67, 0.57, 0.64, 0.74, 0.68, 0.66, 0.72, 0.52, 0.56, 0.65, 0.61, 0.51, 0.64, 0.67, 0.54, 0.65, 0.67, 0.69, 0.65, 0.68, 0.69, 0.59, 0.65, 0.72, 0.64, 0.69, 0.74, 0.7, 0.59, 0.69, 0.59, 0.57, 0.67, 0.56, 0.55, 0.62, 0.59, 0.66, 0.66, 0.53, 0.52, 0.51, 0.56, 0.64, 0.74, 0.65, 0.69, 0.68, 0.72, 0.61, 0.76, 0.75, 0.71, 0.57, 0.63, 0.64, 0.66, 0.62, 0.6, 0.64, 0.71, 0.67, 0.62, 0.65, 0.73, 0.67, 0.67, 0.66, 0.65, 0.57, 0.71, 0.64, 0.67, 0.65, 0.64, 0.64, 0.7, 0.67, 0.69, 0.67, 0.64, 0.57, 0.64, 0.54, 0.69, 0.68, 0.65, 0.72, 0.69, 0.65, 0.69, 0.74, 0.63, 0.66, 0.68, 0.74, 0.59, 0.64, 0.7, 0.69, 0.51, 0.73, 0.64, 0.59, 0.59, 0.67, 0.57, 0.52]",bz_4,"cluster_1, cluster_1"
bz_4_cluster_3_1mer-bz_4_cluster_3_1mer,seed-8_sample-0,0,,,,bz_4,"cluster_3, cluster_3"
bz_4_cluster_3_1mer-bz_4_cluster_3_1mer,seed-10_sample-0,0,,,,bz_4,"cluster_3, cluster_3"
bz_4_cluster_3_1mer-bz_4_cluster_3_1mer,seed-9_sample-0,0,,,,bz_4,"cluster_3, cluster_3"
bz_4_cluster_3_1mer-bz_4_cluster_3_1mer,seed-4_sample-0,0,,,,bz_4,"cluster_3, cluster_3"
bz_4_cluster_3_1mer-bz_4_cluster_3_1mer,seed-2_sample-0,0,,,,bz_4,"cluster_3, cluster_3"
bz_4_cluster_3_1mer-bz_4_cluster_3_1mer,seed-5_sample-0,0,,,,bz_4,"cluster_3, cluster_3"
bz_4_cluster_3_1mer-bz_4_cluster_3_1mer,seed-6_sample-0,0,,,,bz_4,"cluster_3, cluster_3"
bz_4_cluster_3_1mer-bz_4_cluster_3_1mer,seed-3_sample-0,0,,,,bz_4,"cluster_3, cluster_3"
bz_4_cluster_3_1mer-bz_4_cluster_3_1mer,seed-1_sample-0,0,,,,bz_4,"cluster_3, cluster_3"
bz_4_cluster_3_1mer-bz_4_cluster_3_1mer,seed-7_sample-0,0,,,,bz_4,"cluster_3, cluster_3"
bz_4_cluster_2_1mer-bz_4_cluster_2_1mer,seed-8_sample-0,0,,,,bz_4,"cluster_2, cluster_2"
bz_4_cluster_2_1mer-bz_4_cluster_2_1mer,seed-10_sample-0,0,,,,bz_4,"cluster_2, cluster_2"
bz_4_cluster_2_1mer-bz_4_cluster_2_1mer,seed-9_sample-0,0,,,,bz_4,"cluster_2, cluster_2"
bz_4_cluster_2_1mer-bz_4_cluster_2_1mer,seed-4_sample-0,0,,,,bz_4,"cluster_2, cluster_2"
bz_4_cluster_2_1mer-bz_4_cluster_2_1mer,seed-2_sample-0,0,,,,bz_4,"cluster_2, cluster_2"
bz_4_cluster_2_1mer-bz_4_cluster_2_1mer,seed-5_sample-0,0,,,,bz_4,"cluster_2, cluster_2"
bz_4_cluster_2_1mer-bz_4_cluster_2_1mer,seed-6_sample-0,0,,,,bz_4,"cluster_2, cluster_2"
bz_4_cluster_2_1mer-bz_4_cluster_2_1mer,seed-3_sample-0,0,,,,bz_4,"cluster_2, cluster_2"
bz_4_cluster_2_1mer-bz_4_cluster_2_1mer,seed-1_sample-0,0,,,,bz_4,"cluster_2, cluster_2"
bz_4_cluster_2_1mer-bz_4_cluster_2_1mer,seed-7_sample-0,0,,,,bz_4,"cluster_2, cluster_2"
bz_5_cluster_7_1mer-bz_5_cluster_0_1mer,seed-8_sample-0,106,0.56,0.7543396226415096,"[0.77, 0.86, 0.81, 0.61, 0.86, 0.81, 0.8, 0.83, 0.8, 0.84, 0.61, 0.59, 0.74, 0.72, 0.78, 0.69, 0.64, 0.78, 0.65, 0.71, 0.7, 0.67, 0.7, 0.68, 0.81, 0.56, 0.85, 0.65, 0.87, 0.84, 0.64, 0.79, 0.87, 0.85, 0.8, 0.9, 0.87, 0.86, 0.83, 0.66, 0.84, 0.8, 0.84, 0.78, 0.58, 0.72, 0.77, 0.67, 0.72, 0.8, 0.83, 0.65, 0.68, 0.74, 0.72, 0.64, 0.71, 0.78, 0.78, 0.7, 0.67, 0.58, 0.72, 0.77, 0.61, 0.59, 0.69, 0.65, 0.67, 0.83, 0.65, 0.68, 0.7, 0.68, 0.84, 0.81, 0.87, 0.87, 0.86, 0.8, 0.78, 0.85, 0.8, 0.83, 0.56, 0.87, 0.79, 0.9, 0.66, 0.85, 0.65, 0.84, 0.84, 0.72, 0.64, 0.77, 0.61, 0.8, 0.84, 0.8, 0.86, 0.81, 0.86, 0.81, 0.83, 0.8]",bz_5,"cluster_0, cluster_7"
bz_5_cluster_7_1mer-bz_5_cluster_0_1mer,seed-10_sample-0,106,0.57,0.7839622641509434,"[0.8, 0.88, 0.84, 0.64, 0.89, 0.84, 0.84, 0.86, 0.83, 0.87, 0.64, 0.64, 0.79, 0.76, 0.82, 0.72, 0.69, 0.81, 0.7, 0.74, 0.74, 0.68, 0.74, 0.73, 0.84, 0.57, 0.86, 0.68, 0.89, 0.87, 0.66, 0.8, 0.89, 0.87, 0.82, 0.9, 0.89, 0.88, 0.85, 0.69, 0.86, 0.81, 0.87, 0.82, 0.62, 0.78, 0.8, 0.7, 0.74, 0.82, 0.86, 0.7, 0.72, 0.79, 0.76, 0.69, 0.74, 0.82, 0.81, 0.74, 0.68, 0.62, 0.78, 0.8, 0.64, 0.64, 0.72, 0.7, 0.7, 0.86, 0.7, 0.72, 0.74, 0.73, 0.87, 0.84, 0.89, 0.89, 0.88, 0.81, 0.82, 0.87, 0.82, 0.85, 0.57, 0.89, 0.8, 0.9, 0.69, 0.86, 0.68, 0.87, 0.86, 0.74, 0.66, 0.8, 0.64, 0.84, 0.87, 0.82, 0.88, 0.84, 0.89, 0.84, 0.86, 0.83]",bz_5,"cluster_0, cluster_7"
bz_5_cluster_7_1mer-bz_5_cluster_0_1mer,seed-9_sample-0,130,0.52,0.7672307692307692,"[0.83, 0.91, 0.88, 0.67, 0.91, 0.87, 0.87, 0.89, 0.87, 0.9, 0.58, 0.59, 0.52, 0.68, 0.55, 0.52, 0.67, 0.63, 0.56, 0.81, 0.78, 0.84, 0.74, 0.71, 0.85, 0.73, 0.77, 0.76, 0.76, 0.78, 0.75, 0.87, 0.58, 0.88, 0.7, 0.55, 0.91, 0.89, 0.71, 0.83, 0.9, 0.9, 0.83, 0.92, 0.52, 0.92, 0.9, 0.87, 0.73, 0.88, 0.85, 0.88, 0.86, 0.69, 0.79, 0.81, 0.74, 0.59, 0.55, 0.64, 0.76, 0.85, 0.89, 0.74, 0.76, 0.55, 0.81, 0.78, 0.71, 0.77, 0.84, 0.85, 0.76, 0.76, 0.69, 0.79, 0.81, 0.67, 0.63, 0.74, 0.73, 0.74, 0.89, 0.74, 0.76, 0.78, 0.75, 0.52, 0.88, 0.87, 0.92, 0.9, 0.9, 0.85, 0.86, 0.9, 0.83, 0.87, 0.58, 0.91, 0.83, 0.92, 0.73, 0.88, 0.7, 0.89, 0.88, 0.76, 0.71, 0.83, 0.67, 0.87, 0.9, 0.85, 0.91, 0.88, 0.91, 0.87, 0.89, 0.87, 0.68, 0.59, 0.55, 0.52, 0.58, 0.52, 0.59, 0.55, 0.64, 0.56]",bz_5,"cluster_0, cluster_7"
bz_5_cluster_7_1mer-bz_5_cluster_0_1mer,seed-4_sample-0,78,0.51,0.6074358974358974,"[0.56, 0.63, 0.53, 0.54, 0.74, 0.57, 0.56, 0.66, 0.56, 0.59, 0.57, 0.64, 0.54, 0.72, 0.58, 0.58, 0.57, 0.7, 0.58, 0.65, 0.64, 0.62, 0.61, 0.69, 0.51, 0.6, 0.71, 0.69, 0.58, 0.6, 0.68, 0.59, 0.64, 0.53, 0.62, 0.58, 0.55, 0.6, 0.58, 0.59, 0.57, 0.58, 0.64, 0.72, 0.58, 0.57, 0.59, 0.64, 0.54, 0.53, 0.53, 0.57, 0.56, 0.6, 0.58, 0.69, 0.69, 0.58, 0.51, 0.6, 0.6, 0.65, 0.61, 0.71, 0.7, 0.58, 0.64, 0.68, 0.62, 0.62, 0.56, 0.56, 0.58, 0.55, 0.63, 0.54, 0.74, 0.66]",bz_5,"cluster_0, cluster_7"
bz_5_cluster_7_1mer-bz_5_cluster_0_1mer,seed-2_sample-0,74,0.53,0.7194594594594594,"[0.65, 0.75, 0.7, 0.56, 0.78, 0.72, 0.71, 0.77, 0.73, 0.77, 0.64, 0.62, 0.75, 0.53, 0.79, 0.64, 0.8, 0.8, 0.6, 0.73, 0.81, 0.77, 0.73, 0.83, 0.81, 0.8, 0.73, 0.66, 0.79, 0.69, 0.77, 0.73, 0.69, 0.75, 0.77, 0.61, 0.64, 0.77, 0.61, 0.64, 0.64, 0.62, 0.77, 0.75, 0.81, 0.81, 0.8, 0.69, 0.73, 0.77, 0.73, 0.73, 0.53, 0.8, 0.73, 0.83, 0.66, 0.79, 0.64, 0.8, 0.79, 0.69, 0.6, 0.65, 0.56, 0.71, 0.77, 0.75, 0.75, 0.7, 0.78, 0.72, 0.77, 0.73]",bz_5,"cluster_0, cluster_7"
bz_5_cluster_7_1mer-bz_5_cluster_0_1mer,seed-5_sample-0,106,0.56,0.7645283018867925,"[0.78, 0.87, 0.83, 0.62, 0.87, 0.82, 0.81, 0.84, 0.81, 0.86, 0.63, 0.6, 0.75, 0.74, 0.78, 0.7, 0.66, 0.8, 0.66, 0.72, 0.71, 0.68, 0.72, 0.71, 0.82, 0.56, 0.85, 0.66, 0.87, 0.85, 0.66, 0.8, 0.87, 0.86, 0.8, 0.89, 0.87, 0.87, 0.83, 0.67, 0.84, 0.79, 0.85, 0.79, 0.6, 0.75, 0.78, 0.7, 0.73, 0.81, 0.83, 0.67, 0.68, 0.75, 0.74, 0.66, 0.72, 0.78, 0.8, 0.71, 0.68, 0.6, 0.75, 0.78, 0.63, 0.6, 0.7, 0.66, 0.7, 0.83, 0.67, 0.68, 0.72, 0.71, 0.85, 0.82, 0.87, 0.87, 0.87, 0.79, 0.79, 0.86, 0.8, 0.83, 0.56, 0.87, 0.8, 0.89, 0.67, 0.85, 0.66, 0.85, 0.84, 0.73, 0.66, 0.78, 0.62, 0.81, 0.86, 0.81, 0.87, 0.83, 0.87, 0.82, 0.84, 0.81]",bz_5,"cluster_0, cluster_7"
bz_5_cluster_7_1mer-bz_5_cluster_0_1mer,seed-6_sample-0,134,0.51,0.7541791044776119,"[0.83, 0.91, 0.88, 0.68, 0.92, 0.87, 0.87, 0.89, 0.86, 0.89, 0.53, 0.58, 0.6, 0.51, 0.66, 0.61, 0.53, 0.65, 0.6, 0.59, 0.79, 0.75, 0.81, 0.72, 0.51, 0.68, 0.84, 0.71, 0.74, 0.74, 0.75, 0.78, 0.75, 0.86, 0.59, 0.88, 0.69, 0.53, 0.9, 0.89, 0.7, 0.82, 0.9, 0.9, 0.83, 0.91, 0.52, 0.92, 0.9, 0.86, 0.72, 0.88, 0.84, 0.88, 0.86, 0.68, 0.77, 0.79, 0.73, 0.59, 0.55, 0.61, 0.75, 0.85, 0.89, 0.74, 0.77, 0.53, 0.79, 0.75, 0.68, 0.74, 0.81, 0.84, 0.74, 0.75, 0.68, 0.77, 0.79, 0.65, 0.6, 0.72, 0.71, 0.73, 0.89, 0.74, 0.77, 0.78, 0.75, 0.52, 0.88, 0.86, 0.92, 0.9, 0.9, 0.84, 0.86, 0.9, 0.83, 0.86, 0.59, 0.9, 0.82, 0.91, 0.72, 0.88, 0.69, 0.89, 0.88, 0.75, 0.7, 0.83, 0.68, 0.87, 0.89, 0.85, 0.91, 0.88, 0.92, 0.87, 0.89, 0.86, 0.66, 0.6, 0.61, 0.53, 0.58, 0.51, 0.59, 0.55, 0.61, 0.53, 0.51, 0.59]",bz_5,"cluster_0, cluster_7"
bz_5_cluster_7_1mer-bz_5_cluster_0_1mer,seed-3_sample-0,106,0.59,0.7952830188679244,"[0.82, 0.9, 0.87, 0.67, 0.91, 0.86, 0.85, 0.88, 0.85, 0.88, 0.66, 0.63, 0.78, 0.75, 0.81, 0.72, 0.68, 0.82, 0.68, 0.74, 0.73, 0.71, 0.77, 0.74, 0.85, 0.59, 0.88, 0.67, 0.9, 0.88, 0.68, 0.82, 0.89, 0.88, 0.82, 0.91, 0.91, 0.89, 0.85, 0.72, 0.87, 0.83, 0.87, 0.84, 0.62, 0.78, 0.8, 0.73, 0.75, 0.84, 0.88, 0.73, 0.76, 0.78, 0.75, 0.68, 0.74, 0.81, 0.82, 0.73, 0.71, 0.62, 0.78, 0.8, 0.66, 0.63, 0.72, 0.68, 0.73, 0.88, 0.73, 0.76, 0.77, 0.74, 0.87, 0.85, 0.91, 0.89, 0.89, 0.83, 0.84, 0.88, 0.82, 0.85, 0.59, 0.9, 0.82, 0.91, 0.72, 0.88, 0.67, 0.88, 0.87, 0.75, 0.68, 0.82, 0.67, 0.85, 0.88, 0.84, 0.9, 0.87, 0.91, 0.86, 0.88, 0.85]",bz_5,"cluster_0, cluster_7"
bz_5_cluster_7_1mer-bz_5_cluster_0_1mer,seed-1_sample-0,140,0.51,0.7544285714285714,"[0.84, 0.91, 0.89, 0.68, 0.92, 0.87, 0.87, 0.89, 0.87, 0.89, 0.53, 0.59, 0.51, 0.53, 0.63, 0.53, 0.68, 0.51, 0.67, 0.58, 0.67, 0.62, 0.62, 0.8, 0.76, 0.82, 0.74, 0.54, 0.7, 0.85, 0.73, 0.76, 0.74, 0.78, 0.78, 0.76, 0.87, 0.58, 0.88, 0.69, 0.57, 0.91, 0.89, 0.7, 0.83, 0.91, 0.9, 0.84, 0.92, 0.53, 0.92, 0.9, 0.87, 0.73, 0.88, 0.85, 0.89, 0.85, 0.69, 0.78, 0.8, 0.75, 0.61, 0.55, 0.64, 0.76, 0.85, 0.89, 0.75, 0.77, 0.57, 0.8, 0.76, 0.7, 0.76, 0.82, 0.85, 0.74, 0.78, 0.69, 0.78, 0.8, 0.67, 0.62, 0.74, 0.73, 0.75, 0.89, 0.75, 0.77, 0.78, 0.76, 0.53, 0.89, 0.87, 0.92, 0.91, 0.9, 0.85, 0.85, 0.9, 0.84, 0.87, 0.58, 0.91, 0.83, 0.92, 0.73, 0.88, 0.69, 0.89, 0.88, 0.76, 0.7, 0.84, 0.68, 0.87, 0.89, 0.85, 0.91, 0.89, 0.92, 0.87, 0.89, 0.87, 0.68, 0.53, 0.51, 0.63, 0.67, 0.58, 0.59, 0.53, 0.61, 0.51, 0.55, 0.64, 0.53, 0.54, 0.62]",bz_5,"cluster_0, cluster_7"
bz_5_cluster_7_1mer-bz_5_cluster_0_1mer,seed-7_sample-0,4,0.54,0.545,"[0.55, 0.54, 0.54, 0.55]",bz_5,"cluster_0, cluster_7"
bz_5_cluster_7_1mer-bz_5_cluster_4_1mer,seed-8_sample-0,0,,,,bz_5,"cluster_4, cluster_7"
bz_5_cluster_7_1mer-bz_5_cluster_4_1mer,seed-10_sample-0,0,,,,bz_5,"cluster_4, cluster_7"
bz_5_cluster_7_1mer-bz_5_cluster_4_1mer,seed-9_sample-0,0,,,,bz_5,"cluster_4, cluster_7"
bz_5_cluster_7_1mer-bz_5_cluster_4_1mer,seed-4_sample-0,0,,,,bz_5,"cluster_4, cluster_7"
bz_5_cluster_7_1mer-bz_5_cluster_4_1mer,seed-2_sample-0,0,,,,bz_5,"cluster_4, cluster_7"
bz_5_cluster_7_1mer-bz_5_cluster_4_1mer,seed-5_sample-0,0,,,,bz_5,"cluster_4, cluster_7"
bz_5_cluster_7_1mer-bz_5_cluster_4_1mer,seed-6_sample-0,0,,,,bz_5,"cluster_4, cluster_7"
bz_5_cluster_7_1mer-bz_5_cluster_4_1mer,seed-3_sample-0,0,,,,bz_5,"cluster_4, cluster_7"
bz_5_cluster_7_1mer-bz_5_cluster_4_1mer,seed-1_sample-0,0,,,,bz_5,"cluster_4, cluster_7"
bz_5_cluster_7_1mer-bz_5_cluster_4_1mer,seed-7_sample-0,0,,,,bz_5,"cluster_4, cluster_7"
bz_5_cluster_7_1mer-bz_5_cluster_5_1mer,seed-8_sample-0,4,0.52,0.565,"[0.61, 0.52, 0.61, 0.52]",bz_5,"cluster_5, cluster_7"
bz_5_cluster_7_1mer-bz_5_cluster_5_1mer,seed-10_sample-0,4,0.53,0.5700000000000001,"[0.61, 0.53, 0.61, 0.53]",bz_5,"cluster_5, cluster_7"
bz_5_cluster_7_1mer-bz_5_cluster_5_1mer,seed-9_sample-0,4,0.53,0.5700000000000001,"[0.61, 0.53, 0.61, 0.53]",bz_5,"cluster_5, cluster_7"
bz_5_cluster_7_1mer-bz_5_cluster_5_1mer,seed-4_sample-0,4,0.52,0.565,"[0.61, 0.52, 0.61, 0.52]",bz_5,"cluster_5, cluster_7"
bz_5_cluster_7_1mer-bz_5_cluster_5_1mer,seed-2_sample-0,4,0.51,0.5449999999999999,"[0.58, 0.51, 0.58, 0.51]",bz_5,"cluster_5, cluster_7"
bz_5_cluster_7_1mer-bz_5_cluster_5_1mer,seed-5_sample-0,4,0.51,0.5449999999999999,"[0.58, 0.51, 0.58, 0.51]",bz_5,"cluster_5, cluster_7"
bz_5_cluster_7_1mer-bz_5_cluster_5_1mer,seed-6_sample-0,2,0.57,0.57,"[0.57, 0.57]",bz_5,"cluster_5, cluster_7"
bz_5_cluster_7_1mer-bz_5_cluster_5_1mer,seed-3_sample-0,4,0.51,0.55,"[0.59, 0.51, 0.59, 0.51]",bz_5,"cluster_5, cluster_7"
bz_5_cluster_7_1mer-bz_5_cluster_5_1mer,seed-1_sample-0,4,0.52,0.5449999999999999,"[0.57, 0.52, 0.57, 0.52]",bz_5,"cluster_5, cluster_7"
bz_5_cluster_7_1mer-bz_5_cluster_5_1mer,seed-7_sample-0,4,0.52,0.55,"[0.58, 0.52, 0.58, 0.52]",bz_5,"cluster_5, cluster_7"
bz_5_cluster_7_1mer-bz_5_cluster_6_1mer,seed-8_sample-0,0,,,,bz_5,"cluster_6, cluster_7"
bz_5_cluster_7_1mer-bz_5_cluster_6_1mer,seed-10_sample-0,0,,,,bz_5,"cluster_6, cluster_7"
bz_5_cluster_7_1mer-bz_5_cluster_6_1mer,seed-9_sample-0,0,,,,bz_5,"cluster_6, cluster_7"
bz_5_cluster_7_1mer-bz_5_cluster_6_1mer,seed-4_sample-0,0,,,,bz_5,"cluster_6, cluster_7"
bz_5_cluster_7_1mer-bz_5_cluster_6_1mer,seed-2_sample-0,0,,,,bz_5,"cluster_6, cluster_7"
bz_5_cluster_7_1mer-bz_5_cluster_6_1mer,seed-5_sample-0,0,,,,bz_5,"cluster_6, cluster_7"
bz_5_cluster_7_1mer-bz_5_cluster_6_1mer,seed-6_sample-0,0,,,,bz_5,"cluster_6, cluster_7"
bz_5_cluster_7_1mer-bz_5_cluster_6_1mer,seed-3_sample-0,0,,,,bz_5,"cluster_6, cluster_7"
bz_5_cluster_7_1mer-bz_5_cluster_6_1mer,seed-1_sample-0,0,,,,bz_5,"cluster_6, cluster_7"
bz_5_cluster_7_1mer-bz_5_cluster_6_1mer,seed-7_sample-0,0,,,,bz_5,"cluster_6, cluster_7"
bz_5_cluster_7_1mer-bz_5_cluster_1_1mer,seed-8_sample-0,0,,,,bz_5,"cluster_1, cluster_7"
bz_5_cluster_7_1mer-bz_5_cluster_1_1mer,seed-10_sample-0,0,,,,bz_5,"cluster_1, cluster_7"
bz_5_cluster_7_1mer-bz_5_cluster_1_1mer,seed-9_sample-0,0,,,,bz_5,"cluster_1, cluster_7"
bz_5_cluster_7_1mer-bz_5_cluster_1_1mer,seed-4_sample-0,0,,,,bz_5,"cluster_1, cluster_7"
bz_5_cluster_7_1mer-bz_5_cluster_1_1mer,seed-2_sample-0,0,,,,bz_5,"cluster_1, cluster_7"
bz_5_cluster_7_1mer-bz_5_cluster_1_1mer,seed-5_sample-0,0,,,,bz_5,"cluster_1, cluster_7"
bz_5_cluster_7_1mer-bz_5_cluster_1_1mer,seed-6_sample-0,0,,,,bz_5,"cluster_1, cluster_7"
bz_5_cluster_7_1mer-bz_5_cluster_1_1mer,seed-3_sample-0,0,,,,bz_5,"cluster_1, cluster_7"
bz_5_cluster_7_1mer-bz_5_cluster_1_1mer,seed-1_sample-0,0,,,,bz_5,"cluster_1, cluster_7"
bz_5_cluster_7_1mer-bz_5_cluster_1_1mer,seed-7_sample-0,0,,,,bz_5,"cluster_1, cluster_7"
bz_5_cluster_7_1mer-bz_5_cluster_3_1mer,seed-8_sample-0,44,0.51,0.62,"[0.51, 0.71, 0.67, 0.62, 0.66, 0.58, 0.68, 0.71, 0.67, 0.66, 0.68, 0.58, 0.53, 0.54, 0.58, 0.54, 0.54, 0.63, 0.7, 0.64, 0.68, 0.53, 0.63, 0.71, 0.54, 0.7, 0.64, 0.68, 0.53, 0.51, 0.54, 0.54, 0.67, 0.58, 0.58, 0.66, 0.53, 0.67, 0.58, 0.68, 0.62, 0.68, 0.71, 0.66]",bz_5,"cluster_3, cluster_7"
bz_5_cluster_7_1mer-bz_5_cluster_3_1mer,seed-10_sample-0,0,,,,bz_5,"cluster_3, cluster_7"
bz_5_cluster_7_1mer-bz_5_cluster_3_1mer,seed-9_sample-0,0,,,,bz_5,"cluster_3, cluster_7"
bz_5_cluster_7_1mer-bz_5_cluster_3_1mer,seed-4_sample-0,0,,,,bz_5,"cluster_3, cluster_7"
bz_5_cluster_7_1mer-bz_5_cluster_3_1mer,seed-2_sample-0,32,0.51,0.599375,"[0.66, 0.62, 0.57, 0.6, 0.52, 0.59, 0.67, 0.63, 0.62, 0.63, 0.53, 0.51, 0.59, 0.62, 0.61, 0.62, 0.59, 0.67, 0.62, 0.61, 0.62, 0.63, 0.51, 0.62, 0.53, 0.62, 0.52, 0.63, 0.57, 0.59, 0.66, 0.6]",bz_5,"cluster_3, cluster_7"
bz_5_cluster_7_1mer-bz_5_cluster_3_1mer,seed-5_sample-0,28,0.51,0.5771428571428572,"[0.62, 0.6, 0.53, 0.57, 0.53, 0.55, 0.61, 0.61, 0.59, 0.61, 0.51, 0.6, 0.54, 0.61, 0.51, 0.61, 0.6, 0.54, 0.61, 0.61, 0.59, 0.6, 0.53, 0.61, 0.53, 0.55, 0.62, 0.57]",bz_5,"cluster_3, cluster_7"
bz_5_cluster_7_1mer-bz_5_cluster_3_1mer,seed-6_sample-0,36,0.51,0.6000000000000001,"[0.67, 0.64, 0.59, 0.61, 0.54, 0.63, 0.68, 0.63, 0.63, 0.64, 0.52, 0.54, 0.53, 0.58, 0.64, 0.61, 0.61, 0.51, 0.58, 0.68, 0.64, 0.61, 0.61, 0.51, 0.63, 0.52, 0.53, 0.63, 0.54, 0.64, 0.54, 0.64, 0.59, 0.63, 0.67, 0.61]",bz_5,"cluster_3, cluster_7"
bz_5_cluster_7_1mer-bz_5_cluster_3_1mer,seed-3_sample-0,46,0.52,0.6360869565217392,"[0.73, 0.7, 0.65, 0.67, 0.6, 0.69, 0.71, 0.68, 0.66, 0.7, 0.52, 0.61, 0.59, 0.55, 0.61, 0.57, 0.56, 0.65, 0.72, 0.65, 0.69, 0.52, 0.6, 0.65, 0.71, 0.52, 0.56, 0.72, 0.65, 0.69, 0.6, 0.52, 0.55, 0.57, 0.68, 0.61, 0.61, 0.66, 0.59, 0.7, 0.6, 0.7, 0.65, 0.69, 0.73, 0.67]",bz_5,"cluster_3, cluster_7"
bz_5_cluster_7_1mer-bz_5_cluster_3_1mer,seed-1_sample-0,22,0.53,0.5499999999999999,"[0.56, 0.53, 0.53, 0.54, 0.59, 0.55, 0.56, 0.54, 0.53, 0.54, 0.58, 0.59, 0.53, 0.54, 0.58, 0.55, 0.56, 0.53, 0.54, 0.54, 0.56, 0.53]",bz_5,"cluster_3, cluster_7"
bz_5_cluster_7_1mer-bz_5_cluster_3_1mer,seed-7_sample-0,8,0.51,0.515,"[0.51, 0.53, 0.51, 0.51, 0.53, 0.51, 0.51, 0.51]",bz_5,"cluster_3, cluster_7"
bz_5_cluster_7_1mer-bz_5_cluster_2_1mer,seed-8_sample-0,0,,,,bz_5,"cluster_2, cluster_7"
bz_5_cluster_7_1mer-bz_5_cluster_2_1mer,seed-10_sample-0,0,,,,bz_5,"cluster_2, cluster_7"
bz_5_cluster_7_1mer-bz_5_cluster_2_1mer,seed-9_sample-0,0,,,,bz_5,"cluster_2, cluster_7"
bz_5_cluster_7_1mer-bz_5_cluster_2_1mer,seed-4_sample-0,0,,,,bz_5,"cluster_2, cluster_7"
bz_5_cluster_7_1mer-bz_5_cluster_2_1mer,seed-2_sample-0,0,,,,bz_5,"cluster_2, cluster_7"
bz_5_cluster_7_1mer-bz_5_cluster_2_1mer,seed-5_sample-0,0,,,,bz_5,"cluster_2, cluster_7"
bz_5_cluster_7_1mer-bz_5_cluster_2_1mer,seed-6_sample-0,0,,,,bz_5,"cluster_2, cluster_7"
bz_5_cluster_7_1mer-bz_5_cluster_2_1mer,seed-3_sample-0,0,,,,bz_5,"cluster_2, cluster_7"
bz_5_cluster_7_1mer-bz_5_cluster_2_1mer,seed-1_sample-0,0,,,,bz_5,"cluster_2, cluster_7"
bz_5_cluster_7_1mer-bz_5_cluster_2_1mer,seed-7_sample-0,0,,,,bz_5,"cluster_2, cluster_7"
bz_5_cluster_0_1mer-bz_5_cluster_4_1mer,seed-8_sample-0,0,,,,bz_5,"cluster_0, cluster_4"
bz_5_cluster_0_1mer-bz_5_cluster_4_1mer,seed-10_sample-0,0,,,,bz_5,"cluster_0, cluster_4"
bz_5_cluster_0_1mer-bz_5_cluster_4_1mer,seed-9_sample-0,0,,,,bz_5,"cluster_0, cluster_4"
bz_5_cluster_0_1mer-bz_5_cluster_4_1mer,seed-4_sample-0,0,,,,bz_5,"cluster_0, cluster_4"
bz_5_cluster_0_1mer-bz_5_cluster_4_1mer,seed-2_sample-0,0,,,,bz_5,"cluster_0, cluster_4"
bz_5_cluster_0_1mer-bz_5_cluster_4_1mer,seed-5_sample-0,0,,,,bz_5,"cluster_0, cluster_4"
bz_5_cluster_0_1mer-bz_5_cluster_4_1mer,seed-6_sample-0,0,,,,bz_5,"cluster_0, cluster_4"
bz_5_cluster_0_1mer-bz_5_cluster_4_1mer,seed-3_sample-0,0,,,,bz_5,"cluster_0, cluster_4"
bz_5_cluster_0_1mer-bz_5_cluster_4_1mer,seed-1_sample-0,0,,,,bz_5,"cluster_0, cluster_4"
bz_5_cluster_0_1mer-bz_5_cluster_4_1mer,seed-7_sample-0,0,,,,bz_5,"cluster_0, cluster_4"
bz_5_cluster_0_1mer-bz_5_cluster_5_1mer,seed-8_sample-0,0,,,,bz_5,"cluster_0, cluster_5"
bz_5_cluster_0_1mer-bz_5_cluster_5_1mer,seed-10_sample-0,0,,,,bz_5,"cluster_0, cluster_5"
bz_5_cluster_0_1mer-bz_5_cluster_5_1mer,seed-9_sample-0,0,,,,bz_5,"cluster_0, cluster_5"
bz_5_cluster_0_1mer-bz_5_cluster_5_1mer,seed-4_sample-0,0,,,,bz_5,"cluster_0, cluster_5"
bz_5_cluster_0_1mer-bz_5_cluster_5_1mer,seed-2_sample-0,0,,,,bz_5,"cluster_0, cluster_5"
bz_5_cluster_0_1mer-bz_5_cluster_5_1mer,seed-5_sample-0,0,,,,bz_5,"cluster_0, cluster_5"
bz_5_cluster_0_1mer-bz_5_cluster_5_1mer,seed-6_sample-0,0,,,,bz_5,"cluster_0, cluster_5"
bz_5_cluster_0_1mer-bz_5_cluster_5_1mer,seed-3_sample-0,0,,,,bz_5,"cluster_0, cluster_5"
bz_5_cluster_0_1mer-bz_5_cluster_5_1mer,seed-1_sample-0,0,,,,bz_5,"cluster_0, cluster_5"
bz_5_cluster_0_1mer-bz_5_cluster_5_1mer,seed-7_sample-0,0,,,,bz_5,"cluster_0, cluster_5"
bz_5_cluster_0_1mer-bz_5_cluster_6_1mer,seed-8_sample-0,0,,,,bz_5,"cluster_0, cluster_6"
bz_5_cluster_0_1mer-bz_5_cluster_6_1mer,seed-10_sample-0,0,,,,bz_5,"cluster_0, cluster_6"
bz_5_cluster_0_1mer-bz_5_cluster_6_1mer,seed-9_sample-0,0,,,,bz_5,"cluster_0, cluster_6"
bz_5_cluster_0_1mer-bz_5_cluster_6_1mer,seed-4_sample-0,0,,,,bz_5,"cluster_0, cluster_6"
bz_5_cluster_0_1mer-bz_5_cluster_6_1mer,seed-2_sample-0,0,,,,bz_5,"cluster_0, cluster_6"
bz_5_cluster_0_1mer-bz_5_cluster_6_1mer,seed-5_sample-0,0,,,,bz_5,"cluster_0, cluster_6"
bz_5_cluster_0_1mer-bz_5_cluster_6_1mer,seed-6_sample-0,0,,,,bz_5,"cluster_0, cluster_6"
bz_5_cluster_0_1mer-bz_5_cluster_6_1mer,seed-3_sample-0,0,,,,bz_5,"cluster_0, cluster_6"
bz_5_cluster_0_1mer-bz_5_cluster_6_1mer,seed-1_sample-0,0,,,,bz_5,"cluster_0, cluster_6"
bz_5_cluster_0_1mer-bz_5_cluster_6_1mer,seed-7_sample-0,0,,,,bz_5,"cluster_0, cluster_6"
bz_5_cluster_0_1mer-bz_5_cluster_1_1mer,seed-8_sample-0,0,,,,bz_5,"cluster_0, cluster_1"
bz_5_cluster_0_1mer-bz_5_cluster_1_1mer,seed-10_sample-0,0,,,,bz_5,"cluster_0, cluster_1"
bz_5_cluster_0_1mer-bz_5_cluster_1_1mer,seed-9_sample-0,0,,,,bz_5,"cluster_0, cluster_1"
bz_5_cluster_0_1mer-bz_5_cluster_1_1mer,seed-4_sample-0,0,,,,bz_5,"cluster_0, cluster_1"
bz_5_cluster_0_1mer-bz_5_cluster_1_1mer,seed-2_sample-0,0,,,,bz_5,"cluster_0, cluster_1"
bz_5_cluster_0_1mer-bz_5_cluster_1_1mer,seed-5_sample-0,0,,,,bz_5,"cluster_0, cluster_1"
bz_5_cluster_0_1mer-bz_5_cluster_1_1mer,seed-6_sample-0,0,,,,bz_5,"cluster_0, cluster_1"
bz_5_cluster_0_1mer-bz_5_cluster_1_1mer,seed-3_sample-0,0,,,,bz_5,"cluster_0, cluster_1"
bz_5_cluster_0_1mer-bz_5_cluster_1_1mer,seed-1_sample-0,0,,,,bz_5,"cluster_0, cluster_1"
bz_5_cluster_0_1mer-bz_5_cluster_1_1mer,seed-7_sample-0,0,,,,bz_5,"cluster_0, cluster_1"
bz_5_cluster_0_1mer-bz_5_cluster_3_1mer,seed-8_sample-0,0,,,,bz_5,"cluster_0, cluster_3"
bz_5_cluster_0_1mer-bz_5_cluster_3_1mer,seed-10_sample-0,0,,,,bz_5,"cluster_0, cluster_3"
bz_5_cluster_0_1mer-bz_5_cluster_3_1mer,seed-9_sample-0,0,,,,bz_5,"cluster_0, cluster_3"
bz_5_cluster_0_1mer-bz_5_cluster_3_1mer,seed-4_sample-0,0,,,,bz_5,"cluster_0, cluster_3"
bz_5_cluster_0_1mer-bz_5_cluster_3_1mer,seed-2_sample-0,0,,,,bz_5,"cluster_0, cluster_3"
bz_5_cluster_0_1mer-bz_5_cluster_3_1mer,seed-5_sample-0,0,,,,bz_5,"cluster_0, cluster_3"
bz_5_cluster_0_1mer-bz_5_cluster_3_1mer,seed-6_sample-0,0,,,,bz_5,"cluster_0, cluster_3"
bz_5_cluster_0_1mer-bz_5_cluster_3_1mer,seed-3_sample-0,0,,,,bz_5,"cluster_0, cluster_3"
bz_5_cluster_0_1mer-bz_5_cluster_3_1mer,seed-1_sample-0,0,,,,bz_5,"cluster_0, cluster_3"
bz_5_cluster_0_1mer-bz_5_cluster_3_1mer,seed-7_sample-0,0,,,,bz_5,"cluster_0, cluster_3"
bz_5_cluster_0_1mer-bz_5_cluster_2_1mer,seed-8_sample-0,0,,,,bz_5,"cluster_0, cluster_2"
bz_5_cluster_0_1mer-bz_5_cluster_2_1mer,seed-10_sample-0,0,,,,bz_5,"cluster_0, cluster_2"
bz_5_cluster_0_1mer-bz_5_cluster_2_1mer,seed-9_sample-0,0,,,,bz_5,"cluster_0, cluster_2"
bz_5_cluster_0_1mer-bz_5_cluster_2_1mer,seed-4_sample-0,0,,,,bz_5,"cluster_0, cluster_2"
bz_5_cluster_0_1mer-bz_5_cluster_2_1mer,seed-2_sample-0,0,,,,bz_5,"cluster_0, cluster_2"
bz_5_cluster_0_1mer-bz_5_cluster_2_1mer,seed-5_sample-0,0,,,,bz_5,"cluster_0, cluster_2"
bz_5_cluster_0_1mer-bz_5_cluster_2_1mer,seed-6_sample-0,0,,,,bz_5,"cluster_0, cluster_2"
bz_5_cluster_0_1mer-bz_5_cluster_2_1mer,seed-3_sample-0,0,,,,bz_5,"cluster_0, cluster_2"
bz_5_cluster_0_1mer-bz_5_cluster_2_1mer,seed-1_sample-0,0,,,,bz_5,"cluster_0, cluster_2"
bz_5_cluster_0_1mer-bz_5_cluster_2_1mer,seed-7_sample-0,0,,,,bz_5,"cluster_0, cluster_2"
bz_5_cluster_4_1mer-bz_5_cluster_5_1mer,seed-8_sample-0,160,0.51,0.788875,"[0.76, 0.82, 0.92, 0.64, 0.74, 0.89, 0.91, 0.83, 0.91, 0.64, 0.96, 0.94, 0.96, 0.82, 0.74, 0.91, 0.96, 0.91, 0.63, 0.96, 0.91, 0.91, 0.91, 0.95, 0.88, 0.82, 0.94, 0.65, 0.76, 0.88, 0.87, 0.56, 0.82, 0.76, 0.75, 0.51, 0.93, 0.9, 0.62, 0.89, 0.94, 0.93, 0.79, 0.55, 0.52, 0.94, 0.82, 0.74, 0.96, 0.73, 0.93, 0.92, 0.93, 0.95, 0.9, 0.84, 0.95, 0.88, 0.91, 0.93, 0.77, 0.86, 0.86, 0.74, 0.84, 0.63, 0.56, 0.53, 0.6, 0.55, 0.6, 0.59, 0.64, 0.56, 0.67, 0.68, 0.62, 0.51, 0.55, 0.62, 0.93, 0.89, 0.94, 0.55, 0.76, 0.93, 0.52, 0.79, 0.94, 0.74, 0.92, 0.75, 0.82, 0.96, 0.93, 0.73, 0.95, 0.88, 0.93, 0.9, 0.95, 0.91, 0.93, 0.77, 0.86, 0.74, 0.84, 0.64, 0.76, 0.74, 0.9, 0.82, 0.92, 0.89, 0.62, 0.91, 0.64, 0.83, 0.96, 0.74, 0.91, 0.94, 0.96, 0.91, 0.96, 0.63, 0.91, 0.82, 0.91, 0.96, 0.91, 0.84, 0.95, 0.82, 0.91, 0.88, 0.94, 0.82, 0.51, 0.86, 0.65, 0.76, 0.88, 0.87, 0.56, 0.63, 0.56, 0.55, 0.53, 0.6, 0.6, 0.59, 0.64, 0.56, 0.67, 0.68, 0.51, 0.62, 0.55, 0.62]",bz_5,"cluster_4, cluster_5"
bz_5_cluster_4_1mer-bz_5_cluster_5_1mer,seed-10_sample-0,158,0.51,0.7964556962025316,"[0.78, 0.83, 0.92, 0.65, 0.73, 0.89, 0.92, 0.83, 0.91, 0.64, 0.96, 0.94, 0.96, 0.82, 0.75, 0.92, 0.96, 0.92, 0.64, 0.96, 0.91, 0.92, 0.91, 0.95, 0.89, 0.83, 0.94, 0.65, 0.76, 0.89, 0.88, 0.58, 0.83, 0.76, 0.76, 0.51, 0.93, 0.9, 0.62, 0.89, 0.94, 0.93, 0.79, 0.55, 0.52, 0.94, 0.82, 0.75, 0.96, 0.74, 0.94, 0.92, 0.92, 0.95, 0.91, 0.84, 0.95, 0.88, 0.91, 0.93, 0.77, 0.86, 0.87, 0.74, 0.84, 0.66, 0.57, 0.54, 0.61, 0.56, 0.61, 0.6, 0.65, 0.57, 0.67, 0.67, 0.63, 0.54, 0.63, 0.93, 0.89, 0.94, 0.55, 0.76, 0.93, 0.52, 0.79, 0.94, 0.75, 0.92, 0.76, 0.82, 0.96, 0.92, 0.74, 0.95, 0.88, 0.94, 0.91, 0.95, 0.91, 0.93, 0.77, 0.87, 0.74, 0.84, 0.65, 0.78, 0.73, 0.9, 0.83, 0.92, 0.89, 0.62, 0.92, 0.64, 0.83, 0.96, 0.75, 0.91, 0.94, 0.96, 0.92, 0.96, 0.64, 0.92, 0.82, 0.92, 0.96, 0.91, 0.84, 0.95, 0.83, 0.91, 0.89, 0.94, 0.83, 0.51, 0.86, 0.65, 0.76, 0.89, 0.88, 0.58, 0.66, 0.57, 0.56, 0.54, 0.61, 0.61, 0.6, 0.65, 0.57, 0.67, 0.67, 0.63, 0.54, 0.63]",bz_5,"cluster_4, cluster_5"
bz_5_cluster_4_1mer-bz_5_cluster_5_1mer,seed-9_sample-0,162,0.51,0.7896296296296296,"[0.76, 0.82, 0.92, 0.65, 0.73, 0.89, 0.92, 0.83, 0.91, 0.65, 0.96, 0.94, 0.96, 0.82, 0.75, 0.91, 0.96, 0.92, 0.63, 0.96, 0.91, 0.91, 0.91, 0.95, 0.89, 0.83, 0.94, 0.66, 0.76, 0.89, 0.88, 0.57, 0.83, 0.76, 0.75, 0.52, 0.93, 0.9, 0.62, 0.89, 0.94, 0.93, 0.79, 0.55, 0.52, 0.94, 0.82, 0.74, 0.96, 0.74, 0.94, 0.92, 0.92, 0.95, 0.91, 0.84, 0.95, 0.88, 0.91, 0.93, 0.77, 0.86, 0.86, 0.74, 0.84, 0.65, 0.52, 0.58, 0.54, 0.62, 0.56, 0.62, 0.61, 0.65, 0.58, 0.68, 0.69, 0.63, 0.51, 0.54, 0.64, 0.93, 0.89, 0.94, 0.55, 0.76, 0.93, 0.52, 0.79, 0.94, 0.74, 0.92, 0.75, 0.82, 0.96, 0.92, 0.74, 0.95, 0.88, 0.94, 0.91, 0.95, 0.91, 0.93, 0.77, 0.86, 0.74, 0.84, 0.65, 0.76, 0.73, 0.9, 0.82, 0.92, 0.89, 0.62, 0.92, 0.65, 0.83, 0.96, 0.75, 0.91, 0.94, 0.96, 0.91, 0.96, 0.63, 0.91, 0.82, 0.92, 0.96, 0.91, 0.84, 0.95, 0.83, 0.91, 0.89, 0.94, 0.83, 0.52, 0.86, 0.66, 0.76, 0.89, 0.88, 0.57, 0.65, 0.52, 0.58, 0.56, 0.54, 0.62, 0.62, 0.61, 0.65, 0.58, 0.68, 0.69, 0.51, 0.63, 0.54, 0.64]",bz_5,"cluster_4, cluster_5"
bz_5_cluster_4_1mer-bz_5_cluster_5_1mer,seed-4_sample-0,160,0.51,0.7927500000000001,"[0.78, 0.83, 0.93, 0.65, 0.73, 0.89, 0.92, 0.83, 0.91, 0.65, 0.96, 0.94, 0.96, 0.83, 0.75, 0.91, 0.96, 0.92, 0.64, 0.96, 0.91, 0.91, 0.91, 0.95, 0.89, 0.82, 0.94, 0.65, 0.76, 0.89, 0.88, 0.57, 0.82, 0.76, 0.76, 0.52, 0.92, 0.9, 0.62, 0.89, 0.94, 0.93, 0.79, 0.55, 0.52, 0.94, 0.82, 0.75, 0.96, 0.74, 0.94, 0.92, 0.92, 0.95, 0.9, 0.84, 0.95, 0.88, 0.92, 0.93, 0.78, 0.86, 0.87, 0.74, 0.84, 0.66, 0.51, 0.57, 0.54, 0.6, 0.55, 0.61, 0.61, 0.65, 0.57, 0.68, 0.67, 0.63, 0.54, 0.63, 0.92, 0.89, 0.94, 0.55, 0.76, 0.93, 0.52, 0.79, 0.94, 0.75, 0.92, 0.76, 0.82, 0.96, 0.92, 0.74, 0.95, 0.88, 0.94, 0.9, 0.95, 0.92, 0.93, 0.78, 0.87, 0.74, 0.84, 0.65, 0.78, 0.73, 0.9, 0.83, 0.93, 0.89, 0.62, 0.92, 0.65, 0.83, 0.96, 0.75, 0.91, 0.94, 0.96, 0.91, 0.96, 0.64, 0.91, 0.83, 0.92, 0.96, 0.91, 0.84, 0.95, 0.82, 0.91, 0.89, 0.94, 0.82, 0.52, 0.86, 0.65, 0.76, 0.89, 0.88, 0.57, 0.66, 0.51, 0.57, 0.55, 0.54, 0.6, 0.61, 0.61, 0.65, 0.57, 0.68, 0.67, 0.63, 0.54, 0.63]",bz_5,"cluster_4, cluster_5"
bz_5_cluster_4_1mer-bz_5_cluster_5_1mer,seed-2_sample-0,162,0.51,0.7911111111111111,"[0.78, 0.83, 0.93, 0.65, 0.74, 0.89, 0.92, 0.83, 0.91, 0.64, 0.96, 0.94, 0.96, 0.82, 0.76, 0.92, 0.96, 0.92, 0.64, 0.96, 0.91, 0.91, 0.91, 0.95, 0.89, 0.83, 0.94, 0.65, 0.76, 0.89, 0.88, 0.57, 0.83, 0.77, 0.76, 0.52, 0.93, 0.9, 0.63, 0.89, 0.94, 0.93, 0.79, 0.56, 0.52, 0.94, 0.82, 0.75, 0.96, 0.74, 0.94, 0.92, 0.92, 0.95, 0.91, 0.84, 0.95, 0.88, 0.92, 0.93, 0.77, 0.86, 0.87, 0.74, 0.84, 0.66, 0.51, 0.57, 0.54, 0.62, 0.56, 0.62, 0.61, 0.66, 0.58, 0.68, 0.68, 0.63, 0.51, 0.55, 0.63, 0.93, 0.89, 0.94, 0.56, 0.77, 0.93, 0.52, 0.79, 0.94, 0.75, 0.92, 0.76, 0.82, 0.96, 0.92, 0.74, 0.95, 0.88, 0.94, 0.91, 0.95, 0.92, 0.93, 0.77, 0.87, 0.74, 0.84, 0.65, 0.78, 0.74, 0.9, 0.83, 0.93, 0.89, 0.63, 0.92, 0.64, 0.83, 0.96, 0.76, 0.91, 0.94, 0.96, 0.92, 0.96, 0.64, 0.91, 0.82, 0.92, 0.96, 0.91, 0.84, 0.95, 0.83, 0.91, 0.89, 0.94, 0.83, 0.52, 0.86, 0.65, 0.76, 0.89, 0.88, 0.57, 0.66, 0.51, 0.57, 0.56, 0.54, 0.62, 0.62, 0.61, 0.66, 0.58, 0.68, 0.68, 0.51, 0.63, 0.55, 0.63]",bz_5,"cluster_4, cluster_5"
bz_5_cluster_4_1mer-bz_5_cluster_5_1mer,seed-5_sample-0,160,0.51,0.788625,"[0.77, 0.82, 0.92, 0.64, 0.73, 0.89, 0.91, 0.83, 0.91, 0.64, 0.96, 0.94, 0.96, 0.82, 0.75, 0.92, 0.96, 0.92, 0.64, 0.96, 0.9, 0.91, 0.91, 0.95, 0.88, 0.82, 0.94, 0.65, 0.76, 0.88, 0.87, 0.56, 0.82, 0.76, 0.76, 0.51, 0.92, 0.9, 0.61, 0.89, 0.94, 0.93, 0.79, 0.55, 0.52, 0.94, 0.82, 0.75, 0.96, 0.73, 0.93, 0.92, 0.92, 0.95, 0.9, 0.84, 0.95, 0.88, 0.91, 0.93, 0.77, 0.86, 0.86, 0.73, 0.83, 0.64, 0.56, 0.52, 0.6, 0.55, 0.59, 0.59, 0.63, 0.56, 0.67, 0.68, 0.62, 0.51, 0.54, 0.63, 0.92, 0.89, 0.94, 0.55, 0.76, 0.93, 0.52, 0.79, 0.94, 0.75, 0.92, 0.76, 0.82, 0.96, 0.92, 0.73, 0.95, 0.88, 0.93, 0.9, 0.95, 0.91, 0.93, 0.77, 0.86, 0.73, 0.83, 0.64, 0.77, 0.73, 0.9, 0.82, 0.92, 0.89, 0.61, 0.91, 0.64, 0.83, 0.96, 0.75, 0.91, 0.94, 0.96, 0.92, 0.96, 0.64, 0.91, 0.82, 0.92, 0.96, 0.91, 0.84, 0.95, 0.82, 0.9, 0.88, 0.94, 0.82, 0.51, 0.86, 0.65, 0.76, 0.88, 0.87, 0.56, 0.64, 0.56, 0.55, 0.52, 0.6, 0.59, 0.59, 0.63, 0.56, 0.67, 0.68, 0.51, 0.62, 0.54, 0.63]",bz_5,"cluster_4, cluster_5"
bz_5_cluster_4_1mer-bz_5_cluster_5_1mer,seed-6_sample-0,160,0.51,0.79125,"[0.77, 0.82, 0.93, 0.64, 0.74, 0.89, 0.92, 0.82, 0.91, 0.65, 0.96, 0.94, 0.96, 0.82, 0.74, 0.91, 0.96, 0.92, 0.63, 0.96, 0.91, 0.91, 0.91, 0.95, 0.88, 0.82, 0.94, 0.65, 0.75, 0.89, 0.88, 0.57, 0.83, 0.76, 0.76, 0.52, 0.93, 0.9, 0.62, 0.89, 0.94, 0.93, 0.79, 0.54, 0.52, 0.94, 0.83, 0.75, 0.96, 0.74, 0.94, 0.92, 0.92, 0.95, 0.91, 0.84, 0.95, 0.88, 0.91, 0.93, 0.77, 0.86, 0.87, 0.73, 0.84, 0.64, 0.57, 0.53, 0.6, 0.55, 0.61, 0.6, 0.64, 0.57, 0.67, 0.68, 0.63, 0.51, 0.55, 0.63, 0.93, 0.89, 0.94, 0.54, 0.76, 0.93, 0.52, 0.79, 0.94, 0.75, 0.92, 0.76, 0.83, 0.96, 0.92, 0.74, 0.95, 0.88, 0.94, 0.91, 0.95, 0.91, 0.93, 0.77, 0.87, 0.73, 0.84, 0.64, 0.77, 0.74, 0.9, 0.82, 0.93, 0.89, 0.62, 0.92, 0.65, 0.82, 0.96, 0.74, 0.91, 0.94, 0.96, 0.91, 0.96, 0.63, 0.91, 0.82, 0.92, 0.96, 0.91, 0.84, 0.95, 0.82, 0.91, 0.88, 0.94, 0.83, 0.52, 0.86, 0.65, 0.75, 0.89, 0.88, 0.57, 0.64, 0.57, 0.55, 0.53, 0.6, 0.61, 0.6, 0.64, 0.57, 0.67, 0.68, 0.51, 0.63, 0.55, 0.63]",bz_5,"cluster_4, cluster_5"
bz_5_cluster_4_1mer-bz_5_cluster_5_1mer,seed-3_sample-0,158,0.51,0.7932911392405063,"[0.77, 0.82, 0.93, 0.64, 0.73, 0.89, 0.91, 0.83, 0.91, 0.65, 0.96, 0.94, 0.96, 0.82, 0.74, 0.91, 0.96, 0.92, 0.64, 0.96, 0.9, 0.92, 0.91, 0.95, 0.89, 0.83, 0.94, 0.65, 0.76, 0.89, 0.87, 0.57, 0.82, 0.76, 0.75, 0.51, 0.92, 0.9, 0.62, 0.89, 0.94, 0.93, 0.79, 0.55, 0.52, 0.94, 0.82, 0.75, 0.96, 0.73, 0.94, 0.92, 0.92, 0.95, 0.9, 0.84, 0.95, 0.88, 0.91, 0.93, 0.77, 0.87, 0.86, 0.74, 0.83, 0.64, 0.55, 0.53, 0.59, 0.55, 0.6, 0.59, 0.65, 0.56, 0.67, 0.67, 0.63, 0.53, 0.63, 0.92, 0.89, 0.94, 0.55, 0.76, 0.93, 0.52, 0.79, 0.94, 0.75, 0.92, 0.75, 0.82, 0.96, 0.92, 0.73, 0.95, 0.88, 0.94, 0.9, 0.95, 0.91, 0.93, 0.77, 0.86, 0.74, 0.83, 0.64, 0.77, 0.73, 0.9, 0.82, 0.93, 0.89, 0.62, 0.91, 0.65, 0.83, 0.96, 0.74, 0.91, 0.94, 0.96, 0.91, 0.96, 0.64, 0.92, 0.82, 0.92, 0.96, 0.91, 0.84, 0.95, 0.83, 0.9, 0.89, 0.94, 0.82, 0.51, 0.87, 0.65, 0.76, 0.89, 0.87, 0.57, 0.64, 0.55, 0.55, 0.53, 0.59, 0.6, 0.59, 0.65, 0.56, 0.67, 0.67, 0.63, 0.53, 0.63]",bz_5,"cluster_4, cluster_5"
bz_5_cluster_4_1mer-bz_5_cluster_5_1mer,seed-1_sample-0,160,0.51,0.791375,"[0.77, 0.82, 0.92, 0.65, 0.74, 0.89, 0.91, 0.83, 0.91, 0.64, 0.96, 0.94, 0.96, 0.82, 0.75, 0.91, 0.96, 0.92, 0.64, 0.96, 0.9, 0.91, 0.91, 0.95, 0.88, 0.83, 0.94, 0.65, 0.76, 0.89, 0.88, 0.57, 0.82, 0.76, 0.76, 0.51, 0.93, 0.9, 0.62, 0.89, 0.94, 0.93, 0.79, 0.55, 0.52, 0.94, 0.82, 0.74, 0.96, 0.73, 0.94, 0.92, 0.92, 0.95, 0.9, 0.84, 0.95, 0.88, 0.92, 0.93, 0.77, 0.87, 0.86, 0.73, 0.84, 0.65, 0.57, 0.54, 0.61, 0.55, 0.62, 0.6, 0.65, 0.57, 0.67, 0.68, 0.63, 0.51, 0.54, 0.62, 0.93, 0.89, 0.94, 0.55, 0.76, 0.93, 0.52, 0.79, 0.94, 0.74, 0.92, 0.76, 0.82, 0.96, 0.92, 0.73, 0.95, 0.88, 0.94, 0.9, 0.95, 0.92, 0.93, 0.77, 0.86, 0.73, 0.84, 0.65, 0.77, 0.74, 0.9, 0.82, 0.92, 0.89, 0.62, 0.91, 0.64, 0.83, 0.96, 0.75, 0.91, 0.94, 0.96, 0.91, 0.96, 0.64, 0.91, 0.82, 0.92, 0.96, 0.91, 0.84, 0.95, 0.83, 0.9, 0.88, 0.94, 0.82, 0.51, 0.87, 0.65, 0.76, 0.89, 0.88, 0.57, 0.65, 0.57, 0.55, 0.54, 0.61, 0.62, 0.6, 0.65, 0.57, 0.67, 0.68, 0.51, 0.63, 0.54, 0.62]",bz_5,"cluster_4, cluster_5"
bz_5_cluster_4_1mer-bz_5_cluster_5_1mer,seed-7_sample-0,160,0.51,0.791375,"[0.77, 0.83, 0.93, 0.64, 0.74, 0.89, 0.92, 0.83, 0.91, 0.64, 0.96, 0.94, 0.96, 0.82, 0.74, 0.91, 0.96, 0.92, 0.64, 0.96, 0.9, 0.91, 0.91, 0.95, 0.88, 0.83, 0.94, 0.65, 0.75, 0.89, 0.88, 0.57, 0.82, 0.76, 0.76, 0.51, 0.93, 0.9, 0.62, 0.89, 0.94, 0.93, 0.79, 0.55, 0.52, 0.94, 0.82, 0.75, 0.96, 0.73, 0.93, 0.92, 0.92, 0.95, 0.9, 0.84, 0.95, 0.88, 0.92, 0.93, 0.77, 0.86, 0.86, 0.73, 0.84, 0.65, 0.57, 0.54, 0.61, 0.55, 0.61, 0.6, 0.65, 0.57, 0.68, 0.68, 0.63, 0.51, 0.54, 0.63, 0.93, 0.89, 0.94, 0.55, 0.76, 0.93, 0.52, 0.79, 0.94, 0.75, 0.92, 0.76, 0.82, 0.96, 0.92, 0.73, 0.95, 0.88, 0.93, 0.9, 0.95, 0.92, 0.93, 0.77, 0.86, 0.73, 0.84, 0.64, 0.77, 0.74, 0.9, 0.83, 0.93, 0.89, 0.62, 0.92, 0.64, 0.83, 0.96, 0.74, 0.91, 0.94, 0.96, 0.91, 0.96, 0.64, 0.91, 0.82, 0.92, 0.96, 0.91, 0.84, 0.95, 0.83, 0.9, 0.88, 0.94, 0.82, 0.51, 0.86, 0.65, 0.75, 0.89, 0.88, 0.57, 0.65, 0.57, 0.55, 0.54, 0.61, 0.61, 0.6, 0.65, 0.57, 0.68, 0.68, 0.51, 0.63, 0.54, 0.63]",bz_5,"cluster_4, cluster_5"
bz_5_cluster_4_1mer-bz_5_cluster_6_1mer,seed-8_sample-0,0,,,,bz_5,"cluster_4, cluster_6"
bz_5_cluster_4_1mer-bz_5_cluster_6_1mer,seed-10_sample-0,0,,,,bz_5,"cluster_4, cluster_6"
bz_5_cluster_4_1mer-bz_5_cluster_6_1mer,seed-9_sample-0,0,,,,bz_5,"cluster_4, cluster_6"
bz_5_cluster_4_1mer-bz_5_cluster_6_1mer,seed-4_sample-0,0,,,,bz_5,"cluster_4, cluster_6"
bz_5_cluster_4_1mer-bz_5_cluster_6_1mer,seed-2_sample-0,0,,,,bz_5,"cluster_4, cluster_6"
bz_5_cluster_4_1mer-bz_5_cluster_6_1mer,seed-5_sample-0,0,,,,bz_5,"cluster_4, cluster_6"
bz_5_cluster_4_1mer-bz_5_cluster_6_1mer,seed-6_sample-0,0,,,,bz_5,"cluster_4, cluster_6"
bz_5_cluster_4_1mer-bz_5_cluster_6_1mer,seed-3_sample-0,0,,,,bz_5,"cluster_4, cluster_6"
bz_5_cluster_4_1mer-bz_5_cluster_6_1mer,seed-1_sample-0,0,,,,bz_5,"cluster_4, cluster_6"
bz_5_cluster_4_1mer-bz_5_cluster_6_1mer,seed-7_sample-0,0,,,,bz_5,"cluster_4, cluster_6"
bz_5_cluster_4_1mer-bz_5_cluster_1_1mer,seed-8_sample-0,0,,,,bz_5,"cluster_1, cluster_4"
bz_5_cluster_4_1mer-bz_5_cluster_1_1mer,seed-10_sample-0,0,,,,bz_5,"cluster_1, cluster_4"
bz_5_cluster_4_1mer-bz_5_cluster_1_1mer,seed-9_sample-0,0,,,,bz_5,"cluster_1, cluster_4"
bz_5_cluster_4_1mer-bz_5_cluster_1_1mer,seed-4_sample-0,0,,,,bz_5,"cluster_1, cluster_4"
bz_5_cluster_4_1mer-bz_5_cluster_1_1mer,seed-2_sample-0,0,,,,bz_5,"cluster_1, cluster_4"
bz_5_cluster_4_1mer-bz_5_cluster_1_1mer,seed-5_sample-0,0,,,,bz_5,"cluster_1, cluster_4"
bz_5_cluster_4_1mer-bz_5_cluster_1_1mer,seed-6_sample-0,0,,,,bz_5,"cluster_1, cluster_4"
bz_5_cluster_4_1mer-bz_5_cluster_1_1mer,seed-3_sample-0,0,,,,bz_5,"cluster_1, cluster_4"
bz_5_cluster_4_1mer-bz_5_cluster_1_1mer,seed-1_sample-0,0,,,,bz_5,"cluster_1, cluster_4"
bz_5_cluster_4_1mer-bz_5_cluster_1_1mer,seed-7_sample-0,0,,,,bz_5,"cluster_1, cluster_4"
bz_5_cluster_4_1mer-bz_5_cluster_3_1mer,seed-8_sample-0,0,,,,bz_5,"cluster_3, cluster_4"
bz_5_cluster_4_1mer-bz_5_cluster_3_1mer,seed-10_sample-0,0,,,,bz_5,"cluster_3, cluster_4"
bz_5_cluster_4_1mer-bz_5_cluster_3_1mer,seed-9_sample-0,0,,,,bz_5,"cluster_3, cluster_4"
bz_5_cluster_4_1mer-bz_5_cluster_3_1mer,seed-4_sample-0,0,,,,bz_5,"cluster_3, cluster_4"
bz_5_cluster_4_1mer-bz_5_cluster_3_1mer,seed-2_sample-0,0,,,,bz_5,"cluster_3, cluster_4"
bz_5_cluster_4_1mer-bz_5_cluster_3_1mer,seed-5_sample-0,0,,,,bz_5,"cluster_3, cluster_4"
bz_5_cluster_4_1mer-bz_5_cluster_3_1mer,seed-6_sample-0,0,,,,bz_5,"cluster_3, cluster_4"
bz_5_cluster_4_1mer-bz_5_cluster_3_1mer,seed-3_sample-0,0,,,,bz_5,"cluster_3, cluster_4"
bz_5_cluster_4_1mer-bz_5_cluster_3_1mer,seed-1_sample-0,0,,,,bz_5,"cluster_3, cluster_4"
bz_5_cluster_4_1mer-bz_5_cluster_3_1mer,seed-7_sample-0,0,,,,bz_5,"cluster_3, cluster_4"
bz_5_cluster_4_1mer-bz_5_cluster_2_1mer,seed-8_sample-0,0,,,,bz_5,"cluster_2, cluster_4"
bz_5_cluster_4_1mer-bz_5_cluster_2_1mer,seed-10_sample-0,0,,,,bz_5,"cluster_2, cluster_4"
bz_5_cluster_4_1mer-bz_5_cluster_2_1mer,seed-9_sample-0,0,,,,bz_5,"cluster_2, cluster_4"
bz_5_cluster_4_1mer-bz_5_cluster_2_1mer,seed-4_sample-0,0,,,,bz_5,"cluster_2, cluster_4"
bz_5_cluster_4_1mer-bz_5_cluster_2_1mer,seed-2_sample-0,0,,,,bz_5,"cluster_2, cluster_4"
bz_5_cluster_4_1mer-bz_5_cluster_2_1mer,seed-5_sample-0,0,,,,bz_5,"cluster_2, cluster_4"
bz_5_cluster_4_1mer-bz_5_cluster_2_1mer,seed-6_sample-0,0,,,,bz_5,"cluster_2, cluster_4"
bz_5_cluster_4_1mer-bz_5_cluster_2_1mer,seed-3_sample-0,0,,,,bz_5,"cluster_2, cluster_4"
bz_5_cluster_4_1mer-bz_5_cluster_2_1mer,seed-1_sample-0,0,,,,bz_5,"cluster_2, cluster_4"
bz_5_cluster_4_1mer-bz_5_cluster_2_1mer,seed-7_sample-0,0,,,,bz_5,"cluster_2, cluster_4"
bz_5_cluster_5_1mer-bz_5_cluster_6_1mer,seed-8_sample-0,0,,,,bz_5,"cluster_5, cluster_6"
bz_5_cluster_5_1mer-bz_5_cluster_6_1mer,seed-10_sample-0,0,,,,bz_5,"cluster_5, cluster_6"
bz_5_cluster_5_1mer-bz_5_cluster_6_1mer,seed-9_sample-0,0,,,,bz_5,"cluster_5, cluster_6"
bz_5_cluster_5_1mer-bz_5_cluster_6_1mer,seed-4_sample-0,0,,,,bz_5,"cluster_5, cluster_6"
bz_5_cluster_5_1mer-bz_5_cluster_6_1mer,seed-2_sample-0,0,,,,bz_5,"cluster_5, cluster_6"
bz_5_cluster_5_1mer-bz_5_cluster_6_1mer,seed-5_sample-0,0,,,,bz_5,"cluster_5, cluster_6"
bz_5_cluster_5_1mer-bz_5_cluster_6_1mer,seed-6_sample-0,0,,,,bz_5,"cluster_5, cluster_6"
bz_5_cluster_5_1mer-bz_5_cluster_6_1mer,seed-3_sample-0,0,,,,bz_5,"cluster_5, cluster_6"
bz_5_cluster_5_1mer-bz_5_cluster_6_1mer,seed-1_sample-0,0,,,,bz_5,"cluster_5, cluster_6"
bz_5_cluster_5_1mer-bz_5_cluster_6_1mer,seed-7_sample-0,0,,,,bz_5,"cluster_5, cluster_6"
bz_5_cluster_5_1mer-bz_5_cluster_1_1mer,seed-8_sample-0,0,,,,bz_5,"cluster_1, cluster_5"
bz_5_cluster_5_1mer-bz_5_cluster_1_1mer,seed-10_sample-0,0,,,,bz_5,"cluster_1, cluster_5"
bz_5_cluster_5_1mer-bz_5_cluster_1_1mer,seed-9_sample-0,0,,,,bz_5,"cluster_1, cluster_5"
bz_5_cluster_5_1mer-bz_5_cluster_1_1mer,seed-4_sample-0,0,,,,bz_5,"cluster_1, cluster_5"
bz_5_cluster_5_1mer-bz_5_cluster_1_1mer,seed-2_sample-0,0,,,,bz_5,"cluster_1, cluster_5"
bz_5_cluster_5_1mer-bz_5_cluster_1_1mer,seed-5_sample-0,0,,,,bz_5,"cluster_1, cluster_5"
bz_5_cluster_5_1mer-bz_5_cluster_1_1mer,seed-6_sample-0,0,,,,bz_5,"cluster_1, cluster_5"
bz_5_cluster_5_1mer-bz_5_cluster_1_1mer,seed-3_sample-0,0,,,,bz_5,"cluster_1, cluster_5"
bz_5_cluster_5_1mer-bz_5_cluster_1_1mer,seed-1_sample-0,0,,,,bz_5,"cluster_1, cluster_5"
bz_5_cluster_5_1mer-bz_5_cluster_1_1mer,seed-7_sample-0,0,,,,bz_5,"cluster_1, cluster_5"
bz_5_cluster_5_1mer-bz_5_cluster_3_1mer,seed-8_sample-0,0,,,,bz_5,"cluster_3, cluster_5"
bz_5_cluster_5_1mer-bz_5_cluster_3_1mer,seed-10_sample-0,0,,,,bz_5,"cluster_3, cluster_5"
bz_5_cluster_5_1mer-bz_5_cluster_3_1mer,seed-9_sample-0,0,,,,bz_5,"cluster_3, cluster_5"
bz_5_cluster_5_1mer-bz_5_cluster_3_1mer,seed-4_sample-0,0,,,,bz_5,"cluster_3, cluster_5"
bz_5_cluster_5_1mer-bz_5_cluster_3_1mer,seed-2_sample-0,0,,,,bz_5,"cluster_3, cluster_5"
bz_5_cluster_5_1mer-bz_5_cluster_3_1mer,seed-5_sample-0,0,,,,bz_5,"cluster_3, cluster_5"
bz_5_cluster_5_1mer-bz_5_cluster_3_1mer,seed-6_sample-0,0,,,,bz_5,"cluster_3, cluster_5"
bz_5_cluster_5_1mer-bz_5_cluster_3_1mer,seed-3_sample-0,0,,,,bz_5,"cluster_3, cluster_5"
bz_5_cluster_5_1mer-bz_5_cluster_3_1mer,seed-1_sample-0,0,,,,bz_5,"cluster_3, cluster_5"
bz_5_cluster_5_1mer-bz_5_cluster_3_1mer,seed-7_sample-0,0,,,,bz_5,"cluster_3, cluster_5"
bz_5_cluster_5_1mer-bz_5_cluster_2_1mer,seed-8_sample-0,0,,,,bz_5,"cluster_2, cluster_5"
bz_5_cluster_5_1mer-bz_5_cluster_2_1mer,seed-10_sample-0,0,,,,bz_5,"cluster_2, cluster_5"
bz_5_cluster_5_1mer-bz_5_cluster_2_1mer,seed-9_sample-0,0,,,,bz_5,"cluster_2, cluster_5"
bz_5_cluster_5_1mer-bz_5_cluster_2_1mer,seed-4_sample-0,0,,,,bz_5,"cluster_2, cluster_5"
bz_5_cluster_5_1mer-bz_5_cluster_2_1mer,seed-2_sample-0,0,,,,bz_5,"cluster_2, cluster_5"
bz_5_cluster_5_1mer-bz_5_cluster_2_1mer,seed-5_sample-0,0,,,,bz_5,"cluster_2, cluster_5"
bz_5_cluster_5_1mer-bz_5_cluster_2_1mer,seed-6_sample-0,0,,,,bz_5,"cluster_2, cluster_5"
bz_5_cluster_5_1mer-bz_5_cluster_2_1mer,seed-3_sample-0,0,,,,bz_5,"cluster_2, cluster_5"
bz_5_cluster_5_1mer-bz_5_cluster_2_1mer,seed-1_sample-0,0,,,,bz_5,"cluster_2, cluster_5"
bz_5_cluster_5_1mer-bz_5_cluster_2_1mer,seed-7_sample-0,0,,,,bz_5,"cluster_2, cluster_5"
bz_5_cluster_6_1mer-bz_5_cluster_1_1mer,seed-8_sample-0,0,,,,bz_5,"cluster_1, cluster_6"
bz_5_cluster_6_1mer-bz_5_cluster_1_1mer,seed-10_sample-0,0,,,,bz_5,"cluster_1, cluster_6"
bz_5_cluster_6_1mer-bz_5_cluster_1_1mer,seed-9_sample-0,0,,,,bz_5,"cluster_1, cluster_6"
bz_5_cluster_6_1mer-bz_5_cluster_1_1mer,seed-4_sample-0,0,,,,bz_5,"cluster_1, cluster_6"
bz_5_cluster_6_1mer-bz_5_cluster_1_1mer,seed-2_sample-0,0,,,,bz_5,"cluster_1, cluster_6"
bz_5_cluster_6_1mer-bz_5_cluster_1_1mer,seed-5_sample-0,0,,,,bz_5,"cluster_1, cluster_6"
bz_5_cluster_6_1mer-bz_5_cluster_1_1mer,seed-6_sample-0,0,,,,bz_5,"cluster_1, cluster_6"
bz_5_cluster_6_1mer-bz_5_cluster_1_1mer,seed-3_sample-0,0,,,,bz_5,"cluster_1, cluster_6"
bz_5_cluster_6_1mer-bz_5_cluster_1_1mer,seed-1_sample-0,0,,,,bz_5,"cluster_1, cluster_6"
bz_5_cluster_6_1mer-bz_5_cluster_1_1mer,seed-7_sample-0,0,,,,bz_5,"cluster_1, cluster_6"
bz_5_cluster_6_1mer-bz_5_cluster_3_1mer,seed-8_sample-0,0,,,,bz_5,"cluster_3, cluster_6"
bz_5_cluster_6_1mer-bz_5_cluster_3_1mer,seed-10_sample-0,0,,,,bz_5,"cluster_3, cluster_6"
bz_5_cluster_6_1mer-bz_5_cluster_3_1mer,seed-9_sample-0,0,,,,bz_5,"cluster_3, cluster_6"
bz_5_cluster_6_1mer-bz_5_cluster_3_1mer,seed-4_sample-0,0,,,,bz_5,"cluster_3, cluster_6"
bz_5_cluster_6_1mer-bz_5_cluster_3_1mer,seed-2_sample-0,0,,,,bz_5,"cluster_3, cluster_6"
bz_5_cluster_6_1mer-bz_5_cluster_3_1mer,seed-5_sample-0,0,,,,bz_5,"cluster_3, cluster_6"
bz_5_cluster_6_1mer-bz_5_cluster_3_1mer,seed-6_sample-0,0,,,,bz_5,"cluster_3, cluster_6"
bz_5_cluster_6_1mer-bz_5_cluster_3_1mer,seed-3_sample-0,0,,,,bz_5,"cluster_3, cluster_6"
bz_5_cluster_6_1mer-bz_5_cluster_3_1mer,seed-1_sample-0,0,,,,bz_5,"cluster_3, cluster_6"
bz_5_cluster_6_1mer-bz_5_cluster_3_1mer,seed-7_sample-0,0,,,,bz_5,"cluster_3, cluster_6"
bz_5_cluster_6_1mer-bz_5_cluster_2_1mer,seed-8_sample-0,0,,,,bz_5,"cluster_2, cluster_6"
bz_5_cluster_6_1mer-bz_5_cluster_2_1mer,seed-10_sample-0,0,,,,bz_5,"cluster_2, cluster_6"
bz_5_cluster_6_1mer-bz_5_cluster_2_1mer,seed-9_sample-0,22,0.52,0.5718181818181818,"[0.58, 0.53, 0.6, 0.56, 0.59, 0.59, 0.52, 0.52, 0.62, 0.62, 0.56, 0.52, 0.62, 0.62, 0.56, 0.6, 0.52, 0.53, 0.58, 0.56, 0.59, 0.59]",bz_5,"cluster_2, cluster_6"
bz_5_cluster_6_1mer-bz_5_cluster_2_1mer,seed-4_sample-0,0,,,,bz_5,"cluster_2, cluster_6"
bz_5_cluster_6_1mer-bz_5_cluster_2_1mer,seed-2_sample-0,0,,,,bz_5,"cluster_2, cluster_6"
bz_5_cluster_6_1mer-bz_5_cluster_2_1mer,seed-5_sample-0,0,,,,bz_5,"cluster_2, cluster_6"
bz_5_cluster_6_1mer-bz_5_cluster_2_1mer,seed-6_sample-0,22,0.52,0.5709090909090909,"[0.58, 0.52, 0.6, 0.55, 0.58, 0.6, 0.52, 0.53, 0.63, 0.61, 0.56, 0.52, 0.63, 0.61, 0.56, 0.53, 0.6, 0.52, 0.58, 0.55, 0.58, 0.6]",bz_5,"cluster_2, cluster_6"
bz_5_cluster_6_1mer-bz_5_cluster_2_1mer,seed-3_sample-0,0,,,,bz_5,"cluster_2, cluster_6"
bz_5_cluster_6_1mer-bz_5_cluster_2_1mer,seed-1_sample-0,0,,,,bz_5,"cluster_2, cluster_6"
bz_5_cluster_6_1mer-bz_5_cluster_2_1mer,seed-7_sample-0,0,,,,bz_5,"cluster_2, cluster_6"
bz_5_cluster_1_1mer-bz_5_cluster_3_1mer,seed-8_sample-0,52,0.59,0.7707692307692308,"[0.6, 0.75, 0.83, 0.79, 0.78, 0.66, 0.59, 0.87, 0.62, 0.81, 0.9, 0.72, 0.83, 0.84, 0.88, 0.9, 0.82, 0.84, 0.76, 0.89, 0.83, 0.71, 0.83, 0.59, 0.62, 0.78, 0.89, 0.62, 0.83, 0.71, 0.84, 0.66, 0.62, 0.83, 0.81, 0.6, 0.75, 0.79, 0.59, 0.78, 0.88, 0.83, 0.9, 0.9, 0.59, 0.78, 0.82, 0.72, 0.87, 0.83, 0.84, 0.76]",bz_5,"cluster_1, cluster_3"
bz_5_cluster_1_1mer-bz_5_cluster_3_1mer,seed-10_sample-0,52,0.58,0.7611538461538463,"[0.59, 0.74, 0.82, 0.78, 0.78, 0.63, 0.6, 0.87, 0.59, 0.81, 0.89, 0.71, 0.81, 0.83, 0.88, 0.9, 0.81, 0.84, 0.75, 0.88, 0.82, 0.68, 0.83, 0.58, 0.6, 0.77, 0.88, 0.6, 0.82, 0.68, 0.83, 0.63, 0.59, 0.82, 0.81, 0.59, 0.74, 0.78, 0.6, 0.78, 0.88, 0.83, 0.89, 0.9, 0.58, 0.77, 0.81, 0.71, 0.87, 0.81, 0.84, 0.75]",bz_5,"cluster_1, cluster_3"
bz_5_cluster_1_1mer-bz_5_cluster_3_1mer,seed-9_sample-0,52,0.59,0.7723076923076923,"[0.59, 0.75, 0.83, 0.79, 0.79, 0.66, 0.6, 0.87, 0.62, 0.82, 0.9, 0.72, 0.83, 0.84, 0.88, 0.9, 0.82, 0.85, 0.76, 0.89, 0.83, 0.73, 0.83, 0.59, 0.61, 0.78, 0.89, 0.61, 0.83, 0.73, 0.84, 0.66, 0.62, 0.83, 0.82, 0.59, 0.75, 0.79, 0.6, 0.79, 0.88, 0.83, 0.9, 0.9, 0.59, 0.78, 0.82, 0.72, 0.87, 0.83, 0.85, 0.76]",bz_5,"cluster_1, cluster_3"
bz_5_cluster_1_1mer-bz_5_cluster_3_1mer,seed-4_sample-0,52,0.58,0.763846153846154,"[0.59, 0.75, 0.82, 0.78, 0.78, 0.64, 0.6, 0.87, 0.58, 0.81, 0.9, 0.73, 0.83, 0.83, 0.88, 0.89, 0.82, 0.84, 0.75, 0.89, 0.82, 0.68, 0.83, 0.58, 0.6, 0.77, 0.89, 0.6, 0.82, 0.68, 0.83, 0.64, 0.58, 0.82, 0.81, 0.59, 0.75, 0.78, 0.6, 0.78, 0.88, 0.83, 0.9, 0.89, 0.58, 0.77, 0.82, 0.73, 0.87, 0.83, 0.84, 0.75]",bz_5,"cluster_1, cluster_3"
bz_5_cluster_1_1mer-bz_5_cluster_3_1mer,seed-2_sample-0,52,0.57,0.7746153846153846,"[0.6, 0.76, 0.83, 0.8, 0.79, 0.66, 0.6, 0.88, 0.62, 0.82, 0.9, 0.72, 0.83, 0.84, 0.89, 0.9, 0.83, 0.84, 0.76, 0.89, 0.84, 0.72, 0.84, 0.57, 0.63, 0.78, 0.89, 0.63, 0.84, 0.72, 0.84, 0.66, 0.62, 0.83, 0.82, 0.6, 0.76, 0.8, 0.6, 0.79, 0.89, 0.84, 0.9, 0.9, 0.57, 0.78, 0.83, 0.72, 0.88, 0.83, 0.84, 0.76]",bz_5,"cluster_1, cluster_3"
bz_5_cluster_1_1mer-bz_5_cluster_3_1mer,seed-5_sample-0,52,0.58,0.7723076923076923,"[0.6, 0.77, 0.82, 0.79, 0.79, 0.66, 0.61, 0.87, 0.59, 0.82, 0.9, 0.73, 0.83, 0.84, 0.89, 0.9, 0.83, 0.85, 0.76, 0.89, 0.83, 0.7, 0.84, 0.58, 0.61, 0.78, 0.89, 0.61, 0.83, 0.7, 0.84, 0.66, 0.59, 0.82, 0.82, 0.6, 0.77, 0.79, 0.61, 0.79, 0.89, 0.84, 0.9, 0.9, 0.58, 0.78, 0.83, 0.73, 0.87, 0.83, 0.85, 0.76]",bz_5,"cluster_1, cluster_3"
bz_5_cluster_1_1mer-bz_5_cluster_3_1mer,seed-6_sample-0,52,0.59,0.7773076923076925,"[0.6, 0.76, 0.84, 0.8, 0.79, 0.66, 0.59, 0.88, 0.63, 0.82, 0.9, 0.72, 0.84, 0.85, 0.89, 0.9, 0.83, 0.85, 0.76, 0.9, 0.84, 0.73, 0.84, 0.59, 0.62, 0.78, 0.9, 0.62, 0.84, 0.73, 0.85, 0.66, 0.63, 0.84, 0.82, 0.6, 0.76, 0.8, 0.59, 0.79, 0.89, 0.84, 0.9, 0.9, 0.59, 0.78, 0.83, 0.72, 0.88, 0.84, 0.85, 0.76]",bz_5,"cluster_1, cluster_3"
bz_5_cluster_1_1mer-bz_5_cluster_3_1mer,seed-3_sample-0,52,0.58,0.7703846153846154,"[0.6, 0.75, 0.83, 0.79, 0.78, 0.66, 0.58, 0.88, 0.61, 0.82, 0.9, 0.71, 0.83, 0.84, 0.88, 0.9, 0.82, 0.85, 0.75, 0.89, 0.83, 0.71, 0.83, 0.59, 0.62, 0.78, 0.89, 0.62, 0.83, 0.71, 0.84, 0.66, 0.61, 0.83, 0.82, 0.6, 0.75, 0.79, 0.58, 0.78, 0.88, 0.83, 0.9, 0.9, 0.59, 0.78, 0.82, 0.71, 0.88, 0.83, 0.85, 0.75]",bz_5,"cluster_1, cluster_3"
bz_5_cluster_1_1mer-bz_5_cluster_3_1mer,seed-1_sample-0,52,0.58,0.7742307692307695,"[0.6, 0.76, 0.83, 0.79, 0.79, 0.66, 0.59, 0.88, 0.62, 0.82, 0.9, 0.72, 0.83, 0.85, 0.89, 0.9, 0.83, 0.85, 0.77, 0.9, 0.83, 0.71, 0.83, 0.58, 0.62, 0.78, 0.9, 0.62, 0.83, 0.71, 0.85, 0.66, 0.62, 0.83, 0.82, 0.6, 0.76, 0.79, 0.59, 0.79, 0.89, 0.83, 0.9, 0.9, 0.58, 0.78, 0.83, 0.72, 0.88, 0.83, 0.85, 0.77]",bz_5,"cluster_1, cluster_3"
bz_5_cluster_1_1mer-bz_5_cluster_3_1mer,seed-7_sample-0,52,0.57,0.7607692307692306,"[0.59, 0.75, 0.82, 0.78, 0.77, 0.65, 0.6, 0.87, 0.6, 0.81, 0.89, 0.71, 0.82, 0.83, 0.88, 0.89, 0.81, 0.83, 0.74, 0.88, 0.82, 0.68, 0.82, 0.57, 0.6, 0.77, 0.88, 0.6, 0.82, 0.68, 0.83, 0.65, 0.6, 0.82, 0.81, 0.59, 0.75, 0.78, 0.6, 0.77, 0.88, 0.82, 0.89, 0.89, 0.57, 0.77, 0.81, 0.71, 0.87, 0.82, 0.83, 0.74]",bz_5,"cluster_1, cluster_3"
bz_5_cluster_1_1mer-bz_5_cluster_2_1mer,seed-8_sample-0,0,,,,bz_5,"cluster_1, cluster_2"
bz_5_cluster_1_1mer-bz_5_cluster_2_1mer,seed-10_sample-0,0,,,,bz_5,"cluster_1, cluster_2"
bz_5_cluster_1_1mer-bz_5_cluster_2_1mer,seed-9_sample-0,0,,,,bz_5,"cluster_1, cluster_2"
bz_5_cluster_1_1mer-bz_5_cluster_2_1mer,seed-4_sample-0,0,,,,bz_5,"cluster_1, cluster_2"
bz_5_cluster_1_1mer-bz_5_cluster_2_1mer,seed-2_sample-0,0,,,,bz_5,"cluster_1, cluster_2"
bz_5_cluster_1_1mer-bz_5_cluster_2_1mer,seed-5_sample-0,0,,,,bz_5,"cluster_1, cluster_2"
bz_5_cluster_1_1mer-bz_5_cluster_2_1mer,seed-6_sample-0,0,,,,bz_5,"cluster_1, cluster_2"
bz_5_cluster_1_1mer-bz_5_cluster_2_1mer,seed-3_sample-0,0,,,,bz_5,"cluster_1, cluster_2"
bz_5_cluster_1_1mer-bz_5_cluster_2_1mer,seed-1_sample-0,0,,,,bz_5,"cluster_1, cluster_2"
bz_5_cluster_1_1mer-bz_5_cluster_2_1mer,seed-7_sample-0,0,,,,bz_5,"cluster_1, cluster_2"
bz_5_cluster_3_1mer-bz_5_cluster_2_1mer,seed-8_sample-0,0,,,,bz_5,"cluster_2, cluster_3"
bz_5_cluster_3_1mer-bz_5_cluster_2_1mer,seed-10_sample-0,0,,,,bz_5,"cluster_2, cluster_3"
bz_5_cluster_3_1mer-bz_5_cluster_2_1mer,seed-9_sample-0,0,,,,bz_5,"cluster_2, cluster_3"
bz_5_cluster_3_1mer-bz_5_cluster_2_1mer,seed-4_sample-0,0,,,,bz_5,"cluster_2, cluster_3"
bz_5_cluster_3_1mer-bz_5_cluster_2_1mer,seed-2_sample-0,0,,,,bz_5,"cluster_2, cluster_3"
bz_5_cluster_3_1mer-bz_5_cluster_2_1mer,seed-5_sample-0,0,,,,bz_5,"cluster_2, cluster_3"
bz_5_cluster_3_1mer-bz_5_cluster_2_1mer,seed-6_sample-0,0,,,,bz_5,"cluster_2, cluster_3"
bz_5_cluster_3_1mer-bz_5_cluster_2_1mer,seed-3_sample-0,0,,,,bz_5,"cluster_2, cluster_3"
bz_5_cluster_3_1mer-bz_5_cluster_2_1mer,seed-1_sample-0,0,,,,bz_5,"cluster_2, cluster_3"
bz_5_cluster_3_1mer-bz_5_cluster_2_1mer,seed-7_sample-0,0,,,,bz_5,"cluster_2, cluster_3"
bz_5_cluster_7_1mer-bz_5_cluster_7_1mer,seed-8_sample-0,0,,,,bz_5,"cluster_7, cluster_7"
bz_5_cluster_7_1mer-bz_5_cluster_7_1mer,seed-10_sample-0,0,,,,bz_5,"cluster_7, cluster_7"
bz_5_cluster_7_1mer-bz_5_cluster_7_1mer,seed-9_sample-0,0,,,,bz_5,"cluster_7, cluster_7"
bz_5_cluster_7_1mer-bz_5_cluster_7_1mer,seed-4_sample-0,0,,,,bz_5,"cluster_7, cluster_7"
bz_5_cluster_7_1mer-bz_5_cluster_7_1mer,seed-2_sample-0,0,,,,bz_5,"cluster_7, cluster_7"
bz_5_cluster_7_1mer-bz_5_cluster_7_1mer,seed-5_sample-0,0,,,,bz_5,"cluster_7, cluster_7"
bz_5_cluster_7_1mer-bz_5_cluster_7_1mer,seed-6_sample-0,0,,,,bz_5,"cluster_7, cluster_7"
bz_5_cluster_7_1mer-bz_5_cluster_7_1mer,seed-3_sample-0,0,,,,bz_5,"cluster_7, cluster_7"
bz_5_cluster_7_1mer-bz_5_cluster_7_1mer,seed-1_sample-0,0,,,,bz_5,"cluster_7, cluster_7"
bz_5_cluster_7_1mer-bz_5_cluster_7_1mer,seed-7_sample-0,0,,,,bz_5,"cluster_7, cluster_7"
bz_5_cluster_0_1mer-bz_5_cluster_0_1mer,seed-8_sample-0,10,0.53,0.56,"[0.57, 0.57, 0.56, 0.57, 0.53, 0.56, 0.57, 0.57, 0.57, 0.53]",bz_5,"cluster_0, cluster_0"
bz_5_cluster_0_1mer-bz_5_cluster_0_1mer,seed-10_sample-0,0,,,,bz_5,"cluster_0, cluster_0"
bz_5_cluster_0_1mer-bz_5_cluster_0_1mer,seed-9_sample-0,0,,,,bz_5,"cluster_0, cluster_0"
bz_5_cluster_0_1mer-bz_5_cluster_0_1mer,seed-4_sample-0,0,,,,bz_5,"cluster_0, cluster_0"
bz_5_cluster_0_1mer-bz_5_cluster_0_1mer,seed-2_sample-0,0,,,,bz_5,"cluster_0, cluster_0"
bz_5_cluster_0_1mer-bz_5_cluster_0_1mer,seed-5_sample-0,0,,,,bz_5,"cluster_0, cluster_0"
bz_5_cluster_0_1mer-bz_5_cluster_0_1mer,seed-6_sample-0,0,,,,bz_5,"cluster_0, cluster_0"
bz_5_cluster_0_1mer-bz_5_cluster_0_1mer,seed-3_sample-0,24,0.51,0.5641666666666667,"[0.51, 0.63, 0.51, 0.56, 0.53, 0.62, 0.57, 0.51, 0.53, 0.63, 0.63, 0.54, 0.51, 0.63, 0.51, 0.57, 0.53, 0.63, 0.56, 0.51, 0.53, 0.63, 0.62, 0.54]",bz_5,"cluster_0, cluster_0"
bz_5_cluster_0_1mer-bz_5_cluster_0_1mer,seed-1_sample-0,42,0.56,0.660952380952381,"[0.62, 0.63, 0.72, 0.64, 0.69, 0.68, 0.74, 0.67, 0.69, 0.65, 0.62, 0.67, 0.62, 0.72, 0.74, 0.61, 0.57, 0.68, 0.74, 0.62, 0.56, 0.62, 0.62, 0.72, 0.64, 0.69, 0.67, 0.74, 0.68, 0.69, 0.65, 0.63, 0.68, 0.62, 0.72, 0.74, 0.62, 0.56, 0.67, 0.74, 0.61, 0.57]",bz_5,"cluster_0, cluster_0"
bz_5_cluster_0_1mer-bz_5_cluster_0_1mer,seed-7_sample-0,0,,,,bz_5,"cluster_0, cluster_0"
bz_5_cluster_4_1mer-bz_5_cluster_4_1mer,seed-8_sample-0,4,0.55,0.555,"[0.55, 0.56, 0.56, 0.55]",bz_5,"cluster_4, cluster_4"
bz_5_cluster_4_1mer-bz_5_cluster_4_1mer,seed-10_sample-0,0,,,,bz_5,"cluster_4, cluster_4"
bz_5_cluster_4_1mer-bz_5_cluster_4_1mer,seed-9_sample-0,4,0.57,0.57,"[0.57, 0.57, 0.57, 0.57]",bz_5,"cluster_4, cluster_4"
bz_5_cluster_4_1mer-bz_5_cluster_4_1mer,seed-4_sample-0,4,0.58,0.58,"[0.58, 0.58, 0.58, 0.58]",bz_5,"cluster_4, cluster_4"
bz_5_cluster_4_1mer-bz_5_cluster_4_1mer,seed-2_sample-0,4,0.58,0.58,"[0.58, 0.58, 0.58, 0.58]",bz_5,"cluster_4, cluster_4"
bz_5_cluster_4_1mer-bz_5_cluster_4_1mer,seed-5_sample-0,4,0.54,0.54,"[0.54, 0.54, 0.54, 0.54]",bz_5,"cluster_4, cluster_4"
bz_5_cluster_4_1mer-bz_5_cluster_4_1mer,seed-6_sample-0,0,,,,bz_5,"cluster_4, cluster_4"
bz_5_cluster_4_1mer-bz_5_cluster_4_1mer,seed-3_sample-0,34,0.51,0.5594117647058825,"[0.58, 0.52, 0.55, 0.69, 0.53, 0.55, 0.54, 0.51, 0.52, 0.55, 0.59, 0.55, 0.69, 0.55, 0.55, 0.53, 0.51, 0.59, 0.52, 0.55, 0.69, 0.53, 0.55, 0.55, 0.51, 0.52, 0.55, 0.58, 0.55, 0.69, 0.55, 0.54, 0.53, 0.51]",bz_5,"cluster_4, cluster_4"
bz_5_cluster_4_1mer-bz_5_cluster_4_1mer,seed-1_sample-0,0,,,,bz_5,"cluster_4, cluster_4"
bz_5_cluster_4_1mer-bz_5_cluster_4_1mer,seed-7_sample-0,36,0.51,0.5577777777777777,"[0.58, 0.51, 0.55, 0.69, 0.54, 0.55, 0.51, 0.56, 0.51, 0.52, 0.55, 0.57, 0.54, 0.7, 0.54, 0.56, 0.54, 0.52, 0.57, 0.52, 0.54, 0.7, 0.54, 0.55, 0.56, 0.52, 0.51, 0.55, 0.58, 0.55, 0.69, 0.51, 0.54, 0.56, 0.54, 0.51]",bz_5,"cluster_4, cluster_4"
bz_5_cluster_5_1mer-bz_5_cluster_5_1mer,seed-8_sample-0,70,0.51,0.5814285714285714,"[0.52, 0.58, 0.51, 0.55, 0.59, 0.64, 0.61, 0.56, 0.69, 0.62, 0.54, 0.53, 0.66, 0.54, 0.57, 0.66, 0.53, 0.53, 0.51, 0.51, 0.57, 0.54, 0.59, 0.59, 0.54, 0.64, 0.56, 0.68, 0.53, 0.68, 0.65, 0.61, 0.55, 0.57, 0.6, 0.51, 0.57, 0.51, 0.54, 0.59, 0.64, 0.59, 0.56, 0.68, 0.61, 0.54, 0.53, 0.65, 0.55, 0.57, 0.66, 0.53, 0.53, 0.52, 0.51, 0.58, 0.55, 0.59, 0.61, 0.54, 0.64, 0.56, 0.69, 0.53, 0.68, 0.66, 0.62, 0.54, 0.57, 0.6]",bz_5,"cluster_5, cluster_5"
bz_5_cluster_5_1mer-bz_5_cluster_5_1mer,seed-10_sample-0,70,0.51,0.5802857142857143,"[0.53, 0.57, 0.52, 0.55, 0.59, 0.65, 0.6, 0.56, 0.69, 0.61, 0.54, 0.53, 0.65, 0.54, 0.57, 0.65, 0.53, 0.53, 0.51, 0.51, 0.57, 0.54, 0.59, 0.59, 0.54, 0.64, 0.56, 0.68, 0.53, 0.68, 0.65, 0.61, 0.54, 0.57, 0.59, 0.51, 0.57, 0.51, 0.54, 0.59, 0.64, 0.59, 0.56, 0.68, 0.61, 0.54, 0.53, 0.65, 0.54, 0.57, 0.65, 0.53, 0.53, 0.53, 0.52, 0.57, 0.55, 0.59, 0.6, 0.54, 0.65, 0.56, 0.69, 0.53, 0.68, 0.65, 0.61, 0.54, 0.57, 0.59]",bz_5,"cluster_5, cluster_5"
bz_5_cluster_5_1mer-bz_5_cluster_5_1mer,seed-9_sample-0,70,0.51,0.5820000000000001,"[0.52, 0.57, 0.51, 0.56, 0.59, 0.65, 0.61, 0.57, 0.69, 0.62, 0.54, 0.53, 0.65, 0.54, 0.57, 0.65, 0.53, 0.53, 0.52, 0.51, 0.57, 0.54, 0.59, 0.59, 0.54, 0.64, 0.56, 0.69, 0.53, 0.69, 0.65, 0.62, 0.54, 0.56, 0.6, 0.52, 0.57, 0.51, 0.54, 0.59, 0.64, 0.59, 0.56, 0.69, 0.62, 0.54, 0.53, 0.65, 0.54, 0.56, 0.65, 0.53, 0.53, 0.52, 0.51, 0.57, 0.56, 0.59, 0.61, 0.54, 0.65, 0.57, 0.69, 0.53, 0.69, 0.65, 0.62, 0.54, 0.57, 0.6]",bz_5,"cluster_5, cluster_5"
bz_5_cluster_5_1mer-bz_5_cluster_5_1mer,seed-4_sample-0,70,0.52,0.586,"[0.54, 0.58, 0.52, 0.56, 0.59, 0.65, 0.6, 0.57, 0.69, 0.61, 0.54, 0.53, 0.65, 0.55, 0.57, 0.66, 0.54, 0.53, 0.52, 0.52, 0.57, 0.55, 0.59, 0.6, 0.54, 0.65, 0.57, 0.69, 0.53, 0.69, 0.66, 0.62, 0.55, 0.57, 0.61, 0.52, 0.57, 0.52, 0.55, 0.59, 0.65, 0.6, 0.57, 0.69, 0.62, 0.54, 0.53, 0.66, 0.55, 0.57, 0.66, 0.53, 0.54, 0.54, 0.52, 0.58, 0.56, 0.59, 0.6, 0.54, 0.65, 0.57, 0.69, 0.53, 0.69, 0.65, 0.61, 0.55, 0.57, 0.61]",bz_5,"cluster_5, cluster_5"
bz_5_cluster_5_1mer-bz_5_cluster_5_1mer,seed-2_sample-0,70,0.51,0.5814285714285715,"[0.53, 0.57, 0.52, 0.55, 0.6, 0.65, 0.6, 0.57, 0.69, 0.61, 0.54, 0.53, 0.66, 0.53, 0.57, 0.64, 0.53, 0.52, 0.52, 0.51, 0.57, 0.54, 0.6, 0.59, 0.54, 0.64, 0.56, 0.68, 0.53, 0.68, 0.66, 0.61, 0.55, 0.57, 0.59, 0.52, 0.57, 0.51, 0.54, 0.6, 0.64, 0.59, 0.56, 0.68, 0.61, 0.54, 0.53, 0.66, 0.55, 0.57, 0.64, 0.52, 0.53, 0.53, 0.52, 0.57, 0.55, 0.6, 0.6, 0.54, 0.65, 0.57, 0.69, 0.53, 0.68, 0.66, 0.61, 0.53, 0.57, 0.59]",bz_5,"cluster_5, cluster_5"
bz_5_cluster_5_1mer-bz_5_cluster_5_1mer,seed-5_sample-0,70,0.52,0.5862857142857143,"[0.53, 0.58, 0.52, 0.56, 0.59, 0.65, 0.61, 0.57, 0.69, 0.62, 0.54, 0.53, 0.66, 0.54, 0.57, 0.68, 0.53, 0.53, 0.53, 0.52, 0.59, 0.55, 0.58, 0.6, 0.54, 0.64, 0.57, 0.69, 0.53, 0.68, 0.66, 0.61, 0.55, 0.58, 0.6, 0.53, 0.59, 0.52, 0.55, 0.58, 0.64, 0.6, 0.57, 0.69, 0.61, 0.54, 0.53, 0.66, 0.55, 0.58, 0.68, 0.53, 0.53, 0.53, 0.52, 0.58, 0.56, 0.59, 0.61, 0.54, 0.65, 0.57, 0.69, 0.53, 0.68, 0.66, 0.62, 0.54, 0.57, 0.6]",bz_5,"cluster_5, cluster_5"
bz_5_cluster_5_1mer-bz_5_cluster_5_1mer,seed-6_sample-0,72,0.51,0.5866666666666666,"[0.54, 0.59, 0.51, 0.56, 0.6, 0.65, 0.61, 0.57, 0.69, 0.62, 0.55, 0.54, 0.67, 0.54, 0.58, 0.65, 0.53, 0.53, 0.53, 0.52, 0.58, 0.55, 0.59, 0.6, 0.54, 0.65, 0.57, 0.69, 0.54, 0.69, 0.67, 0.62, 0.55, 0.58, 0.61, 0.51, 0.53, 0.58, 0.52, 0.55, 0.59, 0.65, 0.6, 0.57, 0.69, 0.62, 0.54, 0.54, 0.67, 0.55, 0.58, 0.51, 0.65, 0.53, 0.53, 0.54, 0.51, 0.59, 0.56, 0.6, 0.61, 0.55, 0.65, 0.57, 0.69, 0.54, 0.69, 0.67, 0.62, 0.54, 0.58, 0.61]",bz_5,"cluster_5, cluster_5"
bz_5_cluster_5_1mer-bz_5_cluster_5_1mer,seed-3_sample-0,68,0.51,0.5820588235294119,"[0.53, 0.57, 0.52, 0.55, 0.59, 0.64, 0.6, 0.56, 0.69, 0.61, 0.54, 0.52, 0.65, 0.53, 0.57, 0.66, 0.53, 0.53, 0.51, 0.57, 0.54, 0.58, 0.6, 0.54, 0.64, 0.56, 0.69, 0.52, 0.68, 0.65, 0.61, 0.54, 0.57, 0.6, 0.51, 0.57, 0.54, 0.58, 0.64, 0.6, 0.56, 0.69, 0.61, 0.54, 0.52, 0.65, 0.54, 0.57, 0.66, 0.53, 0.53, 0.53, 0.52, 0.57, 0.55, 0.59, 0.6, 0.54, 0.64, 0.56, 0.69, 0.52, 0.68, 0.65, 0.61, 0.53, 0.57, 0.6]",bz_5,"cluster_5, cluster_5"
bz_5_cluster_5_1mer-bz_5_cluster_5_1mer,seed-1_sample-0,78,0.51,0.5974358974358974,"[0.53, 0.59, 0.54, 0.58, 0.61, 0.67, 0.52, 0.63, 0.6, 0.72, 0.64, 0.57, 0.56, 0.69, 0.57, 0.59, 0.51, 0.66, 0.53, 0.52, 0.53, 0.54, 0.6, 0.57, 0.62, 0.52, 0.63, 0.57, 0.67, 0.59, 0.71, 0.57, 0.7, 0.69, 0.64, 0.57, 0.59, 0.63, 0.53, 0.53, 0.6, 0.54, 0.57, 0.62, 0.67, 0.52, 0.63, 0.59, 0.71, 0.64, 0.57, 0.57, 0.69, 0.57, 0.59, 0.53, 0.66, 0.52, 0.53, 0.53, 0.54, 0.59, 0.58, 0.61, 0.52, 0.63, 0.57, 0.67, 0.6, 0.72, 0.56, 0.7, 0.69, 0.64, 0.57, 0.59, 0.63, 0.51]",bz_5,"cluster_5, cluster_5"
bz_5_cluster_5_1mer-bz_5_cluster_5_1mer,seed-7_sample-0,68,0.51,0.5805882352941176,"[0.52, 0.58, 0.51, 0.55, 0.58, 0.64, 0.6, 0.56, 0.68, 0.62, 0.54, 0.53, 0.65, 0.53, 0.56, 0.64, 0.53, 0.53, 0.51, 0.57, 0.54, 0.58, 0.59, 0.54, 0.65, 0.56, 0.68, 0.53, 0.68, 0.65, 0.61, 0.54, 0.57, 0.59, 0.51, 0.57, 0.54, 0.58, 0.65, 0.59, 0.56, 0.68, 0.61, 0.54, 0.53, 0.65, 0.54, 0.57, 0.64, 0.53, 0.53, 0.52, 0.51, 0.58, 0.55, 0.58, 0.6, 0.54, 0.64, 0.56, 0.68, 0.53, 0.68, 0.65, 0.62, 0.53, 0.56, 0.59]",bz_5,"cluster_5, cluster_5"
bz_5_cluster_6_1mer-bz_5_cluster_6_1mer,seed-8_sample-0,192,0.51,0.7052083333333332,"[0.73, 0.72, 0.78, 0.78, 0.67, 0.63, 0.65, 0.52, 0.88, 0.73, 0.64, 0.82, 0.84, 0.83, 0.81, 0.8, 0.84, 0.82, 0.83, 0.8, 0.82, 0.72, 0.77, 0.77, 0.52, 0.74, 0.77, 0.87, 0.82, 0.82, 0.74, 0.84, 0.8, 0.85, 0.81, 0.82, 0.8, 0.71, 0.82, 0.76, 0.76, 0.79, 0.63, 0.78, 0.71, 0.68, 0.64, 0.63, 0.55, 0.66, 0.63, 0.75, 0.55, 0.61, 0.6, 0.6, 0.53, 0.66, 0.66, 0.51, 0.59, 0.55, 0.6, 0.56, 0.78, 0.64, 0.64, 0.65, 0.67, 0.72, 0.67, 0.71, 0.63, 0.7, 0.74, 0.7, 0.75, 0.61, 0.68, 0.67, 0.6, 0.73, 0.68, 0.74, 0.7, 0.73, 0.67, 0.73, 0.73, 0.55, 0.64, 0.64, 0.67, 0.66, 0.66, 0.69, 0.74, 0.71, 0.77, 0.78, 0.68, 0.63, 0.66, 0.52, 0.87, 0.74, 0.64, 0.82, 0.84, 0.81, 0.82, 0.8, 0.85, 0.82, 0.82, 0.79, 0.8, 0.71, 0.76, 0.76, 0.52, 0.73, 0.78, 0.88, 0.82, 0.81, 0.73, 0.84, 0.8, 0.84, 0.83, 0.82, 0.82, 0.72, 0.83, 0.77, 0.77, 0.8, 0.63, 0.78, 0.72, 0.67, 0.64, 0.63, 0.55, 0.65, 0.63, 0.75, 0.55, 0.61, 0.6, 0.6, 0.53, 0.66, 0.66, 0.51, 0.6, 0.56, 0.59, 0.55, 0.78, 0.64, 0.64, 0.65, 0.67, 0.71, 0.67, 0.72, 0.63, 0.7, 0.74, 0.7, 0.75, 0.6, 0.68, 0.7, 0.61, 0.73, 0.68, 0.74, 0.67, 0.73, 0.67, 0.73, 0.73, 0.55, 0.64, 0.64, 0.67, 0.66, 0.66, 0.69]",bz_5,"cluster_6, cluster_6"
bz_5_cluster_6_1mer-bz_5_cluster_6_1mer,seed-10_sample-0,188,0.52,0.7036170212765958,"[0.72, 0.67, 0.75, 0.77, 0.66, 0.58, 0.61, 0.52, 0.86, 0.75, 0.6, 0.81, 0.83, 0.81, 0.81, 0.78, 0.83, 0.8, 0.81, 0.78, 0.8, 0.71, 0.75, 0.75, 0.52, 0.71, 0.75, 0.86, 0.81, 0.8, 0.74, 0.83, 0.77, 0.83, 0.81, 0.8, 0.8, 0.7, 0.81, 0.75, 0.75, 0.78, 0.59, 0.77, 0.68, 0.66, 0.61, 0.58, 0.62, 0.58, 0.64, 0.64, 0.61, 0.62, 0.55, 0.67, 0.68, 0.53, 0.62, 0.57, 0.62, 0.57, 0.8, 0.66, 0.68, 0.66, 0.69, 0.73, 0.69, 0.74, 0.64, 0.71, 0.73, 0.71, 0.77, 0.6, 0.69, 0.7, 0.61, 0.73, 0.69, 0.75, 0.71, 0.74, 0.7, 0.73, 0.74, 0.55, 0.65, 0.65, 0.7, 0.66, 0.65, 0.69, 0.71, 0.68, 0.75, 0.77, 0.66, 0.58, 0.62, 0.52, 0.86, 0.74, 0.61, 0.81, 0.83, 0.81, 0.8, 0.77, 0.83, 0.8, 0.81, 0.78, 0.8, 0.7, 0.75, 0.75, 0.52, 0.72, 0.75, 0.86, 0.81, 0.81, 0.75, 0.83, 0.78, 0.83, 0.81, 0.8, 0.8, 0.71, 0.81, 0.75, 0.75, 0.78, 0.58, 0.77, 0.67, 0.66, 0.6, 0.58, 0.61, 0.59, 0.64, 0.64, 0.62, 0.61, 0.55, 0.68, 0.67, 0.53, 0.62, 0.57, 0.62, 0.57, 0.8, 0.68, 0.66, 0.66, 0.69, 0.74, 0.69, 0.73, 0.64, 0.71, 0.75, 0.71, 0.77, 0.61, 0.69, 0.71, 0.6, 0.74, 0.69, 0.73, 0.7, 0.73, 0.7, 0.74, 0.73, 0.55, 0.65, 0.65, 0.7, 0.65, 0.66, 0.69]",bz_5,"cluster_6, cluster_6"
bz_5_cluster_6_1mer-bz_5_cluster_6_1mer,seed-9_sample-0,184,0.51,0.6907608695652173,"[0.72, 0.62, 0.75, 0.75, 0.61, 0.53, 0.54, 0.52, 0.86, 0.73, 0.54, 0.8, 0.83, 0.81, 0.8, 0.77, 0.83, 0.8, 0.82, 0.78, 0.8, 0.69, 0.76, 0.75, 0.51, 0.71, 0.75, 0.86, 0.81, 0.8, 0.74, 0.83, 0.78, 0.82, 0.8, 0.8, 0.79, 0.69, 0.81, 0.75, 0.76, 0.77, 0.51, 0.76, 0.61, 0.61, 0.54, 0.53, 0.55, 0.61, 0.6, 0.59, 0.55, 0.65, 0.65, 0.52, 0.59, 0.54, 0.6, 0.55, 0.78, 0.66, 0.65, 0.65, 0.66, 0.7, 0.67, 0.71, 0.62, 0.71, 0.73, 0.71, 0.76, 0.6, 0.68, 0.69, 0.6, 0.72, 0.68, 0.74, 0.7, 0.73, 0.69, 0.73, 0.73, 0.54, 0.64, 0.64, 0.69, 0.65, 0.65, 0.69, 0.71, 0.61, 0.75, 0.76, 0.61, 0.53, 0.55, 0.51, 0.86, 0.74, 0.54, 0.81, 0.83, 0.8, 0.8, 0.78, 0.82, 0.8, 0.81, 0.77, 0.79, 0.69, 0.75, 0.76, 0.52, 0.72, 0.75, 0.86, 0.8, 0.8, 0.73, 0.83, 0.77, 0.83, 0.81, 0.8, 0.8, 0.69, 0.82, 0.76, 0.75, 0.78, 0.75, 0.62, 0.61, 0.54, 0.53, 0.54, 0.51, 0.61, 0.59, 0.6, 0.55, 0.65, 0.65, 0.52, 0.6, 0.55, 0.59, 0.54, 0.78, 0.65, 0.66, 0.65, 0.67, 0.71, 0.66, 0.7, 0.62, 0.71, 0.74, 0.71, 0.76, 0.6, 0.68, 0.7, 0.6, 0.73, 0.68, 0.73, 0.69, 0.72, 0.69, 0.73, 0.73, 0.54, 0.64, 0.64, 0.69, 0.65, 0.65, 0.69]",bz_5,"cluster_6, cluster_6"
bz_5_cluster_6_1mer-bz_5_cluster_6_1mer,seed-4_sample-0,186,0.51,0.691505376344086,"[0.69, 0.64, 0.74, 0.76, 0.62, 0.53, 0.54, 0.51, 0.86, 0.74, 0.55, 0.8, 0.82, 0.8, 0.8, 0.77, 0.82, 0.8, 0.81, 0.78, 0.8, 0.7, 0.76, 0.75, 0.51, 0.69, 0.74, 0.86, 0.81, 0.8, 0.74, 0.82, 0.77, 0.83, 0.79, 0.79, 0.79, 0.7, 0.81, 0.75, 0.75, 0.78, 0.51, 0.76, 0.63, 0.62, 0.55, 0.53, 0.54, 0.52, 0.63, 0.61, 0.61, 0.55, 0.67, 0.67, 0.52, 0.62, 0.56, 0.63, 0.56, 0.8, 0.66, 0.67, 0.66, 0.68, 0.71, 0.68, 0.72, 0.64, 0.72, 0.73, 0.71, 0.76, 0.6, 0.68, 0.69, 0.6, 0.73, 0.68, 0.73, 0.68, 0.73, 0.7, 0.73, 0.73, 0.53, 0.64, 0.64, 0.69, 0.65, 0.65, 0.68, 0.69, 0.63, 0.74, 0.76, 0.62, 0.53, 0.54, 0.51, 0.86, 0.74, 0.55, 0.81, 0.82, 0.79, 0.8, 0.77, 0.83, 0.79, 0.81, 0.78, 0.79, 0.7, 0.75, 0.75, 0.51, 0.69, 0.74, 0.86, 0.8, 0.8, 0.74, 0.82, 0.77, 0.82, 0.8, 0.8, 0.8, 0.7, 0.81, 0.76, 0.75, 0.78, 0.52, 0.76, 0.64, 0.62, 0.55, 0.53, 0.54, 0.51, 0.63, 0.61, 0.61, 0.55, 0.67, 0.67, 0.52, 0.63, 0.56, 0.62, 0.56, 0.8, 0.67, 0.66, 0.66, 0.68, 0.72, 0.68, 0.71, 0.64, 0.71, 0.73, 0.72, 0.76, 0.6, 0.68, 0.68, 0.6, 0.73, 0.68, 0.73, 0.69, 0.73, 0.7, 0.73, 0.73, 0.53, 0.64, 0.64, 0.69, 0.65, 0.65, 0.68]",bz_5,"cluster_6, cluster_6"
bz_5_cluster_6_1mer-bz_5_cluster_6_1mer,seed-2_sample-0,168,0.51,0.6861904761904762,"[0.68, 0.55, 0.73, 0.68, 0.55, 0.51, 0.86, 0.71, 0.78, 0.82, 0.8, 0.77, 0.77, 0.83, 0.78, 0.81, 0.76, 0.79, 0.68, 0.72, 0.76, 0.51, 0.69, 0.73, 0.86, 0.78, 0.78, 0.72, 0.82, 0.77, 0.82, 0.8, 0.78, 0.79, 0.69, 0.8, 0.72, 0.76, 0.77, 0.68, 0.55, 0.55, 0.58, 0.58, 0.58, 0.52, 0.64, 0.64, 0.55, 0.54, 0.56, 0.54, 0.77, 0.63, 0.62, 0.64, 0.66, 0.68, 0.66, 0.69, 0.59, 0.68, 0.72, 0.68, 0.73, 0.59, 0.66, 0.68, 0.6, 0.71, 0.66, 0.71, 0.68, 0.72, 0.64, 0.71, 0.7, 0.53, 0.62, 0.63, 0.65, 0.65, 0.64, 0.67, 0.69, 0.55, 0.73, 0.68, 0.55, 0.51, 0.86, 0.72, 0.78, 0.82, 0.8, 0.78, 0.77, 0.82, 0.78, 0.8, 0.77, 0.79, 0.69, 0.72, 0.76, 0.51, 0.68, 0.73, 0.86, 0.78, 0.77, 0.71, 0.82, 0.77, 0.83, 0.8, 0.78, 0.79, 0.68, 0.81, 0.72, 0.76, 0.76, 0.68, 0.55, 0.55, 0.58, 0.58, 0.58, 0.52, 0.64, 0.64, 0.56, 0.54, 0.55, 0.54, 0.77, 0.62, 0.63, 0.64, 0.66, 0.69, 0.66, 0.68, 0.59, 0.68, 0.71, 0.68, 0.73, 0.6, 0.66, 0.68, 0.59, 0.72, 0.66, 0.72, 0.68, 0.71, 0.64, 0.7, 0.71, 0.53, 0.63, 0.62, 0.65, 0.64, 0.65, 0.67]",bz_5,"cluster_6, cluster_6"
bz_5_cluster_6_1mer-bz_5_cluster_6_1mer,seed-5_sample-0,196,0.51,0.696326530612245,"[0.71, 0.68, 0.76, 0.78, 0.66, 0.61, 0.63, 0.51, 0.86, 0.73, 0.62, 0.81, 0.83, 0.81, 0.81, 0.78, 0.83, 0.79, 0.81, 0.78, 0.8, 0.7, 0.75, 0.75, 0.71, 0.76, 0.86, 0.81, 0.8, 0.74, 0.82, 0.77, 0.83, 0.81, 0.8, 0.79, 0.7, 0.81, 0.74, 0.75, 0.78, 0.61, 0.77, 0.69, 0.67, 0.63, 0.61, 0.52, 0.63, 0.61, 0.63, 0.54, 0.54, 0.51, 0.53, 0.61, 0.61, 0.62, 0.56, 0.67, 0.67, 0.53, 0.63, 0.56, 0.62, 0.56, 0.8, 0.66, 0.66, 0.65, 0.68, 0.73, 0.69, 0.73, 0.63, 0.72, 0.74, 0.72, 0.77, 0.6, 0.69, 0.7, 0.6, 0.73, 0.68, 0.75, 0.71, 0.73, 0.71, 0.73, 0.73, 0.54, 0.65, 0.64, 0.68, 0.65, 0.65, 0.68, 0.71, 0.69, 0.76, 0.77, 0.67, 0.61, 0.63, 0.86, 0.74, 0.63, 0.81, 0.82, 0.81, 0.8, 0.77, 0.83, 0.8, 0.81, 0.78, 0.79, 0.7, 0.74, 0.75, 0.51, 0.71, 0.76, 0.86, 0.81, 0.81, 0.73, 0.83, 0.78, 0.83, 0.81, 0.79, 0.8, 0.7, 0.81, 0.75, 0.75, 0.78, 0.61, 0.78, 0.68, 0.66, 0.62, 0.61, 0.53, 0.63, 0.61, 0.63, 0.54, 0.54, 0.52, 0.51, 0.61, 0.62, 0.61, 0.56, 0.67, 0.67, 0.53, 0.62, 0.56, 0.63, 0.56, 0.8, 0.66, 0.66, 0.65, 0.69, 0.73, 0.68, 0.73, 0.63, 0.72, 0.75, 0.72, 0.77, 0.6, 0.68, 0.71, 0.6, 0.73, 0.69, 0.74, 0.7, 0.73, 0.71, 0.73, 0.73, 0.54, 0.64, 0.65, 0.68, 0.65, 0.65, 0.68]",bz_5,"cluster_6, cluster_6"
bz_5_cluster_6_1mer-bz_5_cluster_6_1mer,seed-6_sample-0,188,0.51,0.700531914893617,"[0.72, 0.65, 0.75, 0.74, 0.63, 0.55, 0.61, 0.52, 0.86, 0.73, 0.58, 0.8, 0.82, 0.81, 0.8, 0.77, 0.83, 0.8, 0.81, 0.78, 0.79, 0.69, 0.75, 0.74, 0.51, 0.7, 0.76, 0.87, 0.81, 0.8, 0.72, 0.83, 0.77, 0.83, 0.81, 0.79, 0.79, 0.68, 0.81, 0.74, 0.74, 0.78, 0.58, 0.75, 0.66, 0.65, 0.59, 0.55, 0.6, 0.57, 0.61, 0.63, 0.62, 0.63, 0.57, 0.68, 0.68, 0.53, 0.62, 0.56, 0.63, 0.56, 0.81, 0.67, 0.68, 0.66, 0.7, 0.73, 0.69, 0.73, 0.63, 0.73, 0.75, 0.73, 0.78, 0.61, 0.69, 0.72, 0.61, 0.74, 0.69, 0.75, 0.71, 0.74, 0.72, 0.75, 0.75, 0.53, 0.65, 0.66, 0.71, 0.65, 0.65, 0.69, 0.7, 0.66, 0.76, 0.75, 0.65, 0.55, 0.6, 0.51, 0.87, 0.72, 0.59, 0.81, 0.83, 0.81, 0.8, 0.77, 0.83, 0.79, 0.81, 0.78, 0.79, 0.68, 0.74, 0.74, 0.52, 0.72, 0.75, 0.86, 0.8, 0.8, 0.73, 0.82, 0.77, 0.83, 0.81, 0.8, 0.79, 0.69, 0.81, 0.75, 0.74, 0.78, 0.57, 0.74, 0.65, 0.63, 0.58, 0.55, 0.61, 0.58, 0.61, 0.63, 0.63, 0.62, 0.57, 0.68, 0.68, 0.53, 0.63, 0.56, 0.62, 0.56, 0.81, 0.68, 0.67, 0.66, 0.69, 0.73, 0.7, 0.73, 0.63, 0.73, 0.75, 0.73, 0.78, 0.61, 0.69, 0.71, 0.61, 0.74, 0.69, 0.75, 0.72, 0.74, 0.72, 0.75, 0.75, 0.53, 0.66, 0.65, 0.71, 0.65, 0.65, 0.69]",bz_5,"cluster_6, cluster_6"
bz_5_cluster_6_1mer-bz_5_cluster_6_1mer,seed-3_sample-0,180,0.51,0.6993333333333334,"[0.71, 0.65, 0.75, 0.72, 0.59, 0.51, 0.55, 0.86, 0.71, 0.53, 0.79, 0.82, 0.8, 0.79, 0.76, 0.82, 0.79, 0.8, 0.76, 0.78, 0.68, 0.73, 0.74, 0.56, 0.71, 0.75, 0.86, 0.8, 0.79, 0.72, 0.82, 0.76, 0.81, 0.79, 0.78, 0.77, 0.67, 0.79, 0.73, 0.73, 0.77, 0.51, 0.72, 0.65, 0.59, 0.54, 0.51, 0.63, 0.61, 0.61, 0.54, 0.66, 0.67, 0.53, 0.62, 0.55, 0.62, 0.56, 0.81, 0.67, 0.68, 0.66, 0.69, 0.73, 0.69, 0.73, 0.66, 0.73, 0.75, 0.74, 0.78, 0.63, 0.7, 0.74, 0.62, 0.75, 0.69, 0.75, 0.73, 0.75, 0.73, 0.75, 0.75, 0.55, 0.67, 0.68, 0.72, 0.67, 0.68, 0.69, 0.71, 0.65, 0.75, 0.72, 0.59, 0.51, 0.56, 0.86, 0.72, 0.54, 0.8, 0.82, 0.79, 0.79, 0.76, 0.81, 0.78, 0.79, 0.77, 0.77, 0.67, 0.73, 0.73, 0.55, 0.71, 0.75, 0.86, 0.79, 0.79, 0.71, 0.82, 0.76, 0.82, 0.8, 0.79, 0.78, 0.68, 0.8, 0.73, 0.74, 0.76, 0.72, 0.65, 0.59, 0.53, 0.51, 0.51, 0.63, 0.61, 0.61, 0.54, 0.67, 0.66, 0.53, 0.62, 0.56, 0.62, 0.55, 0.81, 0.68, 0.67, 0.66, 0.69, 0.73, 0.69, 0.73, 0.66, 0.74, 0.75, 0.73, 0.78, 0.62, 0.69, 0.73, 0.63, 0.75, 0.7, 0.75, 0.74, 0.75, 0.73, 0.75, 0.75, 0.55, 0.68, 0.67, 0.72, 0.68, 0.67, 0.69]",bz_5,"cluster_6, cluster_6"
bz_5_cluster_6_1mer-bz_5_cluster_6_1mer,seed-1_sample-0,178,0.51,0.7348314606741574,"[0.75, 0.65, 0.56, 0.81, 0.77, 0.68, 0.89, 0.76, 0.64, 0.82, 0.84, 0.84, 0.82, 0.8, 0.84, 0.82, 0.83, 0.8, 0.82, 0.73, 0.8, 0.79, 0.74, 0.82, 0.88, 0.82, 0.82, 0.76, 0.85, 0.8, 0.84, 0.84, 0.82, 0.81, 0.73, 0.83, 0.8, 0.79, 0.79, 0.65, 0.77, 0.64, 0.57, 0.68, 0.68, 0.66, 0.66, 0.59, 0.7, 0.71, 0.57, 0.68, 0.56, 0.67, 0.56, 0.86, 0.71, 0.7, 0.69, 0.71, 0.76, 0.71, 0.76, 0.71, 0.76, 0.76, 0.76, 0.82, 0.65, 0.71, 0.74, 0.64, 0.76, 0.7, 0.77, 0.73, 0.76, 0.77, 0.76, 0.51, 0.76, 0.58, 0.69, 0.51, 0.69, 0.74, 0.68, 0.68, 0.71, 0.74, 0.65, 0.57, 0.82, 0.77, 0.68, 0.88, 0.76, 0.64, 0.82, 0.85, 0.84, 0.82, 0.8, 0.84, 0.82, 0.83, 0.79, 0.81, 0.73, 0.8, 0.79, 0.75, 0.81, 0.89, 0.82, 0.82, 0.76, 0.84, 0.8, 0.84, 0.84, 0.82, 0.82, 0.73, 0.83, 0.8, 0.79, 0.8, 0.65, 0.77, 0.64, 0.56, 0.68, 0.68, 0.66, 0.66, 0.59, 0.71, 0.7, 0.57, 0.67, 0.56, 0.68, 0.56, 0.86, 0.7, 0.71, 0.69, 0.71, 0.76, 0.71, 0.76, 0.71, 0.76, 0.77, 0.76, 0.82, 0.64, 0.7, 0.73, 0.65, 0.76, 0.71, 0.76, 0.74, 0.76, 0.77, 0.76, 0.51, 0.76, 0.58, 0.69, 0.51, 0.69, 0.74, 0.68, 0.68, 0.71]",bz_5,"cluster_6, cluster_6"
bz_5_cluster_6_1mer-bz_5_cluster_6_1mer,seed-7_sample-0,186,0.51,0.6856989247311829,"[0.71, 0.65, 0.74, 0.76, 0.63, 0.55, 0.57, 0.51, 0.86, 0.75, 0.56, 0.8, 0.83, 0.81, 0.8, 0.77, 0.83, 0.8, 0.81, 0.77, 0.8, 0.7, 0.75, 0.75, 0.51, 0.7, 0.75, 0.87, 0.81, 0.8, 0.75, 0.83, 0.77, 0.83, 0.81, 0.8, 0.79, 0.7, 0.81, 0.76, 0.76, 0.78, 0.53, 0.77, 0.66, 0.63, 0.57, 0.57, 0.58, 0.53, 0.51, 0.57, 0.58, 0.58, 0.53, 0.64, 0.64, 0.58, 0.52, 0.59, 0.53, 0.77, 0.63, 0.62, 0.63, 0.66, 0.69, 0.65, 0.7, 0.6, 0.69, 0.72, 0.68, 0.75, 0.59, 0.66, 0.68, 0.59, 0.71, 0.66, 0.72, 0.7, 0.71, 0.66, 0.72, 0.71, 0.54, 0.62, 0.62, 0.66, 0.65, 0.65, 0.68, 0.7, 0.66, 0.75, 0.77, 0.63, 0.57, 0.58, 0.51, 0.87, 0.75, 0.57, 0.81, 0.83, 0.81, 0.8, 0.77, 0.83, 0.8, 0.81, 0.78, 0.79, 0.7, 0.76, 0.76, 0.51, 0.71, 0.74, 0.86, 0.8, 0.8, 0.75, 0.83, 0.77, 0.83, 0.81, 0.8, 0.8, 0.7, 0.81, 0.75, 0.75, 0.77, 0.53, 0.76, 0.65, 0.63, 0.56, 0.55, 0.57, 0.53, 0.51, 0.57, 0.58, 0.58, 0.53, 0.64, 0.64, 0.59, 0.53, 0.58, 0.52, 0.77, 0.62, 0.63, 0.63, 0.65, 0.7, 0.66, 0.69, 0.6, 0.68, 0.72, 0.69, 0.75, 0.59, 0.66, 0.7, 0.59, 0.71, 0.66, 0.72, 0.68, 0.71, 0.66, 0.71, 0.72, 0.54, 0.62, 0.62, 0.66, 0.65, 0.65, 0.68]",bz_5,"cluster_6, cluster_6"
bz_5_cluster_1_1mer-bz_5_cluster_1_1mer,seed-8_sample-0,124,0.51,0.6448387096774193,"[0.51, 0.63, 0.67, 0.52, 0.64, 0.51, 0.64, 0.66, 0.6, 0.7, 0.52, 0.65, 0.73, 0.56, 0.67, 0.67, 0.71, 0.71, 0.71, 0.63, 0.52, 0.66, 0.64, 0.72, 0.69, 0.71, 0.79, 0.68, 0.58, 0.68, 0.75, 0.7, 0.68, 0.66, 0.57, 0.58, 0.66, 0.55, 0.75, 0.7, 0.6, 0.68, 0.71, 0.73, 0.66, 0.76, 0.7, 0.69, 0.76, 0.73, 0.67, 0.77, 0.62, 0.59, 0.56, 0.6, 0.58, 0.52, 0.53, 0.52, 0.54, 0.55, 0.51, 0.63, 0.67, 0.52, 0.64, 0.51, 0.64, 0.66, 0.6, 0.53, 0.7, 0.63, 0.71, 0.68, 0.57, 0.55, 0.52, 0.79, 0.58, 0.58, 0.75, 0.66, 0.7, 0.6, 0.52, 0.6, 0.68, 0.73, 0.56, 0.58, 0.68, 0.71, 0.76, 0.67, 0.7, 0.77, 0.62, 0.69, 0.59, 0.72, 0.75, 0.66, 0.73, 0.76, 0.52, 0.7, 0.71, 0.66, 0.69, 0.68, 0.67, 0.71, 0.64, 0.65, 0.71, 0.73, 0.67, 0.56, 0.66, 0.52, 0.54, 0.55]",bz_5,"cluster_1, cluster_1"
bz_5_cluster_1_1mer-bz_5_cluster_1_1mer,seed-10_sample-0,136,0.52,0.6532352941176471,"[0.57, 0.61, 0.54, 0.68, 0.72, 0.58, 0.69, 0.61, 0.66, 0.7, 0.66, 0.7, 0.66, 0.75, 0.57, 0.69, 0.68, 0.73, 0.73, 0.72, 0.61, 0.52, 0.66, 0.64, 0.72, 0.69, 0.72, 0.8, 0.7, 0.6, 0.68, 0.77, 0.7, 0.7, 0.67, 0.59, 0.57, 0.67, 0.55, 0.76, 0.73, 0.59, 0.68, 0.74, 0.75, 0.67, 0.76, 0.72, 0.71, 0.78, 0.74, 0.69, 0.78, 0.65, 0.63, 0.58, 0.53, 0.6, 0.53, 0.52, 0.59, 0.52, 0.53, 0.58, 0.56, 0.56, 0.57, 0.56, 0.57, 0.61, 0.54, 0.68, 0.72, 0.58, 0.69, 0.61, 0.66, 0.53, 0.57, 0.7, 0.66, 0.58, 0.7, 0.61, 0.72, 0.7, 0.59, 0.55, 0.8, 0.6, 0.57, 0.76, 0.53, 0.67, 0.73, 0.6, 0.53, 0.56, 0.59, 0.52, 0.68, 0.74, 0.58, 0.59, 0.68, 0.74, 0.76, 0.69, 0.72, 0.78, 0.65, 0.71, 0.63, 0.72, 0.77, 0.67, 0.75, 0.78, 0.52, 0.7, 0.73, 0.66, 0.69, 0.7, 0.69, 0.73, 0.64, 0.66, 0.72, 0.75, 0.68, 0.57, 0.67, 0.52, 0.56, 0.56]",bz_5,"cluster_1, cluster_1"
bz_5_cluster_1_1mer-bz_5_cluster_1_1mer,seed-9_sample-0,126,0.52,0.6474603174603174,"[0.52, 0.63, 0.68, 0.52, 0.64, 0.54, 0.65, 0.67, 0.61, 0.7, 0.52, 0.65, 0.74, 0.57, 0.67, 0.68, 0.7, 0.73, 0.71, 0.64, 0.52, 0.66, 0.64, 0.72, 0.68, 0.7, 0.79, 0.67, 0.59, 0.68, 0.76, 0.69, 0.69, 0.66, 0.58, 0.58, 0.66, 0.56, 0.75, 0.7, 0.6, 0.69, 0.72, 0.74, 0.66, 0.75, 0.7, 0.7, 0.77, 0.75, 0.66, 0.77, 0.62, 0.58, 0.57, 0.52, 0.61, 0.59, 0.53, 0.54, 0.53, 0.58, 0.56, 0.52, 0.63, 0.68, 0.52, 0.64, 0.54, 0.65, 0.67, 0.61, 0.54, 0.7, 0.64, 0.7, 0.67, 0.58, 0.56, 0.52, 0.79, 0.59, 0.58, 0.75, 0.52, 0.66, 0.7, 0.61, 0.53, 0.6, 0.69, 0.75, 0.57, 0.59, 0.68, 0.72, 0.75, 0.66, 0.7, 0.77, 0.62, 0.7, 0.58, 0.72, 0.76, 0.66, 0.74, 0.77, 0.52, 0.69, 0.7, 0.66, 0.68, 0.69, 0.67, 0.73, 0.64, 0.65, 0.71, 0.74, 0.68, 0.57, 0.66, 0.53, 0.58, 0.56]",bz_5,"cluster_1, cluster_1"
bz_5_cluster_1_1mer-bz_5_cluster_1_1mer,seed-4_sample-0,116,0.51,0.646896551724138,"[0.62, 0.65, 0.63, 0.61, 0.64, 0.57, 0.68, 0.51, 0.64, 0.72, 0.55, 0.66, 0.66, 0.71, 0.72, 0.71, 0.63, 0.64, 0.63, 0.71, 0.68, 0.71, 0.78, 0.66, 0.58, 0.67, 0.76, 0.7, 0.67, 0.66, 0.56, 0.57, 0.65, 0.54, 0.75, 0.68, 0.59, 0.66, 0.7, 0.73, 0.66, 0.76, 0.69, 0.69, 0.76, 0.74, 0.66, 0.77, 0.61, 0.57, 0.56, 0.59, 0.58, 0.53, 0.53, 0.52, 0.56, 0.55, 0.62, 0.65, 0.63, 0.61, 0.64, 0.57, 0.53, 0.68, 0.63, 0.71, 0.66, 0.56, 0.54, 0.51, 0.78, 0.58, 0.57, 0.75, 0.65, 0.68, 0.59, 0.52, 0.59, 0.66, 0.74, 0.56, 0.58, 0.67, 0.7, 0.76, 0.66, 0.69, 0.77, 0.61, 0.69, 0.57, 0.71, 0.76, 0.66, 0.73, 0.76, 0.7, 0.71, 0.64, 0.68, 0.67, 0.66, 0.72, 0.63, 0.64, 0.71, 0.72, 0.66, 0.55, 0.66, 0.53, 0.56, 0.55]",bz_5,"cluster_1, cluster_1"
bz_5_cluster_1_1mer-bz_5_cluster_1_1mer,seed-2_sample-0,124,0.51,0.6480645161290324,"[0.62, 0.66, 0.51, 0.64, 0.51, 0.64, 0.66, 0.58, 0.69, 0.52, 0.65, 0.73, 0.57, 0.67, 0.68, 0.71, 0.73, 0.71, 0.64, 0.52, 0.66, 0.65, 0.71, 0.69, 0.73, 0.8, 0.66, 0.59, 0.66, 0.77, 0.7, 0.68, 0.67, 0.57, 0.59, 0.67, 0.55, 0.75, 0.7, 0.61, 0.68, 0.71, 0.74, 0.67, 0.76, 0.7, 0.7, 0.76, 0.75, 0.66, 0.77, 0.62, 0.56, 0.58, 0.52, 0.61, 0.59, 0.54, 0.52, 0.53, 0.59, 0.57, 0.62, 0.66, 0.51, 0.64, 0.51, 0.64, 0.66, 0.58, 0.52, 0.69, 0.64, 0.73, 0.66, 0.57, 0.55, 0.52, 0.8, 0.59, 0.59, 0.75, 0.52, 0.67, 0.7, 0.61, 0.53, 0.61, 0.68, 0.75, 0.58, 0.59, 0.66, 0.71, 0.76, 0.66, 0.7, 0.77, 0.62, 0.7, 0.56, 0.71, 0.77, 0.67, 0.74, 0.76, 0.52, 0.7, 0.71, 0.66, 0.69, 0.68, 0.67, 0.73, 0.65, 0.65, 0.71, 0.73, 0.68, 0.57, 0.67, 0.54, 0.59, 0.57]",bz_5,"cluster_1, cluster_1"
bz_5_cluster_1_1mer-bz_5_cluster_1_1mer,seed-5_sample-0,120,0.51,0.6496666666666667,"[0.62, 0.65, 0.63, 0.63, 0.65, 0.57, 0.69, 0.51, 0.65, 0.73, 0.57, 0.67, 0.67, 0.71, 0.73, 0.71, 0.63, 0.51, 0.66, 0.64, 0.72, 0.68, 0.71, 0.79, 0.68, 0.59, 0.67, 0.75, 0.69, 0.68, 0.67, 0.57, 0.57, 0.66, 0.57, 0.75, 0.7, 0.62, 0.68, 0.71, 0.74, 0.67, 0.76, 0.7, 0.7, 0.75, 0.74, 0.66, 0.78, 0.62, 0.56, 0.58, 0.51, 0.6, 0.58, 0.54, 0.53, 0.52, 0.59, 0.56, 0.62, 0.65, 0.63, 0.63, 0.65, 0.57, 0.53, 0.69, 0.63, 0.71, 0.68, 0.57, 0.57, 0.51, 0.79, 0.59, 0.57, 0.75, 0.51, 0.66, 0.7, 0.6, 0.52, 0.62, 0.68, 0.74, 0.58, 0.58, 0.67, 0.71, 0.76, 0.66, 0.7, 0.78, 0.62, 0.7, 0.56, 0.72, 0.75, 0.67, 0.74, 0.75, 0.51, 0.69, 0.71, 0.66, 0.68, 0.68, 0.67, 0.73, 0.64, 0.65, 0.71, 0.73, 0.67, 0.57, 0.67, 0.54, 0.59, 0.56]",bz_5,"cluster_1, cluster_1"
bz_5_cluster_1_1mer-bz_5_cluster_1_1mer,seed-6_sample-0,122,0.51,0.6331147540983606,"[0.61, 0.62, 0.59, 0.57, 0.6, 0.55, 0.66, 0.51, 0.64, 0.72, 0.55, 0.67, 0.67, 0.69, 0.71, 0.71, 0.61, 0.51, 0.65, 0.62, 0.7, 0.69, 0.69, 0.77, 0.66, 0.57, 0.66, 0.75, 0.69, 0.67, 0.66, 0.56, 0.57, 0.64, 0.52, 0.73, 0.68, 0.57, 0.67, 0.7, 0.72, 0.65, 0.75, 0.69, 0.69, 0.77, 0.73, 0.65, 0.76, 0.61, 0.59, 0.57, 0.59, 0.51, 0.51, 0.58, 0.51, 0.53, 0.53, 0.52, 0.55, 0.61, 0.62, 0.59, 0.57, 0.6, 0.55, 0.53, 0.66, 0.61, 0.69, 0.66, 0.56, 0.52, 0.51, 0.77, 0.57, 0.57, 0.73, 0.64, 0.68, 0.59, 0.51, 0.53, 0.57, 0.51, 0.67, 0.73, 0.57, 0.58, 0.66, 0.7, 0.75, 0.65, 0.69, 0.76, 0.61, 0.69, 0.59, 0.7, 0.75, 0.66, 0.72, 0.77, 0.51, 0.69, 0.69, 0.65, 0.69, 0.67, 0.67, 0.71, 0.62, 0.64, 0.71, 0.72, 0.67, 0.55, 0.65, 0.51, 0.52, 0.55]",bz_5,"cluster_1, cluster_1"
bz_5_cluster_1_1mer-bz_5_cluster_1_1mer,seed-3_sample-0,140,0.51,0.6484285714285715,"[0.54, 0.58, 0.51, 0.68, 0.72, 0.61, 0.69, 0.61, 0.69, 0.71, 0.65, 0.73, 0.54, 0.66, 0.75, 0.57, 0.69, 0.69, 0.73, 0.74, 0.72, 0.64, 0.53, 0.67, 0.65, 0.73, 0.7, 0.73, 0.79, 0.69, 0.59, 0.69, 0.77, 0.69, 0.7, 0.68, 0.61, 0.58, 0.67, 0.57, 0.76, 0.71, 0.58, 0.69, 0.73, 0.76, 0.67, 0.77, 0.71, 0.71, 0.77, 0.76, 0.67, 0.78, 0.63, 0.6, 0.57, 0.51, 0.61, 0.52, 0.52, 0.6, 0.52, 0.52, 0.56, 0.55, 0.55, 0.52, 0.51, 0.54, 0.54, 0.58, 0.51, 0.68, 0.72, 0.61, 0.69, 0.61, 0.69, 0.52, 0.52, 0.51, 0.71, 0.65, 0.56, 0.73, 0.64, 0.73, 0.69, 0.61, 0.57, 0.54, 0.79, 0.59, 0.58, 0.76, 0.51, 0.67, 0.71, 0.61, 0.52, 0.55, 0.58, 0.52, 0.69, 0.76, 0.57, 0.6, 0.69, 0.73, 0.77, 0.67, 0.71, 0.78, 0.63, 0.71, 0.6, 0.73, 0.77, 0.68, 0.76, 0.77, 0.53, 0.69, 0.73, 0.67, 0.7, 0.7, 0.69, 0.74, 0.65, 0.66, 0.72, 0.75, 0.69, 0.57, 0.67, 0.52, 0.55, 0.54]",bz_5,"cluster_1, cluster_1"
bz_5_cluster_1_1mer-bz_5_cluster_1_1mer,seed-1_sample-0,138,0.51,0.6397101449275362,"[0.53, 0.67, 0.68, 0.51, 0.65, 0.57, 0.61, 0.66, 0.63, 0.69, 0.62, 0.72, 0.56, 0.66, 0.66, 0.69, 0.72, 0.69, 0.62, 0.64, 0.63, 0.72, 0.66, 0.68, 0.77, 0.66, 0.6, 0.66, 0.75, 0.7, 0.67, 0.67, 0.59, 0.59, 0.65, 0.53, 0.74, 0.68, 0.56, 0.68, 0.68, 0.72, 0.64, 0.75, 0.69, 0.67, 0.76, 0.72, 0.66, 0.76, 0.62, 0.62, 0.61, 0.57, 0.63, 0.6, 0.51, 0.61, 0.52, 0.57, 0.58, 0.51, 0.66, 0.61, 0.59, 0.61, 0.55, 0.59, 0.56, 0.53, 0.67, 0.68, 0.55, 0.65, 0.57, 0.61, 0.58, 0.61, 0.59, 0.66, 0.63, 0.51, 0.66, 0.69, 0.62, 0.68, 0.66, 0.59, 0.53, 0.77, 0.6, 0.59, 0.74, 0.57, 0.65, 0.68, 0.63, 0.6, 0.61, 0.56, 0.51, 0.68, 0.72, 0.61, 0.61, 0.66, 0.68, 0.75, 0.66, 0.69, 0.76, 0.62, 0.67, 0.62, 0.72, 0.75, 0.67, 0.72, 0.76, 0.7, 0.69, 0.64, 0.66, 0.67, 0.66, 0.72, 0.63, 0.62, 0.69, 0.72, 0.66, 0.56, 0.64, 0.52, 0.57, 0.59, 0.56, 0.51]",bz_5,"cluster_1, cluster_1"
bz_5_cluster_1_1mer-bz_5_cluster_1_1mer,seed-7_sample-0,38,0.51,0.5531578947368422,"[0.51, 0.55, 0.54, 0.53, 0.52, 0.55, 0.52, 0.64, 0.55, 0.56, 0.53, 0.56, 0.55, 0.58, 0.52, 0.61, 0.61, 0.52, 0.56, 0.55, 0.56, 0.53, 0.56, 0.61, 0.52, 0.55, 0.58, 0.52, 0.56, 0.52, 0.64, 0.61, 0.55, 0.55, 0.52, 0.54, 0.53, 0.51]",bz_5,"cluster_1, cluster_1"
bz_5_cluster_3_1mer-bz_5_cluster_3_1mer,seed-8_sample-0,0,,,,bz_5,"cluster_3, cluster_3"
bz_5_cluster_3_1mer-bz_5_cluster_3_1mer,seed-10_sample-0,0,,,,bz_5,"cluster_3, cluster_3"
bz_5_cluster_3_1mer-bz_5_cluster_3_1mer,seed-9_sample-0,0,,,,bz_5,"cluster_3, cluster_3"
bz_5_cluster_3_1mer-bz_5_cluster_3_1mer,seed-4_sample-0,0,,,,bz_5,"cluster_3, cluster_3"
bz_5_cluster_3_1mer-bz_5_cluster_3_1mer,seed-2_sample-0,0,,,,bz_5,"cluster_3, cluster_3"
bz_5_cluster_3_1mer-bz_5_cluster_3_1mer,seed-5_sample-0,0,,,,bz_5,"cluster_3, cluster_3"
bz_5_cluster_3_1mer-bz_5_cluster_3_1mer,seed-6_sample-0,0,,,,bz_5,"cluster_3, cluster_3"
bz_5_cluster_3_1mer-bz_5_cluster_3_1mer,seed-3_sample-0,0,,,,bz_5,"cluster_3, cluster_3"
bz_5_cluster_3_1mer-bz_5_cluster_3_1mer,seed-1_sample-0,0,,,,bz_5,"cluster_3, cluster_3"
bz_5_cluster_3_1mer-bz_5_cluster_3_1mer,seed-7_sample-0,0,,,,bz_5,"cluster_3, cluster_3"
bz_5_cluster_2_1mer-bz_5_cluster_2_1mer,seed-8_sample-0,0,,,,bz_5,"cluster_2, cluster_2"
bz_5_cluster_2_1mer-bz_5_cluster_2_1mer,seed-10_sample-0,0,,,,bz_5,"cluster_2, cluster_2"
bz_5_cluster_2_1mer-bz_5_cluster_2_1mer,seed-9_sample-0,0,,,,bz_5,"cluster_2, cluster_2"
bz_5_cluster_2_1mer-bz_5_cluster_2_1mer,seed-4_sample-0,0,,,,bz_5,"cluster_2, cluster_2"
bz_5_cluster_2_1mer-bz_5_cluster_2_1mer,seed-2_sample-0,0,,,,bz_5,"cluster_2, cluster_2"
bz_5_cluster_2_1mer-bz_5_cluster_2_1mer,seed-5_sample-0,0,,,,bz_5,"cluster_2, cluster_2"
bz_5_cluster_2_1mer-bz_5_cluster_2_1mer,seed-6_sample-0,0,,,,bz_5,"cluster_2, cluster_2"
bz_5_cluster_2_1mer-bz_5_cluster_2_1mer,seed-3_sample-0,0,,,,bz_5,"cluster_2, cluster_2"
bz_5_cluster_2_1mer-bz_5_cluster_2_1mer,seed-1_sample-0,0,,,,bz_5,"cluster_2, cluster_2"
bz_5_cluster_2_1mer-bz_5_cluster_2_1mer,seed-7_sample-0,0,,,,bz_5,"cluster_2, cluster_2"
bz_7_cluster_7_1mer-bz_7_cluster_0_1mer,seed-8_sample-0,0,,,,bz_7,"cluster_0, cluster_7"
bz_7_cluster_7_1mer-bz_7_cluster_0_1mer,seed-10_sample-0,0,,,,bz_7,"cluster_0, cluster_7"
bz_7_cluster_7_1mer-bz_7_cluster_0_1mer,seed-9_sample-0,58,0.51,0.7879310344827587,"[0.79, 0.89, 0.77, 0.51, 0.81, 0.82, 0.8, 0.83, 0.66, 0.54, 0.84, 0.71, 0.87, 0.86, 0.83, 0.84, 0.84, 0.8, 0.91, 0.81, 0.84, 0.85, 0.75, 0.83, 0.8, 0.79, 0.88, 0.57, 0.81, 0.81, 0.82, 0.8, 0.79, 0.83, 0.81, 0.66, 0.84, 0.84, 0.8, 0.88, 0.84, 0.8, 0.85, 0.54, 0.87, 0.83, 0.91, 0.75, 0.84, 0.71, 0.86, 0.83, 0.57, 0.79, 0.51, 0.89, 0.77, 0.81]",bz_7,"cluster_0, cluster_7"
bz_7_cluster_7_1mer-bz_7_cluster_0_1mer,seed-4_sample-0,62,0.53,0.7864516129032256,"[0.86, 0.91, 0.8, 0.68, 0.53, 0.83, 0.82, 0.85, 0.71, 0.61, 0.83, 0.69, 0.88, 0.86, 0.54, 0.84, 0.84, 0.85, 0.8, 0.91, 0.82, 0.86, 0.86, 0.78, 0.84, 0.82, 0.81, 0.9, 0.69, 0.54, 0.82, 0.82, 0.83, 0.82, 0.81, 0.85, 0.82, 0.71, 0.84, 0.86, 0.82, 0.9, 0.85, 0.8, 0.86, 0.61, 0.88, 0.84, 0.91, 0.78, 0.83, 0.69, 0.86, 0.84, 0.69, 0.54, 0.86, 0.54, 0.91, 0.8, 0.68, 0.53]",bz_7,"cluster_0, cluster_7"
bz_7_cluster_7_1mer-bz_7_cluster_0_1mer,seed-2_sample-0,58,0.54,0.7641379310344828,"[0.8, 0.87, 0.69, 0.64, 0.65, 0.79, 0.77, 0.82, 0.65, 0.54, 0.8, 0.69, 0.83, 0.83, 0.79, 0.82, 0.81, 0.77, 0.89, 0.79, 0.81, 0.82, 0.71, 0.8, 0.75, 0.78, 0.84, 0.62, 0.79, 0.79, 0.79, 0.77, 0.78, 0.82, 0.79, 0.65, 0.82, 0.81, 0.75, 0.84, 0.81, 0.77, 0.82, 0.54, 0.83, 0.79, 0.89, 0.71, 0.8, 0.69, 0.83, 0.8, 0.62, 0.8, 0.87, 0.69, 0.64, 0.65]",bz_7,"cluster_0, cluster_7"
bz_7_cluster_7_1mer-bz_7_cluster_0_1mer,seed-5_sample-0,64,0.51,0.746875,"[0.82, 0.88, 0.77, 0.63, 0.51, 0.51, 0.8, 0.78, 0.82, 0.67, 0.59, 0.8, 0.67, 0.84, 0.84, 0.54, 0.79, 0.82, 0.81, 0.78, 0.89, 0.8, 0.82, 0.82, 0.72, 0.8, 0.76, 0.78, 0.86, 0.67, 0.52, 0.79, 0.51, 0.79, 0.8, 0.78, 0.78, 0.82, 0.8, 0.67, 0.82, 0.82, 0.76, 0.86, 0.81, 0.78, 0.82, 0.59, 0.84, 0.79, 0.89, 0.72, 0.8, 0.67, 0.84, 0.8, 0.67, 0.54, 0.82, 0.52, 0.88, 0.77, 0.63, 0.51]",bz_7,"cluster_0, cluster_7"
bz_7_cluster_7_1mer-bz_7_cluster_0_1mer,seed-6_sample-0,58,0.52,0.7686206896551724,"[0.78, 0.87, 0.76, 0.77, 0.8, 0.78, 0.82, 0.64, 0.54, 0.82, 0.71, 0.85, 0.83, 0.52, 0.8, 0.82, 0.81, 0.78, 0.88, 0.79, 0.81, 0.82, 0.72, 0.8, 0.76, 0.78, 0.85, 0.58, 0.8, 0.8, 0.8, 0.78, 0.78, 0.82, 0.79, 0.64, 0.82, 0.81, 0.76, 0.85, 0.81, 0.78, 0.82, 0.54, 0.85, 0.8, 0.88, 0.72, 0.82, 0.71, 0.83, 0.8, 0.58, 0.52, 0.78, 0.87, 0.76, 0.77]",bz_7,"cluster_0, cluster_7"
bz_7_cluster_7_1mer-bz_7_cluster_0_1mer,seed-3_sample-0,62,0.51,0.7709677419354837,"[0.84, 0.9, 0.79, 0.66, 0.55, 0.82, 0.8, 0.84, 0.68, 0.6, 0.82, 0.68, 0.86, 0.85, 0.52, 0.81, 0.84, 0.84, 0.79, 0.9, 0.81, 0.83, 0.84, 0.74, 0.82, 0.78, 0.8, 0.88, 0.69, 0.51, 0.81, 0.81, 0.82, 0.8, 0.8, 0.84, 0.81, 0.68, 0.84, 0.83, 0.78, 0.88, 0.84, 0.79, 0.84, 0.6, 0.86, 0.81, 0.9, 0.74, 0.82, 0.68, 0.85, 0.82, 0.69, 0.52, 0.84, 0.51, 0.9, 0.79, 0.66, 0.55]",bz_7,"cluster_0, cluster_7"
bz_7_cluster_7_1mer-bz_7_cluster_0_1mer,seed-1_sample-0,56,0.53,0.767142857142857,"[0.75, 0.86, 0.73, 0.75, 0.79, 0.77, 0.81, 0.64, 0.53, 0.81, 0.69, 0.83, 0.82, 0.79, 0.82, 0.8, 0.78, 0.89, 0.78, 0.8, 0.82, 0.71, 0.79, 0.75, 0.78, 0.84, 0.57, 0.78, 0.78, 0.79, 0.77, 0.78, 0.81, 0.78, 0.64, 0.82, 0.8, 0.75, 0.84, 0.8, 0.78, 0.82, 0.53, 0.83, 0.79, 0.89, 0.71, 0.81, 0.69, 0.82, 0.79, 0.57, 0.75, 0.86, 0.73, 0.75]",bz_7,"cluster_0, cluster_7"
bz_7_cluster_7_1mer-bz_7_cluster_0_1mer,seed-7_sample-0,0,,,,bz_7,"cluster_0, cluster_7"
bz_7_cluster_7_1mer-bz_7_cluster_4_1mer,seed-8_sample-0,0,,,,bz_7,"cluster_4, cluster_7"
bz_7_cluster_7_1mer-bz_7_cluster_4_1mer,seed-10_sample-0,0,,,,bz_7,"cluster_4, cluster_7"
bz_7_cluster_7_1mer-bz_7_cluster_4_1mer,seed-9_sample-0,0,,,,bz_7,"cluster_4, cluster_7"
bz_7_cluster_7_1mer-bz_7_cluster_4_1mer,seed-4_sample-0,0,,,,bz_7,"cluster_4, cluster_7"
bz_7_cluster_7_1mer-bz_7_cluster_4_1mer,seed-2_sample-0,0,,,,bz_7,"cluster_4, cluster_7"
bz_7_cluster_7_1mer-bz_7_cluster_4_1mer,seed-5_sample-0,0,,,,bz_7,"cluster_4, cluster_7"
bz_7_cluster_7_1mer-bz_7_cluster_4_1mer,seed-6_sample-0,0,,,,bz_7,"cluster_4, cluster_7"
bz_7_cluster_7_1mer-bz_7_cluster_4_1mer,seed-3_sample-0,0,,,,bz_7,"cluster_4, cluster_7"
bz_7_cluster_7_1mer-bz_7_cluster_4_1mer,seed-1_sample-0,0,,,,bz_7,"cluster_4, cluster_7"
bz_7_cluster_7_1mer-bz_7_cluster_4_1mer,seed-7_sample-0,0,,,,bz_7,"cluster_4, cluster_7"
bz_7_cluster_7_1mer-bz_7_cluster_5_1mer,seed-8_sample-0,0,,,,bz_7,"cluster_5, cluster_7"
bz_7_cluster_7_1mer-bz_7_cluster_5_1mer,seed-10_sample-0,0,,,,bz_7,"cluster_5, cluster_7"
bz_7_cluster_7_1mer-bz_7_cluster_5_1mer,seed-9_sample-0,0,,,,bz_7,"cluster_5, cluster_7"
bz_7_cluster_7_1mer-bz_7_cluster_5_1mer,seed-4_sample-0,0,,,,bz_7,"cluster_5, cluster_7"
bz_7_cluster_7_1mer-bz_7_cluster_5_1mer,seed-2_sample-0,0,,,,bz_7,"cluster_5, cluster_7"
bz_7_cluster_7_1mer-bz_7_cluster_5_1mer,seed-5_sample-0,0,,,,bz_7,"cluster_5, cluster_7"
bz_7_cluster_7_1mer-bz_7_cluster_5_1mer,seed-6_sample-0,0,,,,bz_7,"cluster_5, cluster_7"
bz_7_cluster_7_1mer-bz_7_cluster_5_1mer,seed-3_sample-0,0,,,,bz_7,"cluster_5, cluster_7"
bz_7_cluster_7_1mer-bz_7_cluster_5_1mer,seed-1_sample-0,0,,,,bz_7,"cluster_5, cluster_7"
bz_7_cluster_7_1mer-bz_7_cluster_5_1mer,seed-7_sample-0,0,,,,bz_7,"cluster_5, cluster_7"
bz_7_cluster_7_1mer-bz_7_cluster_6_1mer,seed-8_sample-0,0,,,,bz_7,"cluster_6, cluster_7"
bz_7_cluster_7_1mer-bz_7_cluster_6_1mer,seed-10_sample-0,0,,,,bz_7,"cluster_6, cluster_7"
bz_7_cluster_7_1mer-bz_7_cluster_6_1mer,seed-9_sample-0,0,,,,bz_7,"cluster_6, cluster_7"
bz_7_cluster_7_1mer-bz_7_cluster_6_1mer,seed-4_sample-0,0,,,,bz_7,"cluster_6, cluster_7"
bz_7_cluster_7_1mer-bz_7_cluster_6_1mer,seed-2_sample-0,0,,,,bz_7,"cluster_6, cluster_7"
bz_7_cluster_7_1mer-bz_7_cluster_6_1mer,seed-5_sample-0,0,,,,bz_7,"cluster_6, cluster_7"
bz_7_cluster_7_1mer-bz_7_cluster_6_1mer,seed-6_sample-0,0,,,,bz_7,"cluster_6, cluster_7"
bz_7_cluster_7_1mer-bz_7_cluster_6_1mer,seed-3_sample-0,0,,,,bz_7,"cluster_6, cluster_7"
bz_7_cluster_7_1mer-bz_7_cluster_6_1mer,seed-1_sample-0,0,,,,bz_7,"cluster_6, cluster_7"
bz_7_cluster_7_1mer-bz_7_cluster_6_1mer,seed-7_sample-0,0,,,,bz_7,"cluster_6, cluster_7"
bz_7_cluster_7_1mer-bz_7_cluster_1_1mer,seed-8_sample-0,0,,,,bz_7,"cluster_1, cluster_7"
bz_7_cluster_7_1mer-bz_7_cluster_1_1mer,seed-10_sample-0,0,,,,bz_7,"cluster_1, cluster_7"
bz_7_cluster_7_1mer-bz_7_cluster_1_1mer,seed-9_sample-0,0,,,,bz_7,"cluster_1, cluster_7"
bz_7_cluster_7_1mer-bz_7_cluster_1_1mer,seed-4_sample-0,0,,,,bz_7,"cluster_1, cluster_7"
bz_7_cluster_7_1mer-bz_7_cluster_1_1mer,seed-2_sample-0,0,,,,bz_7,"cluster_1, cluster_7"
bz_7_cluster_7_1mer-bz_7_cluster_1_1mer,seed-5_sample-0,0,,,,bz_7,"cluster_1, cluster_7"
bz_7_cluster_7_1mer-bz_7_cluster_1_1mer,seed-6_sample-0,0,,,,bz_7,"cluster_1, cluster_7"
bz_7_cluster_7_1mer-bz_7_cluster_1_1mer,seed-3_sample-0,0,,,,bz_7,"cluster_1, cluster_7"
bz_7_cluster_7_1mer-bz_7_cluster_1_1mer,seed-1_sample-0,0,,,,bz_7,"cluster_1, cluster_7"
bz_7_cluster_7_1mer-bz_7_cluster_1_1mer,seed-7_sample-0,0,,,,bz_7,"cluster_1, cluster_7"
bz_7_cluster_7_1mer-bz_7_cluster_3_1mer,seed-8_sample-0,0,,,,bz_7,"cluster_3, cluster_7"
bz_7_cluster_7_1mer-bz_7_cluster_3_1mer,seed-10_sample-0,0,,,,bz_7,"cluster_3, cluster_7"
bz_7_cluster_7_1mer-bz_7_cluster_3_1mer,seed-9_sample-0,0,,,,bz_7,"cluster_3, cluster_7"
bz_7_cluster_7_1mer-bz_7_cluster_3_1mer,seed-4_sample-0,0,,,,bz_7,"cluster_3, cluster_7"
bz_7_cluster_7_1mer-bz_7_cluster_3_1mer,seed-2_sample-0,0,,,,bz_7,"cluster_3, cluster_7"
bz_7_cluster_7_1mer-bz_7_cluster_3_1mer,seed-5_sample-0,0,,,,bz_7,"cluster_3, cluster_7"
bz_7_cluster_7_1mer-bz_7_cluster_3_1mer,seed-6_sample-0,0,,,,bz_7,"cluster_3, cluster_7"
bz_7_cluster_7_1mer-bz_7_cluster_3_1mer,seed-3_sample-0,0,,,,bz_7,"cluster_3, cluster_7"
bz_7_cluster_7_1mer-bz_7_cluster_3_1mer,seed-1_sample-0,0,,,,bz_7,"cluster_3, cluster_7"
bz_7_cluster_7_1mer-bz_7_cluster_3_1mer,seed-7_sample-0,0,,,,bz_7,"cluster_3, cluster_7"
bz_7_cluster_7_1mer-bz_7_cluster_2_1mer,seed-8_sample-0,0,,,,bz_7,"cluster_2, cluster_7"
bz_7_cluster_7_1mer-bz_7_cluster_2_1mer,seed-10_sample-0,0,,,,bz_7,"cluster_2, cluster_7"
bz_7_cluster_7_1mer-bz_7_cluster_2_1mer,seed-9_sample-0,0,,,,bz_7,"cluster_2, cluster_7"
bz_7_cluster_7_1mer-bz_7_cluster_2_1mer,seed-4_sample-0,0,,,,bz_7,"cluster_2, cluster_7"
bz_7_cluster_7_1mer-bz_7_cluster_2_1mer,seed-2_sample-0,0,,,,bz_7,"cluster_2, cluster_7"
bz_7_cluster_7_1mer-bz_7_cluster_2_1mer,seed-5_sample-0,0,,,,bz_7,"cluster_2, cluster_7"
bz_7_cluster_7_1mer-bz_7_cluster_2_1mer,seed-6_sample-0,0,,,,bz_7,"cluster_2, cluster_7"
bz_7_cluster_7_1mer-bz_7_cluster_2_1mer,seed-3_sample-0,0,,,,bz_7,"cluster_2, cluster_7"
bz_7_cluster_7_1mer-bz_7_cluster_2_1mer,seed-1_sample-0,0,,,,bz_7,"cluster_2, cluster_7"
bz_7_cluster_7_1mer-bz_7_cluster_2_1mer,seed-7_sample-0,0,,,,bz_7,"cluster_2, cluster_7"
bz_7_cluster_0_1mer-bz_7_cluster_4_1mer,seed-8_sample-0,0,,,,bz_7,"cluster_0, cluster_4"
bz_7_cluster_0_1mer-bz_7_cluster_4_1mer,seed-10_sample-0,0,,,,bz_7,"cluster_0, cluster_4"
bz_7_cluster_0_1mer-bz_7_cluster_4_1mer,seed-9_sample-0,0,,,,bz_7,"cluster_0, cluster_4"
bz_7_cluster_0_1mer-bz_7_cluster_4_1mer,seed-4_sample-0,0,,,,bz_7,"cluster_0, cluster_4"
bz_7_cluster_0_1mer-bz_7_cluster_4_1mer,seed-2_sample-0,0,,,,bz_7,"cluster_0, cluster_4"
bz_7_cluster_0_1mer-bz_7_cluster_4_1mer,seed-5_sample-0,0,,,,bz_7,"cluster_0, cluster_4"
bz_7_cluster_0_1mer-bz_7_cluster_4_1mer,seed-6_sample-0,0,,,,bz_7,"cluster_0, cluster_4"
bz_7_cluster_0_1mer-bz_7_cluster_4_1mer,seed-3_sample-0,0,,,,bz_7,"cluster_0, cluster_4"
bz_7_cluster_0_1mer-bz_7_cluster_4_1mer,seed-1_sample-0,0,,,,bz_7,"cluster_0, cluster_4"
bz_7_cluster_0_1mer-bz_7_cluster_4_1mer,seed-7_sample-0,0,,,,bz_7,"cluster_0, cluster_4"
bz_7_cluster_0_1mer-bz_7_cluster_5_1mer,seed-8_sample-0,0,,,,bz_7,"cluster_0, cluster_5"
bz_7_cluster_0_1mer-bz_7_cluster_5_1mer,seed-10_sample-0,0,,,,bz_7,"cluster_0, cluster_5"
bz_7_cluster_0_1mer-bz_7_cluster_5_1mer,seed-9_sample-0,0,,,,bz_7,"cluster_0, cluster_5"
bz_7_cluster_0_1mer-bz_7_cluster_5_1mer,seed-4_sample-0,0,,,,bz_7,"cluster_0, cluster_5"
bz_7_cluster_0_1mer-bz_7_cluster_5_1mer,seed-2_sample-0,0,,,,bz_7,"cluster_0, cluster_5"
bz_7_cluster_0_1mer-bz_7_cluster_5_1mer,seed-5_sample-0,0,,,,bz_7,"cluster_0, cluster_5"
bz_7_cluster_0_1mer-bz_7_cluster_5_1mer,seed-6_sample-0,0,,,,bz_7,"cluster_0, cluster_5"
bz_7_cluster_0_1mer-bz_7_cluster_5_1mer,seed-3_sample-0,0,,,,bz_7,"cluster_0, cluster_5"
bz_7_cluster_0_1mer-bz_7_cluster_5_1mer,seed-1_sample-0,0,,,,bz_7,"cluster_0, cluster_5"
bz_7_cluster_0_1mer-bz_7_cluster_5_1mer,seed-7_sample-0,0,,,,bz_7,"cluster_0, cluster_5"
bz_7_cluster_0_1mer-bz_7_cluster_6_1mer,seed-8_sample-0,0,,,,bz_7,"cluster_0, cluster_6"
bz_7_cluster_0_1mer-bz_7_cluster_6_1mer,seed-10_sample-0,0,,,,bz_7,"cluster_0, cluster_6"
bz_7_cluster_0_1mer-bz_7_cluster_6_1mer,seed-9_sample-0,0,,,,bz_7,"cluster_0, cluster_6"
bz_7_cluster_0_1mer-bz_7_cluster_6_1mer,seed-4_sample-0,0,,,,bz_7,"cluster_0, cluster_6"
bz_7_cluster_0_1mer-bz_7_cluster_6_1mer,seed-2_sample-0,0,,,,bz_7,"cluster_0, cluster_6"
bz_7_cluster_0_1mer-bz_7_cluster_6_1mer,seed-5_sample-0,0,,,,bz_7,"cluster_0, cluster_6"
bz_7_cluster_0_1mer-bz_7_cluster_6_1mer,seed-6_sample-0,0,,,,bz_7,"cluster_0, cluster_6"
bz_7_cluster_0_1mer-bz_7_cluster_6_1mer,seed-3_sample-0,0,,,,bz_7,"cluster_0, cluster_6"
bz_7_cluster_0_1mer-bz_7_cluster_6_1mer,seed-1_sample-0,0,,,,bz_7,"cluster_0, cluster_6"
bz_7_cluster_0_1mer-bz_7_cluster_6_1mer,seed-7_sample-0,0,,,,bz_7,"cluster_0, cluster_6"
bz_7_cluster_0_1mer-bz_7_cluster_1_1mer,seed-8_sample-0,0,,,,bz_7,"cluster_0, cluster_1"
bz_7_cluster_0_1mer-bz_7_cluster_1_1mer,seed-10_sample-0,0,,,,bz_7,"cluster_0, cluster_1"
bz_7_cluster_0_1mer-bz_7_cluster_1_1mer,seed-9_sample-0,0,,,,bz_7,"cluster_0, cluster_1"
bz_7_cluster_0_1mer-bz_7_cluster_1_1mer,seed-4_sample-0,0,,,,bz_7,"cluster_0, cluster_1"
bz_7_cluster_0_1mer-bz_7_cluster_1_1mer,seed-2_sample-0,0,,,,bz_7,"cluster_0, cluster_1"
bz_7_cluster_0_1mer-bz_7_cluster_1_1mer,seed-5_sample-0,0,,,,bz_7,"cluster_0, cluster_1"
bz_7_cluster_0_1mer-bz_7_cluster_1_1mer,seed-6_sample-0,0,,,,bz_7,"cluster_0, cluster_1"
bz_7_cluster_0_1mer-bz_7_cluster_1_1mer,seed-3_sample-0,0,,,,bz_7,"cluster_0, cluster_1"
bz_7_cluster_0_1mer-bz_7_cluster_1_1mer,seed-1_sample-0,0,,,,bz_7,"cluster_0, cluster_1"
bz_7_cluster_0_1mer-bz_7_cluster_1_1mer,seed-7_sample-0,0,,,,bz_7,"cluster_0, cluster_1"
bz_7_cluster_0_1mer-bz_7_cluster_3_1mer,seed-8_sample-0,0,,,,bz_7,"cluster_0, cluster_3"
bz_7_cluster_0_1mer-bz_7_cluster_3_1mer,seed-10_sample-0,0,,,,bz_7,"cluster_0, cluster_3"
bz_7_cluster_0_1mer-bz_7_cluster_3_1mer,seed-9_sample-0,0,,,,bz_7,"cluster_0, cluster_3"
bz_7_cluster_0_1mer-bz_7_cluster_3_1mer,seed-4_sample-0,0,,,,bz_7,"cluster_0, cluster_3"
bz_7_cluster_0_1mer-bz_7_cluster_3_1mer,seed-2_sample-0,0,,,,bz_7,"cluster_0, cluster_3"
bz_7_cluster_0_1mer-bz_7_cluster_3_1mer,seed-5_sample-0,0,,,,bz_7,"cluster_0, cluster_3"
bz_7_cluster_0_1mer-bz_7_cluster_3_1mer,seed-6_sample-0,0,,,,bz_7,"cluster_0, cluster_3"
bz_7_cluster_0_1mer-bz_7_cluster_3_1mer,seed-3_sample-0,0,,,,bz_7,"cluster_0, cluster_3"
bz_7_cluster_0_1mer-bz_7_cluster_3_1mer,seed-1_sample-0,0,,,,bz_7,"cluster_0, cluster_3"
bz_7_cluster_0_1mer-bz_7_cluster_3_1mer,seed-7_sample-0,0,,,,bz_7,"cluster_0, cluster_3"
bz_7_cluster_0_1mer-bz_7_cluster_2_1mer,seed-8_sample-0,0,,,,bz_7,"cluster_0, cluster_2"
bz_7_cluster_0_1mer-bz_7_cluster_2_1mer,seed-10_sample-0,0,,,,bz_7,"cluster_0, cluster_2"
bz_7_cluster_0_1mer-bz_7_cluster_2_1mer,seed-9_sample-0,0,,,,bz_7,"cluster_0, cluster_2"
bz_7_cluster_0_1mer-bz_7_cluster_2_1mer,seed-4_sample-0,0,,,,bz_7,"cluster_0, cluster_2"
bz_7_cluster_0_1mer-bz_7_cluster_2_1mer,seed-2_sample-0,0,,,,bz_7,"cluster_0, cluster_2"
bz_7_cluster_0_1mer-bz_7_cluster_2_1mer,seed-5_sample-0,0,,,,bz_7,"cluster_0, cluster_2"
bz_7_cluster_0_1mer-bz_7_cluster_2_1mer,seed-6_sample-0,0,,,,bz_7,"cluster_0, cluster_2"
bz_7_cluster_0_1mer-bz_7_cluster_2_1mer,seed-3_sample-0,0,,,,bz_7,"cluster_0, cluster_2"
bz_7_cluster_0_1mer-bz_7_cluster_2_1mer,seed-1_sample-0,0,,,,bz_7,"cluster_0, cluster_2"
bz_7_cluster_0_1mer-bz_7_cluster_2_1mer,seed-7_sample-0,0,,,,bz_7,"cluster_0, cluster_2"
bz_7_cluster_4_1mer-bz_7_cluster_5_1mer,seed-8_sample-0,152,0.53,0.8097368421052632,"[0.76, 0.78, 0.88, 0.87, 0.8, 0.87, 0.92, 0.75, 0.9, 0.81, 0.96, 0.94, 0.96, 0.74, 0.89, 0.95, 0.98, 0.92, 0.53, 0.97, 0.89, 0.92, 0.93, 0.96, 0.91, 0.55, 0.95, 0.86, 0.9, 0.89, 0.83, 0.55, 0.72, 0.7, 0.87, 0.91, 0.58, 0.89, 0.92, 0.92, 0.83, 0.57, 0.72, 0.95, 0.78, 0.72, 0.96, 0.75, 0.92, 0.9, 0.91, 0.95, 0.91, 0.82, 0.95, 0.63, 0.81, 0.9, 0.93, 0.85, 0.82, 0.77, 0.85, 0.9, 0.85, 0.69, 0.6, 0.69, 0.61, 0.57, 0.62, 0.61, 0.6, 0.62, 0.59, 0.56, 0.87, 0.89, 0.92, 0.57, 0.7, 0.92, 0.72, 0.83, 0.95, 0.72, 0.9, 0.78, 0.96, 0.91, 0.75, 0.95, 0.81, 0.92, 0.91, 0.95, 0.9, 0.63, 0.93, 0.85, 0.85, 0.9, 0.69, 0.82, 0.85, 0.6, 0.69, 0.87, 0.76, 0.8, 0.91, 0.78, 0.88, 0.87, 0.58, 0.92, 0.81, 0.75, 0.96, 0.89, 0.9, 0.94, 0.96, 0.95, 0.98, 0.53, 0.92, 0.74, 0.92, 0.97, 0.93, 0.82, 0.96, 0.55, 0.89, 0.91, 0.95, 0.86, 0.72, 0.77, 0.9, 0.89, 0.83, 0.55, 0.61, 0.61, 0.57, 0.62, 0.6, 0.62, 0.59, 0.56]",bz_7,"cluster_4, cluster_5"
bz_7_cluster_4_1mer-bz_7_cluster_5_1mer,seed-10_sample-0,152,0.54,0.8092105263157895,"[0.76, 0.78, 0.87, 0.87, 0.8, 0.86, 0.92, 0.75, 0.9, 0.81, 0.96, 0.93, 0.96, 0.74, 0.89, 0.95, 0.98, 0.92, 0.54, 0.97, 0.89, 0.92, 0.93, 0.96, 0.91, 0.55, 0.95, 0.87, 0.9, 0.89, 0.83, 0.55, 0.7, 0.7, 0.88, 0.91, 0.59, 0.89, 0.92, 0.92, 0.83, 0.57, 0.71, 0.95, 0.79, 0.72, 0.96, 0.75, 0.92, 0.9, 0.91, 0.95, 0.9, 0.82, 0.95, 0.63, 0.8, 0.89, 0.94, 0.84, 0.82, 0.76, 0.85, 0.89, 0.84, 0.69, 0.59, 0.7, 0.62, 0.57, 0.62, 0.61, 0.61, 0.63, 0.59, 0.56, 0.88, 0.89, 0.92, 0.57, 0.7, 0.92, 0.71, 0.83, 0.95, 0.72, 0.9, 0.79, 0.96, 0.91, 0.75, 0.95, 0.8, 0.92, 0.9, 0.95, 0.89, 0.63, 0.94, 0.85, 0.84, 0.89, 0.69, 0.82, 0.84, 0.59, 0.7, 0.87, 0.76, 0.8, 0.91, 0.78, 0.87, 0.86, 0.59, 0.92, 0.81, 0.75, 0.96, 0.89, 0.9, 0.93, 0.96, 0.95, 0.98, 0.54, 0.92, 0.74, 0.92, 0.97, 0.93, 0.82, 0.96, 0.55, 0.89, 0.91, 0.95, 0.87, 0.7, 0.76, 0.9, 0.89, 0.83, 0.55, 0.62, 0.61, 0.57, 0.62, 0.61, 0.63, 0.59, 0.56]",bz_7,"cluster_4, cluster_5"
bz_7_cluster_4_1mer-bz_7_cluster_5_1mer,seed-9_sample-0,152,0.53,0.8105263157894737,"[0.77, 0.78, 0.88, 0.87, 0.8, 0.87, 0.92, 0.75, 0.9, 0.82, 0.96, 0.94, 0.96, 0.74, 0.89, 0.95, 0.98, 0.92, 0.53, 0.97, 0.89, 0.92, 0.93, 0.96, 0.91, 0.55, 0.95, 0.87, 0.9, 0.89, 0.83, 0.55, 0.71, 0.71, 0.88, 0.9, 0.59, 0.89, 0.92, 0.92, 0.83, 0.56, 0.71, 0.95, 0.79, 0.72, 0.96, 0.75, 0.92, 0.9, 0.91, 0.95, 0.9, 0.82, 0.95, 0.63, 0.81, 0.89, 0.94, 0.85, 0.82, 0.77, 0.85, 0.9, 0.85, 0.69, 0.6, 0.7, 0.62, 0.57, 0.62, 0.61, 0.6, 0.63, 0.59, 0.57, 0.88, 0.89, 0.92, 0.56, 0.71, 0.92, 0.71, 0.83, 0.95, 0.72, 0.9, 0.79, 0.96, 0.91, 0.75, 0.95, 0.81, 0.92, 0.9, 0.95, 0.89, 0.63, 0.94, 0.85, 0.85, 0.9, 0.69, 0.82, 0.85, 0.6, 0.7, 0.87, 0.77, 0.8, 0.9, 0.78, 0.88, 0.87, 0.59, 0.92, 0.82, 0.75, 0.96, 0.89, 0.9, 0.94, 0.96, 0.95, 0.98, 0.53, 0.92, 0.74, 0.92, 0.97, 0.93, 0.82, 0.96, 0.55, 0.89, 0.91, 0.95, 0.87, 0.71, 0.77, 0.9, 0.89, 0.83, 0.55, 0.62, 0.61, 0.57, 0.62, 0.6, 0.63, 0.59, 0.57]",bz_7,"cluster_4, cluster_5"
bz_7_cluster_4_1mer-bz_7_cluster_5_1mer,seed-4_sample-0,152,0.53,0.810921052631579,"[0.77, 0.78, 0.88, 0.87, 0.8, 0.87, 0.92, 0.75, 0.9, 0.81, 0.96, 0.94, 0.96, 0.74, 0.89, 0.95, 0.98, 0.92, 0.53, 0.97, 0.89, 0.92, 0.93, 0.96, 0.91, 0.55, 0.95, 0.87, 0.9, 0.89, 0.83, 0.56, 0.71, 0.7, 0.88, 0.91, 0.59, 0.89, 0.92, 0.91, 0.83, 0.56, 0.71, 0.95, 0.79, 0.72, 0.96, 0.75, 0.92, 0.9, 0.91, 0.95, 0.91, 0.83, 0.95, 0.63, 0.81, 0.9, 0.93, 0.85, 0.82, 0.77, 0.85, 0.9, 0.85, 0.7, 0.59, 0.7, 0.62, 0.58, 0.62, 0.61, 0.61, 0.63, 0.59, 0.57, 0.88, 0.89, 0.92, 0.56, 0.7, 0.91, 0.71, 0.83, 0.95, 0.72, 0.9, 0.79, 0.96, 0.91, 0.75, 0.95, 0.81, 0.92, 0.91, 0.95, 0.9, 0.63, 0.93, 0.85, 0.85, 0.9, 0.7, 0.82, 0.85, 0.59, 0.7, 0.87, 0.77, 0.8, 0.91, 0.78, 0.88, 0.87, 0.59, 0.92, 0.81, 0.75, 0.96, 0.89, 0.9, 0.94, 0.96, 0.95, 0.98, 0.53, 0.92, 0.74, 0.92, 0.97, 0.93, 0.83, 0.96, 0.55, 0.89, 0.91, 0.95, 0.87, 0.71, 0.77, 0.9, 0.89, 0.83, 0.56, 0.62, 0.61, 0.58, 0.62, 0.61, 0.63, 0.59, 0.57]",bz_7,"cluster_4, cluster_5"
bz_7_cluster_4_1mer-bz_7_cluster_5_1mer,seed-2_sample-0,152,0.53,0.8082894736842104,"[0.75, 0.78, 0.87, 0.87, 0.79, 0.86, 0.92, 0.75, 0.89, 0.81, 0.96, 0.93, 0.96, 0.73, 0.89, 0.95, 0.98, 0.92, 0.53, 0.97, 0.89, 0.92, 0.93, 0.96, 0.91, 0.55, 0.95, 0.86, 0.9, 0.89, 0.83, 0.55, 0.71, 0.7, 0.87, 0.91, 0.59, 0.88, 0.92, 0.91, 0.83, 0.57, 0.71, 0.95, 0.78, 0.71, 0.96, 0.75, 0.92, 0.9, 0.91, 0.95, 0.9, 0.83, 0.95, 0.64, 0.81, 0.89, 0.94, 0.84, 0.82, 0.77, 0.86, 0.89, 0.85, 0.69, 0.59, 0.69, 0.62, 0.57, 0.61, 0.61, 0.6, 0.63, 0.59, 0.56, 0.87, 0.88, 0.92, 0.57, 0.7, 0.91, 0.71, 0.83, 0.95, 0.71, 0.9, 0.78, 0.96, 0.91, 0.75, 0.95, 0.81, 0.92, 0.9, 0.95, 0.89, 0.64, 0.94, 0.86, 0.84, 0.89, 0.69, 0.82, 0.85, 0.59, 0.69, 0.87, 0.75, 0.79, 0.91, 0.78, 0.87, 0.86, 0.59, 0.92, 0.81, 0.75, 0.96, 0.89, 0.89, 0.93, 0.96, 0.95, 0.98, 0.53, 0.92, 0.73, 0.92, 0.97, 0.93, 0.83, 0.96, 0.55, 0.89, 0.91, 0.95, 0.86, 0.71, 0.77, 0.9, 0.89, 0.83, 0.55, 0.62, 0.61, 0.57, 0.61, 0.6, 0.63, 0.59, 0.56]",bz_7,"cluster_4, cluster_5"
bz_7_cluster_4_1mer-bz_7_cluster_5_1mer,seed-5_sample-0,152,0.54,0.81,"[0.76, 0.78, 0.88, 0.87, 0.8, 0.87, 0.92, 0.75, 0.9, 0.81, 0.96, 0.94, 0.96, 0.74, 0.89, 0.95, 0.98, 0.92, 0.54, 0.97, 0.88, 0.92, 0.93, 0.96, 0.91, 0.55, 0.95, 0.86, 0.9, 0.89, 0.83, 0.55, 0.71, 0.7, 0.88, 0.91, 0.6, 0.89, 0.92, 0.91, 0.83, 0.57, 0.71, 0.95, 0.78, 0.72, 0.96, 0.75, 0.92, 0.9, 0.91, 0.95, 0.91, 0.82, 0.95, 0.62, 0.81, 0.9, 0.93, 0.85, 0.81, 0.77, 0.85, 0.89, 0.85, 0.69, 0.59, 0.7, 0.61, 0.57, 0.63, 0.61, 0.61, 0.63, 0.6, 0.57, 0.88, 0.89, 0.92, 0.57, 0.7, 0.91, 0.71, 0.83, 0.95, 0.72, 0.9, 0.78, 0.96, 0.91, 0.75, 0.95, 0.81, 0.92, 0.91, 0.95, 0.9, 0.62, 0.93, 0.85, 0.85, 0.89, 0.69, 0.81, 0.85, 0.59, 0.7, 0.87, 0.76, 0.8, 0.91, 0.78, 0.88, 0.87, 0.6, 0.92, 0.81, 0.75, 0.96, 0.89, 0.9, 0.94, 0.96, 0.95, 0.98, 0.54, 0.92, 0.74, 0.92, 0.97, 0.93, 0.82, 0.96, 0.55, 0.88, 0.91, 0.95, 0.86, 0.71, 0.77, 0.9, 0.89, 0.83, 0.55, 0.61, 0.61, 0.57, 0.63, 0.61, 0.63, 0.6, 0.57]",bz_7,"cluster_4, cluster_5"
bz_7_cluster_4_1mer-bz_7_cluster_5_1mer,seed-6_sample-0,152,0.54,0.8084210526315789,"[0.76, 0.78, 0.88, 0.87, 0.79, 0.87, 0.92, 0.75, 0.89, 0.8, 0.96, 0.93, 0.96, 0.74, 0.89, 0.95, 0.98, 0.92, 0.54, 0.96, 0.89, 0.92, 0.93, 0.96, 0.91, 0.56, 0.95, 0.86, 0.9, 0.89, 0.83, 0.56, 0.71, 0.7, 0.88, 0.9, 0.59, 0.88, 0.92, 0.91, 0.83, 0.56, 0.71, 0.95, 0.78, 0.72, 0.96, 0.75, 0.92, 0.9, 0.91, 0.95, 0.9, 0.83, 0.95, 0.63, 0.8, 0.9, 0.93, 0.84, 0.82, 0.77, 0.85, 0.89, 0.84, 0.69, 0.59, 0.69, 0.61, 0.57, 0.62, 0.61, 0.61, 0.62, 0.59, 0.56, 0.88, 0.88, 0.92, 0.56, 0.7, 0.91, 0.71, 0.83, 0.95, 0.72, 0.9, 0.78, 0.96, 0.91, 0.75, 0.95, 0.8, 0.92, 0.9, 0.95, 0.9, 0.63, 0.93, 0.85, 0.84, 0.89, 0.69, 0.82, 0.84, 0.59, 0.69, 0.87, 0.76, 0.79, 0.9, 0.78, 0.88, 0.87, 0.59, 0.92, 0.8, 0.75, 0.96, 0.89, 0.89, 0.93, 0.96, 0.95, 0.98, 0.54, 0.92, 0.74, 0.92, 0.96, 0.93, 0.83, 0.96, 0.56, 0.89, 0.91, 0.95, 0.86, 0.71, 0.77, 0.9, 0.89, 0.83, 0.56, 0.61, 0.61, 0.57, 0.62, 0.61, 0.62, 0.59, 0.56]",bz_7,"cluster_4, cluster_5"
bz_7_cluster_4_1mer-bz_7_cluster_5_1mer,seed-3_sample-0,152,0.54,0.8105263157894737,"[0.76, 0.78, 0.88, 0.87, 0.8, 0.87, 0.92, 0.76, 0.9, 0.81, 0.96, 0.93, 0.96, 0.74, 0.89, 0.95, 0.98, 0.92, 0.54, 0.97, 0.88, 0.92, 0.93, 0.96, 0.91, 0.55, 0.95, 0.86, 0.9, 0.89, 0.83, 0.55, 0.71, 0.71, 0.88, 0.9, 0.6, 0.89, 0.92, 0.91, 0.83, 0.57, 0.71, 0.95, 0.78, 0.71, 0.96, 0.74, 0.92, 0.9, 0.91, 0.95, 0.9, 0.83, 0.95, 0.63, 0.81, 0.9, 0.94, 0.85, 0.82, 0.76, 0.85, 0.9, 0.85, 0.69, 0.6, 0.69, 0.62, 0.58, 0.63, 0.62, 0.62, 0.63, 0.59, 0.57, 0.88, 0.89, 0.92, 0.57, 0.71, 0.91, 0.71, 0.83, 0.95, 0.71, 0.9, 0.78, 0.96, 0.91, 0.74, 0.95, 0.81, 0.92, 0.9, 0.95, 0.9, 0.63, 0.94, 0.85, 0.85, 0.9, 0.69, 0.82, 0.85, 0.6, 0.69, 0.87, 0.76, 0.8, 0.9, 0.78, 0.88, 0.87, 0.6, 0.92, 0.81, 0.76, 0.96, 0.89, 0.9, 0.93, 0.96, 0.95, 0.98, 0.54, 0.92, 0.74, 0.92, 0.97, 0.93, 0.83, 0.96, 0.55, 0.88, 0.91, 0.95, 0.86, 0.71, 0.76, 0.9, 0.89, 0.83, 0.55, 0.62, 0.62, 0.58, 0.63, 0.62, 0.63, 0.59, 0.57]",bz_7,"cluster_4, cluster_5"
bz_7_cluster_4_1mer-bz_7_cluster_5_1mer,seed-1_sample-0,152,0.53,0.81,"[0.77, 0.78, 0.87, 0.87, 0.8, 0.86, 0.92, 0.75, 0.89, 0.81, 0.96, 0.94, 0.96, 0.74, 0.89, 0.95, 0.98, 0.92, 0.53, 0.97, 0.89, 0.92, 0.93, 0.96, 0.91, 0.55, 0.95, 0.87, 0.9, 0.89, 0.83, 0.55, 0.71, 0.7, 0.87, 0.91, 0.59, 0.89, 0.92, 0.92, 0.83, 0.57, 0.72, 0.95, 0.78, 0.72, 0.96, 0.75, 0.92, 0.9, 0.91, 0.95, 0.9, 0.83, 0.95, 0.63, 0.81, 0.9, 0.93, 0.85, 0.82, 0.77, 0.85, 0.89, 0.85, 0.69, 0.6, 0.69, 0.61, 0.58, 0.63, 0.61, 0.61, 0.62, 0.59, 0.57, 0.87, 0.89, 0.92, 0.57, 0.7, 0.92, 0.72, 0.83, 0.95, 0.72, 0.9, 0.78, 0.96, 0.91, 0.75, 0.95, 0.81, 0.92, 0.9, 0.95, 0.9, 0.63, 0.93, 0.85, 0.85, 0.89, 0.69, 0.82, 0.85, 0.6, 0.69, 0.87, 0.77, 0.8, 0.91, 0.78, 0.87, 0.86, 0.59, 0.92, 0.81, 0.75, 0.96, 0.89, 0.89, 0.94, 0.96, 0.95, 0.98, 0.53, 0.92, 0.74, 0.92, 0.97, 0.93, 0.83, 0.96, 0.55, 0.89, 0.91, 0.95, 0.87, 0.71, 0.77, 0.9, 0.89, 0.83, 0.55, 0.61, 0.61, 0.58, 0.63, 0.61, 0.62, 0.59, 0.57]",bz_7,"cluster_4, cluster_5"
bz_7_cluster_4_1mer-bz_7_cluster_5_1mer,seed-7_sample-0,152,0.54,0.8085526315789474,"[0.76, 0.78, 0.87, 0.87, 0.8, 0.87, 0.92, 0.75, 0.9, 0.8, 0.96, 0.94, 0.96, 0.74, 0.89, 0.95, 0.98, 0.92, 0.54, 0.97, 0.88, 0.92, 0.93, 0.96, 0.91, 0.55, 0.95, 0.86, 0.9, 0.89, 0.82, 0.55, 0.71, 0.7, 0.88, 0.91, 0.6, 0.89, 0.92, 0.92, 0.82, 0.56, 0.7, 0.95, 0.78, 0.71, 0.96, 0.74, 0.92, 0.9, 0.91, 0.95, 0.91, 0.82, 0.95, 0.63, 0.81, 0.89, 0.93, 0.85, 0.82, 0.77, 0.85, 0.89, 0.84, 0.69, 0.59, 0.69, 0.61, 0.57, 0.62, 0.61, 0.6, 0.63, 0.59, 0.57, 0.88, 0.89, 0.92, 0.56, 0.7, 0.92, 0.7, 0.82, 0.95, 0.71, 0.9, 0.78, 0.96, 0.91, 0.74, 0.95, 0.81, 0.92, 0.91, 0.95, 0.89, 0.63, 0.93, 0.85, 0.85, 0.89, 0.69, 0.82, 0.84, 0.59, 0.69, 0.87, 0.76, 0.8, 0.91, 0.78, 0.87, 0.87, 0.6, 0.92, 0.8, 0.75, 0.96, 0.89, 0.9, 0.94, 0.96, 0.95, 0.98, 0.54, 0.92, 0.74, 0.92, 0.97, 0.93, 0.82, 0.96, 0.55, 0.88, 0.91, 0.95, 0.86, 0.71, 0.77, 0.9, 0.89, 0.82, 0.55, 0.61, 0.61, 0.57, 0.62, 0.6, 0.63, 0.59, 0.57]",bz_7,"cluster_4, cluster_5"
bz_7_cluster_4_1mer-bz_7_cluster_6_1mer,seed-8_sample-0,0,,,,bz_7,"cluster_4, cluster_6"
bz_7_cluster_4_1mer-bz_7_cluster_6_1mer,seed-10_sample-0,0,,,,bz_7,"cluster_4, cluster_6"
bz_7_cluster_4_1mer-bz_7_cluster_6_1mer,seed-9_sample-0,0,,,,bz_7,"cluster_4, cluster_6"
bz_7_cluster_4_1mer-bz_7_cluster_6_1mer,seed-4_sample-0,0,,,,bz_7,"cluster_4, cluster_6"
bz_7_cluster_4_1mer-bz_7_cluster_6_1mer,seed-2_sample-0,0,,,,bz_7,"cluster_4, cluster_6"
bz_7_cluster_4_1mer-bz_7_cluster_6_1mer,seed-5_sample-0,0,,,,bz_7,"cluster_4, cluster_6"
bz_7_cluster_4_1mer-bz_7_cluster_6_1mer,seed-6_sample-0,0,,,,bz_7,"cluster_4, cluster_6"
bz_7_cluster_4_1mer-bz_7_cluster_6_1mer,seed-3_sample-0,0,,,,bz_7,"cluster_4, cluster_6"
bz_7_cluster_4_1mer-bz_7_cluster_6_1mer,seed-1_sample-0,0,,,,bz_7,"cluster_4, cluster_6"
bz_7_cluster_4_1mer-bz_7_cluster_6_1mer,seed-7_sample-0,0,,,,bz_7,"cluster_4, cluster_6"
bz_7_cluster_4_1mer-bz_7_cluster_1_1mer,seed-8_sample-0,0,,,,bz_7,"cluster_1, cluster_4"
bz_7_cluster_4_1mer-bz_7_cluster_1_1mer,seed-10_sample-0,0,,,,bz_7,"cluster_1, cluster_4"
bz_7_cluster_4_1mer-bz_7_cluster_1_1mer,seed-9_sample-0,0,,,,bz_7,"cluster_1, cluster_4"
bz_7_cluster_4_1mer-bz_7_cluster_1_1mer,seed-4_sample-0,0,,,,bz_7,"cluster_1, cluster_4"
bz_7_cluster_4_1mer-bz_7_cluster_1_1mer,seed-2_sample-0,0,,,,bz_7,"cluster_1, cluster_4"
bz_7_cluster_4_1mer-bz_7_cluster_1_1mer,seed-5_sample-0,0,,,,bz_7,"cluster_1, cluster_4"
bz_7_cluster_4_1mer-bz_7_cluster_1_1mer,seed-6_sample-0,0,,,,bz_7,"cluster_1, cluster_4"
bz_7_cluster_4_1mer-bz_7_cluster_1_1mer,seed-3_sample-0,0,,,,bz_7,"cluster_1, cluster_4"
bz_7_cluster_4_1mer-bz_7_cluster_1_1mer,seed-1_sample-0,0,,,,bz_7,"cluster_1, cluster_4"
bz_7_cluster_4_1mer-bz_7_cluster_1_1mer,seed-7_sample-0,0,,,,bz_7,"cluster_1, cluster_4"
bz_7_cluster_4_1mer-bz_7_cluster_3_1mer,seed-8_sample-0,0,,,,bz_7,"cluster_3, cluster_4"
bz_7_cluster_4_1mer-bz_7_cluster_3_1mer,seed-10_sample-0,0,,,,bz_7,"cluster_3, cluster_4"
bz_7_cluster_4_1mer-bz_7_cluster_3_1mer,seed-9_sample-0,0,,,,bz_7,"cluster_3, cluster_4"
bz_7_cluster_4_1mer-bz_7_cluster_3_1mer,seed-4_sample-0,0,,,,bz_7,"cluster_3, cluster_4"
bz_7_cluster_4_1mer-bz_7_cluster_3_1mer,seed-2_sample-0,0,,,,bz_7,"cluster_3, cluster_4"
bz_7_cluster_4_1mer-bz_7_cluster_3_1mer,seed-5_sample-0,0,,,,bz_7,"cluster_3, cluster_4"
bz_7_cluster_4_1mer-bz_7_cluster_3_1mer,seed-6_sample-0,0,,,,bz_7,"cluster_3, cluster_4"
bz_7_cluster_4_1mer-bz_7_cluster_3_1mer,seed-3_sample-0,0,,,,bz_7,"cluster_3, cluster_4"
bz_7_cluster_4_1mer-bz_7_cluster_3_1mer,seed-1_sample-0,0,,,,bz_7,"cluster_3, cluster_4"
bz_7_cluster_4_1mer-bz_7_cluster_3_1mer,seed-7_sample-0,0,,,,bz_7,"cluster_3, cluster_4"
bz_7_cluster_4_1mer-bz_7_cluster_2_1mer,seed-8_sample-0,0,,,,bz_7,"cluster_2, cluster_4"
bz_7_cluster_4_1mer-bz_7_cluster_2_1mer,seed-10_sample-0,0,,,,bz_7,"cluster_2, cluster_4"
bz_7_cluster_4_1mer-bz_7_cluster_2_1mer,seed-9_sample-0,0,,,,bz_7,"cluster_2, cluster_4"
bz_7_cluster_4_1mer-bz_7_cluster_2_1mer,seed-4_sample-0,0,,,,bz_7,"cluster_2, cluster_4"
bz_7_cluster_4_1mer-bz_7_cluster_2_1mer,seed-2_sample-0,0,,,,bz_7,"cluster_2, cluster_4"
bz_7_cluster_4_1mer-bz_7_cluster_2_1mer,seed-5_sample-0,0,,,,bz_7,"cluster_2, cluster_4"
bz_7_cluster_4_1mer-bz_7_cluster_2_1mer,seed-6_sample-0,0,,,,bz_7,"cluster_2, cluster_4"
bz_7_cluster_4_1mer-bz_7_cluster_2_1mer,seed-3_sample-0,0,,,,bz_7,"cluster_2, cluster_4"
bz_7_cluster_4_1mer-bz_7_cluster_2_1mer,seed-1_sample-0,0,,,,bz_7,"cluster_2, cluster_4"
bz_7_cluster_4_1mer-bz_7_cluster_2_1mer,seed-7_sample-0,0,,,,bz_7,"cluster_2, cluster_4"
bz_7_cluster_5_1mer-bz_7_cluster_6_1mer,seed-8_sample-0,0,,,,bz_7,"cluster_5, cluster_6"
bz_7_cluster_5_1mer-bz_7_cluster_6_1mer,seed-10_sample-0,0,,,,bz_7,"cluster_5, cluster_6"
bz_7_cluster_5_1mer-bz_7_cluster_6_1mer,seed-9_sample-0,0,,,,bz_7,"cluster_5, cluster_6"
bz_7_cluster_5_1mer-bz_7_cluster_6_1mer,seed-4_sample-0,0,,,,bz_7,"cluster_5, cluster_6"
bz_7_cluster_5_1mer-bz_7_cluster_6_1mer,seed-2_sample-0,0,,,,bz_7,"cluster_5, cluster_6"
bz_7_cluster_5_1mer-bz_7_cluster_6_1mer,seed-5_sample-0,0,,,,bz_7,"cluster_5, cluster_6"
bz_7_cluster_5_1mer-bz_7_cluster_6_1mer,seed-6_sample-0,0,,,,bz_7,"cluster_5, cluster_6"
bz_7_cluster_5_1mer-bz_7_cluster_6_1mer,seed-3_sample-0,0,,,,bz_7,"cluster_5, cluster_6"
bz_7_cluster_5_1mer-bz_7_cluster_6_1mer,seed-1_sample-0,0,,,,bz_7,"cluster_5, cluster_6"
bz_7_cluster_5_1mer-bz_7_cluster_6_1mer,seed-7_sample-0,0,,,,bz_7,"cluster_5, cluster_6"
bz_7_cluster_5_1mer-bz_7_cluster_1_1mer,seed-8_sample-0,0,,,,bz_7,"cluster_1, cluster_5"
bz_7_cluster_5_1mer-bz_7_cluster_1_1mer,seed-10_sample-0,0,,,,bz_7,"cluster_1, cluster_5"
bz_7_cluster_5_1mer-bz_7_cluster_1_1mer,seed-9_sample-0,0,,,,bz_7,"cluster_1, cluster_5"
bz_7_cluster_5_1mer-bz_7_cluster_1_1mer,seed-4_sample-0,0,,,,bz_7,"cluster_1, cluster_5"
bz_7_cluster_5_1mer-bz_7_cluster_1_1mer,seed-2_sample-0,0,,,,bz_7,"cluster_1, cluster_5"
bz_7_cluster_5_1mer-bz_7_cluster_1_1mer,seed-5_sample-0,0,,,,bz_7,"cluster_1, cluster_5"
bz_7_cluster_5_1mer-bz_7_cluster_1_1mer,seed-6_sample-0,0,,,,bz_7,"cluster_1, cluster_5"
bz_7_cluster_5_1mer-bz_7_cluster_1_1mer,seed-3_sample-0,0,,,,bz_7,"cluster_1, cluster_5"
bz_7_cluster_5_1mer-bz_7_cluster_1_1mer,seed-1_sample-0,0,,,,bz_7,"cluster_1, cluster_5"
bz_7_cluster_5_1mer-bz_7_cluster_1_1mer,seed-7_sample-0,0,,,,bz_7,"cluster_1, cluster_5"
bz_7_cluster_5_1mer-bz_7_cluster_3_1mer,seed-8_sample-0,0,,,,bz_7,"cluster_3, cluster_5"
bz_7_cluster_5_1mer-bz_7_cluster_3_1mer,seed-10_sample-0,0,,,,bz_7,"cluster_3, cluster_5"
bz_7_cluster_5_1mer-bz_7_cluster_3_1mer,seed-9_sample-0,0,,,,bz_7,"cluster_3, cluster_5"
bz_7_cluster_5_1mer-bz_7_cluster_3_1mer,seed-4_sample-0,0,,,,bz_7,"cluster_3, cluster_5"
bz_7_cluster_5_1mer-bz_7_cluster_3_1mer,seed-2_sample-0,0,,,,bz_7,"cluster_3, cluster_5"
bz_7_cluster_5_1mer-bz_7_cluster_3_1mer,seed-5_sample-0,0,,,,bz_7,"cluster_3, cluster_5"
bz_7_cluster_5_1mer-bz_7_cluster_3_1mer,seed-6_sample-0,0,,,,bz_7,"cluster_3, cluster_5"
bz_7_cluster_5_1mer-bz_7_cluster_3_1mer,seed-3_sample-0,0,,,,bz_7,"cluster_3, cluster_5"
bz_7_cluster_5_1mer-bz_7_cluster_3_1mer,seed-1_sample-0,0,,,,bz_7,"cluster_3, cluster_5"
bz_7_cluster_5_1mer-bz_7_cluster_3_1mer,seed-7_sample-0,0,,,,bz_7,"cluster_3, cluster_5"
bz_7_cluster_5_1mer-bz_7_cluster_2_1mer,seed-8_sample-0,0,,,,bz_7,"cluster_2, cluster_5"
bz_7_cluster_5_1mer-bz_7_cluster_2_1mer,seed-10_sample-0,0,,,,bz_7,"cluster_2, cluster_5"
bz_7_cluster_5_1mer-bz_7_cluster_2_1mer,seed-9_sample-0,0,,,,bz_7,"cluster_2, cluster_5"
bz_7_cluster_5_1mer-bz_7_cluster_2_1mer,seed-4_sample-0,0,,,,bz_7,"cluster_2, cluster_5"
bz_7_cluster_5_1mer-bz_7_cluster_2_1mer,seed-2_sample-0,0,,,,bz_7,"cluster_2, cluster_5"
bz_7_cluster_5_1mer-bz_7_cluster_2_1mer,seed-5_sample-0,0,,,,bz_7,"cluster_2, cluster_5"
bz_7_cluster_5_1mer-bz_7_cluster_2_1mer,seed-6_sample-0,0,,,,bz_7,"cluster_2, cluster_5"
bz_7_cluster_5_1mer-bz_7_cluster_2_1mer,seed-3_sample-0,0,,,,bz_7,"cluster_2, cluster_5"
bz_7_cluster_5_1mer-bz_7_cluster_2_1mer,seed-1_sample-0,0,,,,bz_7,"cluster_2, cluster_5"
bz_7_cluster_5_1mer-bz_7_cluster_2_1mer,seed-7_sample-0,0,,,,bz_7,"cluster_2, cluster_5"
bz_7_cluster_6_1mer-bz_7_cluster_1_1mer,seed-8_sample-0,0,,,,bz_7,"cluster_1, cluster_6"
bz_7_cluster_6_1mer-bz_7_cluster_1_1mer,seed-10_sample-0,0,,,,bz_7,"cluster_1, cluster_6"
bz_7_cluster_6_1mer-bz_7_cluster_1_1mer,seed-9_sample-0,0,,,,bz_7,"cluster_1, cluster_6"
bz_7_cluster_6_1mer-bz_7_cluster_1_1mer,seed-4_sample-0,0,,,,bz_7,"cluster_1, cluster_6"
bz_7_cluster_6_1mer-bz_7_cluster_1_1mer,seed-2_sample-0,0,,,,bz_7,"cluster_1, cluster_6"
bz_7_cluster_6_1mer-bz_7_cluster_1_1mer,seed-5_sample-0,0,,,,bz_7,"cluster_1, cluster_6"
bz_7_cluster_6_1mer-bz_7_cluster_1_1mer,seed-6_sample-0,0,,,,bz_7,"cluster_1, cluster_6"
bz_7_cluster_6_1mer-bz_7_cluster_1_1mer,seed-3_sample-0,0,,,,bz_7,"cluster_1, cluster_6"
bz_7_cluster_6_1mer-bz_7_cluster_1_1mer,seed-1_sample-0,0,,,,bz_7,"cluster_1, cluster_6"
bz_7_cluster_6_1mer-bz_7_cluster_1_1mer,seed-7_sample-0,0,,,,bz_7,"cluster_1, cluster_6"
bz_7_cluster_6_1mer-bz_7_cluster_3_1mer,seed-8_sample-0,22,0.51,0.5636363636363636,"[0.52, 0.55, 0.55, 0.51, 0.59, 0.61, 0.58, 0.71, 0.54, 0.51, 0.53, 0.51, 0.53, 0.71, 0.55, 0.51, 0.59, 0.61, 0.58, 0.52, 0.55, 0.54]",bz_7,"cluster_3, cluster_6"
bz_7_cluster_6_1mer-bz_7_cluster_3_1mer,seed-10_sample-0,0,,,,bz_7,"cluster_3, cluster_6"
bz_7_cluster_6_1mer-bz_7_cluster_3_1mer,seed-9_sample-0,0,,,,bz_7,"cluster_3, cluster_6"
bz_7_cluster_6_1mer-bz_7_cluster_3_1mer,seed-4_sample-0,0,,,,bz_7,"cluster_3, cluster_6"
bz_7_cluster_6_1mer-bz_7_cluster_3_1mer,seed-2_sample-0,0,,,,bz_7,"cluster_3, cluster_6"
bz_7_cluster_6_1mer-bz_7_cluster_3_1mer,seed-5_sample-0,0,,,,bz_7,"cluster_3, cluster_6"
bz_7_cluster_6_1mer-bz_7_cluster_3_1mer,seed-6_sample-0,0,,,,bz_7,"cluster_3, cluster_6"
bz_7_cluster_6_1mer-bz_7_cluster_3_1mer,seed-3_sample-0,0,,,,bz_7,"cluster_3, cluster_6"
bz_7_cluster_6_1mer-bz_7_cluster_3_1mer,seed-1_sample-0,6,0.52,0.5533333333333333,"[0.52, 0.52, 0.62, 0.62, 0.52, 0.52]",bz_7,"cluster_3, cluster_6"
bz_7_cluster_6_1mer-bz_7_cluster_3_1mer,seed-7_sample-0,16,0.51,0.56875,"[0.54, 0.54, 0.57, 0.58, 0.58, 0.69, 0.54, 0.51, 0.51, 0.69, 0.54, 0.54, 0.57, 0.58, 0.58, 0.54]",bz_7,"cluster_3, cluster_6"
bz_7_cluster_6_1mer-bz_7_cluster_2_1mer,seed-8_sample-0,0,,,,bz_7,"cluster_2, cluster_6"
bz_7_cluster_6_1mer-bz_7_cluster_2_1mer,seed-10_sample-0,0,,,,bz_7,"cluster_2, cluster_6"
bz_7_cluster_6_1mer-bz_7_cluster_2_1mer,seed-9_sample-0,0,,,,bz_7,"cluster_2, cluster_6"
bz_7_cluster_6_1mer-bz_7_cluster_2_1mer,seed-4_sample-0,0,,,,bz_7,"cluster_2, cluster_6"
bz_7_cluster_6_1mer-bz_7_cluster_2_1mer,seed-2_sample-0,0,,,,bz_7,"cluster_2, cluster_6"
bz_7_cluster_6_1mer-bz_7_cluster_2_1mer,seed-5_sample-0,0,,,,bz_7,"cluster_2, cluster_6"
bz_7_cluster_6_1mer-bz_7_cluster_2_1mer,seed-6_sample-0,0,,,,bz_7,"cluster_2, cluster_6"
bz_7_cluster_6_1mer-bz_7_cluster_2_1mer,seed-3_sample-0,0,,,,bz_7,"cluster_2, cluster_6"
bz_7_cluster_6_1mer-bz_7_cluster_2_1mer,seed-1_sample-0,0,,,,bz_7,"cluster_2, cluster_6"
bz_7_cluster_6_1mer-bz_7_cluster_2_1mer,seed-7_sample-0,0,,,,bz_7,"cluster_2, cluster_6"
bz_7_cluster_1_1mer-bz_7_cluster_3_1mer,seed-8_sample-0,68,0.51,0.806470588235294,"[0.81, 0.71, 0.8, 0.9, 0.91, 0.87, 0.81, 0.9, 0.9, 0.87, 0.91, 0.82, 0.52, 0.89, 0.92, 0.67, 0.61, 0.69, 0.9, 0.89, 0.91, 0.89, 0.92, 0.93, 0.88, 0.67, 0.91, 0.88, 0.88, 0.91, 0.74, 0.55, 0.54, 0.51, 0.88, 0.89, 0.89, 0.61, 0.91, 0.69, 0.54, 0.71, 0.9, 0.91, 0.9, 0.87, 0.87, 0.82, 0.81, 0.8, 0.81, 0.9, 0.51, 0.92, 0.91, 0.9, 0.93, 0.74, 0.55, 0.88, 0.89, 0.67, 0.52, 0.92, 0.91, 0.91, 0.67, 0.88]",bz_7,"cluster_1, cluster_3"
bz_7_cluster_1_1mer-bz_7_cluster_3_1mer,seed-10_sample-0,66,0.51,0.8118181818181819,"[0.81, 0.71, 0.79, 0.9, 0.91, 0.86, 0.82, 0.9, 0.9, 0.87, 0.91, 0.82, 0.51, 0.89, 0.92, 0.67, 0.59, 0.68, 0.89, 0.88, 0.9, 0.88, 0.91, 0.93, 0.87, 0.67, 0.91, 0.88, 0.88, 0.9, 0.74, 0.55, 0.54, 0.88, 0.88, 0.89, 0.59, 0.91, 0.68, 0.54, 0.71, 0.9, 0.91, 0.9, 0.86, 0.87, 0.82, 0.81, 0.79, 0.82, 0.9, 0.91, 0.9, 0.89, 0.93, 0.74, 0.55, 0.87, 0.88, 0.67, 0.51, 0.92, 0.9, 0.91, 0.67, 0.88]",bz_7,"cluster_1, cluster_3"
bz_7_cluster_1_1mer-bz_7_cluster_3_1mer,seed-9_sample-0,66,0.51,0.8127272727272727,"[0.81, 0.72, 0.79, 0.9, 0.9, 0.86, 0.81, 0.9, 0.9, 0.87, 0.91, 0.82, 0.51, 0.89, 0.92, 0.68, 0.6, 0.68, 0.89, 0.88, 0.9, 0.88, 0.91, 0.93, 0.88, 0.67, 0.91, 0.88, 0.88, 0.9, 0.75, 0.55, 0.54, 0.88, 0.88, 0.89, 0.6, 0.91, 0.68, 0.54, 0.72, 0.9, 0.9, 0.9, 0.86, 0.87, 0.82, 0.81, 0.79, 0.81, 0.9, 0.91, 0.9, 0.89, 0.93, 0.75, 0.55, 0.88, 0.88, 0.67, 0.51, 0.92, 0.9, 0.91, 0.68, 0.88]",bz_7,"cluster_1, cluster_3"
bz_7_cluster_1_1mer-bz_7_cluster_3_1mer,seed-4_sample-0,68,0.51,0.8061764705882353,"[0.81, 0.72, 0.79, 0.9, 0.91, 0.87, 0.82, 0.9, 0.9, 0.87, 0.92, 0.82, 0.51, 0.89, 0.93, 0.67, 0.59, 0.68, 0.9, 0.89, 0.91, 0.89, 0.92, 0.93, 0.87, 0.68, 0.91, 0.88, 0.88, 0.9, 0.75, 0.54, 0.55, 0.51, 0.88, 0.89, 0.89, 0.59, 0.92, 0.68, 0.55, 0.72, 0.9, 0.91, 0.9, 0.87, 0.87, 0.82, 0.81, 0.79, 0.82, 0.9, 0.51, 0.92, 0.9, 0.9, 0.93, 0.75, 0.54, 0.87, 0.89, 0.68, 0.51, 0.93, 0.91, 0.91, 0.67, 0.88]",bz_7,"cluster_1, cluster_3"
bz_7_cluster_1_1mer-bz_7_cluster_3_1mer,seed-2_sample-0,66,0.51,0.8112121212121213,"[0.81, 0.71, 0.79, 0.9, 0.9, 0.86, 0.81, 0.9, 0.9, 0.87, 0.91, 0.82, 0.51, 0.89, 0.92, 0.67, 0.59, 0.67, 0.89, 0.88, 0.9, 0.88, 0.91, 0.93, 0.87, 0.67, 0.91, 0.88, 0.88, 0.9, 0.75, 0.55, 0.54, 0.88, 0.88, 0.89, 0.59, 0.91, 0.67, 0.54, 0.71, 0.9, 0.9, 0.9, 0.86, 0.87, 0.82, 0.81, 0.79, 0.81, 0.9, 0.91, 0.9, 0.89, 0.93, 0.75, 0.55, 0.87, 0.88, 0.67, 0.51, 0.92, 0.9, 0.91, 0.67, 0.88]",bz_7,"cluster_1, cluster_3"
bz_7_cluster_1_1mer-bz_7_cluster_3_1mer,seed-5_sample-0,68,0.51,0.8073529411764706,"[0.81, 0.72, 0.8, 0.9, 0.91, 0.87, 0.82, 0.9, 0.9, 0.87, 0.92, 0.83, 0.52, 0.89, 0.93, 0.67, 0.59, 0.69, 0.89, 0.89, 0.91, 0.89, 0.92, 0.93, 0.88, 0.67, 0.91, 0.88, 0.88, 0.91, 0.75, 0.54, 0.55, 0.51, 0.88, 0.89, 0.89, 0.59, 0.92, 0.69, 0.55, 0.72, 0.9, 0.91, 0.9, 0.87, 0.87, 0.83, 0.81, 0.8, 0.82, 0.9, 0.51, 0.92, 0.91, 0.89, 0.93, 0.75, 0.54, 0.88, 0.89, 0.67, 0.52, 0.93, 0.91, 0.91, 0.67, 0.88]",bz_7,"cluster_1, cluster_3"
bz_7_cluster_1_1mer-bz_7_cluster_3_1mer,seed-6_sample-0,68,0.51,0.8091176470588235,"[0.82, 0.71, 0.79, 0.9, 0.91, 0.87, 0.81, 0.91, 0.91, 0.87, 0.92, 0.83, 0.52, 0.89, 0.93, 0.69, 0.6, 0.69, 0.89, 0.89, 0.91, 0.89, 0.92, 0.93, 0.88, 0.67, 0.91, 0.89, 0.88, 0.91, 0.75, 0.55, 0.56, 0.51, 0.88, 0.89, 0.89, 0.6, 0.92, 0.69, 0.56, 0.71, 0.9, 0.91, 0.91, 0.87, 0.87, 0.83, 0.82, 0.79, 0.81, 0.91, 0.51, 0.92, 0.91, 0.89, 0.93, 0.75, 0.55, 0.88, 0.89, 0.67, 0.52, 0.93, 0.91, 0.91, 0.69, 0.89]",bz_7,"cluster_1, cluster_3"
bz_7_cluster_1_1mer-bz_7_cluster_3_1mer,seed-3_sample-0,66,0.51,0.8133333333333335,"[0.82, 0.71, 0.79, 0.9, 0.91, 0.87, 0.82, 0.9, 0.9, 0.87, 0.91, 0.82, 0.51, 0.89, 0.93, 0.67, 0.58, 0.68, 0.9, 0.88, 0.9, 0.88, 0.92, 0.93, 0.88, 0.67, 0.9, 0.88, 0.88, 0.9, 0.75, 0.55, 0.54, 0.88, 0.88, 0.89, 0.58, 0.91, 0.68, 0.54, 0.71, 0.9, 0.91, 0.9, 0.87, 0.87, 0.82, 0.82, 0.79, 0.82, 0.9, 0.92, 0.9, 0.9, 0.93, 0.75, 0.55, 0.88, 0.88, 0.67, 0.51, 0.93, 0.9, 0.9, 0.67, 0.88]",bz_7,"cluster_1, cluster_3"
bz_7_cluster_1_1mer-bz_7_cluster_3_1mer,seed-1_sample-0,68,0.51,0.8085294117647058,"[0.81, 0.72, 0.8, 0.9, 0.91, 0.87, 0.82, 0.91, 0.91, 0.87, 0.91, 0.82, 0.52, 0.9, 0.93, 0.68, 0.59, 0.7, 0.9, 0.88, 0.91, 0.89, 0.92, 0.93, 0.88, 0.68, 0.91, 0.88, 0.88, 0.91, 0.75, 0.55, 0.54, 0.51, 0.88, 0.89, 0.9, 0.59, 0.91, 0.7, 0.54, 0.72, 0.9, 0.91, 0.91, 0.87, 0.87, 0.82, 0.81, 0.8, 0.82, 0.91, 0.51, 0.92, 0.91, 0.9, 0.93, 0.75, 0.55, 0.88, 0.88, 0.68, 0.52, 0.93, 0.91, 0.91, 0.68, 0.88]",bz_7,"cluster_1, cluster_3"
bz_7_cluster_1_1mer-bz_7_cluster_3_1mer,seed-7_sample-0,68,0.51,0.805,"[0.81, 0.72, 0.79, 0.9, 0.9, 0.87, 0.82, 0.9, 0.9, 0.87, 0.91, 0.82, 0.51, 0.89, 0.93, 0.68, 0.59, 0.68, 0.89, 0.89, 0.9, 0.89, 0.92, 0.93, 0.87, 0.67, 0.91, 0.88, 0.88, 0.9, 0.75, 0.55, 0.54, 0.51, 0.88, 0.89, 0.89, 0.59, 0.91, 0.68, 0.54, 0.72, 0.9, 0.9, 0.9, 0.87, 0.87, 0.82, 0.81, 0.79, 0.82, 0.9, 0.51, 0.92, 0.9, 0.89, 0.93, 0.75, 0.55, 0.87, 0.89, 0.67, 0.51, 0.93, 0.9, 0.91, 0.68, 0.88]",bz_7,"cluster_1, cluster_3"
bz_7_cluster_1_1mer-bz_7_cluster_2_1mer,seed-8_sample-0,0,,,,bz_7,"cluster_1, cluster_2"
bz_7_cluster_1_1mer-bz_7_cluster_2_1mer,seed-10_sample-0,0,,,,bz_7,"cluster_1, cluster_2"
bz_7_cluster_1_1mer-bz_7_cluster_2_1mer,seed-9_sample-0,0,,,,bz_7,"cluster_1, cluster_2"
bz_7_cluster_1_1mer-bz_7_cluster_2_1mer,seed-4_sample-0,0,,,,bz_7,"cluster_1, cluster_2"
bz_7_cluster_1_1mer-bz_7_cluster_2_1mer,seed-2_sample-0,0,,,,bz_7,"cluster_1, cluster_2"
bz_7_cluster_1_1mer-bz_7_cluster_2_1mer,seed-5_sample-0,0,,,,bz_7,"cluster_1, cluster_2"
bz_7_cluster_1_1mer-bz_7_cluster_2_1mer,seed-6_sample-0,0,,,,bz_7,"cluster_1, cluster_2"
bz_7_cluster_1_1mer-bz_7_cluster_2_1mer,seed-3_sample-0,0,,,,bz_7,"cluster_1, cluster_2"
bz_7_cluster_1_1mer-bz_7_cluster_2_1mer,seed-1_sample-0,0,,,,bz_7,"cluster_1, cluster_2"
bz_7_cluster_1_1mer-bz_7_cluster_2_1mer,seed-7_sample-0,0,,,,bz_7,"cluster_1, cluster_2"
bz_7_cluster_3_1mer-bz_7_cluster_2_1mer,seed-8_sample-0,0,,,,bz_7,"cluster_2, cluster_3"
bz_7_cluster_3_1mer-bz_7_cluster_2_1mer,seed-10_sample-0,0,,,,bz_7,"cluster_2, cluster_3"
bz_7_cluster_3_1mer-bz_7_cluster_2_1mer,seed-9_sample-0,0,,,,bz_7,"cluster_2, cluster_3"
bz_7_cluster_3_1mer-bz_7_cluster_2_1mer,seed-4_sample-0,0,,,,bz_7,"cluster_2, cluster_3"
bz_7_cluster_3_1mer-bz_7_cluster_2_1mer,seed-2_sample-0,0,,,,bz_7,"cluster_2, cluster_3"
bz_7_cluster_3_1mer-bz_7_cluster_2_1mer,seed-5_sample-0,0,,,,bz_7,"cluster_2, cluster_3"
bz_7_cluster_3_1mer-bz_7_cluster_2_1mer,seed-6_sample-0,0,,,,bz_7,"cluster_2, cluster_3"
bz_7_cluster_3_1mer-bz_7_cluster_2_1mer,seed-3_sample-0,0,,,,bz_7,"cluster_2, cluster_3"
bz_7_cluster_3_1mer-bz_7_cluster_2_1mer,seed-1_sample-0,0,,,,bz_7,"cluster_2, cluster_3"
bz_7_cluster_3_1mer-bz_7_cluster_2_1mer,seed-7_sample-0,0,,,,bz_7,"cluster_2, cluster_3"
bz_7_cluster_7_1mer-bz_7_cluster_7_1mer,seed-8_sample-0,0,,,,bz_7,"cluster_7, cluster_7"
bz_7_cluster_7_1mer-bz_7_cluster_7_1mer,seed-10_sample-0,0,,,,bz_7,"cluster_7, cluster_7"
bz_7_cluster_7_1mer-bz_7_cluster_7_1mer,seed-9_sample-0,0,,,,bz_7,"cluster_7, cluster_7"
bz_7_cluster_7_1mer-bz_7_cluster_7_1mer,seed-4_sample-0,0,,,,bz_7,"cluster_7, cluster_7"
bz_7_cluster_7_1mer-bz_7_cluster_7_1mer,seed-2_sample-0,0,,,,bz_7,"cluster_7, cluster_7"
bz_7_cluster_7_1mer-bz_7_cluster_7_1mer,seed-5_sample-0,0,,,,bz_7,"cluster_7, cluster_7"
bz_7_cluster_7_1mer-bz_7_cluster_7_1mer,seed-6_sample-0,0,,,,bz_7,"cluster_7, cluster_7"
bz_7_cluster_7_1mer-bz_7_cluster_7_1mer,seed-3_sample-0,0,,,,bz_7,"cluster_7, cluster_7"
bz_7_cluster_7_1mer-bz_7_cluster_7_1mer,seed-1_sample-0,0,,,,bz_7,"cluster_7, cluster_7"
bz_7_cluster_7_1mer-bz_7_cluster_7_1mer,seed-7_sample-0,0,,,,bz_7,"cluster_7, cluster_7"
bz_7_cluster_0_1mer-bz_7_cluster_0_1mer,seed-8_sample-0,0,,,,bz_7,"cluster_0, cluster_0"
bz_7_cluster_0_1mer-bz_7_cluster_0_1mer,seed-10_sample-0,0,,,,bz_7,"cluster_0, cluster_0"
bz_7_cluster_0_1mer-bz_7_cluster_0_1mer,seed-9_sample-0,0,,,,bz_7,"cluster_0, cluster_0"
bz_7_cluster_0_1mer-bz_7_cluster_0_1mer,seed-4_sample-0,0,,,,bz_7,"cluster_0, cluster_0"
bz_7_cluster_0_1mer-bz_7_cluster_0_1mer,seed-2_sample-0,0,,,,bz_7,"cluster_0, cluster_0"
bz_7_cluster_0_1mer-bz_7_cluster_0_1mer,seed-5_sample-0,0,,,,bz_7,"cluster_0, cluster_0"
bz_7_cluster_0_1mer-bz_7_cluster_0_1mer,seed-6_sample-0,0,,,,bz_7,"cluster_0, cluster_0"
bz_7_cluster_0_1mer-bz_7_cluster_0_1mer,seed-3_sample-0,0,,,,bz_7,"cluster_0, cluster_0"
bz_7_cluster_0_1mer-bz_7_cluster_0_1mer,seed-1_sample-0,0,,,,bz_7,"cluster_0, cluster_0"
bz_7_cluster_0_1mer-bz_7_cluster_0_1mer,seed-7_sample-0,0,,,,bz_7,"cluster_0, cluster_0"
bz_7_cluster_4_1mer-bz_7_cluster_4_1mer,seed-8_sample-0,0,,,,bz_7,"cluster_4, cluster_4"
bz_7_cluster_4_1mer-bz_7_cluster_4_1mer,seed-10_sample-0,0,,,,bz_7,"cluster_4, cluster_4"
bz_7_cluster_4_1mer-bz_7_cluster_4_1mer,seed-9_sample-0,0,,,,bz_7,"cluster_4, cluster_4"
bz_7_cluster_4_1mer-bz_7_cluster_4_1mer,seed-4_sample-0,0,,,,bz_7,"cluster_4, cluster_4"
bz_7_cluster_4_1mer-bz_7_cluster_4_1mer,seed-2_sample-0,0,,,,bz_7,"cluster_4, cluster_4"
bz_7_cluster_4_1mer-bz_7_cluster_4_1mer,seed-5_sample-0,0,,,,bz_7,"cluster_4, cluster_4"
bz_7_cluster_4_1mer-bz_7_cluster_4_1mer,seed-6_sample-0,4,0.53,0.535,"[0.54, 0.53, 0.53, 0.54]",bz_7,"cluster_4, cluster_4"
bz_7_cluster_4_1mer-bz_7_cluster_4_1mer,seed-3_sample-0,4,0.56,0.565,"[0.57, 0.56, 0.56, 0.57]",bz_7,"cluster_4, cluster_4"
bz_7_cluster_4_1mer-bz_7_cluster_4_1mer,seed-1_sample-0,0,,,,bz_7,"cluster_4, cluster_4"
bz_7_cluster_4_1mer-bz_7_cluster_4_1mer,seed-7_sample-0,0,,,,bz_7,"cluster_4, cluster_4"
bz_7_cluster_5_1mer-bz_7_cluster_5_1mer,seed-8_sample-0,14,0.51,0.5657142857142857,"[0.55, 0.56, 0.51, 0.55, 0.56, 0.61, 0.62, 0.55, 0.56, 0.55, 0.56, 0.62, 0.51, 0.61]",bz_7,"cluster_5, cluster_5"
bz_7_cluster_5_1mer-bz_7_cluster_5_1mer,seed-10_sample-0,16,0.51,0.56875,"[0.57, 0.57, 0.51, 0.57, 0.57, 0.62, 0.51, 0.63, 0.57, 0.57, 0.51, 0.57, 0.57, 0.63, 0.51, 0.62]",bz_7,"cluster_5, cluster_5"
bz_7_cluster_5_1mer-bz_7_cluster_5_1mer,seed-9_sample-0,16,0.51,0.57125,"[0.51, 0.56, 0.58, 0.56, 0.58, 0.64, 0.51, 0.63, 0.56, 0.58, 0.51, 0.51, 0.56, 0.58, 0.63, 0.64]",bz_7,"cluster_5, cluster_5"
bz_7_cluster_5_1mer-bz_7_cluster_5_1mer,seed-4_sample-0,18,0.51,0.5633333333333334,"[0.51, 0.56, 0.58, 0.51, 0.56, 0.58, 0.63, 0.51, 0.63, 0.56, 0.58, 0.51, 0.51, 0.56, 0.58, 0.63, 0.51, 0.63]",bz_7,"cluster_5, cluster_5"
bz_7_cluster_5_1mer-bz_7_cluster_5_1mer,seed-2_sample-0,22,0.51,0.5581818181818182,"[0.52, 0.57, 0.58, 0.52, 0.57, 0.58, 0.64, 0.51, 0.51, 0.63, 0.51, 0.57, 0.58, 0.51, 0.52, 0.57, 0.58, 0.63, 0.51, 0.52, 0.64, 0.51]",bz_7,"cluster_5, cluster_5"
bz_7_cluster_5_1mer-bz_7_cluster_5_1mer,seed-5_sample-0,16,0.51,0.565,"[0.51, 0.57, 0.56, 0.51, 0.56, 0.57, 0.62, 0.62, 0.56, 0.57, 0.51, 0.57, 0.56, 0.62, 0.51, 0.62]",bz_7,"cluster_5, cluster_5"
bz_7_cluster_5_1mer-bz_7_cluster_5_1mer,seed-6_sample-0,22,0.51,0.5554545454545455,"[0.52, 0.58, 0.57, 0.51, 0.57, 0.57, 0.63, 0.51, 0.63, 0.51, 0.51, 0.57, 0.57, 0.51, 0.52, 0.58, 0.57, 0.63, 0.51, 0.51, 0.63, 0.51]",bz_7,"cluster_5, cluster_5"
bz_7_cluster_5_1mer-bz_7_cluster_5_1mer,seed-3_sample-0,12,0.56,0.5816666666666667,"[0.56, 0.56, 0.56, 0.57, 0.62, 0.62, 0.56, 0.57, 0.56, 0.56, 0.62, 0.62]",bz_7,"cluster_5, cluster_5"
bz_7_cluster_5_1mer-bz_7_cluster_5_1mer,seed-1_sample-0,14,0.51,0.5757142857142857,"[0.51, 0.57, 0.57, 0.56, 0.57, 0.62, 0.63, 0.56, 0.57, 0.51, 0.57, 0.57, 0.63, 0.62]",bz_7,"cluster_5, cluster_5"
bz_7_cluster_5_1mer-bz_7_cluster_5_1mer,seed-7_sample-0,20,0.51,0.587,"[0.55, 0.61, 0.6, 0.55, 0.6, 0.6, 0.6, 0.51, 0.6, 0.65, 0.55, 0.6, 0.6, 0.55, 0.61, 0.6, 0.6, 0.6, 0.65, 0.51]",bz_7,"cluster_5, cluster_5"
bz_7_cluster_6_1mer-bz_7_cluster_6_1mer,seed-8_sample-0,278,0.51,0.85431654676259,"[0.94, 0.97, 0.92, 0.77, 0.72, 0.97, 0.97, 0.97, 0.98, 0.96, 0.98, 0.98, 0.55, 0.98, 0.98, 0.95, 0.97, 0.96, 0.97, 0.94, 0.98, 0.97, 0.57, 0.92, 0.98, 0.69, 0.57, 0.75, 0.89, 0.71, 0.86, 0.58, 0.78, 0.64, 0.92, 0.85, 0.89, 0.85, 0.91, 0.93, 0.94, 0.92, 0.8, 0.86, 0.87, 0.9, 0.87, 0.72, 0.97, 0.97, 0.98, 0.98, 0.98, 0.96, 0.98, 0.95, 0.55, 0.97, 0.94, 0.92, 0.98, 0.96, 0.98, 0.97, 0.98, 0.7, 0.97, 0.71, 0.88, 0.83, 0.84, 0.91, 0.91, 0.9, 0.77, 0.9, 0.89, 0.89, 0.9, 0.92, 0.72, 0.87, 0.76, 0.91, 0.73, 0.51, 0.91, 0.89, 0.92, 0.97, 0.51, 0.69, 0.78, 0.97, 0.56, 0.91, 0.7, 0.56, 0.97, 0.88, 0.83, 0.91, 0.76, 0.9, 0.86, 0.9, 0.77, 0.91, 0.9, 0.9, 0.89, 0.73, 0.89, 0.9, 0.86, 0.93, 0.85, 0.72, 0.84, 0.92, 0.78, 0.64, 0.9, 0.72, 0.88, 0.85, 0.93, 0.87, 0.9, 0.87, 0.86, 0.92, 0.91, 0.92, 0.57, 0.75, 0.71, 0.59, 0.8, 0.94, 0.97, 0.92, 0.78, 0.72, 0.97, 0.97, 0.97, 0.98, 0.96, 0.98, 0.98, 0.55, 0.98, 0.98, 0.95, 0.97, 0.96, 0.97, 0.94, 0.98, 0.97, 0.57, 0.92, 0.98, 0.7, 0.57, 0.75, 0.88, 0.71, 0.86, 0.59, 0.78, 0.64, 0.92, 0.86, 0.9, 0.85, 0.91, 0.93, 0.93, 0.92, 0.8, 0.85, 0.87, 0.9, 0.86, 0.72, 0.97, 0.97, 0.98, 0.98, 0.98, 0.96, 0.98, 0.95, 0.55, 0.97, 0.94, 0.92, 0.98, 0.96, 0.98, 0.97, 0.98, 0.69, 0.97, 0.72, 0.88, 0.84, 0.83, 0.91, 0.9, 0.9, 0.77, 0.9, 0.89, 0.89, 0.9, 0.92, 0.72, 0.87, 0.76, 0.91, 0.73, 0.51, 0.91, 0.9, 0.92, 0.97, 0.51, 0.7, 0.77, 0.97, 0.56, 0.91, 0.69, 0.56, 0.97, 0.88, 0.84, 0.91, 0.76, 0.89, 0.87, 0.91, 0.77, 0.91, 0.9, 0.9, 0.89, 0.73, 0.89, 0.9, 0.85, 0.93, 0.86, 0.71, 0.83, 0.92, 0.78, 0.64, 0.89, 0.72, 0.89, 0.85, 0.94, 0.87, 0.9, 0.87, 0.86, 0.92, 0.91, 0.92, 0.57, 0.75, 0.71, 0.58, 0.8]",bz_7,"cluster_6, cluster_6"
bz_7_cluster_6_1mer-bz_7_cluster_6_1mer,seed-10_sample-0,276,0.51,0.856376811594203,"[0.94, 0.97, 0.92, 0.77, 0.72, 0.97, 0.97, 0.97, 0.98, 0.96, 0.98, 0.98, 0.55, 0.98, 0.98, 0.95, 0.97, 0.96, 0.97, 0.94, 0.98, 0.97, 0.56, 0.91, 0.98, 0.69, 0.57, 0.74, 0.89, 0.72, 0.86, 0.58, 0.77, 0.64, 0.92, 0.86, 0.89, 0.84, 0.91, 0.93, 0.93, 0.92, 0.8, 0.86, 0.87, 0.9, 0.87, 0.72, 0.97, 0.97, 0.98, 0.98, 0.98, 0.96, 0.98, 0.95, 0.55, 0.97, 0.94, 0.92, 0.98, 0.96, 0.98, 0.97, 0.98, 0.7, 0.97, 0.71, 0.88, 0.84, 0.84, 0.91, 0.9, 0.9, 0.77, 0.9, 0.89, 0.89, 0.9, 0.92, 0.72, 0.87, 0.76, 0.91, 0.73, 0.51, 0.92, 0.89, 0.92, 0.97, 0.7, 0.77, 0.97, 0.57, 0.91, 0.7, 0.58, 0.97, 0.87, 0.83, 0.91, 0.76, 0.89, 0.86, 0.9, 0.76, 0.91, 0.9, 0.9, 0.89, 0.72, 0.9, 0.9, 0.86, 0.93, 0.85, 0.72, 0.83, 0.92, 0.78, 0.64, 0.89, 0.72, 0.89, 0.85, 0.93, 0.87, 0.9, 0.87, 0.86, 0.92, 0.91, 0.92, 0.56, 0.75, 0.71, 0.58, 0.8, 0.94, 0.97, 0.92, 0.77, 0.72, 0.97, 0.97, 0.97, 0.98, 0.96, 0.98, 0.98, 0.55, 0.98, 0.98, 0.95, 0.97, 0.96, 0.97, 0.94, 0.98, 0.97, 0.56, 0.92, 0.98, 0.7, 0.56, 0.75, 0.89, 0.71, 0.86, 0.58, 0.78, 0.64, 0.92, 0.86, 0.89, 0.85, 0.91, 0.93, 0.93, 0.92, 0.8, 0.85, 0.87, 0.9, 0.86, 0.72, 0.97, 0.97, 0.98, 0.98, 0.98, 0.96, 0.98, 0.95, 0.55, 0.97, 0.94, 0.91, 0.98, 0.96, 0.98, 0.97, 0.98, 0.69, 0.97, 0.72, 0.87, 0.83, 0.83, 0.91, 0.9, 0.9, 0.76, 0.9, 0.89, 0.9, 0.9, 0.92, 0.72, 0.87, 0.76, 0.91, 0.72, 0.91, 0.89, 0.92, 0.97, 0.51, 0.7, 0.77, 0.97, 0.58, 0.92, 0.7, 0.57, 0.97, 0.88, 0.84, 0.91, 0.76, 0.89, 0.87, 0.9, 0.77, 0.91, 0.9, 0.9, 0.89, 0.73, 0.89, 0.9, 0.86, 0.93, 0.86, 0.71, 0.84, 0.92, 0.77, 0.64, 0.89, 0.72, 0.89, 0.84, 0.93, 0.87, 0.9, 0.87, 0.86, 0.92, 0.91, 0.92, 0.57, 0.74, 0.72, 0.58, 0.8]",bz_7,"cluster_6, cluster_6"
bz_7_cluster_6_1mer-bz_7_cluster_6_1mer,seed-9_sample-0,278,0.51,0.8545323741007195,"[0.94, 0.97, 0.92, 0.77, 0.72, 0.97, 0.96, 0.97, 0.98, 0.96, 0.98, 0.98, 0.55, 0.98, 0.98, 0.95, 0.97, 0.96, 0.96, 0.94, 0.98, 0.97, 0.56, 0.91, 0.98, 0.69, 0.57, 0.75, 0.89, 0.72, 0.86, 0.59, 0.78, 0.64, 0.92, 0.86, 0.89, 0.85, 0.91, 0.93, 0.93, 0.92, 0.8, 0.85, 0.87, 0.9, 0.87, 0.72, 0.97, 0.97, 0.98, 0.98, 0.98, 0.96, 0.98, 0.95, 0.55, 0.97, 0.94, 0.91, 0.98, 0.96, 0.98, 0.97, 0.98, 0.69, 0.97, 0.72, 0.88, 0.83, 0.84, 0.91, 0.9, 0.9, 0.77, 0.9, 0.9, 0.9, 0.9, 0.92, 0.73, 0.87, 0.77, 0.91, 0.73, 0.51, 0.91, 0.89, 0.92, 0.97, 0.51, 0.69, 0.78, 0.97, 0.57, 0.92, 0.7, 0.57, 0.97, 0.88, 0.83, 0.91, 0.77, 0.89, 0.87, 0.9, 0.77, 0.91, 0.9, 0.9, 0.89, 0.72, 0.9, 0.9, 0.86, 0.93, 0.85, 0.72, 0.83, 0.92, 0.78, 0.63, 0.9, 0.73, 0.89, 0.85, 0.93, 0.86, 0.9, 0.87, 0.86, 0.92, 0.91, 0.92, 0.57, 0.75, 0.72, 0.59, 0.8, 0.94, 0.97, 0.92, 0.78, 0.72, 0.97, 0.97, 0.97, 0.98, 0.96, 0.98, 0.98, 0.55, 0.98, 0.98, 0.95, 0.97, 0.96, 0.97, 0.94, 0.98, 0.97, 0.56, 0.91, 0.98, 0.69, 0.57, 0.75, 0.89, 0.72, 0.86, 0.59, 0.78, 0.63, 0.92, 0.86, 0.9, 0.85, 0.91, 0.93, 0.93, 0.92, 0.8, 0.85, 0.86, 0.9, 0.87, 0.72, 0.97, 0.97, 0.98, 0.98, 0.98, 0.96, 0.98, 0.95, 0.55, 0.97, 0.94, 0.91, 0.98, 0.96, 0.98, 0.97, 0.98, 0.69, 0.96, 0.72, 0.88, 0.83, 0.83, 0.91, 0.9, 0.9, 0.77, 0.9, 0.89, 0.9, 0.9, 0.92, 0.73, 0.87, 0.77, 0.91, 0.72, 0.51, 0.92, 0.89, 0.92, 0.96, 0.51, 0.7, 0.77, 0.97, 0.57, 0.91, 0.69, 0.57, 0.97, 0.88, 0.84, 0.91, 0.77, 0.89, 0.87, 0.9, 0.77, 0.91, 0.9, 0.9, 0.9, 0.73, 0.9, 0.9, 0.86, 0.93, 0.85, 0.72, 0.83, 0.92, 0.78, 0.64, 0.89, 0.73, 0.89, 0.85, 0.93, 0.87, 0.9, 0.87, 0.86, 0.92, 0.91, 0.92, 0.57, 0.75, 0.72, 0.59, 0.8]",bz_7,"cluster_6, cluster_6"
bz_7_cluster_6_1mer-bz_7_cluster_6_1mer,seed-4_sample-0,278,0.51,0.853956834532374,"[0.94, 0.97, 0.92, 0.78, 0.72, 0.97, 0.96, 0.97, 0.98, 0.96, 0.98, 0.98, 0.54, 0.98, 0.98, 0.95, 0.97, 0.96, 0.97, 0.94, 0.98, 0.97, 0.57, 0.91, 0.98, 0.68, 0.57, 0.75, 0.88, 0.72, 0.86, 0.59, 0.78, 0.64, 0.92, 0.86, 0.9, 0.85, 0.91, 0.93, 0.93, 0.92, 0.8, 0.85, 0.87, 0.9, 0.86, 0.72, 0.97, 0.97, 0.97, 0.98, 0.98, 0.96, 0.98, 0.95, 0.55, 0.97, 0.94, 0.91, 0.98, 0.96, 0.98, 0.97, 0.98, 0.69, 0.97, 0.72, 0.88, 0.83, 0.84, 0.92, 0.91, 0.89, 0.77, 0.9, 0.89, 0.9, 0.9, 0.92, 0.73, 0.87, 0.77, 0.9, 0.72, 0.51, 0.92, 0.89, 0.91, 0.96, 0.51, 0.7, 0.78, 0.97, 0.57, 0.91, 0.7, 0.57, 0.97, 0.88, 0.83, 0.9, 0.76, 0.89, 0.86, 0.9, 0.77, 0.91, 0.9, 0.9, 0.9, 0.73, 0.89, 0.9, 0.86, 0.93, 0.85, 0.73, 0.84, 0.92, 0.77, 0.64, 0.89, 0.72, 0.89, 0.85, 0.93, 0.87, 0.9, 0.86, 0.86, 0.92, 0.91, 0.92, 0.57, 0.75, 0.71, 0.58, 0.8, 0.94, 0.97, 0.91, 0.78, 0.72, 0.97, 0.96, 0.97, 0.97, 0.96, 0.98, 0.98, 0.55, 0.98, 0.98, 0.95, 0.97, 0.96, 0.97, 0.94, 0.98, 0.97, 0.57, 0.91, 0.98, 0.69, 0.57, 0.75, 0.89, 0.71, 0.86, 0.58, 0.77, 0.64, 0.92, 0.86, 0.89, 0.85, 0.91, 0.93, 0.93, 0.92, 0.8, 0.85, 0.87, 0.9, 0.86, 0.72, 0.97, 0.97, 0.98, 0.98, 0.98, 0.96, 0.98, 0.95, 0.54, 0.97, 0.94, 0.91, 0.98, 0.96, 0.98, 0.97, 0.98, 0.68, 0.97, 0.73, 0.88, 0.84, 0.83, 0.9, 0.9, 0.9, 0.77, 0.9, 0.9, 0.89, 0.9, 0.92, 0.72, 0.86, 0.76, 0.91, 0.73, 0.51, 0.91, 0.89, 0.92, 0.96, 0.51, 0.7, 0.78, 0.97, 0.57, 0.92, 0.7, 0.57, 0.97, 0.88, 0.84, 0.92, 0.77, 0.89, 0.86, 0.91, 0.77, 0.9, 0.89, 0.9, 0.89, 0.72, 0.9, 0.9, 0.86, 0.93, 0.85, 0.72, 0.83, 0.92, 0.78, 0.64, 0.9, 0.73, 0.88, 0.85, 0.93, 0.87, 0.9, 0.87, 0.86, 0.92, 0.91, 0.92, 0.57, 0.75, 0.72, 0.59, 0.8]",bz_7,"cluster_6, cluster_6"
bz_7_cluster_6_1mer-bz_7_cluster_6_1mer,seed-2_sample-0,282,0.51,0.8512056737588654,"[0.94, 0.97, 0.92, 0.78, 0.72, 0.98, 0.97, 0.97, 0.98, 0.96, 0.98, 0.98, 0.55, 0.98, 0.98, 0.95, 0.97, 0.97, 0.97, 0.95, 0.98, 0.97, 0.56, 0.92, 0.98, 0.71, 0.58, 0.75, 0.54, 0.89, 0.72, 0.87, 0.6, 0.78, 0.65, 0.92, 0.87, 0.89, 0.84, 0.91, 0.93, 0.93, 0.92, 0.81, 0.86, 0.87, 0.9, 0.87, 0.72, 0.97, 0.98, 0.98, 0.98, 0.98, 0.96, 0.98, 0.95, 0.54, 0.98, 0.94, 0.92, 0.98, 0.96, 0.98, 0.97, 0.98, 0.71, 0.97, 0.72, 0.88, 0.83, 0.84, 0.91, 0.91, 0.9, 0.77, 0.9, 0.89, 0.9, 0.9, 0.92, 0.72, 0.87, 0.76, 0.91, 0.72, 0.51, 0.92, 0.9, 0.92, 0.97, 0.51, 0.69, 0.78, 0.97, 0.56, 0.92, 0.69, 0.55, 0.97, 0.88, 0.83, 0.91, 0.76, 0.89, 0.86, 0.9, 0.76, 0.9, 0.9, 0.9, 0.9, 0.72, 0.9, 0.9, 0.86, 0.93, 0.86, 0.72, 0.84, 0.92, 0.79, 0.64, 0.9, 0.72, 0.89, 0.84, 0.93, 0.87, 0.9, 0.87, 0.86, 0.92, 0.91, 0.92, 0.58, 0.75, 0.72, 0.59, 0.81, 0.54, 0.94, 0.97, 0.92, 0.78, 0.72, 0.98, 0.97, 0.97, 0.98, 0.96, 0.98, 0.98, 0.54, 0.98, 0.98, 0.95, 0.98, 0.96, 0.97, 0.94, 0.98, 0.97, 0.56, 0.92, 0.98, 0.71, 0.58, 0.75, 0.54, 0.89, 0.72, 0.86, 0.59, 0.79, 0.64, 0.92, 0.86, 0.9, 0.84, 0.91, 0.93, 0.93, 0.92, 0.81, 0.86, 0.87, 0.9, 0.86, 0.72, 0.97, 0.98, 0.98, 0.98, 0.98, 0.96, 0.98, 0.95, 0.55, 0.97, 0.95, 0.92, 0.98, 0.97, 0.98, 0.97, 0.98, 0.71, 0.97, 0.72, 0.88, 0.84, 0.83, 0.91, 0.9, 0.9, 0.76, 0.9, 0.9, 0.9, 0.9, 0.92, 0.72, 0.87, 0.76, 0.9, 0.72, 0.51, 0.92, 0.89, 0.92, 0.97, 0.51, 0.69, 0.78, 0.97, 0.55, 0.92, 0.69, 0.56, 0.97, 0.88, 0.84, 0.91, 0.76, 0.9, 0.87, 0.91, 0.77, 0.91, 0.9, 0.9, 0.89, 0.72, 0.9, 0.9, 0.87, 0.93, 0.86, 0.72, 0.83, 0.92, 0.78, 0.65, 0.89, 0.72, 0.89, 0.84, 0.93, 0.87, 0.9, 0.87, 0.87, 0.92, 0.91, 0.92, 0.58, 0.75, 0.72, 0.6, 0.81, 0.54]",bz_7,"cluster_6, cluster_6"
bz_7_cluster_6_1mer-bz_7_cluster_6_1mer,seed-5_sample-0,280,0.51,0.8502857142857143,"[0.93, 0.97, 0.91, 0.76, 0.72, 0.97, 0.96, 0.97, 0.97, 0.96, 0.98, 0.98, 0.58, 0.97, 0.98, 0.94, 0.97, 0.96, 0.96, 0.94, 0.98, 0.97, 0.55, 0.91, 0.98, 0.69, 0.57, 0.75, 0.89, 0.72, 0.86, 0.59, 0.77, 0.63, 0.92, 0.85, 0.89, 0.85, 0.91, 0.92, 0.92, 0.92, 0.8, 0.85, 0.86, 0.9, 0.86, 0.72, 0.97, 0.97, 0.97, 0.98, 0.98, 0.96, 0.98, 0.94, 0.58, 0.97, 0.94, 0.91, 0.97, 0.96, 0.98, 0.97, 0.98, 0.69, 0.96, 0.72, 0.88, 0.83, 0.83, 0.92, 0.9, 0.89, 0.77, 0.9, 0.89, 0.89, 0.9, 0.92, 0.73, 0.87, 0.77, 0.91, 0.73, 0.51, 0.91, 0.89, 0.91, 0.96, 0.51, 0.7, 0.77, 0.97, 0.58, 0.92, 0.71, 0.58, 0.97, 0.87, 0.83, 0.91, 0.77, 0.88, 0.86, 0.91, 0.77, 0.91, 0.9, 0.9, 0.89, 0.72, 0.89, 0.89, 0.86, 0.93, 0.85, 0.72, 0.83, 0.91, 0.77, 0.62, 0.89, 0.72, 0.89, 0.85, 0.93, 0.86, 0.9, 0.87, 0.86, 0.92, 0.9, 0.92, 0.57, 0.75, 0.71, 0.59, 0.8, 0.51, 0.93, 0.97, 0.91, 0.77, 0.72, 0.97, 0.96, 0.97, 0.97, 0.96, 0.98, 0.98, 0.58, 0.97, 0.98, 0.94, 0.97, 0.96, 0.96, 0.94, 0.98, 0.97, 0.55, 0.91, 0.98, 0.69, 0.57, 0.75, 0.51, 0.89, 0.71, 0.86, 0.59, 0.77, 0.62, 0.92, 0.86, 0.89, 0.85, 0.9, 0.93, 0.93, 0.92, 0.8, 0.85, 0.86, 0.9, 0.86, 0.72, 0.97, 0.97, 0.97, 0.98, 0.98, 0.96, 0.98, 0.94, 0.58, 0.97, 0.94, 0.91, 0.97, 0.96, 0.98, 0.97, 0.98, 0.69, 0.96, 0.72, 0.87, 0.83, 0.83, 0.91, 0.91, 0.9, 0.77, 0.9, 0.89, 0.89, 0.89, 0.91, 0.72, 0.87, 0.77, 0.91, 0.72, 0.51, 0.92, 0.88, 0.91, 0.96, 0.51, 0.71, 0.76, 0.97, 0.58, 0.91, 0.7, 0.58, 0.97, 0.88, 0.83, 0.92, 0.77, 0.89, 0.86, 0.9, 0.77, 0.91, 0.89, 0.9, 0.89, 0.73, 0.89, 0.9, 0.85, 0.92, 0.85, 0.72, 0.83, 0.92, 0.77, 0.63, 0.89, 0.73, 0.89, 0.85, 0.92, 0.86, 0.9, 0.87, 0.86, 0.92, 0.91, 0.92, 0.57, 0.75, 0.72, 0.59, 0.8]",bz_7,"cluster_6, cluster_6"
bz_7_cluster_6_1mer-bz_7_cluster_6_1mer,seed-6_sample-0,278,0.51,0.8514388489208633,"[0.93, 0.97, 0.91, 0.77, 0.72, 0.97, 0.96, 0.97, 0.97, 0.96, 0.98, 0.98, 0.56, 0.97, 0.98, 0.94, 0.97, 0.96, 0.96, 0.93, 0.98, 0.97, 0.54, 0.91, 0.98, 0.69, 0.57, 0.75, 0.51, 0.89, 0.72, 0.86, 0.59, 0.77, 0.63, 0.92, 0.86, 0.89, 0.85, 0.91, 0.93, 0.93, 0.92, 0.81, 0.85, 0.87, 0.9, 0.86, 0.72, 0.97, 0.97, 0.97, 0.98, 0.98, 0.96, 0.98, 0.94, 0.56, 0.97, 0.93, 0.91, 0.97, 0.96, 0.98, 0.97, 0.98, 0.69, 0.96, 0.72, 0.87, 0.83, 0.83, 0.91, 0.9, 0.89, 0.77, 0.9, 0.89, 0.89, 0.9, 0.91, 0.72, 0.87, 0.77, 0.91, 0.72, 0.91, 0.89, 0.91, 0.96, 0.7, 0.77, 0.97, 0.56, 0.91, 0.71, 0.55, 0.97, 0.88, 0.83, 0.9, 0.77, 0.88, 0.86, 0.9, 0.76, 0.91, 0.89, 0.9, 0.89, 0.72, 0.89, 0.89, 0.86, 0.93, 0.84, 0.72, 0.83, 0.91, 0.77, 0.63, 0.89, 0.72, 0.89, 0.84, 0.93, 0.86, 0.9, 0.86, 0.85, 0.92, 0.91, 0.92, 0.56, 0.76, 0.71, 0.58, 0.8, 0.51, 0.93, 0.97, 0.91, 0.77, 0.72, 0.97, 0.96, 0.97, 0.97, 0.96, 0.98, 0.98, 0.56, 0.97, 0.98, 0.94, 0.97, 0.96, 0.96, 0.93, 0.98, 0.97, 0.54, 0.91, 0.98, 0.69, 0.56, 0.76, 0.51, 0.89, 0.71, 0.85, 0.58, 0.77, 0.63, 0.92, 0.86, 0.89, 0.84, 0.91, 0.93, 0.93, 0.92, 0.8, 0.84, 0.86, 0.9, 0.86, 0.72, 0.97, 0.97, 0.97, 0.98, 0.98, 0.96, 0.98, 0.94, 0.56, 0.97, 0.93, 0.91, 0.97, 0.96, 0.98, 0.97, 0.98, 0.69, 0.96, 0.72, 0.88, 0.83, 0.83, 0.9, 0.9, 0.89, 0.76, 0.9, 0.89, 0.89, 0.89, 0.91, 0.72, 0.86, 0.77, 0.91, 0.72, 0.91, 0.88, 0.91, 0.96, 0.71, 0.77, 0.97, 0.55, 0.91, 0.7, 0.56, 0.97, 0.87, 0.83, 0.91, 0.77, 0.89, 0.86, 0.9, 0.77, 0.91, 0.89, 0.9, 0.89, 0.72, 0.89, 0.9, 0.86, 0.93, 0.85, 0.72, 0.83, 0.91, 0.77, 0.63, 0.89, 0.72, 0.89, 0.85, 0.93, 0.87, 0.9, 0.87, 0.86, 0.92, 0.91, 0.92, 0.57, 0.75, 0.72, 0.59, 0.81, 0.51]",bz_7,"cluster_6, cluster_6"
bz_7_cluster_6_1mer-bz_7_cluster_6_1mer,seed-3_sample-0,280,0.51,0.8522857142857143,"[0.93, 0.97, 0.92, 0.77, 0.73, 0.97, 0.96, 0.97, 0.98, 0.96, 0.98, 0.98, 0.56, 0.98, 0.98, 0.95, 0.97, 0.96, 0.97, 0.94, 0.98, 0.97, 0.56, 0.91, 0.98, 0.69, 0.57, 0.75, 0.51, 0.89, 0.72, 0.86, 0.59, 0.78, 0.63, 0.92, 0.87, 0.89, 0.85, 0.91, 0.93, 0.93, 0.92, 0.8, 0.86, 0.87, 0.9, 0.87, 0.72, 0.97, 0.97, 0.97, 0.98, 0.98, 0.96, 0.98, 0.95, 0.54, 0.97, 0.94, 0.92, 0.98, 0.96, 0.98, 0.97, 0.98, 0.7, 0.97, 0.72, 0.88, 0.84, 0.83, 0.91, 0.91, 0.9, 0.77, 0.9, 0.89, 0.9, 0.9, 0.92, 0.73, 0.87, 0.77, 0.91, 0.73, 0.51, 0.92, 0.89, 0.92, 0.97, 0.52, 0.7, 0.77, 0.97, 0.58, 0.91, 0.7, 0.57, 0.97, 0.87, 0.83, 0.91, 0.77, 0.89, 0.86, 0.9, 0.77, 0.91, 0.9, 0.9, 0.89, 0.72, 0.9, 0.9, 0.86, 0.93, 0.86, 0.72, 0.83, 0.92, 0.78, 0.63, 0.9, 0.72, 0.89, 0.85, 0.93, 0.87, 0.9, 0.86, 0.86, 0.92, 0.91, 0.93, 0.57, 0.75, 0.71, 0.59, 0.8, 0.93, 0.97, 0.92, 0.77, 0.72, 0.97, 0.97, 0.97, 0.97, 0.96, 0.98, 0.98, 0.54, 0.98, 0.98, 0.95, 0.97, 0.96, 0.97, 0.94, 0.98, 0.97, 0.56, 0.92, 0.98, 0.7, 0.57, 0.75, 0.89, 0.71, 0.86, 0.59, 0.78, 0.63, 0.92, 0.86, 0.9, 0.85, 0.91, 0.93, 0.93, 0.93, 0.8, 0.86, 0.87, 0.9, 0.86, 0.73, 0.97, 0.97, 0.98, 0.98, 0.98, 0.96, 0.98, 0.95, 0.56, 0.97, 0.94, 0.91, 0.98, 0.96, 0.98, 0.97, 0.98, 0.69, 0.97, 0.72, 0.87, 0.83, 0.83, 0.91, 0.9, 0.9, 0.77, 0.9, 0.89, 0.9, 0.9, 0.92, 0.72, 0.86, 0.77, 0.91, 0.72, 0.52, 0.91, 0.89, 0.92, 0.96, 0.51, 0.7, 0.77, 0.97, 0.57, 0.92, 0.7, 0.58, 0.97, 0.88, 0.83, 0.91, 0.77, 0.89, 0.87, 0.91, 0.77, 0.91, 0.9, 0.9, 0.89, 0.73, 0.9, 0.9, 0.87, 0.93, 0.86, 0.72, 0.84, 0.92, 0.78, 0.63, 0.89, 0.73, 0.89, 0.85, 0.93, 0.87, 0.9, 0.87, 0.86, 0.92, 0.91, 0.92, 0.57, 0.75, 0.72, 0.59, 0.8, 0.51]",bz_7,"cluster_6, cluster_6"
bz_7_cluster_6_1mer-bz_7_cluster_6_1mer,seed-1_sample-0,278,0.51,0.8535971223021583,"[0.94, 0.97, 0.92, 0.77, 0.73, 0.97, 0.97, 0.97, 0.98, 0.96, 0.98, 0.98, 0.55, 0.98, 0.98, 0.95, 0.97, 0.96, 0.96, 0.94, 0.98, 0.97, 0.57, 0.91, 0.98, 0.7, 0.57, 0.75, 0.89, 0.71, 0.86, 0.59, 0.78, 0.63, 0.92, 0.86, 0.89, 0.84, 0.91, 0.93, 0.93, 0.92, 0.8, 0.86, 0.87, 0.9, 0.87, 0.73, 0.97, 0.97, 0.98, 0.98, 0.98, 0.96, 0.98, 0.95, 0.54, 0.97, 0.94, 0.92, 0.98, 0.96, 0.98, 0.97, 0.98, 0.7, 0.96, 0.71, 0.88, 0.83, 0.83, 0.91, 0.9, 0.9, 0.77, 0.9, 0.89, 0.9, 0.9, 0.92, 0.72, 0.87, 0.77, 0.91, 0.73, 0.51, 0.92, 0.89, 0.92, 0.96, 0.51, 0.7, 0.78, 0.97, 0.57, 0.91, 0.7, 0.56, 0.97, 0.88, 0.82, 0.91, 0.76, 0.89, 0.86, 0.9, 0.77, 0.91, 0.9, 0.9, 0.89, 0.73, 0.89, 0.9, 0.85, 0.92, 0.85, 0.72, 0.83, 0.91, 0.78, 0.64, 0.89, 0.72, 0.88, 0.84, 0.93, 0.86, 0.9, 0.87, 0.86, 0.92, 0.91, 0.92, 0.56, 0.75, 0.72, 0.58, 0.8, 0.94, 0.97, 0.92, 0.78, 0.73, 0.97, 0.96, 0.97, 0.98, 0.96, 0.98, 0.98, 0.54, 0.98, 0.98, 0.95, 0.97, 0.96, 0.96, 0.94, 0.98, 0.97, 0.57, 0.92, 0.98, 0.7, 0.56, 0.75, 0.88, 0.72, 0.86, 0.58, 0.78, 0.64, 0.92, 0.85, 0.89, 0.84, 0.91, 0.92, 0.93, 0.92, 0.8, 0.85, 0.86, 0.9, 0.86, 0.73, 0.97, 0.97, 0.98, 0.98, 0.98, 0.96, 0.98, 0.95, 0.55, 0.97, 0.94, 0.91, 0.98, 0.96, 0.98, 0.97, 0.98, 0.7, 0.96, 0.72, 0.88, 0.83, 0.82, 0.91, 0.9, 0.9, 0.77, 0.9, 0.89, 0.89, 0.9, 0.91, 0.72, 0.87, 0.76, 0.91, 0.73, 0.51, 0.91, 0.89, 0.92, 0.97, 0.51, 0.7, 0.77, 0.97, 0.56, 0.92, 0.7, 0.57, 0.97, 0.88, 0.83, 0.91, 0.77, 0.89, 0.87, 0.9, 0.77, 0.91, 0.9, 0.9, 0.89, 0.73, 0.9, 0.9, 0.86, 0.93, 0.86, 0.71, 0.83, 0.92, 0.78, 0.63, 0.89, 0.72, 0.89, 0.84, 0.93, 0.87, 0.9, 0.87, 0.86, 0.92, 0.91, 0.92, 0.57, 0.75, 0.71, 0.59, 0.8]",bz_7,"cluster_6, cluster_6"
bz_7_cluster_6_1mer-bz_7_cluster_6_1mer,seed-7_sample-0,282,0.52,0.8509929078014185,"[0.94, 0.97, 0.92, 0.77, 0.73, 0.97, 0.97, 0.97, 0.98, 0.96, 0.98, 0.98, 0.55, 0.98, 0.98, 0.95, 0.98, 0.96, 0.97, 0.94, 0.98, 0.97, 0.57, 0.92, 0.98, 0.7, 0.58, 0.76, 0.54, 0.89, 0.72, 0.87, 0.59, 0.78, 0.65, 0.92, 0.86, 0.89, 0.84, 0.91, 0.93, 0.93, 0.92, 0.81, 0.86, 0.87, 0.9, 0.87, 0.72, 0.97, 0.97, 0.98, 0.98, 0.98, 0.96, 0.98, 0.95, 0.55, 0.98, 0.94, 0.92, 0.98, 0.96, 0.98, 0.97, 0.98, 0.7, 0.97, 0.72, 0.88, 0.84, 0.83, 0.91, 0.91, 0.9, 0.77, 0.9, 0.89, 0.89, 0.9, 0.92, 0.72, 0.87, 0.77, 0.91, 0.73, 0.52, 0.92, 0.9, 0.92, 0.97, 0.52, 0.69, 0.78, 0.97, 0.56, 0.91, 0.69, 0.57, 0.97, 0.88, 0.83, 0.91, 0.76, 0.9, 0.86, 0.9, 0.76, 0.91, 0.89, 0.9, 0.9, 0.73, 0.9, 0.9, 0.86, 0.93, 0.85, 0.71, 0.84, 0.91, 0.78, 0.63, 0.89, 0.72, 0.89, 0.84, 0.93, 0.87, 0.9, 0.87, 0.86, 0.92, 0.91, 0.92, 0.58, 0.75, 0.72, 0.6, 0.81, 0.54, 0.94, 0.97, 0.92, 0.78, 0.72, 0.97, 0.97, 0.97, 0.98, 0.96, 0.98, 0.98, 0.55, 0.98, 0.98, 0.95, 0.98, 0.96, 0.97, 0.94, 0.98, 0.97, 0.57, 0.92, 0.98, 0.7, 0.58, 0.75, 0.54, 0.89, 0.72, 0.86, 0.6, 0.78, 0.63, 0.92, 0.86, 0.89, 0.84, 0.91, 0.93, 0.93, 0.92, 0.81, 0.85, 0.87, 0.9, 0.86, 0.73, 0.97, 0.97, 0.98, 0.98, 0.98, 0.96, 0.98, 0.95, 0.55, 0.98, 0.94, 0.92, 0.98, 0.96, 0.98, 0.97, 0.98, 0.7, 0.97, 0.71, 0.88, 0.84, 0.83, 0.91, 0.9, 0.89, 0.76, 0.9, 0.9, 0.9, 0.9, 0.91, 0.72, 0.87, 0.76, 0.91, 0.73, 0.52, 0.91, 0.9, 0.92, 0.97, 0.52, 0.69, 0.77, 0.97, 0.57, 0.92, 0.69, 0.56, 0.97, 0.88, 0.83, 0.91, 0.77, 0.9, 0.87, 0.91, 0.77, 0.91, 0.9, 0.9, 0.89, 0.73, 0.89, 0.9, 0.86, 0.93, 0.86, 0.72, 0.84, 0.92, 0.78, 0.65, 0.89, 0.72, 0.89, 0.84, 0.93, 0.87, 0.9, 0.87, 0.87, 0.92, 0.91, 0.92, 0.58, 0.76, 0.72, 0.59, 0.81, 0.54]",bz_7,"cluster_6, cluster_6"
bz_7_cluster_1_1mer-bz_7_cluster_1_1mer,seed-8_sample-0,0,,,,bz_7,"cluster_1, cluster_1"
bz_7_cluster_1_1mer-bz_7_cluster_1_1mer,seed-10_sample-0,0,,,,bz_7,"cluster_1, cluster_1"
bz_7_cluster_1_1mer-bz_7_cluster_1_1mer,seed-9_sample-0,0,,,,bz_7,"cluster_1, cluster_1"
bz_7_cluster_1_1mer-bz_7_cluster_1_1mer,seed-4_sample-0,0,,,,bz_7,"cluster_1, cluster_1"
bz_7_cluster_1_1mer-bz_7_cluster_1_1mer,seed-2_sample-0,0,,,,bz_7,"cluster_1, cluster_1"
bz_7_cluster_1_1mer-bz_7_cluster_1_1mer,seed-5_sample-0,0,,,,bz_7,"cluster_1, cluster_1"
bz_7_cluster_1_1mer-bz_7_cluster_1_1mer,seed-6_sample-0,0,,,,bz_7,"cluster_1, cluster_1"
bz_7_cluster_1_1mer-bz_7_cluster_1_1mer,seed-3_sample-0,0,,,,bz_7,"cluster_1, cluster_1"
bz_7_cluster_1_1mer-bz_7_cluster_1_1mer,seed-1_sample-0,0,,,,bz_7,"cluster_1, cluster_1"
bz_7_cluster_1_1mer-bz_7_cluster_1_1mer,seed-7_sample-0,0,,,,bz_7,"cluster_1, cluster_1"
bz_7_cluster_3_1mer-bz_7_cluster_3_1mer,seed-8_sample-0,0,,,,bz_7,"cluster_3, cluster_3"
bz_7_cluster_3_1mer-bz_7_cluster_3_1mer,seed-10_sample-0,0,,,,bz_7,"cluster_3, cluster_3"
bz_7_cluster_3_1mer-bz_7_cluster_3_1mer,seed-9_sample-0,0,,,,bz_7,"cluster_3, cluster_3"
bz_7_cluster_3_1mer-bz_7_cluster_3_1mer,seed-4_sample-0,0,,,,bz_7,"cluster_3, cluster_3"
bz_7_cluster_3_1mer-bz_7_cluster_3_1mer,seed-2_sample-0,0,,,,bz_7,"cluster_3, cluster_3"
bz_7_cluster_3_1mer-bz_7_cluster_3_1mer,seed-5_sample-0,0,,,,bz_7,"cluster_3, cluster_3"
bz_7_cluster_3_1mer-bz_7_cluster_3_1mer,seed-6_sample-0,0,,,,bz_7,"cluster_3, cluster_3"
bz_7_cluster_3_1mer-bz_7_cluster_3_1mer,seed-3_sample-0,0,,,,bz_7,"cluster_3, cluster_3"
bz_7_cluster_3_1mer-bz_7_cluster_3_1mer,seed-1_sample-0,0,,,,bz_7,"cluster_3, cluster_3"
bz_7_cluster_3_1mer-bz_7_cluster_3_1mer,seed-7_sample-0,0,,,,bz_7,"cluster_3, cluster_3"
bz_7_cluster_2_1mer-bz_7_cluster_2_1mer,seed-8_sample-0,0,,,,bz_7,"cluster_2, cluster_2"
bz_7_cluster_2_1mer-bz_7_cluster_2_1mer,seed-10_sample-0,0,,,,bz_7,"cluster_2, cluster_2"
bz_7_cluster_2_1mer-bz_7_cluster_2_1mer,seed-9_sample-0,0,,,,bz_7,"cluster_2, cluster_2"
bz_7_cluster_2_1mer-bz_7_cluster_2_1mer,seed-4_sample-0,0,,,,bz_7,"cluster_2, cluster_2"
bz_7_cluster_2_1mer-bz_7_cluster_2_1mer,seed-2_sample-0,0,,,,bz_7,"cluster_2, cluster_2"
bz_7_cluster_2_1mer-bz_7_cluster_2_1mer,seed-5_sample-0,0,,,,bz_7,"cluster_2, cluster_2"
bz_7_cluster_2_1mer-bz_7_cluster_2_1mer,seed-6_sample-0,0,,,,bz_7,"cluster_2, cluster_2"
bz_7_cluster_2_1mer-bz_7_cluster_2_1mer,seed-3_sample-0,0,,,,bz_7,"cluster_2, cluster_2"
bz_7_cluster_2_1mer-bz_7_cluster_2_1mer,seed-1_sample-0,0,,,,bz_7,"cluster_2, cluster_2"
bz_7_cluster_2_1mer-bz_7_cluster_2_1mer,seed-7_sample-0,0,,,,bz_7,"cluster_2, cluster_2"
bz_8_cluster_8_1mer-bz_8_cluster_7_1mer,seed-8_sample-0,0,,,,bz_8,"cluster_7, cluster_8"
bz_8_cluster_8_1mer-bz_8_cluster_7_1mer,seed-10_sample-0,0,,,,bz_8,"cluster_7, cluster_8"
bz_8_cluster_8_1mer-bz_8_cluster_7_1mer,seed-9_sample-0,0,,,,bz_8,"cluster_7, cluster_8"
bz_8_cluster_8_1mer-bz_8_cluster_7_1mer,seed-4_sample-0,0,,,,bz_8,"cluster_7, cluster_8"
bz_8_cluster_8_1mer-bz_8_cluster_7_1mer,seed-2_sample-0,0,,,,bz_8,"cluster_7, cluster_8"
bz_8_cluster_8_1mer-bz_8_cluster_7_1mer,seed-5_sample-0,0,,,,bz_8,"cluster_7, cluster_8"
bz_8_cluster_8_1mer-bz_8_cluster_7_1mer,seed-6_sample-0,0,,,,bz_8,"cluster_7, cluster_8"
bz_8_cluster_8_1mer-bz_8_cluster_7_1mer,seed-3_sample-0,0,,,,bz_8,"cluster_7, cluster_8"
bz_8_cluster_8_1mer-bz_8_cluster_7_1mer,seed-1_sample-0,0,,,,bz_8,"cluster_7, cluster_8"
bz_8_cluster_8_1mer-bz_8_cluster_7_1mer,seed-7_sample-0,0,,,,bz_8,"cluster_7, cluster_8"
bz_8_cluster_8_1mer-bz_8_cluster_0_1mer,seed-8_sample-0,0,,,,bz_8,"cluster_0, cluster_8"
bz_8_cluster_8_1mer-bz_8_cluster_0_1mer,seed-10_sample-0,0,,,,bz_8,"cluster_0, cluster_8"
bz_8_cluster_8_1mer-bz_8_cluster_0_1mer,seed-9_sample-0,0,,,,bz_8,"cluster_0, cluster_8"
bz_8_cluster_8_1mer-bz_8_cluster_0_1mer,seed-4_sample-0,0,,,,bz_8,"cluster_0, cluster_8"
bz_8_cluster_8_1mer-bz_8_cluster_0_1mer,seed-2_sample-0,0,,,,bz_8,"cluster_0, cluster_8"
bz_8_cluster_8_1mer-bz_8_cluster_0_1mer,seed-5_sample-0,0,,,,bz_8,"cluster_0, cluster_8"
bz_8_cluster_8_1mer-bz_8_cluster_0_1mer,seed-6_sample-0,0,,,,bz_8,"cluster_0, cluster_8"
bz_8_cluster_8_1mer-bz_8_cluster_0_1mer,seed-3_sample-0,0,,,,bz_8,"cluster_0, cluster_8"
bz_8_cluster_8_1mer-bz_8_cluster_0_1mer,seed-1_sample-0,0,,,,bz_8,"cluster_0, cluster_8"
bz_8_cluster_8_1mer-bz_8_cluster_0_1mer,seed-7_sample-0,0,,,,bz_8,"cluster_0, cluster_8"
bz_8_cluster_8_1mer-bz_8_cluster_4_1mer,seed-8_sample-0,0,,,,bz_8,"cluster_4, cluster_8"
bz_8_cluster_8_1mer-bz_8_cluster_4_1mer,seed-10_sample-0,0,,,,bz_8,"cluster_4, cluster_8"
bz_8_cluster_8_1mer-bz_8_cluster_4_1mer,seed-9_sample-0,0,,,,bz_8,"cluster_4, cluster_8"
bz_8_cluster_8_1mer-bz_8_cluster_4_1mer,seed-4_sample-0,0,,,,bz_8,"cluster_4, cluster_8"
bz_8_cluster_8_1mer-bz_8_cluster_4_1mer,seed-2_sample-0,0,,,,bz_8,"cluster_4, cluster_8"
bz_8_cluster_8_1mer-bz_8_cluster_4_1mer,seed-5_sample-0,0,,,,bz_8,"cluster_4, cluster_8"
bz_8_cluster_8_1mer-bz_8_cluster_4_1mer,seed-6_sample-0,0,,,,bz_8,"cluster_4, cluster_8"
bz_8_cluster_8_1mer-bz_8_cluster_4_1mer,seed-3_sample-0,0,,,,bz_8,"cluster_4, cluster_8"
bz_8_cluster_8_1mer-bz_8_cluster_4_1mer,seed-1_sample-0,0,,,,bz_8,"cluster_4, cluster_8"
bz_8_cluster_8_1mer-bz_8_cluster_4_1mer,seed-7_sample-0,0,,,,bz_8,"cluster_4, cluster_8"
bz_8_cluster_8_1mer-bz_8_cluster_5_1mer,seed-8_sample-0,0,,,,bz_8,"cluster_5, cluster_8"
bz_8_cluster_8_1mer-bz_8_cluster_5_1mer,seed-10_sample-0,0,,,,bz_8,"cluster_5, cluster_8"
bz_8_cluster_8_1mer-bz_8_cluster_5_1mer,seed-9_sample-0,0,,,,bz_8,"cluster_5, cluster_8"
bz_8_cluster_8_1mer-bz_8_cluster_5_1mer,seed-4_sample-0,0,,,,bz_8,"cluster_5, cluster_8"
bz_8_cluster_8_1mer-bz_8_cluster_5_1mer,seed-2_sample-0,0,,,,bz_8,"cluster_5, cluster_8"
bz_8_cluster_8_1mer-bz_8_cluster_5_1mer,seed-5_sample-0,0,,,,bz_8,"cluster_5, cluster_8"
bz_8_cluster_8_1mer-bz_8_cluster_5_1mer,seed-6_sample-0,0,,,,bz_8,"cluster_5, cluster_8"
bz_8_cluster_8_1mer-bz_8_cluster_5_1mer,seed-3_sample-0,0,,,,bz_8,"cluster_5, cluster_8"
bz_8_cluster_8_1mer-bz_8_cluster_5_1mer,seed-1_sample-0,0,,,,bz_8,"cluster_5, cluster_8"
bz_8_cluster_8_1mer-bz_8_cluster_5_1mer,seed-7_sample-0,0,,,,bz_8,"cluster_5, cluster_8"
bz_8_cluster_8_1mer-bz_8_cluster_6_1mer,seed-8_sample-0,0,,,,bz_8,"cluster_6, cluster_8"
bz_8_cluster_8_1mer-bz_8_cluster_6_1mer,seed-10_sample-0,0,,,,bz_8,"cluster_6, cluster_8"
bz_8_cluster_8_1mer-bz_8_cluster_6_1mer,seed-9_sample-0,0,,,,bz_8,"cluster_6, cluster_8"
bz_8_cluster_8_1mer-bz_8_cluster_6_1mer,seed-4_sample-0,0,,,,bz_8,"cluster_6, cluster_8"
bz_8_cluster_8_1mer-bz_8_cluster_6_1mer,seed-2_sample-0,0,,,,bz_8,"cluster_6, cluster_8"
bz_8_cluster_8_1mer-bz_8_cluster_6_1mer,seed-5_sample-0,0,,,,bz_8,"cluster_6, cluster_8"
bz_8_cluster_8_1mer-bz_8_cluster_6_1mer,seed-6_sample-0,0,,,,bz_8,"cluster_6, cluster_8"
bz_8_cluster_8_1mer-bz_8_cluster_6_1mer,seed-3_sample-0,0,,,,bz_8,"cluster_6, cluster_8"
bz_8_cluster_8_1mer-bz_8_cluster_6_1mer,seed-1_sample-0,0,,,,bz_8,"cluster_6, cluster_8"
bz_8_cluster_8_1mer-bz_8_cluster_6_1mer,seed-7_sample-0,0,,,,bz_8,"cluster_6, cluster_8"
bz_8_cluster_8_1mer-bz_8_cluster_1_1mer,seed-8_sample-0,0,,,,bz_8,"cluster_1, cluster_8"
bz_8_cluster_8_1mer-bz_8_cluster_1_1mer,seed-10_sample-0,0,,,,bz_8,"cluster_1, cluster_8"
bz_8_cluster_8_1mer-bz_8_cluster_1_1mer,seed-9_sample-0,0,,,,bz_8,"cluster_1, cluster_8"
bz_8_cluster_8_1mer-bz_8_cluster_1_1mer,seed-4_sample-0,0,,,,bz_8,"cluster_1, cluster_8"
bz_8_cluster_8_1mer-bz_8_cluster_1_1mer,seed-2_sample-0,0,,,,bz_8,"cluster_1, cluster_8"
bz_8_cluster_8_1mer-bz_8_cluster_1_1mer,seed-5_sample-0,0,,,,bz_8,"cluster_1, cluster_8"
bz_8_cluster_8_1mer-bz_8_cluster_1_1mer,seed-6_sample-0,0,,,,bz_8,"cluster_1, cluster_8"
bz_8_cluster_8_1mer-bz_8_cluster_1_1mer,seed-3_sample-0,0,,,,bz_8,"cluster_1, cluster_8"
bz_8_cluster_8_1mer-bz_8_cluster_1_1mer,seed-1_sample-0,0,,,,bz_8,"cluster_1, cluster_8"
bz_8_cluster_8_1mer-bz_8_cluster_1_1mer,seed-7_sample-0,0,,,,bz_8,"cluster_1, cluster_8"
bz_8_cluster_8_1mer-bz_8_cluster_3_1mer,seed-8_sample-0,0,,,,bz_8,"cluster_3, cluster_8"
bz_8_cluster_8_1mer-bz_8_cluster_3_1mer,seed-10_sample-0,0,,,,bz_8,"cluster_3, cluster_8"
bz_8_cluster_8_1mer-bz_8_cluster_3_1mer,seed-9_sample-0,0,,,,bz_8,"cluster_3, cluster_8"
bz_8_cluster_8_1mer-bz_8_cluster_3_1mer,seed-4_sample-0,0,,,,bz_8,"cluster_3, cluster_8"
bz_8_cluster_8_1mer-bz_8_cluster_3_1mer,seed-2_sample-0,0,,,,bz_8,"cluster_3, cluster_8"
bz_8_cluster_8_1mer-bz_8_cluster_3_1mer,seed-5_sample-0,0,,,,bz_8,"cluster_3, cluster_8"
bz_8_cluster_8_1mer-bz_8_cluster_3_1mer,seed-6_sample-0,0,,,,bz_8,"cluster_3, cluster_8"
bz_8_cluster_8_1mer-bz_8_cluster_3_1mer,seed-3_sample-0,0,,,,bz_8,"cluster_3, cluster_8"
bz_8_cluster_8_1mer-bz_8_cluster_3_1mer,seed-1_sample-0,0,,,,bz_8,"cluster_3, cluster_8"
bz_8_cluster_8_1mer-bz_8_cluster_3_1mer,seed-7_sample-0,0,,,,bz_8,"cluster_3, cluster_8"
bz_8_cluster_8_1mer-bz_8_cluster_2_1mer,seed-8_sample-0,0,,,,bz_8,"cluster_2, cluster_8"
bz_8_cluster_8_1mer-bz_8_cluster_2_1mer,seed-10_sample-0,0,,,,bz_8,"cluster_2, cluster_8"
bz_8_cluster_8_1mer-bz_8_cluster_2_1mer,seed-9_sample-0,0,,,,bz_8,"cluster_2, cluster_8"
bz_8_cluster_8_1mer-bz_8_cluster_2_1mer,seed-4_sample-0,0,,,,bz_8,"cluster_2, cluster_8"
bz_8_cluster_8_1mer-bz_8_cluster_2_1mer,seed-2_sample-0,0,,,,bz_8,"cluster_2, cluster_8"
bz_8_cluster_8_1mer-bz_8_cluster_2_1mer,seed-5_sample-0,0,,,,bz_8,"cluster_2, cluster_8"
bz_8_cluster_8_1mer-bz_8_cluster_2_1mer,seed-6_sample-0,0,,,,bz_8,"cluster_2, cluster_8"
bz_8_cluster_8_1mer-bz_8_cluster_2_1mer,seed-3_sample-0,0,,,,bz_8,"cluster_2, cluster_8"
bz_8_cluster_8_1mer-bz_8_cluster_2_1mer,seed-1_sample-0,0,,,,bz_8,"cluster_2, cluster_8"
bz_8_cluster_8_1mer-bz_8_cluster_2_1mer,seed-7_sample-0,0,,,,bz_8,"cluster_2, cluster_8"
bz_8_cluster_7_1mer-bz_8_cluster_0_1mer,seed-8_sample-0,64,0.52,0.7309375,"[0.54, 0.53, 0.52, 0.81, 0.88, 0.76, 0.57, 0.68, 0.78, 0.75, 0.78, 0.7, 0.6, 0.82, 0.74, 0.76, 0.76, 0.85, 0.84, 0.84, 0.83, 0.56, 0.75, 0.7, 0.79, 0.54, 0.7, 0.8, 0.83, 0.8, 0.82, 0.76, 0.53, 0.54, 0.52, 0.75, 0.6, 0.82, 0.74, 0.76, 0.81, 0.68, 0.78, 0.78, 0.75, 0.7, 0.85, 0.7, 0.84, 0.79, 0.76, 0.84, 0.54, 0.76, 0.83, 0.7, 0.57, 0.8, 0.83, 0.82, 0.76, 0.56, 0.88, 0.8]",bz_8,"cluster_0, cluster_7"
bz_8_cluster_7_1mer-bz_8_cluster_0_1mer,seed-10_sample-0,64,0.51,0.7346874999999999,"[0.53, 0.53, 0.51, 0.81, 0.88, 0.76, 0.57, 0.67, 0.78, 0.76, 0.78, 0.71, 0.61, 0.83, 0.75, 0.76, 0.76, 0.86, 0.84, 0.84, 0.83, 0.56, 0.76, 0.7, 0.82, 0.54, 0.71, 0.81, 0.83, 0.81, 0.83, 0.77, 0.53, 0.53, 0.51, 0.76, 0.61, 0.83, 0.75, 0.76, 0.81, 0.67, 0.78, 0.78, 0.76, 0.71, 0.86, 0.7, 0.84, 0.82, 0.76, 0.84, 0.54, 0.76, 0.83, 0.71, 0.57, 0.81, 0.83, 0.83, 0.77, 0.56, 0.88, 0.81]",bz_8,"cluster_0, cluster_7"
bz_8_cluster_7_1mer-bz_8_cluster_0_1mer,seed-9_sample-0,64,0.53,0.7312500000000001,"[0.53, 0.54, 0.53, 0.81, 0.88, 0.75, 0.58, 0.67, 0.78, 0.75, 0.78, 0.69, 0.61, 0.82, 0.74, 0.76, 0.75, 0.85, 0.84, 0.85, 0.82, 0.56, 0.75, 0.71, 0.81, 0.53, 0.69, 0.8, 0.83, 0.8, 0.82, 0.77, 0.54, 0.53, 0.53, 0.75, 0.61, 0.82, 0.74, 0.76, 0.81, 0.67, 0.78, 0.78, 0.75, 0.69, 0.85, 0.71, 0.84, 0.81, 0.75, 0.85, 0.53, 0.75, 0.82, 0.69, 0.58, 0.8, 0.83, 0.82, 0.77, 0.56, 0.88, 0.8]",bz_8,"cluster_0, cluster_7"
bz_8_cluster_7_1mer-bz_8_cluster_0_1mer,seed-4_sample-0,64,0.52,0.7284375000000001,"[0.53, 0.52, 0.52, 0.81, 0.88, 0.75, 0.56, 0.67, 0.78, 0.75, 0.78, 0.67, 0.6, 0.82, 0.74, 0.75, 0.76, 0.85, 0.84, 0.84, 0.82, 0.57, 0.74, 0.7, 0.81, 0.54, 0.71, 0.8, 0.83, 0.8, 0.81, 0.76, 0.52, 0.53, 0.52, 0.75, 0.6, 0.82, 0.74, 0.75, 0.81, 0.67, 0.78, 0.78, 0.74, 0.67, 0.85, 0.7, 0.84, 0.81, 0.76, 0.84, 0.54, 0.75, 0.82, 0.71, 0.56, 0.8, 0.83, 0.81, 0.76, 0.57, 0.88, 0.8]",bz_8,"cluster_0, cluster_7"
bz_8_cluster_7_1mer-bz_8_cluster_0_1mer,seed-2_sample-0,64,0.54,0.7346874999999999,"[0.54, 0.54, 0.54, 0.82, 0.88, 0.76, 0.56, 0.68, 0.78, 0.75, 0.78, 0.7, 0.61, 0.82, 0.75, 0.76, 0.76, 0.85, 0.84, 0.85, 0.83, 0.57, 0.75, 0.7, 0.81, 0.54, 0.7, 0.81, 0.83, 0.81, 0.82, 0.77, 0.54, 0.54, 0.54, 0.75, 0.61, 0.82, 0.75, 0.76, 0.82, 0.68, 0.78, 0.78, 0.75, 0.7, 0.85, 0.7, 0.84, 0.81, 0.76, 0.85, 0.54, 0.76, 0.83, 0.7, 0.56, 0.81, 0.83, 0.82, 0.77, 0.57, 0.88, 0.81]",bz_8,"cluster_0, cluster_7"
bz_8_cluster_7_1mer-bz_8_cluster_0_1mer,seed-5_sample-0,64,0.51,0.72875,"[0.53, 0.54, 0.51, 0.81, 0.87, 0.76, 0.56, 0.67, 0.78, 0.75, 0.78, 0.7, 0.6, 0.82, 0.74, 0.75, 0.76, 0.85, 0.84, 0.84, 0.82, 0.56, 0.75, 0.71, 0.8, 0.53, 0.7, 0.8, 0.82, 0.8, 0.81, 0.76, 0.54, 0.53, 0.51, 0.75, 0.6, 0.82, 0.74, 0.75, 0.81, 0.67, 0.78, 0.78, 0.75, 0.7, 0.85, 0.71, 0.84, 0.8, 0.76, 0.84, 0.53, 0.76, 0.82, 0.7, 0.56, 0.8, 0.82, 0.81, 0.76, 0.56, 0.87, 0.8]",bz_8,"cluster_0, cluster_7"
bz_8_cluster_7_1mer-bz_8_cluster_0_1mer,seed-6_sample-0,64,0.52,0.7340625000000001,"[0.53, 0.52, 0.53, 0.81, 0.88, 0.76, 0.56, 0.68, 0.79, 0.76, 0.78, 0.71, 0.61, 0.82, 0.75, 0.76, 0.77, 0.86, 0.84, 0.85, 0.82, 0.57, 0.75, 0.7, 0.81, 0.54, 0.7, 0.81, 0.83, 0.81, 0.82, 0.76, 0.52, 0.53, 0.53, 0.76, 0.61, 0.82, 0.75, 0.76, 0.81, 0.68, 0.79, 0.78, 0.75, 0.71, 0.86, 0.7, 0.84, 0.81, 0.77, 0.85, 0.54, 0.76, 0.82, 0.7, 0.56, 0.81, 0.83, 0.82, 0.76, 0.57, 0.88, 0.81]",bz_8,"cluster_0, cluster_7"
bz_8_cluster_7_1mer-bz_8_cluster_0_1mer,seed-3_sample-0,64,0.54,0.7346874999999999,"[0.54, 0.54, 0.54, 0.81, 0.88, 0.75, 0.58, 0.68, 0.79, 0.76, 0.78, 0.71, 0.61, 0.82, 0.74, 0.75, 0.76, 0.86, 0.84, 0.84, 0.83, 0.57, 0.75, 0.71, 0.81, 0.54, 0.69, 0.8, 0.83, 0.8, 0.83, 0.77, 0.54, 0.54, 0.54, 0.76, 0.61, 0.82, 0.74, 0.75, 0.81, 0.68, 0.79, 0.78, 0.75, 0.71, 0.86, 0.71, 0.84, 0.81, 0.76, 0.84, 0.54, 0.75, 0.83, 0.69, 0.58, 0.8, 0.83, 0.83, 0.77, 0.57, 0.88, 0.8]",bz_8,"cluster_0, cluster_7"
bz_8_cluster_7_1mer-bz_8_cluster_0_1mer,seed-1_sample-0,64,0.52,0.7290625000000001,"[0.52, 0.52, 0.53, 0.81, 0.88, 0.76, 0.57, 0.67, 0.77, 0.74, 0.78, 0.7, 0.6, 0.82, 0.74, 0.75, 0.76, 0.85, 0.84, 0.84, 0.82, 0.57, 0.75, 0.71, 0.8, 0.54, 0.7, 0.8, 0.82, 0.8, 0.82, 0.75, 0.52, 0.52, 0.53, 0.74, 0.6, 0.82, 0.74, 0.75, 0.81, 0.67, 0.77, 0.78, 0.75, 0.7, 0.85, 0.71, 0.84, 0.8, 0.76, 0.84, 0.54, 0.76, 0.82, 0.7, 0.57, 0.8, 0.82, 0.82, 0.75, 0.57, 0.88, 0.8]",bz_8,"cluster_0, cluster_7"
bz_8_cluster_7_1mer-bz_8_cluster_0_1mer,seed-7_sample-0,64,0.53,0.7309375,"[0.54, 0.53, 0.54, 0.81, 0.88, 0.76, 0.55, 0.67, 0.78, 0.75, 0.78, 0.7, 0.61, 0.82, 0.74, 0.75, 0.76, 0.85, 0.84, 0.85, 0.83, 0.56, 0.75, 0.7, 0.81, 0.53, 0.7, 0.8, 0.82, 0.8, 0.82, 0.76, 0.53, 0.54, 0.54, 0.75, 0.61, 0.82, 0.74, 0.75, 0.81, 0.67, 0.78, 0.78, 0.75, 0.7, 0.85, 0.7, 0.84, 0.81, 0.76, 0.85, 0.53, 0.76, 0.83, 0.7, 0.55, 0.8, 0.82, 0.82, 0.76, 0.56, 0.88, 0.8]",bz_8,"cluster_0, cluster_7"
bz_8_cluster_7_1mer-bz_8_cluster_4_1mer,seed-8_sample-0,0,,,,bz_8,"cluster_4, cluster_7"
bz_8_cluster_7_1mer-bz_8_cluster_4_1mer,seed-10_sample-0,0,,,,bz_8,"cluster_4, cluster_7"
bz_8_cluster_7_1mer-bz_8_cluster_4_1mer,seed-9_sample-0,0,,,,bz_8,"cluster_4, cluster_7"
bz_8_cluster_7_1mer-bz_8_cluster_4_1mer,seed-4_sample-0,0,,,,bz_8,"cluster_4, cluster_7"
bz_8_cluster_7_1mer-bz_8_cluster_4_1mer,seed-2_sample-0,0,,,,bz_8,"cluster_4, cluster_7"
bz_8_cluster_7_1mer-bz_8_cluster_4_1mer,seed-5_sample-0,0,,,,bz_8,"cluster_4, cluster_7"
bz_8_cluster_7_1mer-bz_8_cluster_4_1mer,seed-6_sample-0,0,,,,bz_8,"cluster_4, cluster_7"
bz_8_cluster_7_1mer-bz_8_cluster_4_1mer,seed-3_sample-0,0,,,,bz_8,"cluster_4, cluster_7"
bz_8_cluster_7_1mer-bz_8_cluster_4_1mer,seed-1_sample-0,0,,,,bz_8,"cluster_4, cluster_7"
bz_8_cluster_7_1mer-bz_8_cluster_4_1mer,seed-7_sample-0,0,,,,bz_8,"cluster_4, cluster_7"
bz_8_cluster_7_1mer-bz_8_cluster_5_1mer,seed-8_sample-0,0,,,,bz_8,"cluster_5, cluster_7"
bz_8_cluster_7_1mer-bz_8_cluster_5_1mer,seed-10_sample-0,0,,,,bz_8,"cluster_5, cluster_7"
bz_8_cluster_7_1mer-bz_8_cluster_5_1mer,seed-9_sample-0,0,,,,bz_8,"cluster_5, cluster_7"
bz_8_cluster_7_1mer-bz_8_cluster_5_1mer,seed-4_sample-0,0,,,,bz_8,"cluster_5, cluster_7"
bz_8_cluster_7_1mer-bz_8_cluster_5_1mer,seed-2_sample-0,0,,,,bz_8,"cluster_5, cluster_7"
bz_8_cluster_7_1mer-bz_8_cluster_5_1mer,seed-5_sample-0,0,,,,bz_8,"cluster_5, cluster_7"
bz_8_cluster_7_1mer-bz_8_cluster_5_1mer,seed-6_sample-0,0,,,,bz_8,"cluster_5, cluster_7"
bz_8_cluster_7_1mer-bz_8_cluster_5_1mer,seed-3_sample-0,0,,,,bz_8,"cluster_5, cluster_7"
bz_8_cluster_7_1mer-bz_8_cluster_5_1mer,seed-1_sample-0,0,,,,bz_8,"cluster_5, cluster_7"
bz_8_cluster_7_1mer-bz_8_cluster_5_1mer,seed-7_sample-0,0,,,,bz_8,"cluster_5, cluster_7"
bz_8_cluster_7_1mer-bz_8_cluster_6_1mer,seed-8_sample-0,0,,,,bz_8,"cluster_6, cluster_7"
bz_8_cluster_7_1mer-bz_8_cluster_6_1mer,seed-10_sample-0,0,,,,bz_8,"cluster_6, cluster_7"
bz_8_cluster_7_1mer-bz_8_cluster_6_1mer,seed-9_sample-0,0,,,,bz_8,"cluster_6, cluster_7"
bz_8_cluster_7_1mer-bz_8_cluster_6_1mer,seed-4_sample-0,0,,,,bz_8,"cluster_6, cluster_7"
bz_8_cluster_7_1mer-bz_8_cluster_6_1mer,seed-2_sample-0,0,,,,bz_8,"cluster_6, cluster_7"
bz_8_cluster_7_1mer-bz_8_cluster_6_1mer,seed-5_sample-0,0,,,,bz_8,"cluster_6, cluster_7"
bz_8_cluster_7_1mer-bz_8_cluster_6_1mer,seed-6_sample-0,0,,,,bz_8,"cluster_6, cluster_7"
bz_8_cluster_7_1mer-bz_8_cluster_6_1mer,seed-3_sample-0,0,,,,bz_8,"cluster_6, cluster_7"
bz_8_cluster_7_1mer-bz_8_cluster_6_1mer,seed-1_sample-0,0,,,,bz_8,"cluster_6, cluster_7"
bz_8_cluster_7_1mer-bz_8_cluster_6_1mer,seed-7_sample-0,0,,,,bz_8,"cluster_6, cluster_7"
bz_8_cluster_7_1mer-bz_8_cluster_1_1mer,seed-8_sample-0,0,,,,bz_8,"cluster_1, cluster_7"
bz_8_cluster_7_1mer-bz_8_cluster_1_1mer,seed-10_sample-0,0,,,,bz_8,"cluster_1, cluster_7"
bz_8_cluster_7_1mer-bz_8_cluster_1_1mer,seed-9_sample-0,0,,,,bz_8,"cluster_1, cluster_7"
bz_8_cluster_7_1mer-bz_8_cluster_1_1mer,seed-4_sample-0,0,,,,bz_8,"cluster_1, cluster_7"
bz_8_cluster_7_1mer-bz_8_cluster_1_1mer,seed-2_sample-0,0,,,,bz_8,"cluster_1, cluster_7"
bz_8_cluster_7_1mer-bz_8_cluster_1_1mer,seed-5_sample-0,0,,,,bz_8,"cluster_1, cluster_7"
bz_8_cluster_7_1mer-bz_8_cluster_1_1mer,seed-6_sample-0,0,,,,bz_8,"cluster_1, cluster_7"
bz_8_cluster_7_1mer-bz_8_cluster_1_1mer,seed-3_sample-0,0,,,,bz_8,"cluster_1, cluster_7"
bz_8_cluster_7_1mer-bz_8_cluster_1_1mer,seed-1_sample-0,0,,,,bz_8,"cluster_1, cluster_7"
bz_8_cluster_7_1mer-bz_8_cluster_1_1mer,seed-7_sample-0,0,,,,bz_8,"cluster_1, cluster_7"
bz_8_cluster_7_1mer-bz_8_cluster_3_1mer,seed-8_sample-0,0,,,,bz_8,"cluster_3, cluster_7"
bz_8_cluster_7_1mer-bz_8_cluster_3_1mer,seed-10_sample-0,0,,,,bz_8,"cluster_3, cluster_7"
bz_8_cluster_7_1mer-bz_8_cluster_3_1mer,seed-9_sample-0,0,,,,bz_8,"cluster_3, cluster_7"
bz_8_cluster_7_1mer-bz_8_cluster_3_1mer,seed-4_sample-0,0,,,,bz_8,"cluster_3, cluster_7"
bz_8_cluster_7_1mer-bz_8_cluster_3_1mer,seed-2_sample-0,0,,,,bz_8,"cluster_3, cluster_7"
bz_8_cluster_7_1mer-bz_8_cluster_3_1mer,seed-5_sample-0,0,,,,bz_8,"cluster_3, cluster_7"
bz_8_cluster_7_1mer-bz_8_cluster_3_1mer,seed-6_sample-0,0,,,,bz_8,"cluster_3, cluster_7"
bz_8_cluster_7_1mer-bz_8_cluster_3_1mer,seed-3_sample-0,0,,,,bz_8,"cluster_3, cluster_7"
bz_8_cluster_7_1mer-bz_8_cluster_3_1mer,seed-1_sample-0,0,,,,bz_8,"cluster_3, cluster_7"
bz_8_cluster_7_1mer-bz_8_cluster_3_1mer,seed-7_sample-0,0,,,,bz_8,"cluster_3, cluster_7"
bz_8_cluster_7_1mer-bz_8_cluster_2_1mer,seed-8_sample-0,0,,,,bz_8,"cluster_2, cluster_7"
bz_8_cluster_7_1mer-bz_8_cluster_2_1mer,seed-10_sample-0,0,,,,bz_8,"cluster_2, cluster_7"
bz_8_cluster_7_1mer-bz_8_cluster_2_1mer,seed-9_sample-0,0,,,,bz_8,"cluster_2, cluster_7"
bz_8_cluster_7_1mer-bz_8_cluster_2_1mer,seed-4_sample-0,0,,,,bz_8,"cluster_2, cluster_7"
bz_8_cluster_7_1mer-bz_8_cluster_2_1mer,seed-2_sample-0,0,,,,bz_8,"cluster_2, cluster_7"
bz_8_cluster_7_1mer-bz_8_cluster_2_1mer,seed-5_sample-0,0,,,,bz_8,"cluster_2, cluster_7"
bz_8_cluster_7_1mer-bz_8_cluster_2_1mer,seed-6_sample-0,0,,,,bz_8,"cluster_2, cluster_7"
bz_8_cluster_7_1mer-bz_8_cluster_2_1mer,seed-3_sample-0,0,,,,bz_8,"cluster_2, cluster_7"
bz_8_cluster_7_1mer-bz_8_cluster_2_1mer,seed-1_sample-0,0,,,,bz_8,"cluster_2, cluster_7"
bz_8_cluster_7_1mer-bz_8_cluster_2_1mer,seed-7_sample-0,0,,,,bz_8,"cluster_2, cluster_7"
bz_8_cluster_0_1mer-bz_8_cluster_4_1mer,seed-8_sample-0,0,,,,bz_8,"cluster_0, cluster_4"
bz_8_cluster_0_1mer-bz_8_cluster_4_1mer,seed-10_sample-0,0,,,,bz_8,"cluster_0, cluster_4"
bz_8_cluster_0_1mer-bz_8_cluster_4_1mer,seed-9_sample-0,0,,,,bz_8,"cluster_0, cluster_4"
bz_8_cluster_0_1mer-bz_8_cluster_4_1mer,seed-4_sample-0,0,,,,bz_8,"cluster_0, cluster_4"
bz_8_cluster_0_1mer-bz_8_cluster_4_1mer,seed-2_sample-0,0,,,,bz_8,"cluster_0, cluster_4"
bz_8_cluster_0_1mer-bz_8_cluster_4_1mer,seed-5_sample-0,0,,,,bz_8,"cluster_0, cluster_4"
bz_8_cluster_0_1mer-bz_8_cluster_4_1mer,seed-6_sample-0,0,,,,bz_8,"cluster_0, cluster_4"
bz_8_cluster_0_1mer-bz_8_cluster_4_1mer,seed-3_sample-0,0,,,,bz_8,"cluster_0, cluster_4"
bz_8_cluster_0_1mer-bz_8_cluster_4_1mer,seed-1_sample-0,0,,,,bz_8,"cluster_0, cluster_4"
bz_8_cluster_0_1mer-bz_8_cluster_4_1mer,seed-7_sample-0,0,,,,bz_8,"cluster_0, cluster_4"
bz_8_cluster_0_1mer-bz_8_cluster_5_1mer,seed-8_sample-0,0,,,,bz_8,"cluster_0, cluster_5"
bz_8_cluster_0_1mer-bz_8_cluster_5_1mer,seed-10_sample-0,0,,,,bz_8,"cluster_0, cluster_5"
bz_8_cluster_0_1mer-bz_8_cluster_5_1mer,seed-9_sample-0,0,,,,bz_8,"cluster_0, cluster_5"
bz_8_cluster_0_1mer-bz_8_cluster_5_1mer,seed-4_sample-0,0,,,,bz_8,"cluster_0, cluster_5"
bz_8_cluster_0_1mer-bz_8_cluster_5_1mer,seed-2_sample-0,0,,,,bz_8,"cluster_0, cluster_5"
bz_8_cluster_0_1mer-bz_8_cluster_5_1mer,seed-5_sample-0,0,,,,bz_8,"cluster_0, cluster_5"
bz_8_cluster_0_1mer-bz_8_cluster_5_1mer,seed-6_sample-0,0,,,,bz_8,"cluster_0, cluster_5"
bz_8_cluster_0_1mer-bz_8_cluster_5_1mer,seed-3_sample-0,0,,,,bz_8,"cluster_0, cluster_5"
bz_8_cluster_0_1mer-bz_8_cluster_5_1mer,seed-1_sample-0,0,,,,bz_8,"cluster_0, cluster_5"
bz_8_cluster_0_1mer-bz_8_cluster_5_1mer,seed-7_sample-0,0,,,,bz_8,"cluster_0, cluster_5"
bz_8_cluster_0_1mer-bz_8_cluster_6_1mer,seed-8_sample-0,0,,,,bz_8,"cluster_0, cluster_6"
bz_8_cluster_0_1mer-bz_8_cluster_6_1mer,seed-10_sample-0,0,,,,bz_8,"cluster_0, cluster_6"
bz_8_cluster_0_1mer-bz_8_cluster_6_1mer,seed-9_sample-0,0,,,,bz_8,"cluster_0, cluster_6"
bz_8_cluster_0_1mer-bz_8_cluster_6_1mer,seed-4_sample-0,0,,,,bz_8,"cluster_0, cluster_6"
bz_8_cluster_0_1mer-bz_8_cluster_6_1mer,seed-2_sample-0,0,,,,bz_8,"cluster_0, cluster_6"
bz_8_cluster_0_1mer-bz_8_cluster_6_1mer,seed-5_sample-0,0,,,,bz_8,"cluster_0, cluster_6"
bz_8_cluster_0_1mer-bz_8_cluster_6_1mer,seed-6_sample-0,0,,,,bz_8,"cluster_0, cluster_6"
bz_8_cluster_0_1mer-bz_8_cluster_6_1mer,seed-3_sample-0,0,,,,bz_8,"cluster_0, cluster_6"
bz_8_cluster_0_1mer-bz_8_cluster_6_1mer,seed-1_sample-0,0,,,,bz_8,"cluster_0, cluster_6"
bz_8_cluster_0_1mer-bz_8_cluster_6_1mer,seed-7_sample-0,0,,,,bz_8,"cluster_0, cluster_6"
bz_8_cluster_0_1mer-bz_8_cluster_1_1mer,seed-8_sample-0,0,,,,bz_8,"cluster_0, cluster_1"
bz_8_cluster_0_1mer-bz_8_cluster_1_1mer,seed-10_sample-0,0,,,,bz_8,"cluster_0, cluster_1"
bz_8_cluster_0_1mer-bz_8_cluster_1_1mer,seed-9_sample-0,0,,,,bz_8,"cluster_0, cluster_1"
bz_8_cluster_0_1mer-bz_8_cluster_1_1mer,seed-4_sample-0,0,,,,bz_8,"cluster_0, cluster_1"
bz_8_cluster_0_1mer-bz_8_cluster_1_1mer,seed-2_sample-0,0,,,,bz_8,"cluster_0, cluster_1"
bz_8_cluster_0_1mer-bz_8_cluster_1_1mer,seed-5_sample-0,0,,,,bz_8,"cluster_0, cluster_1"
bz_8_cluster_0_1mer-bz_8_cluster_1_1mer,seed-6_sample-0,0,,,,bz_8,"cluster_0, cluster_1"
bz_8_cluster_0_1mer-bz_8_cluster_1_1mer,seed-3_sample-0,0,,,,bz_8,"cluster_0, cluster_1"
bz_8_cluster_0_1mer-bz_8_cluster_1_1mer,seed-1_sample-0,0,,,,bz_8,"cluster_0, cluster_1"
bz_8_cluster_0_1mer-bz_8_cluster_1_1mer,seed-7_sample-0,0,,,,bz_8,"cluster_0, cluster_1"
bz_8_cluster_0_1mer-bz_8_cluster_3_1mer,seed-8_sample-0,0,,,,bz_8,"cluster_0, cluster_3"
bz_8_cluster_0_1mer-bz_8_cluster_3_1mer,seed-10_sample-0,0,,,,bz_8,"cluster_0, cluster_3"
bz_8_cluster_0_1mer-bz_8_cluster_3_1mer,seed-9_sample-0,0,,,,bz_8,"cluster_0, cluster_3"
bz_8_cluster_0_1mer-bz_8_cluster_3_1mer,seed-4_sample-0,0,,,,bz_8,"cluster_0, cluster_3"
bz_8_cluster_0_1mer-bz_8_cluster_3_1mer,seed-2_sample-0,0,,,,bz_8,"cluster_0, cluster_3"
bz_8_cluster_0_1mer-bz_8_cluster_3_1mer,seed-5_sample-0,0,,,,bz_8,"cluster_0, cluster_3"
bz_8_cluster_0_1mer-bz_8_cluster_3_1mer,seed-6_sample-0,0,,,,bz_8,"cluster_0, cluster_3"
bz_8_cluster_0_1mer-bz_8_cluster_3_1mer,seed-3_sample-0,0,,,,bz_8,"cluster_0, cluster_3"
bz_8_cluster_0_1mer-bz_8_cluster_3_1mer,seed-1_sample-0,0,,,,bz_8,"cluster_0, cluster_3"
bz_8_cluster_0_1mer-bz_8_cluster_3_1mer,seed-7_sample-0,0,,,,bz_8,"cluster_0, cluster_3"
bz_8_cluster_0_1mer-bz_8_cluster_2_1mer,seed-8_sample-0,0,,,,bz_8,"cluster_0, cluster_2"
bz_8_cluster_0_1mer-bz_8_cluster_2_1mer,seed-10_sample-0,0,,,,bz_8,"cluster_0, cluster_2"
bz_8_cluster_0_1mer-bz_8_cluster_2_1mer,seed-9_sample-0,0,,,,bz_8,"cluster_0, cluster_2"
bz_8_cluster_0_1mer-bz_8_cluster_2_1mer,seed-4_sample-0,0,,,,bz_8,"cluster_0, cluster_2"
bz_8_cluster_0_1mer-bz_8_cluster_2_1mer,seed-2_sample-0,0,,,,bz_8,"cluster_0, cluster_2"
bz_8_cluster_0_1mer-bz_8_cluster_2_1mer,seed-5_sample-0,0,,,,bz_8,"cluster_0, cluster_2"
bz_8_cluster_0_1mer-bz_8_cluster_2_1mer,seed-6_sample-0,0,,,,bz_8,"cluster_0, cluster_2"
bz_8_cluster_0_1mer-bz_8_cluster_2_1mer,seed-3_sample-0,0,,,,bz_8,"cluster_0, cluster_2"
bz_8_cluster_0_1mer-bz_8_cluster_2_1mer,seed-1_sample-0,0,,,,bz_8,"cluster_0, cluster_2"
bz_8_cluster_0_1mer-bz_8_cluster_2_1mer,seed-7_sample-0,0,,,,bz_8,"cluster_0, cluster_2"
bz_8_cluster_4_1mer-bz_8_cluster_5_1mer,seed-8_sample-0,216,0.51,0.8819444444444444,"[0.69, 0.99, 1.0, 0.98, 1.0, 1.0, 0.84, 1.0, 0.99, 1.0, 1.0, 0.79, 1.0, 1.0, 0.99, 1.0, 1.0, 1.0, 1.0, 0.99, 1.0, 1.0, 1.0, 1.0, 0.99, 1.0, 0.66, 0.97, 0.98, 0.88, 0.98, 0.64, 0.65, 0.86, 0.67, 0.65, 0.62, 0.98, 0.72, 0.94, 0.99, 1.0, 0.91, 1.0, 0.99, 1.0, 0.96, 0.99, 0.97, 1.0, 1.0, 0.97, 1.0, 0.99, 0.99, 1.0, 0.99, 0.99, 1.0, 1.0, 0.88, 0.99, 0.99, 0.99, 0.94, 0.56, 0.99, 0.51, 0.99, 0.96, 0.98, 0.85, 0.68, 0.76, 0.55, 0.59, 0.66, 0.52, 0.62, 0.67, 0.64, 0.52, 0.73, 0.64, 0.79, 0.64, 0.89, 0.91, 0.93, 0.9, 0.8, 0.89, 0.89, 0.94, 0.91, 0.94, 0.56, 0.91, 0.94, 0.87, 0.81, 0.89, 0.9, 0.92, 0.9, 0.91, 0.9, 0.91, 0.99, 1.0, 0.99, 0.99, 1.0, 0.97, 0.79, 0.96, 1.0, 0.97, 0.99, 0.72, 1.0, 1.0, 1.0, 0.99, 0.99, 0.99, 0.99, 1.0, 0.99, 0.88, 0.99, 0.51, 0.94, 0.99, 0.96, 0.98, 0.56, 1.0, 0.69, 0.98, 1.0, 0.99, 1.0, 0.91, 1.0, 0.99, 0.84, 1.0, 0.99, 1.0, 1.0, 1.0, 1.0, 1.0, 1.0, 1.0, 1.0, 1.0, 1.0, 1.0, 1.0, 0.99, 0.99, 1.0, 1.0, 0.88, 0.98, 0.94, 0.99, 0.66, 0.97, 0.98, 0.98, 0.64, 0.65, 0.86, 0.65, 0.85, 0.68, 0.76, 0.55, 0.67, 0.62, 0.59, 0.66, 0.62, 0.52, 0.67, 0.64, 0.52, 0.73, 0.64, 0.79, 0.64, 0.89, 0.91, 0.93, 0.89, 0.94, 0.9, 0.91, 0.8, 0.89, 0.94, 0.91, 0.56, 0.94, 0.89, 0.92, 0.87, 0.9, 0.81, 0.9, 0.91, 0.9, 0.91]",bz_8,"cluster_4, cluster_5"
bz_8_cluster_4_1mer-bz_8_cluster_5_1mer,seed-10_sample-0,214,0.52,0.8871962616822431,"[0.7, 0.99, 1.0, 0.98, 1.0, 1.0, 0.85, 1.0, 0.99, 1.0, 1.0, 0.8, 1.0, 1.0, 0.99, 1.0, 1.0, 1.0, 1.0, 0.99, 1.0, 1.0, 1.0, 1.0, 0.99, 1.0, 0.68, 0.97, 0.98, 0.89, 0.98, 0.65, 0.64, 0.86, 0.65, 0.66, 0.61, 0.98, 0.74, 0.94, 0.99, 1.0, 0.91, 1.0, 0.99, 1.0, 0.96, 0.99, 0.97, 1.0, 1.0, 0.98, 1.0, 0.99, 0.99, 1.0, 1.0, 0.99, 1.0, 1.0, 0.89, 0.99, 0.99, 0.99, 0.94, 0.57, 0.99, 0.99, 0.96, 0.98, 0.85, 0.69, 0.77, 0.56, 0.6, 0.67, 0.52, 0.62, 0.68, 0.65, 0.52, 0.74, 0.64, 0.79, 0.65, 0.9, 0.91, 0.93, 0.9, 0.8, 0.89, 0.9, 0.94, 0.91, 0.94, 0.55, 0.91, 0.94, 0.87, 0.81, 0.89, 0.9, 0.92, 0.9, 0.91, 0.9, 0.9, 0.99, 1.0, 0.99, 0.99, 1.0, 0.97, 0.8, 0.96, 1.0, 0.98, 0.99, 0.74, 1.0, 1.0, 1.0, 1.0, 0.99, 0.99, 0.99, 1.0, 0.99, 0.89, 0.99, 0.94, 0.99, 0.96, 0.98, 0.57, 1.0, 0.7, 0.98, 1.0, 0.99, 1.0, 0.91, 1.0, 0.99, 0.85, 1.0, 0.99, 1.0, 1.0, 1.0, 1.0, 1.0, 1.0, 1.0, 1.0, 1.0, 1.0, 1.0, 1.0, 0.99, 0.99, 1.0, 1.0, 0.89, 0.98, 0.94, 0.99, 0.68, 0.97, 0.98, 0.98, 0.65, 0.64, 0.86, 0.66, 0.85, 0.69, 0.77, 0.56, 0.65, 0.61, 0.6, 0.67, 0.62, 0.52, 0.68, 0.65, 0.52, 0.74, 0.64, 0.79, 0.65, 0.9, 0.91, 0.93, 0.89, 0.94, 0.9, 0.91, 0.8, 0.9, 0.94, 0.91, 0.55, 0.94, 0.89, 0.92, 0.87, 0.9, 0.81, 0.9, 0.91, 0.9, 0.9]",bz_8,"cluster_4, cluster_5"
bz_8_cluster_4_1mer-bz_8_cluster_5_1mer,seed-9_sample-0,214,0.51,0.8851401869158879,"[0.7, 0.99, 1.0, 0.98, 0.99, 1.0, 0.85, 1.0, 0.99, 1.0, 1.0, 0.79, 1.0, 1.0, 0.99, 1.0, 1.0, 1.0, 1.0, 0.99, 1.0, 1.0, 1.0, 1.0, 0.99, 1.0, 0.68, 0.97, 0.98, 0.88, 0.98, 0.64, 0.65, 0.86, 0.65, 0.65, 0.61, 0.98, 0.75, 0.94, 0.99, 1.0, 0.91, 1.0, 0.99, 1.0, 0.96, 0.99, 0.97, 1.0, 1.0, 0.97, 1.0, 0.99, 0.99, 1.0, 0.99, 0.99, 1.0, 1.0, 0.88, 0.99, 0.99, 0.99, 0.94, 0.57, 0.99, 0.99, 0.96, 0.98, 0.84, 0.68, 0.76, 0.56, 0.58, 0.65, 0.51, 0.62, 0.67, 0.63, 0.51, 0.73, 0.64, 0.79, 0.64, 0.89, 0.91, 0.93, 0.9, 0.8, 0.88, 0.89, 0.94, 0.91, 0.94, 0.56, 0.91, 0.94, 0.86, 0.81, 0.9, 0.9, 0.92, 0.9, 0.91, 0.9, 0.9, 0.99, 1.0, 0.99, 0.99, 1.0, 0.97, 0.79, 0.96, 1.0, 0.97, 0.99, 0.75, 1.0, 1.0, 1.0, 0.99, 0.99, 0.99, 0.99, 1.0, 0.99, 0.88, 0.99, 0.94, 0.99, 0.96, 0.98, 0.57, 1.0, 0.7, 0.98, 1.0, 0.99, 0.99, 0.91, 1.0, 0.99, 0.85, 1.0, 0.99, 1.0, 1.0, 1.0, 1.0, 1.0, 1.0, 1.0, 1.0, 1.0, 1.0, 1.0, 1.0, 0.99, 0.99, 1.0, 1.0, 0.88, 0.98, 0.94, 0.99, 0.68, 0.97, 0.98, 0.98, 0.64, 0.65, 0.86, 0.65, 0.84, 0.68, 0.76, 0.56, 0.65, 0.61, 0.58, 0.65, 0.62, 0.51, 0.67, 0.63, 0.51, 0.73, 0.64, 0.79, 0.64, 0.89, 0.91, 0.93, 0.88, 0.94, 0.9, 0.91, 0.8, 0.89, 0.94, 0.91, 0.56, 0.94, 0.9, 0.92, 0.86, 0.9, 0.81, 0.9, 0.91, 0.9, 0.9]",bz_8,"cluster_4, cluster_5"
bz_8_cluster_4_1mer-bz_8_cluster_5_1mer,seed-4_sample-0,214,0.52,0.8871962616822431,"[0.7, 0.99, 1.0, 0.98, 1.0, 1.0, 0.86, 1.0, 0.99, 1.0, 1.0, 0.79, 1.0, 1.0, 0.99, 1.0, 1.0, 1.0, 1.0, 0.99, 1.0, 1.0, 1.0, 1.0, 0.99, 1.0, 0.67, 0.97, 0.98, 0.88, 0.98, 0.65, 0.65, 0.86, 0.66, 0.66, 0.61, 0.98, 0.74, 0.94, 0.99, 1.0, 0.91, 1.0, 0.99, 1.0, 0.96, 0.99, 0.97, 1.0, 1.0, 0.97, 1.0, 0.99, 0.99, 1.0, 1.0, 0.99, 1.0, 1.0, 0.88, 0.99, 0.99, 0.99, 0.94, 0.58, 0.99, 0.99, 0.96, 0.98, 0.85, 0.68, 0.76, 0.55, 0.59, 0.66, 0.52, 0.62, 0.69, 0.64, 0.52, 0.74, 0.65, 0.79, 0.65, 0.9, 0.91, 0.93, 0.91, 0.8, 0.89, 0.9, 0.94, 0.92, 0.94, 0.56, 0.91, 0.94, 0.87, 0.81, 0.89, 0.9, 0.93, 0.9, 0.91, 0.9, 0.91, 0.99, 1.0, 0.99, 0.99, 1.0, 0.97, 0.79, 0.96, 1.0, 0.97, 0.99, 0.74, 1.0, 1.0, 1.0, 1.0, 0.99, 0.99, 0.99, 1.0, 0.99, 0.88, 0.99, 0.94, 0.99, 0.96, 0.98, 0.58, 1.0, 0.7, 0.98, 1.0, 0.99, 1.0, 0.91, 1.0, 0.99, 0.86, 1.0, 0.99, 1.0, 1.0, 1.0, 1.0, 1.0, 1.0, 1.0, 1.0, 1.0, 1.0, 1.0, 1.0, 0.99, 0.99, 1.0, 1.0, 0.88, 0.98, 0.94, 0.99, 0.67, 0.97, 0.98, 0.98, 0.65, 0.65, 0.86, 0.66, 0.85, 0.68, 0.76, 0.55, 0.66, 0.61, 0.59, 0.66, 0.62, 0.52, 0.69, 0.64, 0.52, 0.74, 0.65, 0.79, 0.65, 0.9, 0.91, 0.93, 0.89, 0.94, 0.91, 0.92, 0.8, 0.9, 0.94, 0.91, 0.56, 0.94, 0.89, 0.93, 0.87, 0.9, 0.81, 0.9, 0.91, 0.9, 0.91]",bz_8,"cluster_4, cluster_5"
bz_8_cluster_4_1mer-bz_8_cluster_5_1mer,seed-2_sample-0,214,0.52,0.886355140186916,"[0.69, 0.99, 1.0, 0.98, 1.0, 1.0, 0.86, 1.0, 0.99, 1.0, 1.0, 0.8, 1.0, 1.0, 0.99, 1.0, 1.0, 1.0, 1.0, 0.99, 1.0, 1.0, 1.0, 1.0, 0.99, 1.0, 0.67, 0.97, 0.98, 0.88, 0.98, 0.65, 0.66, 0.86, 0.66, 0.65, 0.61, 0.98, 0.74, 0.94, 0.99, 1.0, 0.91, 1.0, 0.99, 1.0, 0.96, 0.99, 0.97, 1.0, 1.0, 0.97, 1.0, 0.99, 0.99, 1.0, 1.0, 0.99, 1.0, 1.0, 0.89, 0.99, 0.99, 0.99, 0.95, 0.56, 0.99, 0.99, 0.96, 0.98, 0.85, 0.68, 0.76, 0.56, 0.58, 0.65, 0.52, 0.62, 0.67, 0.64, 0.53, 0.74, 0.64, 0.79, 0.65, 0.89, 0.91, 0.93, 0.9, 0.8, 0.88, 0.89, 0.94, 0.91, 0.94, 0.56, 0.91, 0.94, 0.87, 0.81, 0.89, 0.9, 0.93, 0.9, 0.91, 0.9, 0.9, 0.99, 1.0, 0.99, 0.99, 1.0, 0.97, 0.8, 0.96, 1.0, 0.97, 0.99, 0.74, 1.0, 1.0, 1.0, 1.0, 0.99, 0.99, 0.99, 1.0, 0.99, 0.89, 0.99, 0.95, 0.99, 0.96, 0.98, 0.56, 1.0, 0.69, 0.98, 1.0, 0.99, 1.0, 0.91, 1.0, 0.99, 0.86, 1.0, 0.99, 1.0, 1.0, 1.0, 1.0, 1.0, 1.0, 1.0, 1.0, 1.0, 1.0, 1.0, 1.0, 0.99, 0.99, 1.0, 1.0, 0.88, 0.98, 0.94, 0.99, 0.67, 0.97, 0.98, 0.98, 0.65, 0.66, 0.86, 0.65, 0.85, 0.68, 0.76, 0.56, 0.66, 0.61, 0.58, 0.65, 0.62, 0.52, 0.67, 0.64, 0.53, 0.74, 0.64, 0.79, 0.65, 0.89, 0.91, 0.93, 0.88, 0.94, 0.9, 0.91, 0.8, 0.89, 0.94, 0.91, 0.56, 0.94, 0.89, 0.93, 0.87, 0.9, 0.81, 0.9, 0.91, 0.9, 0.9]",bz_8,"cluster_4, cluster_5"
bz_8_cluster_4_1mer-bz_8_cluster_5_1mer,seed-5_sample-0,216,0.51,0.8846296296296297,"[0.68, 0.99, 1.0, 0.98, 1.0, 1.0, 0.85, 1.0, 0.99, 1.0, 1.0, 0.79, 1.0, 1.0, 0.99, 1.0, 1.0, 1.0, 1.0, 0.99, 1.0, 1.0, 1.0, 1.0, 0.99, 1.0, 0.66, 0.97, 0.98, 0.88, 0.98, 0.65, 0.65, 0.87, 0.67, 0.66, 0.62, 0.98, 0.74, 0.94, 0.99, 1.0, 0.91, 1.0, 0.99, 1.0, 0.96, 0.99, 0.97, 1.0, 1.0, 0.97, 1.0, 0.99, 0.99, 1.0, 1.0, 0.99, 1.0, 1.0, 0.88, 0.99, 0.99, 0.99, 0.94, 0.58, 0.99, 0.99, 0.96, 0.98, 0.85, 0.69, 0.76, 0.56, 0.6, 0.68, 0.52, 0.63, 0.51, 0.69, 0.66, 0.53, 0.74, 0.66, 0.79, 0.65, 0.9, 0.91, 0.93, 0.91, 0.8, 0.89, 0.9, 0.94, 0.92, 0.94, 0.56, 0.91, 0.94, 0.87, 0.81, 0.89, 0.9, 0.92, 0.9, 0.92, 0.91, 0.91, 0.99, 1.0, 0.99, 0.99, 1.0, 0.97, 0.79, 0.96, 1.0, 0.97, 0.99, 0.74, 1.0, 1.0, 1.0, 1.0, 0.99, 0.99, 0.99, 1.0, 0.99, 0.88, 0.99, 0.94, 0.99, 0.96, 0.98, 0.58, 1.0, 0.68, 0.98, 1.0, 0.99, 1.0, 0.91, 1.0, 0.99, 0.85, 1.0, 0.99, 1.0, 1.0, 1.0, 1.0, 1.0, 1.0, 1.0, 1.0, 1.0, 1.0, 1.0, 1.0, 0.99, 0.99, 1.0, 1.0, 0.88, 0.98, 0.94, 0.99, 0.66, 0.97, 0.98, 0.98, 0.65, 0.65, 0.87, 0.66, 0.85, 0.69, 0.76, 0.56, 0.67, 0.62, 0.6, 0.68, 0.63, 0.51, 0.52, 0.69, 0.66, 0.53, 0.74, 0.66, 0.79, 0.65, 0.9, 0.91, 0.93, 0.89, 0.94, 0.91, 0.92, 0.8, 0.9, 0.94, 0.91, 0.56, 0.94, 0.89, 0.92, 0.87, 0.9, 0.81, 0.9, 0.92, 0.91, 0.91]",bz_8,"cluster_4, cluster_5"
bz_8_cluster_4_1mer-bz_8_cluster_5_1mer,seed-6_sample-0,214,0.52,0.887102803738318,"[0.69, 0.99, 1.0, 0.98, 0.99, 1.0, 0.86, 1.0, 0.99, 1.0, 1.0, 0.78, 1.0, 1.0, 0.99, 1.0, 1.0, 1.0, 1.0, 0.99, 1.0, 1.0, 1.0, 1.0, 0.99, 1.0, 0.68, 0.97, 0.98, 0.88, 0.98, 0.64, 0.65, 0.87, 0.66, 0.66, 0.62, 0.98, 0.73, 0.94, 0.99, 1.0, 0.91, 1.0, 0.99, 1.0, 0.96, 0.99, 0.97, 1.0, 1.0, 0.97, 1.0, 0.99, 0.99, 1.0, 0.99, 0.99, 1.0, 1.0, 0.88, 0.99, 0.99, 0.99, 0.94, 0.58, 0.99, 0.99, 0.96, 0.98, 0.85, 0.69, 0.76, 0.56, 0.6, 0.67, 0.52, 0.63, 0.69, 0.65, 0.53, 0.74, 0.64, 0.79, 0.65, 0.9, 0.91, 0.93, 0.91, 0.8, 0.89, 0.89, 0.94, 0.91, 0.94, 0.55, 0.91, 0.94, 0.87, 0.81, 0.89, 0.9, 0.92, 0.9, 0.91, 0.9, 0.91, 0.99, 1.0, 0.99, 0.99, 1.0, 0.97, 0.78, 0.96, 1.0, 0.97, 0.99, 0.73, 1.0, 1.0, 1.0, 0.99, 0.99, 0.99, 0.99, 1.0, 0.99, 0.88, 0.99, 0.94, 0.99, 0.96, 0.98, 0.58, 1.0, 0.69, 0.98, 1.0, 0.99, 0.99, 0.91, 1.0, 0.99, 0.86, 1.0, 0.99, 1.0, 1.0, 1.0, 1.0, 1.0, 1.0, 1.0, 1.0, 1.0, 1.0, 1.0, 1.0, 0.99, 0.99, 1.0, 1.0, 0.88, 0.98, 0.94, 0.99, 0.68, 0.97, 0.98, 0.98, 0.64, 0.65, 0.87, 0.66, 0.85, 0.69, 0.76, 0.56, 0.66, 0.62, 0.6, 0.67, 0.63, 0.52, 0.69, 0.65, 0.53, 0.74, 0.64, 0.79, 0.65, 0.9, 0.91, 0.93, 0.89, 0.94, 0.91, 0.91, 0.8, 0.89, 0.94, 0.91, 0.55, 0.94, 0.89, 0.92, 0.87, 0.9, 0.81, 0.9, 0.91, 0.9, 0.91]",bz_8,"cluster_4, cluster_5"
bz_8_cluster_4_1mer-bz_8_cluster_5_1mer,seed-3_sample-0,214,0.52,0.886728971962617,"[0.68, 0.99, 1.0, 0.98, 1.0, 1.0, 0.85, 1.0, 0.99, 1.0, 1.0, 0.78, 1.0, 1.0, 0.99, 1.0, 1.0, 1.0, 1.0, 0.99, 1.0, 1.0, 1.0, 1.0, 0.99, 1.0, 0.68, 0.96, 0.97, 0.88, 0.98, 0.65, 0.65, 0.86, 0.65, 0.65, 0.6, 0.98, 0.74, 0.94, 0.99, 1.0, 0.91, 1.0, 0.99, 1.0, 0.96, 0.99, 0.97, 1.0, 1.0, 0.97, 1.0, 0.99, 0.99, 1.0, 0.99, 0.99, 1.0, 1.0, 0.89, 0.99, 0.99, 0.99, 0.94, 0.57, 0.99, 0.99, 0.96, 0.98, 0.85, 0.69, 0.76, 0.56, 0.61, 0.68, 0.52, 0.62, 0.68, 0.65, 0.53, 0.74, 0.65, 0.8, 0.65, 0.9, 0.91, 0.93, 0.9, 0.8, 0.89, 0.9, 0.94, 0.91, 0.94, 0.56, 0.91, 0.94, 0.87, 0.81, 0.89, 0.9, 0.92, 0.9, 0.91, 0.9, 0.9, 0.99, 1.0, 0.99, 0.99, 1.0, 0.97, 0.78, 0.96, 1.0, 0.97, 0.99, 0.74, 1.0, 1.0, 1.0, 0.99, 0.99, 0.99, 0.99, 1.0, 0.99, 0.89, 0.99, 0.94, 0.99, 0.96, 0.98, 0.57, 1.0, 0.68, 0.98, 1.0, 0.99, 1.0, 0.91, 1.0, 0.99, 0.85, 1.0, 0.99, 1.0, 1.0, 1.0, 1.0, 1.0, 1.0, 1.0, 1.0, 1.0, 1.0, 1.0, 1.0, 0.99, 0.99, 1.0, 1.0, 0.88, 0.98, 0.94, 0.99, 0.68, 0.96, 0.97, 0.98, 0.65, 0.65, 0.86, 0.65, 0.85, 0.69, 0.76, 0.56, 0.65, 0.6, 0.61, 0.68, 0.62, 0.52, 0.68, 0.65, 0.53, 0.74, 0.65, 0.8, 0.65, 0.9, 0.91, 0.93, 0.89, 0.94, 0.9, 0.91, 0.8, 0.9, 0.94, 0.91, 0.56, 0.94, 0.89, 0.92, 0.87, 0.9, 0.81, 0.9, 0.91, 0.9, 0.9]",bz_8,"cluster_4, cluster_5"
bz_8_cluster_4_1mer-bz_8_cluster_5_1mer,seed-1_sample-0,214,0.51,0.88392523364486,"[0.69, 0.99, 1.0, 0.98, 0.99, 1.0, 0.85, 1.0, 0.99, 1.0, 1.0, 0.79, 1.0, 1.0, 0.99, 1.0, 1.0, 1.0, 1.0, 0.99, 1.0, 1.0, 1.0, 1.0, 0.99, 1.0, 0.67, 0.97, 0.98, 0.88, 0.98, 0.64, 0.63, 0.86, 0.63, 0.65, 0.59, 0.98, 0.75, 0.94, 0.99, 1.0, 0.91, 1.0, 0.99, 1.0, 0.96, 0.99, 0.97, 1.0, 1.0, 0.97, 1.0, 0.99, 0.99, 1.0, 1.0, 0.99, 1.0, 1.0, 0.89, 0.99, 0.99, 0.99, 0.94, 0.56, 0.99, 0.99, 0.96, 0.98, 0.83, 0.68, 0.76, 0.56, 0.57, 0.65, 0.51, 0.61, 0.67, 0.64, 0.52, 0.73, 0.64, 0.79, 0.65, 0.89, 0.91, 0.92, 0.9, 0.79, 0.88, 0.89, 0.94, 0.91, 0.94, 0.54, 0.91, 0.94, 0.86, 0.8, 0.89, 0.9, 0.92, 0.9, 0.91, 0.9, 0.9, 0.99, 1.0, 0.99, 0.99, 1.0, 0.97, 0.79, 0.96, 1.0, 0.97, 0.99, 0.75, 1.0, 1.0, 1.0, 1.0, 0.99, 0.99, 0.99, 1.0, 0.99, 0.89, 0.99, 0.94, 0.99, 0.96, 0.98, 0.56, 1.0, 0.69, 0.98, 1.0, 0.99, 0.99, 0.91, 1.0, 0.99, 0.85, 1.0, 0.99, 1.0, 1.0, 1.0, 1.0, 1.0, 1.0, 1.0, 1.0, 1.0, 1.0, 1.0, 1.0, 0.99, 0.99, 1.0, 1.0, 0.88, 0.98, 0.94, 0.99, 0.67, 0.97, 0.98, 0.98, 0.64, 0.63, 0.86, 0.65, 0.83, 0.68, 0.76, 0.56, 0.63, 0.59, 0.57, 0.65, 0.61, 0.51, 0.67, 0.64, 0.52, 0.73, 0.64, 0.79, 0.65, 0.89, 0.91, 0.92, 0.88, 0.94, 0.9, 0.91, 0.79, 0.89, 0.94, 0.91, 0.54, 0.94, 0.89, 0.92, 0.86, 0.9, 0.8, 0.9, 0.91, 0.9, 0.9]",bz_8,"cluster_4, cluster_5"
bz_8_cluster_4_1mer-bz_8_cluster_5_1mer,seed-7_sample-0,214,0.52,0.8852336448598132,"[0.69, 0.99, 1.0, 0.98, 0.99, 1.0, 0.85, 1.0, 0.99, 1.0, 1.0, 0.78, 1.0, 1.0, 0.99, 1.0, 1.0, 1.0, 1.0, 0.99, 1.0, 1.0, 1.0, 1.0, 0.99, 1.0, 0.66, 0.97, 0.98, 0.88, 0.98, 0.64, 0.64, 0.86, 0.66, 0.66, 0.61, 0.98, 0.73, 0.94, 0.99, 1.0, 0.91, 1.0, 0.99, 1.0, 0.96, 0.99, 0.97, 1.0, 1.0, 0.97, 1.0, 0.99, 0.99, 1.0, 1.0, 0.99, 1.0, 1.0, 0.88, 0.99, 0.99, 0.99, 0.94, 0.57, 0.99, 0.99, 0.96, 0.98, 0.84, 0.68, 0.76, 0.55, 0.58, 0.65, 0.52, 0.62, 0.68, 0.65, 0.52, 0.73, 0.64, 0.79, 0.65, 0.89, 0.91, 0.93, 0.9, 0.8, 0.89, 0.89, 0.94, 0.91, 0.94, 0.55, 0.91, 0.94, 0.87, 0.81, 0.89, 0.9, 0.93, 0.89, 0.91, 0.9, 0.9, 0.99, 1.0, 0.99, 0.99, 1.0, 0.97, 0.78, 0.96, 1.0, 0.97, 0.99, 0.73, 1.0, 1.0, 1.0, 1.0, 0.99, 0.99, 0.99, 1.0, 0.99, 0.88, 0.99, 0.94, 0.99, 0.96, 0.98, 0.57, 1.0, 0.69, 0.98, 1.0, 0.99, 0.99, 0.91, 1.0, 0.99, 0.85, 1.0, 0.99, 1.0, 1.0, 1.0, 1.0, 1.0, 1.0, 1.0, 1.0, 1.0, 1.0, 1.0, 1.0, 0.99, 0.99, 1.0, 1.0, 0.88, 0.98, 0.94, 0.99, 0.66, 0.97, 0.98, 0.98, 0.64, 0.64, 0.86, 0.66, 0.84, 0.68, 0.76, 0.55, 0.66, 0.61, 0.58, 0.65, 0.62, 0.52, 0.68, 0.65, 0.52, 0.73, 0.64, 0.79, 0.65, 0.89, 0.91, 0.93, 0.89, 0.94, 0.9, 0.91, 0.8, 0.89, 0.94, 0.91, 0.55, 0.94, 0.89, 0.93, 0.87, 0.89, 0.81, 0.9, 0.91, 0.9, 0.9]",bz_8,"cluster_4, cluster_5"
bz_8_cluster_4_1mer-bz_8_cluster_6_1mer,seed-8_sample-0,0,,,,bz_8,"cluster_4, cluster_6"
bz_8_cluster_4_1mer-bz_8_cluster_6_1mer,seed-10_sample-0,0,,,,bz_8,"cluster_4, cluster_6"
bz_8_cluster_4_1mer-bz_8_cluster_6_1mer,seed-9_sample-0,0,,,,bz_8,"cluster_4, cluster_6"
bz_8_cluster_4_1mer-bz_8_cluster_6_1mer,seed-4_sample-0,0,,,,bz_8,"cluster_4, cluster_6"
bz_8_cluster_4_1mer-bz_8_cluster_6_1mer,seed-2_sample-0,0,,,,bz_8,"cluster_4, cluster_6"
bz_8_cluster_4_1mer-bz_8_cluster_6_1mer,seed-5_sample-0,0,,,,bz_8,"cluster_4, cluster_6"
bz_8_cluster_4_1mer-bz_8_cluster_6_1mer,seed-6_sample-0,0,,,,bz_8,"cluster_4, cluster_6"
bz_8_cluster_4_1mer-bz_8_cluster_6_1mer,seed-3_sample-0,0,,,,bz_8,"cluster_4, cluster_6"
bz_8_cluster_4_1mer-bz_8_cluster_6_1mer,seed-1_sample-0,0,,,,bz_8,"cluster_4, cluster_6"
bz_8_cluster_4_1mer-bz_8_cluster_6_1mer,seed-7_sample-0,0,,,,bz_8,"cluster_4, cluster_6"
bz_8_cluster_4_1mer-bz_8_cluster_1_1mer,seed-8_sample-0,0,,,,bz_8,"cluster_1, cluster_4"
bz_8_cluster_4_1mer-bz_8_cluster_1_1mer,seed-10_sample-0,0,,,,bz_8,"cluster_1, cluster_4"
bz_8_cluster_4_1mer-bz_8_cluster_1_1mer,seed-9_sample-0,0,,,,bz_8,"cluster_1, cluster_4"
bz_8_cluster_4_1mer-bz_8_cluster_1_1mer,seed-4_sample-0,0,,,,bz_8,"cluster_1, cluster_4"
bz_8_cluster_4_1mer-bz_8_cluster_1_1mer,seed-2_sample-0,0,,,,bz_8,"cluster_1, cluster_4"
bz_8_cluster_4_1mer-bz_8_cluster_1_1mer,seed-5_sample-0,0,,,,bz_8,"cluster_1, cluster_4"
bz_8_cluster_4_1mer-bz_8_cluster_1_1mer,seed-6_sample-0,0,,,,bz_8,"cluster_1, cluster_4"
bz_8_cluster_4_1mer-bz_8_cluster_1_1mer,seed-3_sample-0,0,,,,bz_8,"cluster_1, cluster_4"
bz_8_cluster_4_1mer-bz_8_cluster_1_1mer,seed-1_sample-0,0,,,,bz_8,"cluster_1, cluster_4"
bz_8_cluster_4_1mer-bz_8_cluster_1_1mer,seed-7_sample-0,0,,,,bz_8,"cluster_1, cluster_4"
bz_8_cluster_4_1mer-bz_8_cluster_3_1mer,seed-8_sample-0,0,,,,bz_8,"cluster_3, cluster_4"
bz_8_cluster_4_1mer-bz_8_cluster_3_1mer,seed-10_sample-0,0,,,,bz_8,"cluster_3, cluster_4"
bz_8_cluster_4_1mer-bz_8_cluster_3_1mer,seed-9_sample-0,0,,,,bz_8,"cluster_3, cluster_4"
bz_8_cluster_4_1mer-bz_8_cluster_3_1mer,seed-4_sample-0,0,,,,bz_8,"cluster_3, cluster_4"
bz_8_cluster_4_1mer-bz_8_cluster_3_1mer,seed-2_sample-0,0,,,,bz_8,"cluster_3, cluster_4"
bz_8_cluster_4_1mer-bz_8_cluster_3_1mer,seed-5_sample-0,0,,,,bz_8,"cluster_3, cluster_4"
bz_8_cluster_4_1mer-bz_8_cluster_3_1mer,seed-6_sample-0,0,,,,bz_8,"cluster_3, cluster_4"
bz_8_cluster_4_1mer-bz_8_cluster_3_1mer,seed-3_sample-0,0,,,,bz_8,"cluster_3, cluster_4"
bz_8_cluster_4_1mer-bz_8_cluster_3_1mer,seed-1_sample-0,0,,,,bz_8,"cluster_3, cluster_4"
bz_8_cluster_4_1mer-bz_8_cluster_3_1mer,seed-7_sample-0,0,,,,bz_8,"cluster_3, cluster_4"
bz_8_cluster_4_1mer-bz_8_cluster_2_1mer,seed-8_sample-0,0,,,,bz_8,"cluster_2, cluster_4"
bz_8_cluster_4_1mer-bz_8_cluster_2_1mer,seed-10_sample-0,0,,,,bz_8,"cluster_2, cluster_4"
bz_8_cluster_4_1mer-bz_8_cluster_2_1mer,seed-9_sample-0,0,,,,bz_8,"cluster_2, cluster_4"
bz_8_cluster_4_1mer-bz_8_cluster_2_1mer,seed-4_sample-0,0,,,,bz_8,"cluster_2, cluster_4"
bz_8_cluster_4_1mer-bz_8_cluster_2_1mer,seed-2_sample-0,0,,,,bz_8,"cluster_2, cluster_4"
bz_8_cluster_4_1mer-bz_8_cluster_2_1mer,seed-5_sample-0,0,,,,bz_8,"cluster_2, cluster_4"
bz_8_cluster_4_1mer-bz_8_cluster_2_1mer,seed-6_sample-0,0,,,,bz_8,"cluster_2, cluster_4"
bz_8_cluster_4_1mer-bz_8_cluster_2_1mer,seed-3_sample-0,0,,,,bz_8,"cluster_2, cluster_4"
bz_8_cluster_4_1mer-bz_8_cluster_2_1mer,seed-1_sample-0,0,,,,bz_8,"cluster_2, cluster_4"
bz_8_cluster_4_1mer-bz_8_cluster_2_1mer,seed-7_sample-0,0,,,,bz_8,"cluster_2, cluster_4"
bz_8_cluster_5_1mer-bz_8_cluster_6_1mer,seed-8_sample-0,0,,,,bz_8,"cluster_5, cluster_6"
bz_8_cluster_5_1mer-bz_8_cluster_6_1mer,seed-10_sample-0,0,,,,bz_8,"cluster_5, cluster_6"
bz_8_cluster_5_1mer-bz_8_cluster_6_1mer,seed-9_sample-0,0,,,,bz_8,"cluster_5, cluster_6"
bz_8_cluster_5_1mer-bz_8_cluster_6_1mer,seed-4_sample-0,0,,,,bz_8,"cluster_5, cluster_6"
bz_8_cluster_5_1mer-bz_8_cluster_6_1mer,seed-2_sample-0,0,,,,bz_8,"cluster_5, cluster_6"
bz_8_cluster_5_1mer-bz_8_cluster_6_1mer,seed-5_sample-0,0,,,,bz_8,"cluster_5, cluster_6"
bz_8_cluster_5_1mer-bz_8_cluster_6_1mer,seed-6_sample-0,0,,,,bz_8,"cluster_5, cluster_6"
bz_8_cluster_5_1mer-bz_8_cluster_6_1mer,seed-3_sample-0,0,,,,bz_8,"cluster_5, cluster_6"
bz_8_cluster_5_1mer-bz_8_cluster_6_1mer,seed-1_sample-0,0,,,,bz_8,"cluster_5, cluster_6"
bz_8_cluster_5_1mer-bz_8_cluster_6_1mer,seed-7_sample-0,0,,,,bz_8,"cluster_5, cluster_6"
bz_8_cluster_5_1mer-bz_8_cluster_1_1mer,seed-8_sample-0,0,,,,bz_8,"cluster_1, cluster_5"
bz_8_cluster_5_1mer-bz_8_cluster_1_1mer,seed-10_sample-0,0,,,,bz_8,"cluster_1, cluster_5"
bz_8_cluster_5_1mer-bz_8_cluster_1_1mer,seed-9_sample-0,0,,,,bz_8,"cluster_1, cluster_5"
bz_8_cluster_5_1mer-bz_8_cluster_1_1mer,seed-4_sample-0,0,,,,bz_8,"cluster_1, cluster_5"
bz_8_cluster_5_1mer-bz_8_cluster_1_1mer,seed-2_sample-0,0,,,,bz_8,"cluster_1, cluster_5"
bz_8_cluster_5_1mer-bz_8_cluster_1_1mer,seed-5_sample-0,0,,,,bz_8,"cluster_1, cluster_5"
bz_8_cluster_5_1mer-bz_8_cluster_1_1mer,seed-6_sample-0,0,,,,bz_8,"cluster_1, cluster_5"
bz_8_cluster_5_1mer-bz_8_cluster_1_1mer,seed-3_sample-0,0,,,,bz_8,"cluster_1, cluster_5"
bz_8_cluster_5_1mer-bz_8_cluster_1_1mer,seed-1_sample-0,0,,,,bz_8,"cluster_1, cluster_5"
bz_8_cluster_5_1mer-bz_8_cluster_1_1mer,seed-7_sample-0,0,,,,bz_8,"cluster_1, cluster_5"
bz_8_cluster_5_1mer-bz_8_cluster_3_1mer,seed-8_sample-0,0,,,,bz_8,"cluster_3, cluster_5"
bz_8_cluster_5_1mer-bz_8_cluster_3_1mer,seed-10_sample-0,0,,,,bz_8,"cluster_3, cluster_5"
bz_8_cluster_5_1mer-bz_8_cluster_3_1mer,seed-9_sample-0,0,,,,bz_8,"cluster_3, cluster_5"
bz_8_cluster_5_1mer-bz_8_cluster_3_1mer,seed-4_sample-0,0,,,,bz_8,"cluster_3, cluster_5"
bz_8_cluster_5_1mer-bz_8_cluster_3_1mer,seed-2_sample-0,0,,,,bz_8,"cluster_3, cluster_5"
bz_8_cluster_5_1mer-bz_8_cluster_3_1mer,seed-5_sample-0,0,,,,bz_8,"cluster_3, cluster_5"
bz_8_cluster_5_1mer-bz_8_cluster_3_1mer,seed-6_sample-0,0,,,,bz_8,"cluster_3, cluster_5"
bz_8_cluster_5_1mer-bz_8_cluster_3_1mer,seed-3_sample-0,0,,,,bz_8,"cluster_3, cluster_5"
bz_8_cluster_5_1mer-bz_8_cluster_3_1mer,seed-1_sample-0,0,,,,bz_8,"cluster_3, cluster_5"
bz_8_cluster_5_1mer-bz_8_cluster_3_1mer,seed-7_sample-0,0,,,,bz_8,"cluster_3, cluster_5"
bz_8_cluster_5_1mer-bz_8_cluster_2_1mer,seed-8_sample-0,0,,,,bz_8,"cluster_2, cluster_5"
bz_8_cluster_5_1mer-bz_8_cluster_2_1mer,seed-10_sample-0,0,,,,bz_8,"cluster_2, cluster_5"
bz_8_cluster_5_1mer-bz_8_cluster_2_1mer,seed-9_sample-0,0,,,,bz_8,"cluster_2, cluster_5"
bz_8_cluster_5_1mer-bz_8_cluster_2_1mer,seed-4_sample-0,0,,,,bz_8,"cluster_2, cluster_5"
bz_8_cluster_5_1mer-bz_8_cluster_2_1mer,seed-2_sample-0,0,,,,bz_8,"cluster_2, cluster_5"
bz_8_cluster_5_1mer-bz_8_cluster_2_1mer,seed-5_sample-0,0,,,,bz_8,"cluster_2, cluster_5"
bz_8_cluster_5_1mer-bz_8_cluster_2_1mer,seed-6_sample-0,0,,,,bz_8,"cluster_2, cluster_5"
bz_8_cluster_5_1mer-bz_8_cluster_2_1mer,seed-3_sample-0,0,,,,bz_8,"cluster_2, cluster_5"
bz_8_cluster_5_1mer-bz_8_cluster_2_1mer,seed-1_sample-0,0,,,,bz_8,"cluster_2, cluster_5"
bz_8_cluster_5_1mer-bz_8_cluster_2_1mer,seed-7_sample-0,0,,,,bz_8,"cluster_2, cluster_5"
bz_8_cluster_6_1mer-bz_8_cluster_1_1mer,seed-8_sample-0,2,0.53,0.53,"[0.53, 0.53]",bz_8,"cluster_1, cluster_6"
bz_8_cluster_6_1mer-bz_8_cluster_1_1mer,seed-10_sample-0,2,0.52,0.52,"[0.52, 0.52]",bz_8,"cluster_1, cluster_6"
bz_8_cluster_6_1mer-bz_8_cluster_1_1mer,seed-9_sample-0,2,0.52,0.52,"[0.52, 0.52]",bz_8,"cluster_1, cluster_6"
bz_8_cluster_6_1mer-bz_8_cluster_1_1mer,seed-4_sample-0,2,0.52,0.52,"[0.52, 0.52]",bz_8,"cluster_1, cluster_6"
bz_8_cluster_6_1mer-bz_8_cluster_1_1mer,seed-2_sample-0,2,0.53,0.53,"[0.53, 0.53]",bz_8,"cluster_1, cluster_6"
bz_8_cluster_6_1mer-bz_8_cluster_1_1mer,seed-5_sample-0,2,0.51,0.51,"[0.51, 0.51]",bz_8,"cluster_1, cluster_6"
bz_8_cluster_6_1mer-bz_8_cluster_1_1mer,seed-6_sample-0,2,0.51,0.51,"[0.51, 0.51]",bz_8,"cluster_1, cluster_6"
bz_8_cluster_6_1mer-bz_8_cluster_1_1mer,seed-3_sample-0,2,0.52,0.52,"[0.52, 0.52]",bz_8,"cluster_1, cluster_6"
bz_8_cluster_6_1mer-bz_8_cluster_1_1mer,seed-1_sample-0,2,0.51,0.51,"[0.51, 0.51]",bz_8,"cluster_1, cluster_6"
bz_8_cluster_6_1mer-bz_8_cluster_1_1mer,seed-7_sample-0,2,0.52,0.52,"[0.52, 0.52]",bz_8,"cluster_1, cluster_6"
bz_8_cluster_6_1mer-bz_8_cluster_3_1mer,seed-8_sample-0,0,,,,bz_8,"cluster_3, cluster_6"
bz_8_cluster_6_1mer-bz_8_cluster_3_1mer,seed-10_sample-0,0,,,,bz_8,"cluster_3, cluster_6"
bz_8_cluster_6_1mer-bz_8_cluster_3_1mer,seed-9_sample-0,0,,,,bz_8,"cluster_3, cluster_6"
bz_8_cluster_6_1mer-bz_8_cluster_3_1mer,seed-4_sample-0,0,,,,bz_8,"cluster_3, cluster_6"
bz_8_cluster_6_1mer-bz_8_cluster_3_1mer,seed-2_sample-0,0,,,,bz_8,"cluster_3, cluster_6"
bz_8_cluster_6_1mer-bz_8_cluster_3_1mer,seed-5_sample-0,0,,,,bz_8,"cluster_3, cluster_6"
bz_8_cluster_6_1mer-bz_8_cluster_3_1mer,seed-6_sample-0,0,,,,bz_8,"cluster_3, cluster_6"
bz_8_cluster_6_1mer-bz_8_cluster_3_1mer,seed-3_sample-0,0,,,,bz_8,"cluster_3, cluster_6"
bz_8_cluster_6_1mer-bz_8_cluster_3_1mer,seed-1_sample-0,0,,,,bz_8,"cluster_3, cluster_6"
bz_8_cluster_6_1mer-bz_8_cluster_3_1mer,seed-7_sample-0,0,,,,bz_8,"cluster_3, cluster_6"
bz_8_cluster_6_1mer-bz_8_cluster_2_1mer,seed-8_sample-0,0,,,,bz_8,"cluster_2, cluster_6"
bz_8_cluster_6_1mer-bz_8_cluster_2_1mer,seed-10_sample-0,0,,,,bz_8,"cluster_2, cluster_6"
bz_8_cluster_6_1mer-bz_8_cluster_2_1mer,seed-9_sample-0,0,,,,bz_8,"cluster_2, cluster_6"
bz_8_cluster_6_1mer-bz_8_cluster_2_1mer,seed-4_sample-0,0,,,,bz_8,"cluster_2, cluster_6"
bz_8_cluster_6_1mer-bz_8_cluster_2_1mer,seed-2_sample-0,0,,,,bz_8,"cluster_2, cluster_6"
bz_8_cluster_6_1mer-bz_8_cluster_2_1mer,seed-5_sample-0,0,,,,bz_8,"cluster_2, cluster_6"
bz_8_cluster_6_1mer-bz_8_cluster_2_1mer,seed-6_sample-0,0,,,,bz_8,"cluster_2, cluster_6"
bz_8_cluster_6_1mer-bz_8_cluster_2_1mer,seed-3_sample-0,0,,,,bz_8,"cluster_2, cluster_6"
bz_8_cluster_6_1mer-bz_8_cluster_2_1mer,seed-1_sample-0,32,0.51,0.608125,"[0.51, 0.51, 0.64, 0.62, 0.64, 0.67, 0.68, 0.6, 0.68, 0.64, 0.63, 0.54, 0.59, 0.61, 0.6, 0.57, 0.51, 0.51, 0.62, 0.64, 0.64, 0.68, 0.67, 0.64, 0.6, 0.68, 0.63, 0.59, 0.54, 0.61, 0.6, 0.57]",bz_8,"cluster_2, cluster_6"
bz_8_cluster_6_1mer-bz_8_cluster_2_1mer,seed-7_sample-0,0,,,,bz_8,"cluster_2, cluster_6"
bz_8_cluster_1_1mer-bz_8_cluster_3_1mer,seed-8_sample-0,52,0.51,0.7553846153846154,"[0.83, 0.8, 0.8, 0.84, 0.77, 0.58, 0.87, 0.61, 0.85, 0.84, 0.84, 0.84, 0.86, 0.88, 0.79, 0.87, 0.79, 0.86, 0.85, 0.82, 0.78, 0.51, 0.58, 0.51, 0.54, 0.53, 0.86, 0.51, 0.58, 0.54, 0.51, 0.53, 0.84, 0.58, 0.8, 0.83, 0.8, 0.84, 0.86, 0.85, 0.85, 0.88, 0.82, 0.78, 0.79, 0.84, 0.77, 0.87, 0.84, 0.87, 0.61, 0.79]",bz_8,"cluster_1, cluster_3"
bz_8_cluster_1_1mer-bz_8_cluster_3_1mer,seed-10_sample-0,52,0.51,0.7553846153846154,"[0.83, 0.8, 0.79, 0.83, 0.77, 0.57, 0.87, 0.63, 0.85, 0.84, 0.84, 0.84, 0.85, 0.88, 0.8, 0.87, 0.79, 0.86, 0.85, 0.82, 0.78, 0.51, 0.58, 0.51, 0.54, 0.54, 0.86, 0.51, 0.58, 0.54, 0.51, 0.54, 0.84, 0.57, 0.79, 0.83, 0.8, 0.83, 0.85, 0.85, 0.85, 0.88, 0.82, 0.78, 0.8, 0.84, 0.77, 0.87, 0.84, 0.87, 0.63, 0.79]",bz_8,"cluster_1, cluster_3"
bz_8_cluster_1_1mer-bz_8_cluster_3_1mer,seed-9_sample-0,54,0.52,0.7681481481481482,"[0.84, 0.82, 0.81, 0.84, 0.78, 0.58, 0.89, 0.62, 0.87, 0.87, 0.86, 0.86, 0.88, 0.91, 0.81, 0.88, 0.81, 0.89, 0.88, 0.85, 0.8, 0.54, 0.62, 0.55, 0.6, 0.56, 0.52, 0.89, 0.54, 0.62, 0.6, 0.55, 0.56, 0.52, 0.86, 0.58, 0.81, 0.84, 0.82, 0.84, 0.88, 0.88, 0.87, 0.91, 0.85, 0.8, 0.81, 0.87, 0.78, 0.89, 0.86, 0.88, 0.62, 0.81]",bz_8,"cluster_1, cluster_3"
bz_8_cluster_1_1mer-bz_8_cluster_3_1mer,seed-4_sample-0,52,0.52,0.7592307692307692,"[0.84, 0.8, 0.79, 0.83, 0.78, 0.59, 0.87, 0.63, 0.84, 0.84, 0.84, 0.84, 0.85, 0.89, 0.8, 0.87, 0.79, 0.86, 0.85, 0.82, 0.78, 0.52, 0.59, 0.53, 0.55, 0.55, 0.86, 0.52, 0.59, 0.55, 0.53, 0.55, 0.84, 0.59, 0.79, 0.84, 0.8, 0.83, 0.85, 0.85, 0.84, 0.89, 0.82, 0.78, 0.8, 0.84, 0.78, 0.87, 0.84, 0.87, 0.63, 0.79]",bz_8,"cluster_1, cluster_3"
bz_8_cluster_1_1mer-bz_8_cluster_3_1mer,seed-2_sample-0,52,0.51,0.7569230769230769,"[0.83, 0.79, 0.79, 0.83, 0.77, 0.59, 0.87, 0.62, 0.85, 0.84, 0.84, 0.84, 0.86, 0.89, 0.8, 0.86, 0.79, 0.86, 0.85, 0.82, 0.78, 0.51, 0.58, 0.52, 0.55, 0.55, 0.86, 0.51, 0.58, 0.55, 0.52, 0.55, 0.84, 0.59, 0.79, 0.83, 0.79, 0.83, 0.86, 0.85, 0.85, 0.89, 0.82, 0.78, 0.8, 0.84, 0.77, 0.87, 0.84, 0.86, 0.62, 0.79]",bz_8,"cluster_1, cluster_3"
bz_8_cluster_1_1mer-bz_8_cluster_3_1mer,seed-5_sample-0,56,0.51,0.7571428571428572,"[0.84, 0.81, 0.8, 0.84, 0.78, 0.59, 0.88, 0.63, 0.87, 0.87, 0.86, 0.86, 0.88, 0.9, 0.82, 0.88, 0.81, 0.89, 0.87, 0.84, 0.8, 0.53, 0.61, 0.51, 0.54, 0.6, 0.57, 0.52, 0.51, 0.89, 0.53, 0.61, 0.6, 0.54, 0.57, 0.52, 0.86, 0.59, 0.8, 0.84, 0.81, 0.84, 0.88, 0.87, 0.87, 0.9, 0.84, 0.8, 0.82, 0.87, 0.78, 0.88, 0.86, 0.88, 0.63, 0.81]",bz_8,"cluster_1, cluster_3"
bz_8_cluster_1_1mer-bz_8_cluster_3_1mer,seed-6_sample-0,52,0.51,0.7576923076923077,"[0.83, 0.8, 0.79, 0.83, 0.77, 0.6, 0.88, 0.62, 0.85, 0.84, 0.84, 0.84, 0.86, 0.89, 0.79, 0.87, 0.79, 0.86, 0.85, 0.82, 0.79, 0.51, 0.59, 0.51, 0.54, 0.54, 0.86, 0.51, 0.59, 0.54, 0.51, 0.54, 0.84, 0.6, 0.79, 0.83, 0.8, 0.83, 0.86, 0.85, 0.85, 0.89, 0.82, 0.79, 0.79, 0.84, 0.77, 0.88, 0.84, 0.87, 0.62, 0.79]",bz_8,"cluster_1, cluster_3"
bz_8_cluster_1_1mer-bz_8_cluster_3_1mer,seed-3_sample-0,56,0.51,0.7607142857142856,"[0.84, 0.82, 0.8, 0.84, 0.78, 0.6, 0.89, 0.63, 0.87, 0.87, 0.87, 0.86, 0.88, 0.9, 0.82, 0.88, 0.81, 0.89, 0.88, 0.85, 0.81, 0.53, 0.62, 0.51, 0.56, 0.6, 0.57, 0.52, 0.51, 0.89, 0.53, 0.62, 0.6, 0.56, 0.57, 0.52, 0.86, 0.6, 0.8, 0.84, 0.82, 0.84, 0.88, 0.88, 0.87, 0.9, 0.85, 0.81, 0.82, 0.87, 0.78, 0.89, 0.87, 0.88, 0.63, 0.81]",bz_8,"cluster_1, cluster_3"
bz_8_cluster_1_1mer-bz_8_cluster_3_1mer,seed-1_sample-0,50,0.52,0.7624,"[0.83, 0.79, 0.8, 0.83, 0.76, 0.58, 0.87, 0.62, 0.85, 0.83, 0.84, 0.83, 0.85, 0.88, 0.79, 0.86, 0.78, 0.86, 0.85, 0.81, 0.78, 0.52, 0.58, 0.53, 0.54, 0.86, 0.52, 0.58, 0.53, 0.54, 0.83, 0.58, 0.8, 0.83, 0.79, 0.83, 0.85, 0.85, 0.85, 0.88, 0.81, 0.78, 0.79, 0.83, 0.76, 0.87, 0.84, 0.86, 0.62, 0.78]",bz_8,"cluster_1, cluster_3"
bz_8_cluster_1_1mer-bz_8_cluster_3_1mer,seed-7_sample-0,50,0.52,0.7628,"[0.83, 0.8, 0.79, 0.83, 0.76, 0.59, 0.86, 0.61, 0.85, 0.84, 0.83, 0.84, 0.86, 0.88, 0.79, 0.86, 0.77, 0.86, 0.85, 0.83, 0.78, 0.52, 0.58, 0.53, 0.53, 0.86, 0.52, 0.58, 0.53, 0.53, 0.84, 0.59, 0.79, 0.83, 0.8, 0.83, 0.86, 0.85, 0.85, 0.88, 0.83, 0.78, 0.79, 0.84, 0.76, 0.86, 0.83, 0.86, 0.61, 0.77]",bz_8,"cluster_1, cluster_3"
bz_8_cluster_1_1mer-bz_8_cluster_2_1mer,seed-8_sample-0,0,,,,bz_8,"cluster_1, cluster_2"
bz_8_cluster_1_1mer-bz_8_cluster_2_1mer,seed-10_sample-0,0,,,,bz_8,"cluster_1, cluster_2"
bz_8_cluster_1_1mer-bz_8_cluster_2_1mer,seed-9_sample-0,0,,,,bz_8,"cluster_1, cluster_2"
bz_8_cluster_1_1mer-bz_8_cluster_2_1mer,seed-4_sample-0,0,,,,bz_8,"cluster_1, cluster_2"
bz_8_cluster_1_1mer-bz_8_cluster_2_1mer,seed-2_sample-0,0,,,,bz_8,"cluster_1, cluster_2"
bz_8_cluster_1_1mer-bz_8_cluster_2_1mer,seed-5_sample-0,0,,,,bz_8,"cluster_1, cluster_2"
bz_8_cluster_1_1mer-bz_8_cluster_2_1mer,seed-6_sample-0,0,,,,bz_8,"cluster_1, cluster_2"
bz_8_cluster_1_1mer-bz_8_cluster_2_1mer,seed-3_sample-0,0,,,,bz_8,"cluster_1, cluster_2"
bz_8_cluster_1_1mer-bz_8_cluster_2_1mer,seed-1_sample-0,0,,,,bz_8,"cluster_1, cluster_2"
bz_8_cluster_1_1mer-bz_8_cluster_2_1mer,seed-7_sample-0,0,,,,bz_8,"cluster_1, cluster_2"
bz_8_cluster_3_1mer-bz_8_cluster_2_1mer,seed-8_sample-0,0,,,,bz_8,"cluster_2, cluster_3"
bz_8_cluster_3_1mer-bz_8_cluster_2_1mer,seed-10_sample-0,0,,,,bz_8,"cluster_2, cluster_3"
bz_8_cluster_3_1mer-bz_8_cluster_2_1mer,seed-9_sample-0,0,,,,bz_8,"cluster_2, cluster_3"
bz_8_cluster_3_1mer-bz_8_cluster_2_1mer,seed-4_sample-0,0,,,,bz_8,"cluster_2, cluster_3"
bz_8_cluster_3_1mer-bz_8_cluster_2_1mer,seed-2_sample-0,0,,,,bz_8,"cluster_2, cluster_3"
bz_8_cluster_3_1mer-bz_8_cluster_2_1mer,seed-5_sample-0,0,,,,bz_8,"cluster_2, cluster_3"
bz_8_cluster_3_1mer-bz_8_cluster_2_1mer,seed-6_sample-0,0,,,,bz_8,"cluster_2, cluster_3"
bz_8_cluster_3_1mer-bz_8_cluster_2_1mer,seed-3_sample-0,0,,,,bz_8,"cluster_2, cluster_3"
bz_8_cluster_3_1mer-bz_8_cluster_2_1mer,seed-1_sample-0,0,,,,bz_8,"cluster_2, cluster_3"
bz_8_cluster_3_1mer-bz_8_cluster_2_1mer,seed-7_sample-0,0,,,,bz_8,"cluster_2, cluster_3"
bz_8_cluster_8_1mer-bz_8_cluster_8_1mer,seed-8_sample-0,74,0.56,0.822972972972973,"[0.62, 0.82, 0.81, 0.79, 0.83, 0.81, 0.84, 0.85, 0.56, 0.95, 0.69, 0.92, 0.97, 0.64, 0.96, 0.92, 0.98, 0.95, 0.8, 0.57, 0.97, 0.95, 0.95, 0.86, 0.96, 0.62, 0.84, 0.7, 0.65, 0.86, 0.96, 0.75, 0.82, 0.83, 0.85, 0.81, 0.79, 0.62, 0.82, 0.81, 0.79, 0.83, 0.8, 0.84, 0.85, 0.57, 0.96, 0.7, 0.92, 0.97, 0.65, 0.95, 0.92, 0.98, 0.95, 0.81, 0.56, 0.97, 0.95, 0.95, 0.86, 0.96, 0.62, 0.84, 0.69, 0.64, 0.86, 0.96, 0.75, 0.82, 0.83, 0.85, 0.81, 0.79]",bz_8,"cluster_8, cluster_8"
bz_8_cluster_8_1mer-bz_8_cluster_8_1mer,seed-10_sample-0,74,0.56,0.8218918918918919,"[0.62, 0.82, 0.81, 0.79, 0.83, 0.8, 0.85, 0.85, 0.56, 0.95, 0.69, 0.91, 0.97, 0.65, 0.95, 0.91, 0.98, 0.95, 0.8, 0.56, 0.97, 0.95, 0.95, 0.85, 0.96, 0.63, 0.84, 0.69, 0.65, 0.85, 0.96, 0.75, 0.82, 0.83, 0.85, 0.82, 0.79, 0.63, 0.82, 0.82, 0.79, 0.83, 0.8, 0.84, 0.85, 0.56, 0.95, 0.69, 0.91, 0.97, 0.65, 0.95, 0.91, 0.98, 0.95, 0.8, 0.56, 0.97, 0.95, 0.95, 0.85, 0.96, 0.62, 0.85, 0.69, 0.65, 0.85, 0.96, 0.75, 0.82, 0.83, 0.85, 0.81, 0.79]",bz_8,"cluster_8, cluster_8"
bz_8_cluster_8_1mer-bz_8_cluster_8_1mer,seed-9_sample-0,74,0.57,0.8237837837837838,"[0.62, 0.82, 0.81, 0.79, 0.83, 0.8, 0.84, 0.85, 0.57, 0.95, 0.69, 0.92, 0.97, 0.65, 0.95, 0.92, 0.98, 0.95, 0.8, 0.57, 0.97, 0.95, 0.96, 0.86, 0.97, 0.63, 0.84, 0.7, 0.65, 0.86, 0.96, 0.76, 0.81, 0.83, 0.85, 0.81, 0.79, 0.63, 0.81, 0.81, 0.79, 0.83, 0.8, 0.84, 0.85, 0.57, 0.95, 0.7, 0.92, 0.97, 0.65, 0.95, 0.92, 0.98, 0.95, 0.8, 0.57, 0.97, 0.95, 0.96, 0.86, 0.96, 0.62, 0.84, 0.69, 0.65, 0.86, 0.97, 0.76, 0.82, 0.83, 0.85, 0.81, 0.79]",bz_8,"cluster_8, cluster_8"
bz_8_cluster_8_1mer-bz_8_cluster_8_1mer,seed-4_sample-0,74,0.55,0.8159459459459459,"[0.62, 0.81, 0.8, 0.78, 0.82, 0.79, 0.84, 0.84, 0.55, 0.95, 0.69, 0.91, 0.96, 0.64, 0.95, 0.91, 0.98, 0.95, 0.79, 0.55, 0.96, 0.94, 0.95, 0.84, 0.96, 0.63, 0.84, 0.69, 0.63, 0.85, 0.96, 0.75, 0.81, 0.82, 0.84, 0.81, 0.78, 0.63, 0.81, 0.81, 0.78, 0.82, 0.79, 0.84, 0.84, 0.55, 0.95, 0.69, 0.91, 0.96, 0.63, 0.95, 0.91, 0.98, 0.94, 0.79, 0.55, 0.96, 0.95, 0.95, 0.85, 0.96, 0.62, 0.84, 0.69, 0.64, 0.84, 0.96, 0.75, 0.81, 0.82, 0.84, 0.8, 0.78]",bz_8,"cluster_8, cluster_8"
bz_8_cluster_8_1mer-bz_8_cluster_8_1mer,seed-2_sample-0,70,0.55,0.7791428571428572,"[0.58, 0.78, 0.77, 0.73, 0.75, 0.71, 0.75, 0.82, 0.9, 0.6, 0.87, 0.93, 0.56, 0.9, 0.87, 0.96, 0.92, 0.71, 0.93, 0.91, 0.92, 0.77, 0.91, 0.58, 0.77, 0.6, 0.55, 0.77, 0.91, 0.68, 0.78, 0.75, 0.82, 0.78, 0.73, 0.58, 0.78, 0.78, 0.73, 0.75, 0.71, 0.77, 0.82, 0.9, 0.6, 0.87, 0.93, 0.55, 0.9, 0.87, 0.96, 0.91, 0.71, 0.93, 0.92, 0.92, 0.77, 0.91, 0.58, 0.75, 0.6, 0.56, 0.77, 0.91, 0.68, 0.78, 0.75, 0.82, 0.77, 0.73]",bz_8,"cluster_8, cluster_8"
bz_8_cluster_8_1mer-bz_8_cluster_8_1mer,seed-5_sample-0,70,0.56,0.7845714285714285,"[0.59, 0.79, 0.78, 0.74, 0.76, 0.71, 0.77, 0.82, 0.9, 0.6, 0.87, 0.93, 0.56, 0.9, 0.87, 0.96, 0.92, 0.72, 0.93, 0.92, 0.92, 0.78, 0.91, 0.59, 0.77, 0.61, 0.57, 0.77, 0.91, 0.69, 0.79, 0.76, 0.82, 0.78, 0.75, 0.59, 0.79, 0.78, 0.75, 0.76, 0.72, 0.77, 0.82, 0.9, 0.61, 0.87, 0.93, 0.57, 0.9, 0.87, 0.96, 0.92, 0.71, 0.93, 0.92, 0.92, 0.77, 0.91, 0.59, 0.77, 0.6, 0.56, 0.78, 0.91, 0.69, 0.79, 0.76, 0.82, 0.78, 0.74]",bz_8,"cluster_8, cluster_8"
bz_8_cluster_8_1mer-bz_8_cluster_8_1mer,seed-6_sample-0,74,0.56,0.8194594594594595,"[0.62, 0.82, 0.81, 0.79, 0.83, 0.8, 0.84, 0.85, 0.56, 0.95, 0.68, 0.91, 0.96, 0.64, 0.95, 0.91, 0.98, 0.95, 0.8, 0.56, 0.96, 0.95, 0.95, 0.85, 0.96, 0.62, 0.84, 0.69, 0.63, 0.85, 0.96, 0.75, 0.82, 0.83, 0.85, 0.81, 0.79, 0.62, 0.82, 0.81, 0.79, 0.83, 0.8, 0.84, 0.85, 0.56, 0.95, 0.69, 0.91, 0.96, 0.63, 0.95, 0.91, 0.98, 0.95, 0.8, 0.56, 0.96, 0.95, 0.95, 0.85, 0.96, 0.62, 0.84, 0.68, 0.64, 0.85, 0.96, 0.75, 0.82, 0.83, 0.85, 0.81, 0.79]",bz_8,"cluster_8, cluster_8"
bz_8_cluster_8_1mer-bz_8_cluster_8_1mer,seed-3_sample-0,74,0.54,0.8162162162162162,"[0.62, 0.82, 0.81, 0.79, 0.83, 0.79, 0.84, 0.85, 0.54, 0.95, 0.67, 0.91, 0.96, 0.63, 0.95, 0.91, 0.98, 0.95, 0.79, 0.54, 0.96, 0.94, 0.95, 0.85, 0.96, 0.62, 0.84, 0.68, 0.63, 0.84, 0.96, 0.75, 0.82, 0.83, 0.85, 0.81, 0.78, 0.62, 0.82, 0.81, 0.78, 0.83, 0.79, 0.84, 0.85, 0.54, 0.95, 0.68, 0.91, 0.96, 0.63, 0.95, 0.91, 0.98, 0.94, 0.79, 0.54, 0.96, 0.95, 0.95, 0.84, 0.96, 0.62, 0.84, 0.67, 0.63, 0.85, 0.96, 0.75, 0.82, 0.83, 0.85, 0.81, 0.79]",bz_8,"cluster_8, cluster_8"
bz_8_cluster_8_1mer-bz_8_cluster_8_1mer,seed-1_sample-0,74,0.55,0.8194594594594594,"[0.62, 0.82, 0.81, 0.79, 0.83, 0.8, 0.84, 0.85, 0.55, 0.95, 0.69, 0.91, 0.96, 0.64, 0.95, 0.91, 0.98, 0.95, 0.79, 0.55, 0.97, 0.95, 0.95, 0.85, 0.96, 0.62, 0.84, 0.69, 0.64, 0.85, 0.96, 0.75, 0.82, 0.83, 0.85, 0.81, 0.79, 0.62, 0.82, 0.81, 0.79, 0.83, 0.79, 0.84, 0.85, 0.55, 0.95, 0.69, 0.91, 0.97, 0.64, 0.95, 0.91, 0.98, 0.95, 0.8, 0.55, 0.96, 0.95, 0.95, 0.85, 0.96, 0.62, 0.84, 0.69, 0.64, 0.85, 0.96, 0.75, 0.82, 0.83, 0.85, 0.81, 0.79]",bz_8,"cluster_8, cluster_8"
bz_8_cluster_8_1mer-bz_8_cluster_8_1mer,seed-7_sample-0,74,0.54,0.8197297297297298,"[0.62, 0.82, 0.81, 0.79, 0.83, 0.81, 0.84, 0.86, 0.54, 0.95, 0.68, 0.91, 0.96, 0.65, 0.95, 0.91, 0.98, 0.95, 0.79, 0.56, 0.97, 0.95, 0.95, 0.85, 0.96, 0.62, 0.84, 0.69, 0.64, 0.85, 0.96, 0.75, 0.82, 0.82, 0.84, 0.82, 0.79, 0.62, 0.82, 0.82, 0.79, 0.82, 0.79, 0.84, 0.84, 0.56, 0.95, 0.69, 0.91, 0.97, 0.64, 0.95, 0.91, 0.98, 0.95, 0.81, 0.54, 0.96, 0.95, 0.95, 0.85, 0.96, 0.62, 0.84, 0.68, 0.65, 0.85, 0.96, 0.75, 0.82, 0.83, 0.86, 0.81, 0.79]",bz_8,"cluster_8, cluster_8"
bz_8_cluster_7_1mer-bz_8_cluster_7_1mer,seed-8_sample-0,0,,,,bz_8,"cluster_7, cluster_7"
bz_8_cluster_7_1mer-bz_8_cluster_7_1mer,seed-10_sample-0,0,,,,bz_8,"cluster_7, cluster_7"
bz_8_cluster_7_1mer-bz_8_cluster_7_1mer,seed-9_sample-0,0,,,,bz_8,"cluster_7, cluster_7"
bz_8_cluster_7_1mer-bz_8_cluster_7_1mer,seed-4_sample-0,0,,,,bz_8,"cluster_7, cluster_7"
bz_8_cluster_7_1mer-bz_8_cluster_7_1mer,seed-2_sample-0,0,,,,bz_8,"cluster_7, cluster_7"
bz_8_cluster_7_1mer-bz_8_cluster_7_1mer,seed-5_sample-0,0,,,,bz_8,"cluster_7, cluster_7"
bz_8_cluster_7_1mer-bz_8_cluster_7_1mer,seed-6_sample-0,0,,,,bz_8,"cluster_7, cluster_7"
bz_8_cluster_7_1mer-bz_8_cluster_7_1mer,seed-3_sample-0,0,,,,bz_8,"cluster_7, cluster_7"
bz_8_cluster_7_1mer-bz_8_cluster_7_1mer,seed-1_sample-0,0,,,,bz_8,"cluster_7, cluster_7"
bz_8_cluster_7_1mer-bz_8_cluster_7_1mer,seed-7_sample-0,0,,,,bz_8,"cluster_7, cluster_7"
bz_8_cluster_0_1mer-bz_8_cluster_0_1mer,seed-8_sample-0,50,0.61,0.7172000000000002,"[0.67, 0.75, 0.63, 0.74, 0.76, 0.71, 0.72, 0.75, 0.68, 0.66, 0.76, 0.61, 0.74, 0.74, 0.72, 0.66, 0.81, 0.77, 0.73, 0.67, 0.73, 0.66, 0.68, 0.81, 0.77, 0.66, 0.74, 0.63, 0.75, 0.76, 0.72, 0.73, 0.74, 0.68, 0.67, 0.76, 0.61, 0.73, 0.75, 0.71, 0.66, 0.81, 0.77, 0.72, 0.68, 0.74, 0.66, 0.67, 0.81, 0.77]",bz_8,"cluster_0, cluster_0"
bz_8_cluster_0_1mer-bz_8_cluster_0_1mer,seed-10_sample-0,50,0.61,0.7152,"[0.65, 0.74, 0.62, 0.74, 0.76, 0.71, 0.73, 0.74, 0.68, 0.66, 0.76, 0.61, 0.73, 0.75, 0.72, 0.66, 0.81, 0.76, 0.73, 0.67, 0.73, 0.66, 0.68, 0.81, 0.77, 0.66, 0.75, 0.62, 0.74, 0.76, 0.72, 0.73, 0.74, 0.68, 0.65, 0.76, 0.61, 0.73, 0.74, 0.71, 0.66, 0.81, 0.77, 0.73, 0.68, 0.73, 0.66, 0.67, 0.81, 0.76]",bz_8,"cluster_0, cluster_0"
bz_8_cluster_0_1mer-bz_8_cluster_0_1mer,seed-9_sample-0,50,0.61,0.7107999999999999,"[0.66, 0.75, 0.63, 0.74, 0.76, 0.71, 0.72, 0.74, 0.69, 0.65, 0.76, 0.61, 0.72, 0.74, 0.7, 0.64, 0.8, 0.75, 0.72, 0.67, 0.73, 0.66, 0.66, 0.8, 0.76, 0.65, 0.74, 0.63, 0.74, 0.76, 0.7, 0.72, 0.74, 0.69, 0.66, 0.76, 0.61, 0.73, 0.75, 0.71, 0.66, 0.8, 0.76, 0.72, 0.66, 0.72, 0.64, 0.67, 0.8, 0.75]",bz_8,"cluster_0, cluster_0"
bz_8_cluster_0_1mer-bz_8_cluster_0_1mer,seed-4_sample-0,50,0.59,0.7107999999999999,"[0.65, 0.74, 0.63, 0.74, 0.76, 0.71, 0.72, 0.73, 0.69, 0.66, 0.75, 0.59, 0.73, 0.74, 0.71, 0.66, 0.8, 0.75, 0.72, 0.67, 0.73, 0.66, 0.66, 0.8, 0.77, 0.66, 0.74, 0.63, 0.73, 0.75, 0.71, 0.72, 0.74, 0.69, 0.65, 0.76, 0.59, 0.73, 0.74, 0.71, 0.66, 0.8, 0.77, 0.72, 0.66, 0.73, 0.66, 0.67, 0.8, 0.75]",bz_8,"cluster_0, cluster_0"
bz_8_cluster_0_1mer-bz_8_cluster_0_1mer,seed-2_sample-0,50,0.61,0.7099999999999999,"[0.65, 0.74, 0.63, 0.73, 0.76, 0.71, 0.72, 0.74, 0.67, 0.65, 0.75, 0.61, 0.73, 0.74, 0.71, 0.65, 0.8, 0.76, 0.72, 0.66, 0.73, 0.66, 0.67, 0.8, 0.76, 0.65, 0.74, 0.63, 0.74, 0.75, 0.71, 0.72, 0.73, 0.67, 0.65, 0.76, 0.61, 0.73, 0.74, 0.71, 0.66, 0.8, 0.76, 0.72, 0.67, 0.73, 0.65, 0.66, 0.8, 0.76]",bz_8,"cluster_0, cluster_0"
bz_8_cluster_0_1mer-bz_8_cluster_0_1mer,seed-5_sample-0,50,0.61,0.7108,"[0.66, 0.74, 0.62, 0.74, 0.75, 0.71, 0.72, 0.74, 0.68, 0.65, 0.76, 0.61, 0.72, 0.75, 0.71, 0.65, 0.8, 0.76, 0.72, 0.67, 0.73, 0.66, 0.67, 0.79, 0.76, 0.65, 0.75, 0.62, 0.74, 0.76, 0.71, 0.72, 0.74, 0.68, 0.66, 0.75, 0.61, 0.73, 0.74, 0.71, 0.66, 0.79, 0.76, 0.72, 0.67, 0.72, 0.65, 0.67, 0.8, 0.76]",bz_8,"cluster_0, cluster_0"
bz_8_cluster_0_1mer-bz_8_cluster_0_1mer,seed-6_sample-0,50,0.6,0.7107999999999999,"[0.65, 0.74, 0.62, 0.74, 0.76, 0.71, 0.72, 0.74, 0.68, 0.65, 0.76, 0.6, 0.73, 0.75, 0.71, 0.65, 0.8, 0.76, 0.72, 0.67, 0.73, 0.66, 0.66, 0.8, 0.76, 0.65, 0.75, 0.62, 0.74, 0.76, 0.71, 0.72, 0.74, 0.68, 0.65, 0.76, 0.6, 0.73, 0.74, 0.71, 0.66, 0.8, 0.76, 0.72, 0.66, 0.73, 0.65, 0.67, 0.8, 0.76]",bz_8,"cluster_0, cluster_0"
bz_8_cluster_0_1mer-bz_8_cluster_0_1mer,seed-3_sample-0,50,0.6,0.7075999999999999,"[0.65, 0.75, 0.62, 0.72, 0.76, 0.7, 0.72, 0.73, 0.68, 0.65, 0.76, 0.6, 0.73, 0.74, 0.71, 0.65, 0.8, 0.75, 0.72, 0.66, 0.72, 0.66, 0.66, 0.8, 0.75, 0.65, 0.74, 0.62, 0.73, 0.76, 0.71, 0.72, 0.72, 0.68, 0.65, 0.76, 0.6, 0.72, 0.75, 0.7, 0.66, 0.8, 0.75, 0.72, 0.66, 0.73, 0.65, 0.66, 0.8, 0.75]",bz_8,"cluster_0, cluster_0"
bz_8_cluster_0_1mer-bz_8_cluster_0_1mer,seed-1_sample-0,50,0.6,0.714,"[0.66, 0.75, 0.63, 0.75, 0.76, 0.72, 0.72, 0.74, 0.68, 0.65, 0.76, 0.6, 0.73, 0.74, 0.71, 0.66, 0.8, 0.76, 0.73, 0.67, 0.73, 0.66, 0.67, 0.8, 0.77, 0.65, 0.74, 0.63, 0.74, 0.76, 0.71, 0.73, 0.75, 0.68, 0.66, 0.76, 0.6, 0.73, 0.75, 0.72, 0.66, 0.8, 0.77, 0.72, 0.67, 0.73, 0.66, 0.67, 0.8, 0.76]",bz_8,"cluster_0, cluster_0"
bz_8_cluster_0_1mer-bz_8_cluster_0_1mer,seed-7_sample-0,50,0.61,0.7127999999999999,"[0.65, 0.74, 0.63, 0.74, 0.76, 0.71, 0.72, 0.74, 0.68, 0.66, 0.76, 0.61, 0.73, 0.75, 0.71, 0.65, 0.8, 0.76, 0.72, 0.67, 0.73, 0.66, 0.67, 0.8, 0.77, 0.66, 0.75, 0.63, 0.74, 0.76, 0.71, 0.72, 0.74, 0.68, 0.65, 0.76, 0.61, 0.73, 0.74, 0.71, 0.66, 0.8, 0.77, 0.72, 0.67, 0.73, 0.65, 0.67, 0.8, 0.76]",bz_8,"cluster_0, cluster_0"
bz_8_cluster_4_1mer-bz_8_cluster_4_1mer,seed-8_sample-0,0,,,,bz_8,"cluster_4, cluster_4"
bz_8_cluster_4_1mer-bz_8_cluster_4_1mer,seed-10_sample-0,0,,,,bz_8,"cluster_4, cluster_4"
bz_8_cluster_4_1mer-bz_8_cluster_4_1mer,seed-9_sample-0,0,,,,bz_8,"cluster_4, cluster_4"
bz_8_cluster_4_1mer-bz_8_cluster_4_1mer,seed-4_sample-0,0,,,,bz_8,"cluster_4, cluster_4"
bz_8_cluster_4_1mer-bz_8_cluster_4_1mer,seed-2_sample-0,0,,,,bz_8,"cluster_4, cluster_4"
bz_8_cluster_4_1mer-bz_8_cluster_4_1mer,seed-5_sample-0,0,,,,bz_8,"cluster_4, cluster_4"
bz_8_cluster_4_1mer-bz_8_cluster_4_1mer,seed-6_sample-0,0,,,,bz_8,"cluster_4, cluster_4"
bz_8_cluster_4_1mer-bz_8_cluster_4_1mer,seed-3_sample-0,0,,,,bz_8,"cluster_4, cluster_4"
bz_8_cluster_4_1mer-bz_8_cluster_4_1mer,seed-1_sample-0,0,,,,bz_8,"cluster_4, cluster_4"
bz_8_cluster_4_1mer-bz_8_cluster_4_1mer,seed-7_sample-0,0,,,,bz_8,"cluster_4, cluster_4"
bz_8_cluster_5_1mer-bz_8_cluster_5_1mer,seed-8_sample-0,38,0.51,0.553684210526316,"[0.57, 0.57, 0.54, 0.54, 0.53, 0.64, 0.51, 0.51, 0.54, 0.57, 0.53, 0.53, 0.51, 0.57, 0.52, 0.63, 0.66, 0.51, 0.54, 0.57, 0.57, 0.53, 0.53, 0.52, 0.63, 0.51, 0.51, 0.54, 0.57, 0.54, 0.54, 0.51, 0.57, 0.53, 0.64, 0.66, 0.51, 0.54]",bz_8,"cluster_5, cluster_5"
bz_8_cluster_5_1mer-bz_8_cluster_5_1mer,seed-10_sample-0,40,0.51,0.5585000000000001,"[0.56, 0.58, 0.54, 0.54, 0.53, 0.65, 0.53, 0.53, 0.51, 0.54, 0.56, 0.54, 0.54, 0.52, 0.57, 0.53, 0.65, 0.67, 0.53, 0.55, 0.56, 0.57, 0.54, 0.54, 0.53, 0.65, 0.53, 0.52, 0.55, 0.56, 0.54, 0.54, 0.53, 0.58, 0.53, 0.65, 0.67, 0.51, 0.53, 0.54]",bz_8,"cluster_5, cluster_5"
bz_8_cluster_5_1mer-bz_8_cluster_5_1mer,seed-9_sample-0,40,0.51,0.5605,"[0.58, 0.59, 0.54, 0.54, 0.54, 0.65, 0.52, 0.52, 0.51, 0.54, 0.58, 0.54, 0.54, 0.53, 0.58, 0.53, 0.65, 0.67, 0.52, 0.54, 0.58, 0.58, 0.54, 0.54, 0.53, 0.65, 0.52, 0.53, 0.54, 0.58, 0.54, 0.54, 0.52, 0.59, 0.54, 0.65, 0.67, 0.51, 0.52, 0.54]",bz_8,"cluster_5, cluster_5"
bz_8_cluster_5_1mer-bz_8_cluster_5_1mer,seed-4_sample-0,16,0.51,0.55375,"[0.52, 0.52, 0.61, 0.51, 0.51, 0.53, 0.6, 0.63, 0.51, 0.53, 0.6, 0.52, 0.52, 0.61, 0.63, 0.51]",bz_8,"cluster_5, cluster_5"
bz_8_cluster_5_1mer-bz_8_cluster_5_1mer,seed-2_sample-0,44,0.51,0.5613636363636365,"[0.58, 0.58, 0.55, 0.56, 0.54, 0.65, 0.53, 0.54, 0.52, 0.55, 0.58, 0.54, 0.54, 0.54, 0.58, 0.54, 0.65, 0.67, 0.52, 0.53, 0.51, 0.55, 0.58, 0.58, 0.54, 0.54, 0.54, 0.65, 0.53, 0.54, 0.52, 0.55, 0.58, 0.55, 0.56, 0.54, 0.58, 0.54, 0.65, 0.67, 0.52, 0.53, 0.51, 0.55]",bz_8,"cluster_5, cluster_5"
bz_8_cluster_5_1mer-bz_8_cluster_5_1mer,seed-5_sample-0,18,0.51,0.5522222222222223,"[0.53, 0.53, 0.6, 0.51, 0.53, 0.53, 0.6, 0.63, 0.51, 0.53, 0.53, 0.6, 0.51, 0.53, 0.53, 0.6, 0.63, 0.51]",bz_8,"cluster_5, cluster_5"
bz_8_cluster_5_1mer-bz_8_cluster_5_1mer,seed-6_sample-0,48,0.51,0.5616666666666666,"[0.57, 0.59, 0.56, 0.56, 0.54, 0.66, 0.54, 0.54, 0.51, 0.52, 0.56, 0.58, 0.55, 0.56, 0.54, 0.59, 0.54, 0.65, 0.51, 0.68, 0.52, 0.53, 0.52, 0.56, 0.58, 0.59, 0.55, 0.56, 0.54, 0.65, 0.53, 0.54, 0.51, 0.52, 0.56, 0.57, 0.56, 0.56, 0.54, 0.59, 0.54, 0.66, 0.51, 0.68, 0.52, 0.54, 0.52, 0.56]",bz_8,"cluster_5, cluster_5"
bz_8_cluster_5_1mer-bz_8_cluster_5_1mer,seed-3_sample-0,42,0.51,0.56,"[0.58, 0.58, 0.55, 0.54, 0.55, 0.65, 0.51, 0.53, 0.51, 0.56, 0.57, 0.55, 0.54, 0.53, 0.58, 0.53, 0.64, 0.67, 0.51, 0.52, 0.56, 0.57, 0.58, 0.55, 0.54, 0.53, 0.64, 0.52, 0.53, 0.51, 0.56, 0.58, 0.55, 0.54, 0.53, 0.58, 0.55, 0.65, 0.67, 0.51, 0.51, 0.56]",bz_8,"cluster_5, cluster_5"
bz_8_cluster_5_1mer-bz_8_cluster_5_1mer,seed-1_sample-0,22,0.51,0.5472727272727272,"[0.53, 0.54, 0.51, 0.61, 0.51, 0.52, 0.51, 0.53, 0.62, 0.63, 0.51, 0.52, 0.53, 0.51, 0.62, 0.51, 0.53, 0.51, 0.54, 0.61, 0.63, 0.51]",bz_8,"cluster_5, cluster_5"
bz_8_cluster_5_1mer-bz_8_cluster_5_1mer,seed-7_sample-0,16,0.51,0.56375,"[0.53, 0.54, 0.6, 0.51, 0.53, 0.54, 0.61, 0.65, 0.53, 0.54, 0.61, 0.53, 0.54, 0.6, 0.65, 0.51]",bz_8,"cluster_5, cluster_5"
bz_8_cluster_6_1mer-bz_8_cluster_6_1mer,seed-8_sample-0,76,0.51,0.6763157894736843,"[0.66, 0.62, 0.66, 0.7, 0.61, 0.83, 0.7, 0.72, 0.81, 0.73, 0.71, 0.75, 0.72, 0.56, 0.65, 0.71, 0.65, 0.67, 0.68, 0.82, 0.71, 0.74, 0.72, 0.81, 0.7, 0.74, 0.65, 0.71, 0.72, 0.65, 0.56, 0.54, 0.52, 0.62, 0.71, 0.6, 0.51, 0.53, 0.67, 0.62, 0.68, 0.71, 0.6, 0.82, 0.72, 0.71, 0.81, 0.74, 0.7, 0.74, 0.71, 0.56, 0.65, 0.72, 0.65, 0.66, 0.66, 0.83, 0.72, 0.73, 0.7, 0.81, 0.71, 0.75, 0.65, 0.72, 0.71, 0.65, 0.56, 0.53, 0.51, 0.62, 0.7, 0.61, 0.52, 0.54]",bz_8,"cluster_6, cluster_6"
bz_8_cluster_6_1mer-bz_8_cluster_6_1mer,seed-10_sample-0,68,0.52,0.6361764705882353,"[0.62, 0.57, 0.63, 0.65, 0.56, 0.78, 0.63, 0.65, 0.75, 0.65, 0.64, 0.68, 0.66, 0.52, 0.59, 0.65, 0.57, 0.62, 0.63, 0.78, 0.65, 0.66, 0.63, 0.74, 0.65, 0.68, 0.59, 0.66, 0.65, 0.57, 0.53, 0.57, 0.66, 0.56, 0.62, 0.57, 0.63, 0.66, 0.56, 0.78, 0.63, 0.65, 0.74, 0.66, 0.65, 0.68, 0.66, 0.53, 0.59, 0.65, 0.57, 0.62, 0.63, 0.78, 0.65, 0.65, 0.63, 0.75, 0.64, 0.68, 0.59, 0.66, 0.65, 0.57, 0.52, 0.57, 0.65, 0.56]",bz_8,"cluster_6, cluster_6"
bz_8_cluster_6_1mer-bz_8_cluster_6_1mer,seed-9_sample-0,74,0.51,0.6308108108108108,"[0.61, 0.58, 0.65, 0.66, 0.56, 0.79, 0.65, 0.66, 0.75, 0.67, 0.64, 0.68, 0.67, 0.52, 0.59, 0.66, 0.58, 0.62, 0.64, 0.79, 0.65, 0.67, 0.64, 0.75, 0.65, 0.69, 0.58, 0.67, 0.66, 0.57, 0.51, 0.51, 0.58, 0.67, 0.51, 0.55, 0.51, 0.62, 0.58, 0.64, 0.67, 0.55, 0.79, 0.64, 0.65, 0.75, 0.67, 0.65, 0.69, 0.67, 0.51, 0.58, 0.66, 0.57, 0.61, 0.65, 0.79, 0.66, 0.67, 0.65, 0.75, 0.64, 0.68, 0.59, 0.67, 0.66, 0.58, 0.52, 0.51, 0.51, 0.58, 0.66, 0.51, 0.56]",bz_8,"cluster_6, cluster_6"
bz_8_cluster_6_1mer-bz_8_cluster_6_1mer,seed-4_sample-0,68,0.51,0.6291176470588234,"[0.62, 0.57, 0.62, 0.65, 0.54, 0.78, 0.63, 0.64, 0.74, 0.65, 0.64, 0.67, 0.65, 0.51, 0.59, 0.63, 0.58, 0.61, 0.62, 0.78, 0.65, 0.65, 0.63, 0.73, 0.63, 0.68, 0.58, 0.65, 0.63, 0.56, 0.51, 0.57, 0.66, 0.54, 0.61, 0.57, 0.62, 0.66, 0.54, 0.78, 0.63, 0.65, 0.73, 0.65, 0.63, 0.68, 0.65, 0.51, 0.58, 0.63, 0.56, 0.62, 0.62, 0.78, 0.64, 0.65, 0.63, 0.74, 0.64, 0.67, 0.59, 0.65, 0.63, 0.58, 0.51, 0.57, 0.65, 0.54]",bz_8,"cluster_6, cluster_6"
bz_8_cluster_6_1mer-bz_8_cluster_6_1mer,seed-2_sample-0,68,0.52,0.6379411764705882,"[0.61, 0.57, 0.64, 0.65, 0.56, 0.78, 0.65, 0.66, 0.75, 0.67, 0.64, 0.67, 0.66, 0.53, 0.59, 0.65, 0.58, 0.62, 0.64, 0.78, 0.66, 0.67, 0.65, 0.75, 0.64, 0.69, 0.58, 0.65, 0.65, 0.57, 0.52, 0.57, 0.64, 0.55, 0.62, 0.57, 0.64, 0.64, 0.55, 0.78, 0.65, 0.66, 0.75, 0.67, 0.64, 0.69, 0.65, 0.52, 0.58, 0.65, 0.57, 0.61, 0.64, 0.78, 0.66, 0.67, 0.65, 0.75, 0.64, 0.67, 0.59, 0.66, 0.65, 0.58, 0.53, 0.57, 0.65, 0.56]",bz_8,"cluster_6, cluster_6"
bz_8_cluster_6_1mer-bz_8_cluster_6_1mer,seed-5_sample-0,68,0.51,0.6482352941176471,"[0.62, 0.58, 0.63, 0.66, 0.56, 0.8, 0.66, 0.66, 0.76, 0.67, 0.66, 0.7, 0.68, 0.52, 0.6, 0.66, 0.59, 0.63, 0.64, 0.8, 0.67, 0.67, 0.66, 0.77, 0.66, 0.7, 0.6, 0.68, 0.66, 0.59, 0.51, 0.57, 0.66, 0.56, 0.63, 0.57, 0.64, 0.66, 0.56, 0.8, 0.66, 0.67, 0.77, 0.67, 0.66, 0.7, 0.68, 0.51, 0.6, 0.66, 0.59, 0.62, 0.63, 0.8, 0.66, 0.67, 0.66, 0.76, 0.66, 0.7, 0.6, 0.68, 0.66, 0.59, 0.52, 0.58, 0.66, 0.56]",bz_8,"cluster_6, cluster_6"
bz_8_cluster_6_1mer-bz_8_cluster_6_1mer,seed-6_sample-0,72,0.52,0.6672222222222222,"[0.64, 0.61, 0.66, 0.68, 0.61, 0.82, 0.68, 0.7, 0.78, 0.7, 0.67, 0.72, 0.71, 0.56, 0.62, 0.7, 0.63, 0.63, 0.67, 0.82, 0.69, 0.7, 0.68, 0.78, 0.69, 0.73, 0.62, 0.7, 0.7, 0.63, 0.55, 0.52, 0.61, 0.68, 0.52, 0.61, 0.63, 0.61, 0.67, 0.68, 0.61, 0.82, 0.68, 0.69, 0.78, 0.7, 0.69, 0.73, 0.7, 0.55, 0.62, 0.7, 0.63, 0.64, 0.66, 0.82, 0.7, 0.7, 0.68, 0.78, 0.67, 0.72, 0.62, 0.71, 0.7, 0.63, 0.56, 0.52, 0.61, 0.68, 0.52, 0.61]",bz_8,"cluster_6, cluster_6"
bz_8_cluster_6_1mer-bz_8_cluster_6_1mer,seed-3_sample-0,68,0.52,0.6205882352941177,"[0.61, 0.55, 0.62, 0.63, 0.53, 0.78, 0.62, 0.64, 0.73, 0.65, 0.63, 0.67, 0.64, 0.52, 0.57, 0.64, 0.55, 0.61, 0.61, 0.77, 0.63, 0.65, 0.61, 0.73, 0.63, 0.67, 0.58, 0.64, 0.62, 0.55, 0.52, 0.55, 0.63, 0.52, 0.61, 0.55, 0.61, 0.63, 0.52, 0.77, 0.61, 0.63, 0.73, 0.65, 0.63, 0.67, 0.64, 0.52, 0.58, 0.62, 0.55, 0.61, 0.62, 0.78, 0.64, 0.65, 0.62, 0.73, 0.63, 0.67, 0.57, 0.64, 0.64, 0.55, 0.52, 0.55, 0.63, 0.53]",bz_8,"cluster_6, cluster_6"
bz_8_cluster_6_1mer-bz_8_cluster_6_1mer,seed-1_sample-0,76,0.52,0.6321052631578947,"[0.64, 0.59, 0.62, 0.66, 0.56, 0.79, 0.64, 0.66, 0.75, 0.66, 0.65, 0.69, 0.67, 0.52, 0.6, 0.65, 0.58, 0.62, 0.63, 0.8, 0.66, 0.66, 0.65, 0.76, 0.66, 0.69, 0.6, 0.67, 0.66, 0.58, 0.52, 0.52, 0.53, 0.59, 0.67, 0.52, 0.57, 0.53, 0.62, 0.59, 0.63, 0.67, 0.57, 0.8, 0.65, 0.66, 0.76, 0.66, 0.66, 0.69, 0.67, 0.52, 0.6, 0.66, 0.58, 0.64, 0.62, 0.79, 0.66, 0.66, 0.64, 0.75, 0.65, 0.69, 0.6, 0.67, 0.65, 0.58, 0.52, 0.52, 0.53, 0.59, 0.66, 0.52, 0.56, 0.53]",bz_8,"cluster_6, cluster_6"
bz_8_cluster_6_1mer-bz_8_cluster_6_1mer,seed-7_sample-0,70,0.51,0.6371428571428571,"[0.62, 0.58, 0.63, 0.65, 0.55, 0.79, 0.65, 0.65, 0.75, 0.67, 0.65, 0.69, 0.67, 0.52, 0.59, 0.65, 0.59, 0.61, 0.64, 0.79, 0.65, 0.67, 0.65, 0.75, 0.66, 0.68, 0.59, 0.66, 0.66, 0.58, 0.51, 0.58, 0.65, 0.51, 0.56, 0.61, 0.58, 0.64, 0.65, 0.56, 0.79, 0.65, 0.65, 0.75, 0.67, 0.66, 0.68, 0.66, 0.51, 0.59, 0.66, 0.58, 0.62, 0.63, 0.79, 0.65, 0.67, 0.65, 0.75, 0.65, 0.69, 0.59, 0.67, 0.65, 0.59, 0.52, 0.51, 0.58, 0.65, 0.55]",bz_8,"cluster_6, cluster_6"
bz_8_cluster_1_1mer-bz_8_cluster_1_1mer,seed-8_sample-0,0,,,,bz_8,"cluster_1, cluster_1"
bz_8_cluster_1_1mer-bz_8_cluster_1_1mer,seed-10_sample-0,0,,,,bz_8,"cluster_1, cluster_1"
bz_8_cluster_1_1mer-bz_8_cluster_1_1mer,seed-9_sample-0,0,,,,bz_8,"cluster_1, cluster_1"
bz_8_cluster_1_1mer-bz_8_cluster_1_1mer,seed-4_sample-0,0,,,,bz_8,"cluster_1, cluster_1"
bz_8_cluster_1_1mer-bz_8_cluster_1_1mer,seed-2_sample-0,0,,,,bz_8,"cluster_1, cluster_1"
bz_8_cluster_1_1mer-bz_8_cluster_1_1mer,seed-5_sample-0,0,,,,bz_8,"cluster_1, cluster_1"
bz_8_cluster_1_1mer-bz_8_cluster_1_1mer,seed-6_sample-0,0,,,,bz_8,"cluster_1, cluster_1"
bz_8_cluster_1_1mer-bz_8_cluster_1_1mer,seed-3_sample-0,0,,,,bz_8,"cluster_1, cluster_1"
bz_8_cluster_1_1mer-bz_8_cluster_1_1mer,seed-1_sample-0,0,,,,bz_8,"cluster_1, cluster_1"
bz_8_cluster_1_1mer-bz_8_cluster_1_1mer,seed-7_sample-0,0,,,,bz_8,"cluster_1, cluster_1"
bz_8_cluster_3_1mer-bz_8_cluster_3_1mer,seed-8_sample-0,20,0.52,0.5530000000000002,"[0.52, 0.52, 0.52, 0.53, 0.52, 0.52, 0.56, 0.63, 0.58, 0.63, 0.52, 0.53, 0.52, 0.52, 0.52, 0.52, 0.58, 0.63, 0.56, 0.63]",bz_8,"cluster_3, cluster_3"
bz_8_cluster_3_1mer-bz_8_cluster_3_1mer,seed-10_sample-0,20,0.52,0.5529999999999999,"[0.52, 0.53, 0.53, 0.53, 0.52, 0.53, 0.56, 0.62, 0.57, 0.62, 0.53, 0.53, 0.52, 0.53, 0.53, 0.52, 0.57, 0.62, 0.56, 0.62]",bz_8,"cluster_3, cluster_3"
bz_8_cluster_3_1mer-bz_8_cluster_3_1mer,seed-9_sample-0,20,0.52,0.5519999999999999,"[0.52, 0.53, 0.52, 0.52, 0.52, 0.53, 0.57, 0.62, 0.57, 0.62, 0.53, 0.52, 0.52, 0.53, 0.52, 0.52, 0.57, 0.62, 0.57, 0.62]",bz_8,"cluster_3, cluster_3"
bz_8_cluster_3_1mer-bz_8_cluster_3_1mer,seed-4_sample-0,20,0.52,0.561,"[0.52, 0.53, 0.53, 0.52, 0.52, 0.52, 0.59, 0.65, 0.59, 0.64, 0.52, 0.52, 0.52, 0.53, 0.53, 0.52, 0.59, 0.64, 0.59, 0.65]",bz_8,"cluster_3, cluster_3"
bz_8_cluster_3_1mer-bz_8_cluster_3_1mer,seed-2_sample-0,20,0.52,0.558,"[0.53, 0.53, 0.52, 0.52, 0.52, 0.52, 0.57, 0.64, 0.59, 0.64, 0.52, 0.52, 0.52, 0.53, 0.52, 0.53, 0.59, 0.64, 0.57, 0.64]",bz_8,"cluster_3, cluster_3"
bz_8_cluster_3_1mer-bz_8_cluster_3_1mer,seed-5_sample-0,18,0.51,0.5588888888888889,"[0.51, 0.51, 0.51, 0.51, 0.52, 0.58, 0.65, 0.59, 0.65, 0.52, 0.51, 0.51, 0.51, 0.51, 0.59, 0.65, 0.58, 0.65]",bz_8,"cluster_3, cluster_3"
bz_8_cluster_3_1mer-bz_8_cluster_3_1mer,seed-6_sample-0,20,0.51,0.55,"[0.51, 0.51, 0.51, 0.51, 0.51, 0.51, 0.57, 0.65, 0.58, 0.64, 0.51, 0.51, 0.51, 0.51, 0.51, 0.51, 0.58, 0.64, 0.57, 0.65]",bz_8,"cluster_3, cluster_3"
bz_8_cluster_3_1mer-bz_8_cluster_3_1mer,seed-3_sample-0,4,0.58,0.6,"[0.62, 0.58, 0.58, 0.62]",bz_8,"cluster_3, cluster_3"
bz_8_cluster_3_1mer-bz_8_cluster_3_1mer,seed-1_sample-0,20,0.51,0.546,"[0.52, 0.52, 0.52, 0.52, 0.51, 0.52, 0.56, 0.61, 0.56, 0.62, 0.52, 0.52, 0.51, 0.52, 0.52, 0.52, 0.56, 0.62, 0.56, 0.61]",bz_8,"cluster_3, cluster_3"
bz_8_cluster_3_1mer-bz_8_cluster_3_1mer,seed-7_sample-0,20,0.51,0.55,"[0.52, 0.53, 0.52, 0.51, 0.52, 0.52, 0.56, 0.62, 0.57, 0.63, 0.52, 0.51, 0.52, 0.53, 0.52, 0.52, 0.57, 0.63, 0.56, 0.62]",bz_8,"cluster_3, cluster_3"
bz_8_cluster_2_1mer-bz_8_cluster_2_1mer,seed-8_sample-0,0,,,,bz_8,"cluster_2, cluster_2"
bz_8_cluster_2_1mer-bz_8_cluster_2_1mer,seed-10_sample-0,0,,,,bz_8,"cluster_2, cluster_2"
bz_8_cluster_2_1mer-bz_8_cluster_2_1mer,seed-9_sample-0,0,,,,bz_8,"cluster_2, cluster_2"
bz_8_cluster_2_1mer-bz_8_cluster_2_1mer,seed-4_sample-0,0,,,,bz_8,"cluster_2, cluster_2"
bz_8_cluster_2_1mer-bz_8_cluster_2_1mer,seed-2_sample-0,0,,,,bz_8,"cluster_2, cluster_2"
bz_8_cluster_2_1mer-bz_8_cluster_2_1mer,seed-5_sample-0,0,,,,bz_8,"cluster_2, cluster_2"
bz_8_cluster_2_1mer-bz_8_cluster_2_1mer,seed-6_sample-0,0,,,,bz_8,"cluster_2, cluster_2"
bz_8_cluster_2_1mer-bz_8_cluster_2_1mer,seed-3_sample-0,0,,,,bz_8,"cluster_2, cluster_2"
bz_8_cluster_2_1mer-bz_8_cluster_2_1mer,seed-1_sample-0,0,,,,bz_8,"cluster_2, cluster_2"
bz_8_cluster_2_1mer-bz_8_cluster_2_1mer,seed-7_sample-0,0,,,,bz_8,"cluster_2, cluster_2"
bz_9_cluster_2_1mer-bz_9_cluster_3_1mer,seed-8_sample-0,0,,,,bz_9,"cluster_2, cluster_3"
bz_9_cluster_2_1mer-bz_9_cluster_3_1mer,seed-10_sample-0,0,,,,bz_9,"cluster_2, cluster_3"
bz_9_cluster_2_1mer-bz_9_cluster_3_1mer,seed-9_sample-0,0,,,,bz_9,"cluster_2, cluster_3"
bz_9_cluster_2_1mer-bz_9_cluster_3_1mer,seed-4_sample-0,0,,,,bz_9,"cluster_2, cluster_3"
bz_9_cluster_2_1mer-bz_9_cluster_3_1mer,seed-2_sample-0,0,,,,bz_9,"cluster_2, cluster_3"
bz_9_cluster_2_1mer-bz_9_cluster_3_1mer,seed-5_sample-0,0,,,,bz_9,"cluster_2, cluster_3"
bz_9_cluster_2_1mer-bz_9_cluster_3_1mer,seed-6_sample-0,0,,,,bz_9,"cluster_2, cluster_3"
bz_9_cluster_2_1mer-bz_9_cluster_3_1mer,seed-3_sample-0,0,,,,bz_9,"cluster_2, cluster_3"
bz_9_cluster_2_1mer-bz_9_cluster_3_1mer,seed-1_sample-0,0,,,,bz_9,"cluster_2, cluster_3"
bz_9_cluster_2_1mer-bz_9_cluster_3_1mer,seed-7_sample-0,0,,,,bz_9,"cluster_2, cluster_3"
bz_9_cluster_2_1mer-bz_9_cluster_1_1mer,seed-8_sample-0,0,,,,bz_9,"cluster_1, cluster_2"
bz_9_cluster_2_1mer-bz_9_cluster_1_1mer,seed-10_sample-0,0,,,,bz_9,"cluster_1, cluster_2"
bz_9_cluster_2_1mer-bz_9_cluster_1_1mer,seed-9_sample-0,0,,,,bz_9,"cluster_1, cluster_2"
bz_9_cluster_2_1mer-bz_9_cluster_1_1mer,seed-4_sample-0,0,,,,bz_9,"cluster_1, cluster_2"
bz_9_cluster_2_1mer-bz_9_cluster_1_1mer,seed-2_sample-0,0,,,,bz_9,"cluster_1, cluster_2"
bz_9_cluster_2_1mer-bz_9_cluster_1_1mer,seed-5_sample-0,0,,,,bz_9,"cluster_1, cluster_2"
bz_9_cluster_2_1mer-bz_9_cluster_1_1mer,seed-6_sample-0,0,,,,bz_9,"cluster_1, cluster_2"
bz_9_cluster_2_1mer-bz_9_cluster_1_1mer,seed-3_sample-0,0,,,,bz_9,"cluster_1, cluster_2"
bz_9_cluster_2_1mer-bz_9_cluster_1_1mer,seed-1_sample-0,0,,,,bz_9,"cluster_1, cluster_2"
bz_9_cluster_2_1mer-bz_9_cluster_1_1mer,seed-7_sample-0,0,,,,bz_9,"cluster_1, cluster_2"
bz_9_cluster_2_1mer-bz_9_cluster_6_1mer,seed-8_sample-0,0,,,,bz_9,"cluster_2, cluster_6"
bz_9_cluster_2_1mer-bz_9_cluster_6_1mer,seed-10_sample-0,0,,,,bz_9,"cluster_2, cluster_6"
bz_9_cluster_2_1mer-bz_9_cluster_6_1mer,seed-9_sample-0,0,,,,bz_9,"cluster_2, cluster_6"
bz_9_cluster_2_1mer-bz_9_cluster_6_1mer,seed-4_sample-0,0,,,,bz_9,"cluster_2, cluster_6"
bz_9_cluster_2_1mer-bz_9_cluster_6_1mer,seed-2_sample-0,0,,,,bz_9,"cluster_2, cluster_6"
bz_9_cluster_2_1mer-bz_9_cluster_6_1mer,seed-5_sample-0,0,,,,bz_9,"cluster_2, cluster_6"
bz_9_cluster_2_1mer-bz_9_cluster_6_1mer,seed-6_sample-0,0,,,,bz_9,"cluster_2, cluster_6"
bz_9_cluster_2_1mer-bz_9_cluster_6_1mer,seed-3_sample-0,0,,,,bz_9,"cluster_2, cluster_6"
bz_9_cluster_2_1mer-bz_9_cluster_6_1mer,seed-1_sample-0,0,,,,bz_9,"cluster_2, cluster_6"
bz_9_cluster_2_1mer-bz_9_cluster_6_1mer,seed-7_sample-0,0,,,,bz_9,"cluster_2, cluster_6"
bz_9_cluster_2_1mer-bz_9_cluster_5_1mer,seed-8_sample-0,0,,,,bz_9,"cluster_2, cluster_5"
bz_9_cluster_2_1mer-bz_9_cluster_5_1mer,seed-10_sample-0,0,,,,bz_9,"cluster_2, cluster_5"
bz_9_cluster_2_1mer-bz_9_cluster_5_1mer,seed-9_sample-0,0,,,,bz_9,"cluster_2, cluster_5"
bz_9_cluster_2_1mer-bz_9_cluster_5_1mer,seed-4_sample-0,0,,,,bz_9,"cluster_2, cluster_5"
bz_9_cluster_2_1mer-bz_9_cluster_5_1mer,seed-2_sample-0,0,,,,bz_9,"cluster_2, cluster_5"
bz_9_cluster_2_1mer-bz_9_cluster_5_1mer,seed-5_sample-0,0,,,,bz_9,"cluster_2, cluster_5"
bz_9_cluster_2_1mer-bz_9_cluster_5_1mer,seed-6_sample-0,0,,,,bz_9,"cluster_2, cluster_5"
bz_9_cluster_2_1mer-bz_9_cluster_5_1mer,seed-3_sample-0,0,,,,bz_9,"cluster_2, cluster_5"
bz_9_cluster_2_1mer-bz_9_cluster_5_1mer,seed-1_sample-0,0,,,,bz_9,"cluster_2, cluster_5"
bz_9_cluster_2_1mer-bz_9_cluster_5_1mer,seed-7_sample-0,0,,,,bz_9,"cluster_2, cluster_5"
bz_9_cluster_2_1mer-bz_9_cluster_4_1mer,seed-8_sample-0,0,,,,bz_9,"cluster_2, cluster_4"
bz_9_cluster_2_1mer-bz_9_cluster_4_1mer,seed-10_sample-0,0,,,,bz_9,"cluster_2, cluster_4"
bz_9_cluster_2_1mer-bz_9_cluster_4_1mer,seed-9_sample-0,0,,,,bz_9,"cluster_2, cluster_4"
bz_9_cluster_2_1mer-bz_9_cluster_4_1mer,seed-4_sample-0,0,,,,bz_9,"cluster_2, cluster_4"
bz_9_cluster_2_1mer-bz_9_cluster_4_1mer,seed-2_sample-0,0,,,,bz_9,"cluster_2, cluster_4"
bz_9_cluster_2_1mer-bz_9_cluster_4_1mer,seed-5_sample-0,0,,,,bz_9,"cluster_2, cluster_4"
bz_9_cluster_2_1mer-bz_9_cluster_4_1mer,seed-6_sample-0,0,,,,bz_9,"cluster_2, cluster_4"
bz_9_cluster_2_1mer-bz_9_cluster_4_1mer,seed-3_sample-0,0,,,,bz_9,"cluster_2, cluster_4"
bz_9_cluster_2_1mer-bz_9_cluster_4_1mer,seed-1_sample-0,0,,,,bz_9,"cluster_2, cluster_4"
bz_9_cluster_2_1mer-bz_9_cluster_4_1mer,seed-7_sample-0,0,,,,bz_9,"cluster_2, cluster_4"
bz_9_cluster_2_1mer-bz_9_cluster_0_1mer,seed-8_sample-0,0,,,,bz_9,"cluster_0, cluster_2"
bz_9_cluster_2_1mer-bz_9_cluster_0_1mer,seed-10_sample-0,0,,,,bz_9,"cluster_0, cluster_2"
bz_9_cluster_2_1mer-bz_9_cluster_0_1mer,seed-9_sample-0,0,,,,bz_9,"cluster_0, cluster_2"
bz_9_cluster_2_1mer-bz_9_cluster_0_1mer,seed-4_sample-0,0,,,,bz_9,"cluster_0, cluster_2"
bz_9_cluster_2_1mer-bz_9_cluster_0_1mer,seed-2_sample-0,0,,,,bz_9,"cluster_0, cluster_2"
bz_9_cluster_2_1mer-bz_9_cluster_0_1mer,seed-5_sample-0,0,,,,bz_9,"cluster_0, cluster_2"
bz_9_cluster_2_1mer-bz_9_cluster_0_1mer,seed-6_sample-0,0,,,,bz_9,"cluster_0, cluster_2"
bz_9_cluster_2_1mer-bz_9_cluster_0_1mer,seed-3_sample-0,0,,,,bz_9,"cluster_0, cluster_2"
bz_9_cluster_2_1mer-bz_9_cluster_0_1mer,seed-1_sample-0,0,,,,bz_9,"cluster_0, cluster_2"
bz_9_cluster_2_1mer-bz_9_cluster_0_1mer,seed-7_sample-0,0,,,,bz_9,"cluster_0, cluster_2"
bz_9_cluster_2_1mer-bz_9_cluster_7_1mer,seed-8_sample-0,0,,,,bz_9,"cluster_2, cluster_7"
bz_9_cluster_2_1mer-bz_9_cluster_7_1mer,seed-10_sample-0,0,,,,bz_9,"cluster_2, cluster_7"
bz_9_cluster_2_1mer-bz_9_cluster_7_1mer,seed-9_sample-0,0,,,,bz_9,"cluster_2, cluster_7"
bz_9_cluster_2_1mer-bz_9_cluster_7_1mer,seed-4_sample-0,0,,,,bz_9,"cluster_2, cluster_7"
bz_9_cluster_2_1mer-bz_9_cluster_7_1mer,seed-2_sample-0,0,,,,bz_9,"cluster_2, cluster_7"
bz_9_cluster_2_1mer-bz_9_cluster_7_1mer,seed-5_sample-0,0,,,,bz_9,"cluster_2, cluster_7"
bz_9_cluster_2_1mer-bz_9_cluster_7_1mer,seed-6_sample-0,0,,,,bz_9,"cluster_2, cluster_7"
bz_9_cluster_2_1mer-bz_9_cluster_7_1mer,seed-3_sample-0,0,,,,bz_9,"cluster_2, cluster_7"
bz_9_cluster_2_1mer-bz_9_cluster_7_1mer,seed-1_sample-0,0,,,,bz_9,"cluster_2, cluster_7"
bz_9_cluster_2_1mer-bz_9_cluster_7_1mer,seed-7_sample-0,0,,,,bz_9,"cluster_2, cluster_7"
bz_9_cluster_2_1mer-bz_9_cluster_8_1mer,seed-8_sample-0,0,,,,bz_9,"cluster_2, cluster_8"
bz_9_cluster_2_1mer-bz_9_cluster_8_1mer,seed-10_sample-0,0,,,,bz_9,"cluster_2, cluster_8"
bz_9_cluster_2_1mer-bz_9_cluster_8_1mer,seed-9_sample-0,0,,,,bz_9,"cluster_2, cluster_8"
bz_9_cluster_2_1mer-bz_9_cluster_8_1mer,seed-4_sample-0,0,,,,bz_9,"cluster_2, cluster_8"
bz_9_cluster_2_1mer-bz_9_cluster_8_1mer,seed-2_sample-0,0,,,,bz_9,"cluster_2, cluster_8"
bz_9_cluster_2_1mer-bz_9_cluster_8_1mer,seed-5_sample-0,0,,,,bz_9,"cluster_2, cluster_8"
bz_9_cluster_2_1mer-bz_9_cluster_8_1mer,seed-6_sample-0,0,,,,bz_9,"cluster_2, cluster_8"
bz_9_cluster_2_1mer-bz_9_cluster_8_1mer,seed-3_sample-0,0,,,,bz_9,"cluster_2, cluster_8"
bz_9_cluster_2_1mer-bz_9_cluster_8_1mer,seed-1_sample-0,0,,,,bz_9,"cluster_2, cluster_8"
bz_9_cluster_2_1mer-bz_9_cluster_8_1mer,seed-7_sample-0,0,,,,bz_9,"cluster_2, cluster_8"
bz_9_cluster_3_1mer-bz_9_cluster_1_1mer,seed-8_sample-0,50,0.52,0.8088,"[0.89, 0.9, 0.84, 0.92, 0.77, 0.52, 0.55, 0.69, 0.55, 0.67, 0.92, 0.89, 0.9, 0.93, 0.79, 0.81, 0.86, 0.9, 0.83, 0.81, 0.92, 0.92, 0.92, 0.62, 0.9, 0.55, 0.77, 0.69, 0.52, 0.92, 0.81, 0.84, 0.92, 0.62, 0.9, 0.9, 0.92, 0.9, 0.92, 0.93, 0.86, 0.83, 0.92, 0.9, 0.89, 0.89, 0.79, 0.67, 0.81, 0.55]",bz_9,"cluster_1, cluster_3"
bz_9_cluster_3_1mer-bz_9_cluster_1_1mer,seed-10_sample-0,50,0.51,0.8088,"[0.89, 0.9, 0.84, 0.92, 0.77, 0.51, 0.55, 0.7, 0.54, 0.67, 0.92, 0.89, 0.91, 0.93, 0.79, 0.8, 0.87, 0.9, 0.83, 0.81, 0.92, 0.92, 0.92, 0.63, 0.89, 0.55, 0.77, 0.7, 0.51, 0.92, 0.81, 0.84, 0.92, 0.63, 0.91, 0.9, 0.92, 0.9, 0.92, 0.93, 0.87, 0.83, 0.92, 0.89, 0.89, 0.89, 0.79, 0.67, 0.8, 0.54]",bz_9,"cluster_1, cluster_3"
bz_9_cluster_3_1mer-bz_9_cluster_1_1mer,seed-9_sample-0,50,0.51,0.8083999999999999,"[0.89, 0.9, 0.84, 0.92, 0.76, 0.51, 0.55, 0.7, 0.54, 0.67, 0.92, 0.89, 0.91, 0.93, 0.79, 0.8, 0.87, 0.9, 0.83, 0.81, 0.92, 0.92, 0.92, 0.62, 0.9, 0.55, 0.76, 0.7, 0.51, 0.92, 0.81, 0.84, 0.92, 0.62, 0.91, 0.9, 0.92, 0.9, 0.92, 0.93, 0.87, 0.83, 0.92, 0.9, 0.89, 0.89, 0.79, 0.67, 0.8, 0.54]",bz_9,"cluster_1, cluster_3"
bz_9_cluster_3_1mer-bz_9_cluster_1_1mer,seed-4_sample-0,50,0.52,0.8195999999999999,"[0.89, 0.91, 0.83, 0.92, 0.78, 0.52, 0.56, 0.68, 0.55, 0.73, 0.93, 0.9, 0.92, 0.94, 0.82, 0.83, 0.88, 0.91, 0.84, 0.81, 0.93, 0.93, 0.93, 0.64, 0.91, 0.56, 0.78, 0.68, 0.52, 0.92, 0.81, 0.83, 0.93, 0.64, 0.92, 0.91, 0.93, 0.91, 0.93, 0.94, 0.88, 0.84, 0.93, 0.91, 0.89, 0.9, 0.82, 0.73, 0.83, 0.55]",bz_9,"cluster_1, cluster_3"
bz_9_cluster_3_1mer-bz_9_cluster_1_1mer,seed-2_sample-0,48,0.53,0.82125,"[0.89, 0.9, 0.85, 0.92, 0.77, 0.55, 0.68, 0.53, 0.66, 0.92, 0.89, 0.91, 0.93, 0.8, 0.8, 0.87, 0.9, 0.83, 0.82, 0.92, 0.92, 0.92, 0.63, 0.9, 0.55, 0.77, 0.68, 0.92, 0.82, 0.85, 0.92, 0.63, 0.91, 0.9, 0.92, 0.9, 0.92, 0.93, 0.87, 0.83, 0.92, 0.9, 0.89, 0.89, 0.8, 0.66, 0.8, 0.53]",bz_9,"cluster_1, cluster_3"
bz_9_cluster_3_1mer-bz_9_cluster_1_1mer,seed-5_sample-0,48,0.55,0.82375,"[0.89, 0.91, 0.84, 0.92, 0.77, 0.56, 0.7, 0.55, 0.67, 0.92, 0.89, 0.91, 0.93, 0.8, 0.8, 0.87, 0.9, 0.83, 0.81, 0.93, 0.92, 0.93, 0.62, 0.9, 0.56, 0.77, 0.7, 0.92, 0.81, 0.84, 0.93, 0.62, 0.91, 0.9, 0.92, 0.91, 0.92, 0.93, 0.87, 0.83, 0.93, 0.9, 0.89, 0.89, 0.8, 0.67, 0.8, 0.55]",bz_9,"cluster_1, cluster_3"
bz_9_cluster_3_1mer-bz_9_cluster_1_1mer,seed-6_sample-0,48,0.54,0.8300000000000001,"[0.9, 0.91, 0.84, 0.92, 0.77, 0.55, 0.69, 0.54, 0.72, 0.93, 0.9, 0.92, 0.94, 0.81, 0.82, 0.87, 0.91, 0.84, 0.81, 0.93, 0.93, 0.93, 0.64, 0.9, 0.55, 0.77, 0.69, 0.92, 0.81, 0.84, 0.93, 0.64, 0.92, 0.91, 0.93, 0.91, 0.93, 0.94, 0.87, 0.84, 0.93, 0.9, 0.9, 0.9, 0.81, 0.72, 0.82, 0.54]",bz_9,"cluster_1, cluster_3"
bz_9_cluster_3_1mer-bz_9_cluster_1_1mer,seed-3_sample-0,50,0.51,0.8223999999999999,"[0.9, 0.92, 0.84, 0.93, 0.78, 0.51, 0.56, 0.68, 0.54, 0.75, 0.93, 0.91, 0.93, 0.94, 0.81, 0.83, 0.89, 0.91, 0.84, 0.81, 0.94, 0.93, 0.93, 0.64, 0.91, 0.56, 0.78, 0.68, 0.51, 0.93, 0.81, 0.84, 0.94, 0.64, 0.93, 0.91, 0.93, 0.92, 0.93, 0.94, 0.89, 0.84, 0.93, 0.91, 0.9, 0.91, 0.81, 0.75, 0.83, 0.54]",bz_9,"cluster_1, cluster_3"
bz_9_cluster_3_1mer-bz_9_cluster_1_1mer,seed-1_sample-0,50,0.51,0.8088,"[0.88, 0.9, 0.84, 0.92, 0.77, 0.51, 0.56, 0.69, 0.57, 0.68, 0.92, 0.89, 0.9, 0.93, 0.79, 0.8, 0.86, 0.89, 0.83, 0.81, 0.92, 0.92, 0.92, 0.62, 0.9, 0.56, 0.77, 0.69, 0.51, 0.92, 0.81, 0.84, 0.92, 0.62, 0.9, 0.89, 0.92, 0.9, 0.92, 0.93, 0.86, 0.83, 0.92, 0.9, 0.88, 0.89, 0.79, 0.68, 0.8, 0.57]",bz_9,"cluster_1, cluster_3"
bz_9_cluster_3_1mer-bz_9_cluster_1_1mer,seed-7_sample-0,50,0.51,0.8084,"[0.88, 0.9, 0.84, 0.92, 0.76, 0.51, 0.56, 0.7, 0.56, 0.67, 0.92, 0.89, 0.91, 0.93, 0.79, 0.8, 0.86, 0.89, 0.83, 0.81, 0.92, 0.92, 0.92, 0.62, 0.9, 0.56, 0.76, 0.7, 0.51, 0.92, 0.81, 0.84, 0.92, 0.62, 0.91, 0.89, 0.92, 0.9, 0.92, 0.93, 0.86, 0.83, 0.92, 0.9, 0.88, 0.89, 0.79, 0.67, 0.8, 0.56]",bz_9,"cluster_1, cluster_3"
bz_9_cluster_3_1mer-bz_9_cluster_6_1mer,seed-8_sample-0,0,,,,bz_9,"cluster_3, cluster_6"
bz_9_cluster_3_1mer-bz_9_cluster_6_1mer,seed-10_sample-0,0,,,,bz_9,"cluster_3, cluster_6"
bz_9_cluster_3_1mer-bz_9_cluster_6_1mer,seed-9_sample-0,0,,,,bz_9,"cluster_3, cluster_6"
bz_9_cluster_3_1mer-bz_9_cluster_6_1mer,seed-4_sample-0,0,,,,bz_9,"cluster_3, cluster_6"
bz_9_cluster_3_1mer-bz_9_cluster_6_1mer,seed-2_sample-0,0,,,,bz_9,"cluster_3, cluster_6"
bz_9_cluster_3_1mer-bz_9_cluster_6_1mer,seed-5_sample-0,0,,,,bz_9,"cluster_3, cluster_6"
bz_9_cluster_3_1mer-bz_9_cluster_6_1mer,seed-6_sample-0,0,,,,bz_9,"cluster_3, cluster_6"
bz_9_cluster_3_1mer-bz_9_cluster_6_1mer,seed-3_sample-0,0,,,,bz_9,"cluster_3, cluster_6"
bz_9_cluster_3_1mer-bz_9_cluster_6_1mer,seed-1_sample-0,0,,,,bz_9,"cluster_3, cluster_6"
bz_9_cluster_3_1mer-bz_9_cluster_6_1mer,seed-7_sample-0,0,,,,bz_9,"cluster_3, cluster_6"
bz_9_cluster_3_1mer-bz_9_cluster_5_1mer,seed-8_sample-0,0,,,,bz_9,"cluster_3, cluster_5"
bz_9_cluster_3_1mer-bz_9_cluster_5_1mer,seed-10_sample-0,0,,,,bz_9,"cluster_3, cluster_5"
bz_9_cluster_3_1mer-bz_9_cluster_5_1mer,seed-9_sample-0,0,,,,bz_9,"cluster_3, cluster_5"
bz_9_cluster_3_1mer-bz_9_cluster_5_1mer,seed-4_sample-0,0,,,,bz_9,"cluster_3, cluster_5"
bz_9_cluster_3_1mer-bz_9_cluster_5_1mer,seed-2_sample-0,0,,,,bz_9,"cluster_3, cluster_5"
bz_9_cluster_3_1mer-bz_9_cluster_5_1mer,seed-5_sample-0,0,,,,bz_9,"cluster_3, cluster_5"
bz_9_cluster_3_1mer-bz_9_cluster_5_1mer,seed-6_sample-0,0,,,,bz_9,"cluster_3, cluster_5"
bz_9_cluster_3_1mer-bz_9_cluster_5_1mer,seed-3_sample-0,0,,,,bz_9,"cluster_3, cluster_5"
bz_9_cluster_3_1mer-bz_9_cluster_5_1mer,seed-1_sample-0,0,,,,bz_9,"cluster_3, cluster_5"
bz_9_cluster_3_1mer-bz_9_cluster_5_1mer,seed-7_sample-0,0,,,,bz_9,"cluster_3, cluster_5"
bz_9_cluster_3_1mer-bz_9_cluster_4_1mer,seed-8_sample-0,26,0.51,0.6653846153846155,"[0.73, 0.62, 0.69, 0.74, 0.64, 0.68, 0.7, 0.71, 0.65, 0.51, 0.72, 0.59, 0.67, 0.69, 0.7, 0.73, 0.74, 0.71, 0.62, 0.64, 0.68, 0.72, 0.59, 0.67, 0.65, 0.51]",bz_9,"cluster_3, cluster_4"
bz_9_cluster_3_1mer-bz_9_cluster_4_1mer,seed-10_sample-0,26,0.51,0.6592307692307693,"[0.72, 0.61, 0.69, 0.74, 0.64, 0.68, 0.69, 0.7, 0.65, 0.51, 0.71, 0.58, 0.65, 0.69, 0.69, 0.72, 0.74, 0.7, 0.61, 0.64, 0.68, 0.71, 0.58, 0.65, 0.65, 0.51]",bz_9,"cluster_3, cluster_4"
bz_9_cluster_3_1mer-bz_9_cluster_4_1mer,seed-9_sample-0,24,0.58,0.6708333333333334,"[0.72, 0.61, 0.69, 0.74, 0.64, 0.67, 0.69, 0.7, 0.65, 0.7, 0.58, 0.66, 0.69, 0.69, 0.72, 0.74, 0.7, 0.61, 0.64, 0.67, 0.7, 0.58, 0.66, 0.65]",bz_9,"cluster_3, cluster_4"
bz_9_cluster_3_1mer-bz_9_cluster_4_1mer,seed-4_sample-0,24,0.57,0.6666666666666666,"[0.72, 0.6, 0.69, 0.74, 0.63, 0.68, 0.69, 0.69, 0.64, 0.71, 0.57, 0.64, 0.69, 0.69, 0.72, 0.74, 0.69, 0.6, 0.63, 0.68, 0.71, 0.57, 0.64, 0.64]",bz_9,"cluster_3, cluster_4"
bz_9_cluster_3_1mer-bz_9_cluster_4_1mer,seed-2_sample-0,24,0.57,0.6675,"[0.72, 0.6, 0.69, 0.74, 0.63, 0.68, 0.69, 0.7, 0.64, 0.7, 0.57, 0.65, 0.69, 0.69, 0.72, 0.74, 0.7, 0.6, 0.63, 0.68, 0.7, 0.57, 0.65, 0.64]",bz_9,"cluster_3, cluster_4"
bz_9_cluster_3_1mer-bz_9_cluster_4_1mer,seed-5_sample-0,24,0.57,0.6608333333333333,"[0.71, 0.6, 0.68, 0.72, 0.62, 0.67, 0.69, 0.69, 0.65, 0.69, 0.57, 0.64, 0.68, 0.69, 0.71, 0.72, 0.69, 0.6, 0.62, 0.67, 0.69, 0.57, 0.64, 0.65]",bz_9,"cluster_3, cluster_4"
bz_9_cluster_3_1mer-bz_9_cluster_4_1mer,seed-6_sample-0,26,0.51,0.6646153846153846,"[0.73, 0.62, 0.69, 0.75, 0.65, 0.68, 0.7, 0.71, 0.65, 0.51, 0.71, 0.58, 0.66, 0.69, 0.7, 0.73, 0.75, 0.71, 0.62, 0.65, 0.68, 0.71, 0.58, 0.66, 0.65, 0.51]",bz_9,"cluster_3, cluster_4"
bz_9_cluster_3_1mer-bz_9_cluster_4_1mer,seed-3_sample-0,24,0.57,0.6658333333333333,"[0.71, 0.6, 0.7, 0.74, 0.63, 0.67, 0.69, 0.69, 0.64, 0.7, 0.57, 0.65, 0.7, 0.69, 0.71, 0.74, 0.69, 0.6, 0.63, 0.67, 0.7, 0.57, 0.65, 0.64]",bz_9,"cluster_3, cluster_4"
bz_9_cluster_3_1mer-bz_9_cluster_4_1mer,seed-1_sample-0,24,0.59,0.6766666666666666,"[0.73, 0.62, 0.69, 0.74, 0.65, 0.68, 0.7, 0.7, 0.65, 0.71, 0.59, 0.66, 0.69, 0.7, 0.73, 0.74, 0.7, 0.62, 0.65, 0.68, 0.71, 0.59, 0.66, 0.65]",bz_9,"cluster_3, cluster_4"
bz_9_cluster_3_1mer-bz_9_cluster_4_1mer,seed-7_sample-0,24,0.58,0.6683333333333333,"[0.71, 0.61, 0.68, 0.74, 0.64, 0.68, 0.69, 0.69, 0.64, 0.71, 0.58, 0.65, 0.68, 0.69, 0.71, 0.74, 0.69, 0.61, 0.64, 0.68, 0.71, 0.58, 0.65, 0.64]",bz_9,"cluster_3, cluster_4"
bz_9_cluster_3_1mer-bz_9_cluster_0_1mer,seed-8_sample-0,0,,,,bz_9,"cluster_0, cluster_3"
bz_9_cluster_3_1mer-bz_9_cluster_0_1mer,seed-10_sample-0,0,,,,bz_9,"cluster_0, cluster_3"
bz_9_cluster_3_1mer-bz_9_cluster_0_1mer,seed-9_sample-0,0,,,,bz_9,"cluster_0, cluster_3"
bz_9_cluster_3_1mer-bz_9_cluster_0_1mer,seed-4_sample-0,0,,,,bz_9,"cluster_0, cluster_3"
bz_9_cluster_3_1mer-bz_9_cluster_0_1mer,seed-2_sample-0,0,,,,bz_9,"cluster_0, cluster_3"
bz_9_cluster_3_1mer-bz_9_cluster_0_1mer,seed-5_sample-0,0,,,,bz_9,"cluster_0, cluster_3"
bz_9_cluster_3_1mer-bz_9_cluster_0_1mer,seed-6_sample-0,0,,,,bz_9,"cluster_0, cluster_3"
bz_9_cluster_3_1mer-bz_9_cluster_0_1mer,seed-3_sample-0,0,,,,bz_9,"cluster_0, cluster_3"
bz_9_cluster_3_1mer-bz_9_cluster_0_1mer,seed-1_sample-0,0,,,,bz_9,"cluster_0, cluster_3"
bz_9_cluster_3_1mer-bz_9_cluster_0_1mer,seed-7_sample-0,0,,,,bz_9,"cluster_0, cluster_3"
bz_9_cluster_3_1mer-bz_9_cluster_7_1mer,seed-8_sample-0,0,,,,bz_9,"cluster_3, cluster_7"
bz_9_cluster_3_1mer-bz_9_cluster_7_1mer,seed-10_sample-0,4,0.53,0.54,"[0.55, 0.53, 0.53, 0.55]",bz_9,"cluster_3, cluster_7"
bz_9_cluster_3_1mer-bz_9_cluster_7_1mer,seed-9_sample-0,2,0.54,0.54,"[0.54, 0.54]",bz_9,"cluster_3, cluster_7"
bz_9_cluster_3_1mer-bz_9_cluster_7_1mer,seed-4_sample-0,4,0.52,0.535,"[0.55, 0.52, 0.52, 0.55]",bz_9,"cluster_3, cluster_7"
bz_9_cluster_3_1mer-bz_9_cluster_7_1mer,seed-2_sample-0,0,,,,bz_9,"cluster_3, cluster_7"
bz_9_cluster_3_1mer-bz_9_cluster_7_1mer,seed-5_sample-0,0,,,,bz_9,"cluster_3, cluster_7"
bz_9_cluster_3_1mer-bz_9_cluster_7_1mer,seed-6_sample-0,4,0.52,0.54,"[0.56, 0.52, 0.52, 0.56]",bz_9,"cluster_3, cluster_7"
bz_9_cluster_3_1mer-bz_9_cluster_7_1mer,seed-3_sample-0,0,,,,bz_9,"cluster_3, cluster_7"
bz_9_cluster_3_1mer-bz_9_cluster_7_1mer,seed-1_sample-0,0,,,,bz_9,"cluster_3, cluster_7"
bz_9_cluster_3_1mer-bz_9_cluster_7_1mer,seed-7_sample-0,0,,,,bz_9,"cluster_3, cluster_7"
bz_9_cluster_3_1mer-bz_9_cluster_8_1mer,seed-8_sample-0,0,,,,bz_9,"cluster_3, cluster_8"
bz_9_cluster_3_1mer-bz_9_cluster_8_1mer,seed-10_sample-0,0,,,,bz_9,"cluster_3, cluster_8"
bz_9_cluster_3_1mer-bz_9_cluster_8_1mer,seed-9_sample-0,0,,,,bz_9,"cluster_3, cluster_8"
bz_9_cluster_3_1mer-bz_9_cluster_8_1mer,seed-4_sample-0,0,,,,bz_9,"cluster_3, cluster_8"
bz_9_cluster_3_1mer-bz_9_cluster_8_1mer,seed-2_sample-0,0,,,,bz_9,"cluster_3, cluster_8"
bz_9_cluster_3_1mer-bz_9_cluster_8_1mer,seed-5_sample-0,0,,,,bz_9,"cluster_3, cluster_8"
bz_9_cluster_3_1mer-bz_9_cluster_8_1mer,seed-6_sample-0,0,,,,bz_9,"cluster_3, cluster_8"
bz_9_cluster_3_1mer-bz_9_cluster_8_1mer,seed-3_sample-0,0,,,,bz_9,"cluster_3, cluster_8"
bz_9_cluster_3_1mer-bz_9_cluster_8_1mer,seed-1_sample-0,0,,,,bz_9,"cluster_3, cluster_8"
bz_9_cluster_3_1mer-bz_9_cluster_8_1mer,seed-7_sample-0,0,,,,bz_9,"cluster_3, cluster_8"
bz_9_cluster_1_1mer-bz_9_cluster_6_1mer,seed-8_sample-0,44,0.52,0.6795454545454546,"[0.6, 0.66, 0.63, 0.78, 0.61, 0.69, 0.78, 0.67, 0.6, 0.71, 0.73, 0.75, 0.71, 0.76, 0.66, 0.67, 0.71, 0.7, 0.52, 0.65, 0.59, 0.77, 0.67, 0.76, 0.71, 0.66, 0.7, 0.52, 0.75, 0.65, 0.71, 0.71, 0.59, 0.66, 0.61, 0.69, 0.6, 0.78, 0.78, 0.67, 0.73, 0.77, 0.6, 0.63]",bz_9,"cluster_1, cluster_6"
bz_9_cluster_1_1mer-bz_9_cluster_6_1mer,seed-10_sample-0,44,0.52,0.6809090909090909,"[0.61, 0.65, 0.64, 0.78, 0.62, 0.7, 0.78, 0.67, 0.59, 0.72, 0.73, 0.75, 0.71, 0.75, 0.66, 0.67, 0.71, 0.7, 0.52, 0.66, 0.59, 0.77, 0.67, 0.75, 0.71, 0.66, 0.7, 0.52, 0.75, 0.66, 0.71, 0.72, 0.59, 0.65, 0.62, 0.7, 0.59, 0.78, 0.78, 0.67, 0.73, 0.77, 0.61, 0.64]",bz_9,"cluster_1, cluster_6"
bz_9_cluster_1_1mer-bz_9_cluster_6_1mer,seed-9_sample-0,46,0.51,0.6826086956521739,"[0.61, 0.66, 0.65, 0.79, 0.52, 0.63, 0.71, 0.8, 0.69, 0.6, 0.72, 0.74, 0.76, 0.72, 0.76, 0.67, 0.68, 0.72, 0.71, 0.51, 0.67, 0.6, 0.78, 0.68, 0.76, 0.72, 0.67, 0.71, 0.51, 0.76, 0.67, 0.72, 0.72, 0.6, 0.66, 0.63, 0.71, 0.6, 0.79, 0.8, 0.69, 0.74, 0.78, 0.61, 0.65, 0.52]",bz_9,"cluster_1, cluster_6"
bz_9_cluster_1_1mer-bz_9_cluster_6_1mer,seed-4_sample-0,46,0.51,0.6769565217391306,"[0.6, 0.66, 0.64, 0.78, 0.51, 0.62, 0.7, 0.78, 0.67, 0.6, 0.72, 0.74, 0.75, 0.72, 0.76, 0.66, 0.67, 0.71, 0.71, 0.52, 0.67, 0.6, 0.78, 0.67, 0.76, 0.71, 0.66, 0.71, 0.52, 0.75, 0.67, 0.72, 0.72, 0.6, 0.66, 0.62, 0.7, 0.6, 0.78, 0.78, 0.67, 0.74, 0.78, 0.6, 0.64, 0.51]",bz_9,"cluster_1, cluster_6"
bz_9_cluster_1_1mer-bz_9_cluster_6_1mer,seed-2_sample-0,44,0.51,0.6918181818181819,"[0.62, 0.67, 0.66, 0.79, 0.51, 0.62, 0.7, 0.8, 0.68, 0.61, 0.72, 0.75, 0.76, 0.72, 0.76, 0.66, 0.68, 0.71, 0.71, 0.69, 0.62, 0.78, 0.68, 0.76, 0.71, 0.66, 0.71, 0.76, 0.69, 0.72, 0.72, 0.62, 0.67, 0.62, 0.7, 0.61, 0.79, 0.8, 0.68, 0.75, 0.78, 0.62, 0.66, 0.51]",bz_9,"cluster_1, cluster_6"
bz_9_cluster_1_1mer-bz_9_cluster_6_1mer,seed-5_sample-0,46,0.51,0.68,"[0.61, 0.66, 0.65, 0.79, 0.51, 0.62, 0.7, 0.79, 0.68, 0.6, 0.72, 0.73, 0.76, 0.73, 0.76, 0.66, 0.68, 0.71, 0.71, 0.52, 0.67, 0.6, 0.78, 0.68, 0.76, 0.71, 0.66, 0.71, 0.52, 0.76, 0.67, 0.73, 0.72, 0.6, 0.66, 0.62, 0.7, 0.6, 0.79, 0.79, 0.68, 0.73, 0.78, 0.61, 0.65, 0.51]",bz_9,"cluster_1, cluster_6"
bz_9_cluster_1_1mer-bz_9_cluster_6_1mer,seed-6_sample-0,46,0.51,0.678695652173913,"[0.61, 0.66, 0.64, 0.79, 0.51, 0.62, 0.7, 0.79, 0.68, 0.61, 0.72, 0.74, 0.75, 0.72, 0.76, 0.66, 0.68, 0.71, 0.71, 0.51, 0.67, 0.6, 0.77, 0.68, 0.76, 0.71, 0.66, 0.71, 0.51, 0.75, 0.67, 0.72, 0.72, 0.6, 0.66, 0.62, 0.7, 0.61, 0.79, 0.79, 0.68, 0.74, 0.77, 0.61, 0.64, 0.51]",bz_9,"cluster_1, cluster_6"
bz_9_cluster_1_1mer-bz_9_cluster_6_1mer,seed-3_sample-0,44,0.54,0.7059090909090909,"[0.65, 0.71, 0.69, 0.8, 0.54, 0.64, 0.72, 0.81, 0.69, 0.64, 0.74, 0.77, 0.76, 0.7, 0.76, 0.66, 0.67, 0.71, 0.71, 0.72, 0.65, 0.79, 0.67, 0.76, 0.71, 0.66, 0.71, 0.76, 0.72, 0.7, 0.74, 0.65, 0.71, 0.64, 0.72, 0.64, 0.8, 0.81, 0.69, 0.77, 0.79, 0.65, 0.69, 0.54]",bz_9,"cluster_1, cluster_6"
bz_9_cluster_1_1mer-bz_9_cluster_6_1mer,seed-1_sample-0,46,0.51,0.6773913043478261,"[0.61, 0.66, 0.64, 0.78, 0.51, 0.62, 0.7, 0.8, 0.68, 0.6, 0.72, 0.74, 0.75, 0.72, 0.76, 0.66, 0.67, 0.71, 0.7, 0.51, 0.67, 0.6, 0.77, 0.67, 0.76, 0.71, 0.66, 0.7, 0.51, 0.75, 0.67, 0.72, 0.72, 0.6, 0.66, 0.62, 0.7, 0.6, 0.78, 0.8, 0.68, 0.74, 0.77, 0.61, 0.64, 0.51]",bz_9,"cluster_1, cluster_6"
bz_9_cluster_1_1mer-bz_9_cluster_6_1mer,seed-7_sample-0,46,0.51,0.68,"[0.61, 0.66, 0.65, 0.78, 0.51, 0.61, 0.71, 0.79, 0.68, 0.6, 0.72, 0.74, 0.76, 0.72, 0.76, 0.67, 0.67, 0.72, 0.71, 0.51, 0.68, 0.6, 0.78, 0.67, 0.76, 0.72, 0.67, 0.71, 0.51, 0.76, 0.68, 0.72, 0.72, 0.6, 0.66, 0.61, 0.71, 0.6, 0.78, 0.79, 0.68, 0.74, 0.78, 0.61, 0.65, 0.51]",bz_9,"cluster_1, cluster_6"
bz_9_cluster_1_1mer-bz_9_cluster_5_1mer,seed-8_sample-0,0,,,,bz_9,"cluster_1, cluster_5"
bz_9_cluster_1_1mer-bz_9_cluster_5_1mer,seed-10_sample-0,0,,,,bz_9,"cluster_1, cluster_5"
bz_9_cluster_1_1mer-bz_9_cluster_5_1mer,seed-9_sample-0,0,,,,bz_9,"cluster_1, cluster_5"
bz_9_cluster_1_1mer-bz_9_cluster_5_1mer,seed-4_sample-0,0,,,,bz_9,"cluster_1, cluster_5"
bz_9_cluster_1_1mer-bz_9_cluster_5_1mer,seed-2_sample-0,0,,,,bz_9,"cluster_1, cluster_5"
bz_9_cluster_1_1mer-bz_9_cluster_5_1mer,seed-5_sample-0,0,,,,bz_9,"cluster_1, cluster_5"
bz_9_cluster_1_1mer-bz_9_cluster_5_1mer,seed-6_sample-0,0,,,,bz_9,"cluster_1, cluster_5"
bz_9_cluster_1_1mer-bz_9_cluster_5_1mer,seed-3_sample-0,0,,,,bz_9,"cluster_1, cluster_5"
bz_9_cluster_1_1mer-bz_9_cluster_5_1mer,seed-1_sample-0,0,,,,bz_9,"cluster_1, cluster_5"
bz_9_cluster_1_1mer-bz_9_cluster_5_1mer,seed-7_sample-0,0,,,,bz_9,"cluster_1, cluster_5"
bz_9_cluster_1_1mer-bz_9_cluster_4_1mer,seed-8_sample-0,0,,,,bz_9,"cluster_1, cluster_4"
bz_9_cluster_1_1mer-bz_9_cluster_4_1mer,seed-10_sample-0,0,,,,bz_9,"cluster_1, cluster_4"
bz_9_cluster_1_1mer-bz_9_cluster_4_1mer,seed-9_sample-0,0,,,,bz_9,"cluster_1, cluster_4"
bz_9_cluster_1_1mer-bz_9_cluster_4_1mer,seed-4_sample-0,0,,,,bz_9,"cluster_1, cluster_4"
bz_9_cluster_1_1mer-bz_9_cluster_4_1mer,seed-2_sample-0,0,,,,bz_9,"cluster_1, cluster_4"
bz_9_cluster_1_1mer-bz_9_cluster_4_1mer,seed-5_sample-0,0,,,,bz_9,"cluster_1, cluster_4"
bz_9_cluster_1_1mer-bz_9_cluster_4_1mer,seed-6_sample-0,0,,,,bz_9,"cluster_1, cluster_4"
bz_9_cluster_1_1mer-bz_9_cluster_4_1mer,seed-3_sample-0,0,,,,bz_9,"cluster_1, cluster_4"
bz_9_cluster_1_1mer-bz_9_cluster_4_1mer,seed-1_sample-0,0,,,,bz_9,"cluster_1, cluster_4"
bz_9_cluster_1_1mer-bz_9_cluster_4_1mer,seed-7_sample-0,0,,,,bz_9,"cluster_1, cluster_4"
bz_9_cluster_1_1mer-bz_9_cluster_0_1mer,seed-8_sample-0,0,,,,bz_9,"cluster_0, cluster_1"
bz_9_cluster_1_1mer-bz_9_cluster_0_1mer,seed-10_sample-0,2,0.52,0.52,"[0.52, 0.52]",bz_9,"cluster_0, cluster_1"
bz_9_cluster_1_1mer-bz_9_cluster_0_1mer,seed-9_sample-0,2,0.53,0.53,"[0.53, 0.53]",bz_9,"cluster_0, cluster_1"
bz_9_cluster_1_1mer-bz_9_cluster_0_1mer,seed-4_sample-0,2,0.51,0.51,"[0.51, 0.51]",bz_9,"cluster_0, cluster_1"
bz_9_cluster_1_1mer-bz_9_cluster_0_1mer,seed-2_sample-0,2,0.51,0.51,"[0.51, 0.51]",bz_9,"cluster_0, cluster_1"
bz_9_cluster_1_1mer-bz_9_cluster_0_1mer,seed-5_sample-0,2,0.52,0.52,"[0.52, 0.52]",bz_9,"cluster_0, cluster_1"
bz_9_cluster_1_1mer-bz_9_cluster_0_1mer,seed-6_sample-0,0,,,,bz_9,"cluster_0, cluster_1"
bz_9_cluster_1_1mer-bz_9_cluster_0_1mer,seed-3_sample-0,2,0.52,0.52,"[0.52, 0.52]",bz_9,"cluster_0, cluster_1"
bz_9_cluster_1_1mer-bz_9_cluster_0_1mer,seed-1_sample-0,0,,,,bz_9,"cluster_0, cluster_1"
bz_9_cluster_1_1mer-bz_9_cluster_0_1mer,seed-7_sample-0,10,0.51,0.534,"[0.52, 0.51, 0.53, 0.59, 0.52, 0.52, 0.51, 0.53, 0.59, 0.52]",bz_9,"cluster_0, cluster_1"
bz_9_cluster_1_1mer-bz_9_cluster_7_1mer,seed-8_sample-0,0,,,,bz_9,"cluster_1, cluster_7"
bz_9_cluster_1_1mer-bz_9_cluster_7_1mer,seed-10_sample-0,0,,,,bz_9,"cluster_1, cluster_7"
bz_9_cluster_1_1mer-bz_9_cluster_7_1mer,seed-9_sample-0,0,,,,bz_9,"cluster_1, cluster_7"
bz_9_cluster_1_1mer-bz_9_cluster_7_1mer,seed-4_sample-0,0,,,,bz_9,"cluster_1, cluster_7"
bz_9_cluster_1_1mer-bz_9_cluster_7_1mer,seed-2_sample-0,0,,,,bz_9,"cluster_1, cluster_7"
bz_9_cluster_1_1mer-bz_9_cluster_7_1mer,seed-5_sample-0,0,,,,bz_9,"cluster_1, cluster_7"
bz_9_cluster_1_1mer-bz_9_cluster_7_1mer,seed-6_sample-0,0,,,,bz_9,"cluster_1, cluster_7"
bz_9_cluster_1_1mer-bz_9_cluster_7_1mer,seed-3_sample-0,0,,,,bz_9,"cluster_1, cluster_7"
bz_9_cluster_1_1mer-bz_9_cluster_7_1mer,seed-1_sample-0,0,,,,bz_9,"cluster_1, cluster_7"
bz_9_cluster_1_1mer-bz_9_cluster_7_1mer,seed-7_sample-0,0,,,,bz_9,"cluster_1, cluster_7"
bz_9_cluster_1_1mer-bz_9_cluster_8_1mer,seed-8_sample-0,0,,,,bz_9,"cluster_1, cluster_8"
bz_9_cluster_1_1mer-bz_9_cluster_8_1mer,seed-10_sample-0,0,,,,bz_9,"cluster_1, cluster_8"
bz_9_cluster_1_1mer-bz_9_cluster_8_1mer,seed-9_sample-0,0,,,,bz_9,"cluster_1, cluster_8"
bz_9_cluster_1_1mer-bz_9_cluster_8_1mer,seed-4_sample-0,0,,,,bz_9,"cluster_1, cluster_8"
bz_9_cluster_1_1mer-bz_9_cluster_8_1mer,seed-2_sample-0,0,,,,bz_9,"cluster_1, cluster_8"
bz_9_cluster_1_1mer-bz_9_cluster_8_1mer,seed-5_sample-0,0,,,,bz_9,"cluster_1, cluster_8"
bz_9_cluster_1_1mer-bz_9_cluster_8_1mer,seed-6_sample-0,0,,,,bz_9,"cluster_1, cluster_8"
bz_9_cluster_1_1mer-bz_9_cluster_8_1mer,seed-3_sample-0,0,,,,bz_9,"cluster_1, cluster_8"
bz_9_cluster_1_1mer-bz_9_cluster_8_1mer,seed-1_sample-0,0,,,,bz_9,"cluster_1, cluster_8"
bz_9_cluster_1_1mer-bz_9_cluster_8_1mer,seed-7_sample-0,0,,,,bz_9,"cluster_1, cluster_8"
bz_9_cluster_6_1mer-bz_9_cluster_5_1mer,seed-8_sample-0,0,,,,bz_9,"cluster_5, cluster_6"
bz_9_cluster_6_1mer-bz_9_cluster_5_1mer,seed-10_sample-0,0,,,,bz_9,"cluster_5, cluster_6"
bz_9_cluster_6_1mer-bz_9_cluster_5_1mer,seed-9_sample-0,0,,,,bz_9,"cluster_5, cluster_6"
bz_9_cluster_6_1mer-bz_9_cluster_5_1mer,seed-4_sample-0,0,,,,bz_9,"cluster_5, cluster_6"
bz_9_cluster_6_1mer-bz_9_cluster_5_1mer,seed-2_sample-0,0,,,,bz_9,"cluster_5, cluster_6"
bz_9_cluster_6_1mer-bz_9_cluster_5_1mer,seed-5_sample-0,0,,,,bz_9,"cluster_5, cluster_6"
bz_9_cluster_6_1mer-bz_9_cluster_5_1mer,seed-6_sample-0,0,,,,bz_9,"cluster_5, cluster_6"
bz_9_cluster_6_1mer-bz_9_cluster_5_1mer,seed-3_sample-0,0,,,,bz_9,"cluster_5, cluster_6"
bz_9_cluster_6_1mer-bz_9_cluster_5_1mer,seed-1_sample-0,0,,,,bz_9,"cluster_5, cluster_6"
bz_9_cluster_6_1mer-bz_9_cluster_5_1mer,seed-7_sample-0,0,,,,bz_9,"cluster_5, cluster_6"
bz_9_cluster_6_1mer-bz_9_cluster_4_1mer,seed-8_sample-0,0,,,,bz_9,"cluster_4, cluster_6"
bz_9_cluster_6_1mer-bz_9_cluster_4_1mer,seed-10_sample-0,0,,,,bz_9,"cluster_4, cluster_6"
bz_9_cluster_6_1mer-bz_9_cluster_4_1mer,seed-9_sample-0,0,,,,bz_9,"cluster_4, cluster_6"
bz_9_cluster_6_1mer-bz_9_cluster_4_1mer,seed-4_sample-0,0,,,,bz_9,"cluster_4, cluster_6"
bz_9_cluster_6_1mer-bz_9_cluster_4_1mer,seed-2_sample-0,0,,,,bz_9,"cluster_4, cluster_6"
bz_9_cluster_6_1mer-bz_9_cluster_4_1mer,seed-5_sample-0,0,,,,bz_9,"cluster_4, cluster_6"
bz_9_cluster_6_1mer-bz_9_cluster_4_1mer,seed-6_sample-0,0,,,,bz_9,"cluster_4, cluster_6"
bz_9_cluster_6_1mer-bz_9_cluster_4_1mer,seed-3_sample-0,0,,,,bz_9,"cluster_4, cluster_6"
bz_9_cluster_6_1mer-bz_9_cluster_4_1mer,seed-1_sample-0,0,,,,bz_9,"cluster_4, cluster_6"
bz_9_cluster_6_1mer-bz_9_cluster_4_1mer,seed-7_sample-0,0,,,,bz_9,"cluster_4, cluster_6"
bz_9_cluster_6_1mer-bz_9_cluster_0_1mer,seed-8_sample-0,0,,,,bz_9,"cluster_0, cluster_6"
bz_9_cluster_6_1mer-bz_9_cluster_0_1mer,seed-10_sample-0,0,,,,bz_9,"cluster_0, cluster_6"
bz_9_cluster_6_1mer-bz_9_cluster_0_1mer,seed-9_sample-0,0,,,,bz_9,"cluster_0, cluster_6"
bz_9_cluster_6_1mer-bz_9_cluster_0_1mer,seed-4_sample-0,0,,,,bz_9,"cluster_0, cluster_6"
bz_9_cluster_6_1mer-bz_9_cluster_0_1mer,seed-2_sample-0,0,,,,bz_9,"cluster_0, cluster_6"
bz_9_cluster_6_1mer-bz_9_cluster_0_1mer,seed-5_sample-0,0,,,,bz_9,"cluster_0, cluster_6"
bz_9_cluster_6_1mer-bz_9_cluster_0_1mer,seed-6_sample-0,0,,,,bz_9,"cluster_0, cluster_6"
bz_9_cluster_6_1mer-bz_9_cluster_0_1mer,seed-3_sample-0,0,,,,bz_9,"cluster_0, cluster_6"
bz_9_cluster_6_1mer-bz_9_cluster_0_1mer,seed-1_sample-0,0,,,,bz_9,"cluster_0, cluster_6"
bz_9_cluster_6_1mer-bz_9_cluster_0_1mer,seed-7_sample-0,0,,,,bz_9,"cluster_0, cluster_6"
bz_9_cluster_6_1mer-bz_9_cluster_7_1mer,seed-8_sample-0,0,,,,bz_9,"cluster_6, cluster_7"
bz_9_cluster_6_1mer-bz_9_cluster_7_1mer,seed-10_sample-0,0,,,,bz_9,"cluster_6, cluster_7"
bz_9_cluster_6_1mer-bz_9_cluster_7_1mer,seed-9_sample-0,0,,,,bz_9,"cluster_6, cluster_7"
bz_9_cluster_6_1mer-bz_9_cluster_7_1mer,seed-4_sample-0,0,,,,bz_9,"cluster_6, cluster_7"
bz_9_cluster_6_1mer-bz_9_cluster_7_1mer,seed-2_sample-0,0,,,,bz_9,"cluster_6, cluster_7"
bz_9_cluster_6_1mer-bz_9_cluster_7_1mer,seed-5_sample-0,0,,,,bz_9,"cluster_6, cluster_7"
bz_9_cluster_6_1mer-bz_9_cluster_7_1mer,seed-6_sample-0,0,,,,bz_9,"cluster_6, cluster_7"
bz_9_cluster_6_1mer-bz_9_cluster_7_1mer,seed-3_sample-0,0,,,,bz_9,"cluster_6, cluster_7"
bz_9_cluster_6_1mer-bz_9_cluster_7_1mer,seed-1_sample-0,0,,,,bz_9,"cluster_6, cluster_7"
bz_9_cluster_6_1mer-bz_9_cluster_7_1mer,seed-7_sample-0,0,,,,bz_9,"cluster_6, cluster_7"
bz_9_cluster_6_1mer-bz_9_cluster_8_1mer,seed-8_sample-0,0,,,,bz_9,"cluster_6, cluster_8"
bz_9_cluster_6_1mer-bz_9_cluster_8_1mer,seed-10_sample-0,0,,,,bz_9,"cluster_6, cluster_8"
bz_9_cluster_6_1mer-bz_9_cluster_8_1mer,seed-9_sample-0,0,,,,bz_9,"cluster_6, cluster_8"
bz_9_cluster_6_1mer-bz_9_cluster_8_1mer,seed-4_sample-0,0,,,,bz_9,"cluster_6, cluster_8"
bz_9_cluster_6_1mer-bz_9_cluster_8_1mer,seed-2_sample-0,0,,,,bz_9,"cluster_6, cluster_8"
bz_9_cluster_6_1mer-bz_9_cluster_8_1mer,seed-5_sample-0,0,,,,bz_9,"cluster_6, cluster_8"
bz_9_cluster_6_1mer-bz_9_cluster_8_1mer,seed-6_sample-0,0,,,,bz_9,"cluster_6, cluster_8"
bz_9_cluster_6_1mer-bz_9_cluster_8_1mer,seed-3_sample-0,0,,,,bz_9,"cluster_6, cluster_8"
bz_9_cluster_6_1mer-bz_9_cluster_8_1mer,seed-1_sample-0,0,,,,bz_9,"cluster_6, cluster_8"
bz_9_cluster_6_1mer-bz_9_cluster_8_1mer,seed-7_sample-0,0,,,,bz_9,"cluster_6, cluster_8"
bz_9_cluster_5_1mer-bz_9_cluster_4_1mer,seed-8_sample-0,168,0.52,0.8676190476190475,"[0.57, 0.99, 0.99, 1.0, 0.69, 0.81, 1.0, 0.85, 0.97, 0.82, 1.0, 0.59, 1.0, 0.7, 1.0, 1.0, 1.0, 1.0, 0.99, 0.99, 0.99, 1.0, 0.99, 1.0, 0.88, 0.98, 0.98, 0.9, 0.98, 0.92, 0.64, 1.0, 0.86, 0.98, 1.0, 0.99, 1.0, 0.88, 1.0, 0.99, 0.91, 1.0, 0.98, 1.0, 1.0, 1.0, 1.0, 1.0, 1.0, 0.99, 1.0, 1.0, 1.0, 0.99, 1.0, 0.97, 0.99, 0.99, 1.0, 0.66, 0.96, 0.95, 0.99, 0.98, 0.98, 0.97, 0.58, 0.53, 0.63, 0.77, 0.53, 0.57, 0.56, 0.54, 0.7, 0.7, 0.66, 0.56, 0.52, 0.57, 0.53, 0.59, 0.53, 0.58, 0.86, 0.99, 0.57, 1.0, 0.98, 1.0, 1.0, 0.91, 1.0, 0.99, 1.0, 1.0, 0.97, 1.0, 0.99, 0.98, 1.0, 1.0, 1.0, 1.0, 0.99, 1.0, 1.0, 1.0, 0.99, 0.97, 1.0, 0.98, 0.98, 0.53, 0.66, 0.97, 0.58, 0.63, 0.77, 0.57, 0.96, 0.81, 0.7, 0.95, 0.99, 1.0, 0.88, 0.99, 1.0, 1.0, 0.82, 0.69, 0.85, 1.0, 1.0, 0.59, 1.0, 0.99, 1.0, 1.0, 1.0, 0.99, 0.99, 1.0, 0.88, 0.99, 0.99, 1.0, 0.98, 0.98, 0.64, 0.99, 0.98, 0.9, 0.92, 0.53, 0.54, 0.56, 0.7, 0.52, 0.7, 0.66, 0.57, 0.56, 0.53, 0.59, 0.53, 0.58]",bz_9,"cluster_4, cluster_5"
bz_9_cluster_5_1mer-bz_9_cluster_4_1mer,seed-10_sample-0,154,0.51,0.8937662337662337,"[0.57, 0.99, 0.99, 1.0, 0.67, 0.8, 1.0, 0.85, 0.97, 0.8, 1.0, 0.59, 1.0, 0.69, 1.0, 1.0, 1.0, 1.0, 0.99, 0.99, 0.99, 1.0, 0.99, 1.0, 0.89, 0.98, 0.98, 0.89, 0.98, 0.92, 0.62, 1.0, 0.85, 0.98, 1.0, 0.99, 1.0, 0.89, 1.0, 0.99, 0.91, 1.0, 0.99, 1.0, 1.0, 1.0, 1.0, 1.0, 1.0, 0.99, 1.0, 1.0, 1.0, 0.99, 1.0, 0.97, 0.99, 0.99, 1.0, 0.66, 0.96, 0.95, 0.99, 0.98, 0.98, 0.97, 0.59, 0.55, 0.64, 0.78, 0.52, 0.58, 0.51, 0.52, 0.68, 0.68, 0.61, 0.85, 0.99, 0.57, 1.0, 0.98, 1.0, 1.0, 0.91, 1.0, 0.99, 1.0, 1.0, 0.97, 1.0, 0.99, 0.99, 1.0, 1.0, 1.0, 1.0, 0.99, 1.0, 1.0, 1.0, 0.99, 0.97, 1.0, 0.98, 0.98, 0.55, 0.66, 0.97, 0.59, 0.64, 0.78, 0.58, 0.96, 0.8, 0.69, 0.95, 0.99, 1.0, 0.89, 0.99, 1.0, 1.0, 0.8, 0.67, 0.85, 1.0, 1.0, 0.59, 1.0, 0.99, 1.0, 1.0, 1.0, 0.99, 0.99, 1.0, 0.89, 0.99, 0.99, 1.0, 0.98, 0.98, 0.62, 0.99, 0.98, 0.89, 0.92, 0.52, 0.52, 0.51, 0.68, 0.68, 0.61]",bz_9,"cluster_4, cluster_5"
bz_9_cluster_5_1mer-bz_9_cluster_4_1mer,seed-9_sample-0,178,0.52,0.857303370786517,"[0.57, 0.99, 1.0, 1.0, 0.7, 0.82, 1.0, 0.85, 0.97, 0.81, 1.0, 0.6, 1.0, 0.71, 1.0, 1.0, 1.0, 1.0, 0.99, 0.99, 0.99, 1.0, 0.99, 1.0, 0.9, 0.98, 0.98, 0.88, 0.98, 0.88, 0.65, 1.0, 0.86, 0.98, 1.0, 0.99, 1.0, 0.89, 1.0, 0.99, 0.91, 1.0, 0.98, 1.0, 1.0, 1.0, 1.0, 1.0, 1.0, 0.99, 1.0, 1.0, 1.0, 0.99, 1.0, 0.97, 0.99, 0.99, 1.0, 0.61, 0.96, 0.96, 0.99, 0.98, 0.98, 0.97, 0.57, 0.53, 0.61, 0.79, 0.56, 0.62, 0.55, 0.57, 0.63, 0.61, 0.73, 0.72, 0.7, 0.52, 0.63, 0.58, 0.63, 0.53, 0.57, 0.66, 0.58, 0.65, 0.55, 0.86, 0.99, 0.57, 1.0, 0.98, 1.0, 1.0, 0.91, 1.0, 0.99, 1.0, 1.0, 0.97, 1.0, 0.99, 0.98, 1.0, 1.0, 1.0, 1.0, 0.99, 1.0, 1.0, 1.0, 0.99, 0.97, 1.0, 0.98, 0.98, 0.53, 0.61, 0.97, 0.57, 0.61, 0.79, 0.57, 0.96, 0.82, 0.71, 0.96, 0.99, 1.0, 0.89, 1.0, 1.0, 1.0, 0.81, 0.7, 0.85, 1.0, 1.0, 0.6, 1.0, 0.99, 1.0, 1.0, 1.0, 0.99, 0.99, 1.0, 0.9, 0.99, 0.99, 1.0, 0.98, 0.98, 0.65, 0.99, 0.98, 0.88, 0.88, 0.56, 0.62, 0.61, 0.55, 0.63, 0.73, 0.58, 0.72, 0.7, 0.63, 0.52, 0.63, 0.53, 0.57, 0.66, 0.58, 0.65, 0.55]",bz_9,"cluster_4, cluster_5"
bz_9_cluster_5_1mer-bz_9_cluster_4_1mer,seed-4_sample-0,168,0.52,0.8670238095238096,"[0.57, 0.99, 1.0, 1.0, 0.69, 0.81, 1.0, 0.85, 0.97, 0.8, 1.0, 0.59, 1.0, 0.7, 1.0, 1.0, 1.0, 1.0, 0.99, 0.99, 0.99, 1.0, 0.99, 1.0, 0.89, 0.98, 0.98, 0.9, 0.98, 0.92, 0.64, 1.0, 0.85, 0.98, 1.0, 0.99, 1.0, 0.88, 1.0, 0.99, 0.91, 1.0, 0.98, 1.0, 1.0, 1.0, 1.0, 1.0, 1.0, 0.99, 1.0, 1.0, 1.0, 0.99, 1.0, 0.97, 0.99, 0.99, 1.0, 0.66, 0.96, 0.95, 0.99, 0.98, 0.98, 0.97, 0.58, 0.53, 0.62, 0.78, 0.54, 0.57, 0.55, 0.55, 0.7, 0.69, 0.66, 0.57, 0.52, 0.56, 0.52, 0.58, 0.52, 0.57, 0.85, 0.99, 0.57, 1.0, 0.98, 1.0, 1.0, 0.91, 1.0, 0.99, 1.0, 1.0, 0.97, 1.0, 0.99, 0.98, 1.0, 1.0, 1.0, 1.0, 0.99, 1.0, 1.0, 1.0, 0.99, 0.97, 1.0, 0.98, 0.98, 0.53, 0.66, 0.97, 0.58, 0.62, 0.78, 0.57, 0.96, 0.81, 0.7, 0.95, 0.99, 1.0, 0.88, 1.0, 1.0, 1.0, 0.8, 0.69, 0.85, 1.0, 1.0, 0.59, 1.0, 0.99, 1.0, 1.0, 1.0, 0.99, 0.99, 1.0, 0.89, 0.99, 0.99, 1.0, 0.98, 0.98, 0.64, 0.99, 0.98, 0.9, 0.92, 0.54, 0.55, 0.55, 0.7, 0.52, 0.69, 0.66, 0.56, 0.57, 0.52, 0.58, 0.52, 0.57]",bz_9,"cluster_4, cluster_5"
bz_9_cluster_5_1mer-bz_9_cluster_4_1mer,seed-2_sample-0,164,0.51,0.8726829268292683,"[0.57, 0.99, 0.99, 1.0, 0.69, 0.82, 1.0, 0.86, 0.97, 0.8, 1.0, 0.59, 1.0, 0.71, 1.0, 1.0, 1.0, 1.0, 0.99, 0.99, 0.99, 1.0, 0.99, 1.0, 0.89, 0.98, 0.97, 0.9, 0.98, 0.92, 0.63, 1.0, 0.85, 0.98, 1.0, 0.99, 1.0, 0.89, 1.0, 0.99, 0.91, 1.0, 0.98, 1.0, 1.0, 1.0, 1.0, 1.0, 1.0, 0.99, 1.0, 1.0, 1.0, 0.99, 1.0, 0.97, 0.99, 0.99, 1.0, 0.65, 0.96, 0.95, 0.99, 0.98, 0.98, 0.97, 0.58, 0.52, 0.63, 0.78, 0.52, 0.55, 0.53, 0.53, 0.68, 0.68, 0.64, 0.54, 0.51, 0.54, 0.56, 0.55, 0.85, 0.99, 0.57, 1.0, 0.98, 1.0, 1.0, 0.91, 1.0, 0.99, 1.0, 1.0, 0.97, 1.0, 0.99, 0.98, 1.0, 1.0, 1.0, 1.0, 0.99, 1.0, 1.0, 1.0, 0.99, 0.97, 1.0, 0.98, 0.98, 0.52, 0.65, 0.97, 0.58, 0.63, 0.78, 0.55, 0.96, 0.82, 0.71, 0.95, 0.99, 1.0, 0.89, 0.99, 1.0, 1.0, 0.8, 0.69, 0.86, 1.0, 1.0, 0.59, 1.0, 0.99, 1.0, 1.0, 1.0, 0.99, 0.99, 1.0, 0.89, 0.99, 0.99, 1.0, 0.98, 0.98, 0.63, 0.99, 0.97, 0.9, 0.92, 0.52, 0.53, 0.53, 0.68, 0.51, 0.68, 0.64, 0.54, 0.54, 0.56, 0.55]",bz_9,"cluster_4, cluster_5"
bz_9_cluster_5_1mer-bz_9_cluster_4_1mer,seed-5_sample-0,170,0.52,0.8659999999999999,"[0.57, 0.99, 0.99, 1.0, 0.69, 0.81, 1.0, 0.85, 0.97, 0.8, 1.0, 0.6, 1.0, 0.69, 1.0, 1.0, 1.0, 1.0, 0.99, 0.99, 0.99, 1.0, 0.99, 1.0, 0.89, 0.98, 0.98, 0.9, 0.98, 0.91, 0.64, 1.0, 0.85, 0.98, 1.0, 0.99, 1.0, 0.88, 1.0, 0.99, 0.92, 1.0, 0.98, 1.0, 1.0, 1.0, 1.0, 1.0, 1.0, 0.99, 1.0, 1.0, 1.0, 0.99, 1.0, 0.97, 0.99, 0.99, 1.0, 0.65, 0.96, 0.95, 0.99, 0.98, 0.98, 0.97, 0.57, 0.53, 0.62, 0.78, 0.55, 0.58, 0.58, 0.56, 0.7, 0.69, 0.68, 0.59, 0.54, 0.59, 0.54, 0.63, 0.55, 0.61, 0.52, 0.85, 0.99, 0.57, 1.0, 0.98, 1.0, 1.0, 0.92, 1.0, 0.99, 1.0, 1.0, 0.97, 1.0, 0.99, 0.98, 1.0, 1.0, 1.0, 1.0, 0.99, 1.0, 1.0, 1.0, 0.99, 0.97, 1.0, 0.98, 0.98, 0.53, 0.65, 0.97, 0.57, 0.62, 0.78, 0.58, 0.96, 0.81, 0.69, 0.95, 0.99, 1.0, 0.88, 0.99, 1.0, 1.0, 0.8, 0.69, 0.85, 1.0, 1.0, 0.6, 1.0, 0.99, 1.0, 1.0, 1.0, 0.99, 0.99, 1.0, 0.89, 0.99, 0.99, 1.0, 0.98, 0.98, 0.64, 0.99, 0.98, 0.9, 0.91, 0.55, 0.56, 0.58, 0.7, 0.54, 0.69, 0.68, 0.59, 0.59, 0.54, 0.63, 0.55, 0.61, 0.52]",bz_9,"cluster_4, cluster_5"
bz_9_cluster_5_1mer-bz_9_cluster_4_1mer,seed-6_sample-0,168,0.52,0.8684523809523809,"[0.57, 0.99, 0.99, 1.0, 0.7, 0.82, 1.0, 0.85, 0.97, 0.8, 1.0, 0.59, 1.0, 0.7, 1.0, 1.0, 1.0, 1.0, 0.99, 0.99, 0.99, 1.0, 0.99, 1.0, 0.89, 0.98, 0.98, 0.9, 0.98, 0.92, 0.63, 1.0, 0.85, 0.98, 1.0, 0.99, 1.0, 0.89, 1.0, 0.99, 0.91, 1.0, 0.98, 1.0, 1.0, 1.0, 1.0, 1.0, 1.0, 0.99, 1.0, 1.0, 1.0, 0.99, 1.0, 0.97, 0.99, 0.99, 1.0, 0.66, 0.96, 0.96, 0.99, 0.98, 0.98, 0.97, 0.58, 0.53, 0.63, 0.78, 0.52, 0.58, 0.56, 0.54, 0.69, 0.69, 0.66, 0.57, 0.53, 0.57, 0.53, 0.61, 0.54, 0.6, 0.85, 0.99, 0.57, 1.0, 0.98, 1.0, 1.0, 0.91, 1.0, 0.99, 1.0, 1.0, 0.97, 1.0, 0.99, 0.98, 1.0, 1.0, 1.0, 1.0, 0.99, 1.0, 1.0, 1.0, 0.99, 0.97, 1.0, 0.98, 0.98, 0.53, 0.66, 0.97, 0.58, 0.63, 0.78, 0.58, 0.96, 0.82, 0.7, 0.96, 0.99, 1.0, 0.89, 0.99, 1.0, 1.0, 0.8, 0.7, 0.85, 1.0, 1.0, 0.59, 1.0, 0.99, 1.0, 1.0, 1.0, 0.99, 0.99, 1.0, 0.89, 0.99, 0.99, 1.0, 0.98, 0.98, 0.63, 0.99, 0.98, 0.9, 0.92, 0.52, 0.54, 0.56, 0.69, 0.53, 0.69, 0.66, 0.57, 0.57, 0.53, 0.61, 0.54, 0.6]",bz_9,"cluster_4, cluster_5"
bz_9_cluster_5_1mer-bz_9_cluster_4_1mer,seed-3_sample-0,174,0.51,0.8582758620689653,"[0.56, 0.99, 0.99, 0.99, 0.69, 0.82, 1.0, 0.85, 0.97, 0.82, 1.0, 0.63, 1.0, 0.7, 1.0, 1.0, 1.0, 1.0, 0.99, 0.99, 0.99, 1.0, 0.99, 1.0, 0.89, 0.98, 0.98, 0.87, 0.98, 0.88, 0.63, 1.0, 0.85, 0.98, 1.0, 0.99, 1.0, 0.89, 1.0, 0.99, 0.91, 1.0, 0.98, 1.0, 1.0, 1.0, 1.0, 1.0, 1.0, 0.99, 1.0, 1.0, 1.0, 0.99, 1.0, 0.97, 0.99, 0.99, 1.0, 0.62, 0.95, 0.95, 0.99, 0.98, 0.98, 0.97, 0.57, 0.54, 0.6, 0.78, 0.54, 0.6, 0.52, 0.57, 0.61, 0.59, 0.72, 0.71, 0.68, 0.6, 0.57, 0.59, 0.51, 0.53, 0.59, 0.54, 0.57, 0.85, 0.99, 0.56, 1.0, 0.98, 1.0, 1.0, 0.91, 1.0, 0.99, 1.0, 1.0, 0.97, 1.0, 0.99, 0.98, 1.0, 1.0, 1.0, 1.0, 0.99, 1.0, 1.0, 1.0, 0.99, 0.97, 1.0, 0.98, 0.98, 0.54, 0.62, 0.97, 0.57, 0.6, 0.78, 0.57, 0.95, 0.82, 0.7, 0.95, 0.99, 1.0, 0.89, 0.99, 0.99, 1.0, 0.82, 0.69, 0.85, 1.0, 1.0, 0.63, 1.0, 0.99, 1.0, 1.0, 1.0, 0.99, 0.99, 1.0, 0.89, 0.99, 0.99, 1.0, 0.98, 0.98, 0.63, 0.99, 0.98, 0.87, 0.88, 0.54, 0.6, 0.59, 0.52, 0.61, 0.72, 0.57, 0.71, 0.68, 0.59, 0.6, 0.51, 0.53, 0.59, 0.54, 0.57]",bz_9,"cluster_4, cluster_5"
bz_9_cluster_5_1mer-bz_9_cluster_4_1mer,seed-1_sample-0,154,0.51,0.8935064935064935,"[0.58, 0.99, 1.0, 1.0, 0.67, 0.79, 1.0, 0.85, 0.97, 0.8, 1.0, 0.59, 1.0, 0.69, 1.0, 1.0, 1.0, 1.0, 0.99, 0.99, 0.99, 1.0, 0.99, 1.0, 0.89, 0.98, 0.97, 0.89, 0.97, 0.91, 0.62, 1.0, 0.85, 0.98, 1.0, 0.99, 1.0, 0.89, 1.0, 0.99, 0.91, 1.0, 0.98, 1.0, 1.0, 1.0, 1.0, 1.0, 1.0, 0.99, 1.0, 1.0, 1.0, 0.99, 1.0, 0.97, 0.99, 0.99, 1.0, 0.66, 0.96, 0.95, 0.99, 0.98, 0.98, 0.97, 0.57, 0.56, 0.64, 0.78, 0.52, 0.58, 0.52, 0.51, 0.68, 0.69, 0.62, 0.85, 0.99, 0.58, 1.0, 0.98, 1.0, 1.0, 0.91, 1.0, 0.99, 1.0, 1.0, 0.97, 1.0, 0.99, 0.98, 1.0, 1.0, 1.0, 1.0, 0.99, 1.0, 1.0, 1.0, 0.99, 0.97, 1.0, 0.98, 0.98, 0.56, 0.66, 0.97, 0.57, 0.64, 0.78, 0.58, 0.96, 0.79, 0.69, 0.95, 0.99, 1.0, 0.89, 1.0, 1.0, 1.0, 0.8, 0.67, 0.85, 1.0, 1.0, 0.59, 1.0, 0.99, 1.0, 1.0, 1.0, 0.99, 0.99, 1.0, 0.89, 0.99, 0.99, 1.0, 0.98, 0.97, 0.62, 0.99, 0.97, 0.89, 0.91, 0.52, 0.51, 0.52, 0.68, 0.69, 0.62]",bz_9,"cluster_4, cluster_5"
bz_9_cluster_5_1mer-bz_9_cluster_4_1mer,seed-7_sample-0,170,0.51,0.865529411764706,"[0.57, 0.99, 0.99, 1.0, 0.68, 0.82, 1.0, 0.86, 0.97, 0.79, 1.0, 0.59, 1.0, 0.71, 1.0, 1.0, 1.0, 1.0, 0.99, 0.99, 0.99, 1.0, 0.99, 1.0, 0.89, 0.98, 0.98, 0.89, 0.98, 0.91, 0.64, 1.0, 0.85, 0.98, 1.0, 0.99, 1.0, 0.88, 1.0, 0.99, 0.91, 1.0, 0.98, 1.0, 1.0, 1.0, 1.0, 1.0, 1.0, 0.99, 1.0, 1.0, 1.0, 0.99, 1.0, 0.97, 0.99, 0.99, 1.0, 0.65, 0.96, 0.95, 0.99, 0.98, 0.98, 0.97, 0.57, 0.52, 0.62, 0.78, 0.55, 0.57, 0.58, 0.56, 0.7, 0.7, 0.68, 0.59, 0.54, 0.59, 0.54, 0.62, 0.55, 0.61, 0.51, 0.85, 0.99, 0.57, 1.0, 0.98, 1.0, 1.0, 0.91, 1.0, 0.99, 1.0, 1.0, 0.97, 1.0, 0.99, 0.98, 1.0, 1.0, 1.0, 1.0, 0.99, 1.0, 1.0, 1.0, 0.99, 0.97, 1.0, 0.98, 0.98, 0.52, 0.65, 0.97, 0.57, 0.62, 0.78, 0.57, 0.96, 0.82, 0.71, 0.95, 0.99, 1.0, 0.88, 0.99, 1.0, 1.0, 0.79, 0.68, 0.86, 1.0, 1.0, 0.59, 1.0, 0.99, 1.0, 1.0, 1.0, 0.99, 0.99, 1.0, 0.89, 0.99, 0.99, 1.0, 0.98, 0.98, 0.64, 0.99, 0.98, 0.89, 0.91, 0.55, 0.56, 0.58, 0.7, 0.54, 0.7, 0.68, 0.59, 0.59, 0.54, 0.62, 0.55, 0.61, 0.51]",bz_9,"cluster_4, cluster_5"
bz_9_cluster_5_1mer-bz_9_cluster_0_1mer,seed-8_sample-0,0,,,,bz_9,"cluster_0, cluster_5"
bz_9_cluster_5_1mer-bz_9_cluster_0_1mer,seed-10_sample-0,0,,,,bz_9,"cluster_0, cluster_5"
bz_9_cluster_5_1mer-bz_9_cluster_0_1mer,seed-9_sample-0,0,,,,bz_9,"cluster_0, cluster_5"
bz_9_cluster_5_1mer-bz_9_cluster_0_1mer,seed-4_sample-0,0,,,,bz_9,"cluster_0, cluster_5"
bz_9_cluster_5_1mer-bz_9_cluster_0_1mer,seed-2_sample-0,0,,,,bz_9,"cluster_0, cluster_5"
bz_9_cluster_5_1mer-bz_9_cluster_0_1mer,seed-5_sample-0,0,,,,bz_9,"cluster_0, cluster_5"
bz_9_cluster_5_1mer-bz_9_cluster_0_1mer,seed-6_sample-0,0,,,,bz_9,"cluster_0, cluster_5"
bz_9_cluster_5_1mer-bz_9_cluster_0_1mer,seed-3_sample-0,0,,,,bz_9,"cluster_0, cluster_5"
bz_9_cluster_5_1mer-bz_9_cluster_0_1mer,seed-1_sample-0,0,,,,bz_9,"cluster_0, cluster_5"
bz_9_cluster_5_1mer-bz_9_cluster_0_1mer,seed-7_sample-0,0,,,,bz_9,"cluster_0, cluster_5"
bz_9_cluster_5_1mer-bz_9_cluster_7_1mer,seed-8_sample-0,0,,,,bz_9,"cluster_5, cluster_7"
bz_9_cluster_5_1mer-bz_9_cluster_7_1mer,seed-10_sample-0,0,,,,bz_9,"cluster_5, cluster_7"
bz_9_cluster_5_1mer-bz_9_cluster_7_1mer,seed-9_sample-0,0,,,,bz_9,"cluster_5, cluster_7"
bz_9_cluster_5_1mer-bz_9_cluster_7_1mer,seed-4_sample-0,0,,,,bz_9,"cluster_5, cluster_7"
bz_9_cluster_5_1mer-bz_9_cluster_7_1mer,seed-2_sample-0,0,,,,bz_9,"cluster_5, cluster_7"
bz_9_cluster_5_1mer-bz_9_cluster_7_1mer,seed-5_sample-0,0,,,,bz_9,"cluster_5, cluster_7"
bz_9_cluster_5_1mer-bz_9_cluster_7_1mer,seed-6_sample-0,0,,,,bz_9,"cluster_5, cluster_7"
bz_9_cluster_5_1mer-bz_9_cluster_7_1mer,seed-3_sample-0,0,,,,bz_9,"cluster_5, cluster_7"
bz_9_cluster_5_1mer-bz_9_cluster_7_1mer,seed-1_sample-0,0,,,,bz_9,"cluster_5, cluster_7"
bz_9_cluster_5_1mer-bz_9_cluster_7_1mer,seed-7_sample-0,0,,,,bz_9,"cluster_5, cluster_7"
bz_9_cluster_5_1mer-bz_9_cluster_8_1mer,seed-8_sample-0,0,,,,bz_9,"cluster_5, cluster_8"
bz_9_cluster_5_1mer-bz_9_cluster_8_1mer,seed-10_sample-0,0,,,,bz_9,"cluster_5, cluster_8"
bz_9_cluster_5_1mer-bz_9_cluster_8_1mer,seed-9_sample-0,0,,,,bz_9,"cluster_5, cluster_8"
bz_9_cluster_5_1mer-bz_9_cluster_8_1mer,seed-4_sample-0,0,,,,bz_9,"cluster_5, cluster_8"
bz_9_cluster_5_1mer-bz_9_cluster_8_1mer,seed-2_sample-0,0,,,,bz_9,"cluster_5, cluster_8"
bz_9_cluster_5_1mer-bz_9_cluster_8_1mer,seed-5_sample-0,0,,,,bz_9,"cluster_5, cluster_8"
bz_9_cluster_5_1mer-bz_9_cluster_8_1mer,seed-6_sample-0,0,,,,bz_9,"cluster_5, cluster_8"
bz_9_cluster_5_1mer-bz_9_cluster_8_1mer,seed-3_sample-0,0,,,,bz_9,"cluster_5, cluster_8"
bz_9_cluster_5_1mer-bz_9_cluster_8_1mer,seed-1_sample-0,0,,,,bz_9,"cluster_5, cluster_8"
bz_9_cluster_5_1mer-bz_9_cluster_8_1mer,seed-7_sample-0,0,,,,bz_9,"cluster_5, cluster_8"
bz_9_cluster_4_1mer-bz_9_cluster_0_1mer,seed-8_sample-0,0,,,,bz_9,"cluster_0, cluster_4"
bz_9_cluster_4_1mer-bz_9_cluster_0_1mer,seed-10_sample-0,0,,,,bz_9,"cluster_0, cluster_4"
bz_9_cluster_4_1mer-bz_9_cluster_0_1mer,seed-9_sample-0,0,,,,bz_9,"cluster_0, cluster_4"
bz_9_cluster_4_1mer-bz_9_cluster_0_1mer,seed-4_sample-0,0,,,,bz_9,"cluster_0, cluster_4"
bz_9_cluster_4_1mer-bz_9_cluster_0_1mer,seed-2_sample-0,0,,,,bz_9,"cluster_0, cluster_4"
bz_9_cluster_4_1mer-bz_9_cluster_0_1mer,seed-5_sample-0,0,,,,bz_9,"cluster_0, cluster_4"
bz_9_cluster_4_1mer-bz_9_cluster_0_1mer,seed-6_sample-0,0,,,,bz_9,"cluster_0, cluster_4"
bz_9_cluster_4_1mer-bz_9_cluster_0_1mer,seed-3_sample-0,0,,,,bz_9,"cluster_0, cluster_4"
bz_9_cluster_4_1mer-bz_9_cluster_0_1mer,seed-1_sample-0,0,,,,bz_9,"cluster_0, cluster_4"
bz_9_cluster_4_1mer-bz_9_cluster_0_1mer,seed-7_sample-0,0,,,,bz_9,"cluster_0, cluster_4"
bz_9_cluster_4_1mer-bz_9_cluster_7_1mer,seed-8_sample-0,0,,,,bz_9,"cluster_4, cluster_7"
bz_9_cluster_4_1mer-bz_9_cluster_7_1mer,seed-10_sample-0,0,,,,bz_9,"cluster_4, cluster_7"
bz_9_cluster_4_1mer-bz_9_cluster_7_1mer,seed-9_sample-0,0,,,,bz_9,"cluster_4, cluster_7"
bz_9_cluster_4_1mer-bz_9_cluster_7_1mer,seed-4_sample-0,0,,,,bz_9,"cluster_4, cluster_7"
bz_9_cluster_4_1mer-bz_9_cluster_7_1mer,seed-2_sample-0,0,,,,bz_9,"cluster_4, cluster_7"
bz_9_cluster_4_1mer-bz_9_cluster_7_1mer,seed-5_sample-0,0,,,,bz_9,"cluster_4, cluster_7"
bz_9_cluster_4_1mer-bz_9_cluster_7_1mer,seed-6_sample-0,0,,,,bz_9,"cluster_4, cluster_7"
bz_9_cluster_4_1mer-bz_9_cluster_7_1mer,seed-3_sample-0,0,,,,bz_9,"cluster_4, cluster_7"
bz_9_cluster_4_1mer-bz_9_cluster_7_1mer,seed-1_sample-0,0,,,,bz_9,"cluster_4, cluster_7"
bz_9_cluster_4_1mer-bz_9_cluster_7_1mer,seed-7_sample-0,0,,,,bz_9,"cluster_4, cluster_7"
bz_9_cluster_4_1mer-bz_9_cluster_8_1mer,seed-8_sample-0,0,,,,bz_9,"cluster_4, cluster_8"
bz_9_cluster_4_1mer-bz_9_cluster_8_1mer,seed-10_sample-0,0,,,,bz_9,"cluster_4, cluster_8"
bz_9_cluster_4_1mer-bz_9_cluster_8_1mer,seed-9_sample-0,0,,,,bz_9,"cluster_4, cluster_8"
bz_9_cluster_4_1mer-bz_9_cluster_8_1mer,seed-4_sample-0,0,,,,bz_9,"cluster_4, cluster_8"
bz_9_cluster_4_1mer-bz_9_cluster_8_1mer,seed-2_sample-0,0,,,,bz_9,"cluster_4, cluster_8"
bz_9_cluster_4_1mer-bz_9_cluster_8_1mer,seed-5_sample-0,0,,,,bz_9,"cluster_4, cluster_8"
bz_9_cluster_4_1mer-bz_9_cluster_8_1mer,seed-6_sample-0,0,,,,bz_9,"cluster_4, cluster_8"
bz_9_cluster_4_1mer-bz_9_cluster_8_1mer,seed-3_sample-0,0,,,,bz_9,"cluster_4, cluster_8"
bz_9_cluster_4_1mer-bz_9_cluster_8_1mer,seed-1_sample-0,0,,,,bz_9,"cluster_4, cluster_8"
bz_9_cluster_4_1mer-bz_9_cluster_8_1mer,seed-7_sample-0,0,,,,bz_9,"cluster_4, cluster_8"
bz_9_cluster_0_1mer-bz_9_cluster_7_1mer,seed-8_sample-0,84,0.51,0.7957142857142856,"[0.51, 0.65, 0.79, 0.85, 0.86, 0.59, 0.87, 0.83, 0.8, 0.82, 0.85, 0.81, 0.88, 0.84, 0.55, 0.9, 0.84, 0.84, 0.83, 0.76, 0.79, 0.88, 0.86, 0.87, 0.81, 0.71, 0.87, 0.74, 0.78, 0.86, 0.58, 0.56, 0.86, 0.87, 0.86, 0.78, 0.75, 0.8, 0.91, 0.91, 0.85, 0.85, 0.65, 0.51, 0.79, 0.81, 0.88, 0.55, 0.91, 0.78, 0.56, 0.9, 0.59, 0.84, 0.85, 0.84, 0.76, 0.86, 0.87, 0.8, 0.79, 0.83, 0.82, 0.85, 0.71, 0.88, 0.87, 0.87, 0.86, 0.75, 0.83, 0.86, 0.81, 0.74, 0.58, 0.84, 0.8, 0.91, 0.85, 0.87, 0.85, 0.86, 0.86, 0.78]",bz_9,"cluster_0, cluster_7"
bz_9_cluster_0_1mer-bz_9_cluster_7_1mer,seed-10_sample-0,82,0.54,0.8082926829268293,"[0.64, 0.8, 0.85, 0.86, 0.62, 0.89, 0.84, 0.82, 0.81, 0.86, 0.8, 0.88, 0.85, 0.57, 0.91, 0.84, 0.84, 0.83, 0.76, 0.8, 0.88, 0.86, 0.88, 0.8, 0.71, 0.87, 0.75, 0.79, 0.86, 0.59, 0.54, 0.86, 0.87, 0.88, 0.81, 0.77, 0.81, 0.91, 0.91, 0.86, 0.86, 0.64, 0.8, 0.8, 0.88, 0.57, 0.91, 0.79, 0.54, 0.91, 0.62, 0.84, 0.85, 0.84, 0.76, 0.86, 0.89, 0.82, 0.8, 0.84, 0.81, 0.86, 0.71, 0.88, 0.88, 0.87, 0.86, 0.77, 0.83, 0.86, 0.8, 0.75, 0.59, 0.85, 0.81, 0.91, 0.86, 0.87, 0.86, 0.86, 0.88, 0.81]",bz_9,"cluster_0, cluster_7"
bz_9_cluster_0_1mer-bz_9_cluster_7_1mer,seed-9_sample-0,82,0.55,0.8058536585365853,"[0.63, 0.8, 0.85, 0.86, 0.63, 0.88, 0.83, 0.82, 0.81, 0.86, 0.81, 0.89, 0.85, 0.56, 0.91, 0.84, 0.84, 0.83, 0.74, 0.8, 0.88, 0.86, 0.87, 0.8, 0.71, 0.86, 0.74, 0.78, 0.86, 0.57, 0.55, 0.86, 0.87, 0.88, 0.8, 0.77, 0.8, 0.91, 0.91, 0.86, 0.86, 0.63, 0.8, 0.81, 0.89, 0.56, 0.91, 0.78, 0.55, 0.91, 0.63, 0.84, 0.85, 0.84, 0.74, 0.86, 0.88, 0.82, 0.8, 0.83, 0.81, 0.86, 0.71, 0.88, 0.87, 0.86, 0.86, 0.77, 0.83, 0.86, 0.8, 0.74, 0.57, 0.85, 0.8, 0.91, 0.86, 0.87, 0.86, 0.86, 0.88, 0.8]",bz_9,"cluster_0, cluster_7"
bz_9_cluster_0_1mer-bz_9_cluster_7_1mer,seed-4_sample-0,82,0.54,0.8053658536585365,"[0.64, 0.8, 0.85, 0.86, 0.62, 0.88, 0.83, 0.82, 0.82, 0.86, 0.8, 0.89, 0.85, 0.56, 0.9, 0.84, 0.84, 0.83, 0.75, 0.8, 0.88, 0.85, 0.87, 0.8, 0.71, 0.86, 0.74, 0.79, 0.86, 0.58, 0.54, 0.86, 0.87, 0.88, 0.8, 0.76, 0.8, 0.9, 0.91, 0.86, 0.86, 0.64, 0.8, 0.8, 0.89, 0.56, 0.9, 0.79, 0.54, 0.9, 0.62, 0.84, 0.85, 0.84, 0.75, 0.86, 0.88, 0.82, 0.8, 0.83, 0.82, 0.86, 0.71, 0.88, 0.87, 0.86, 0.86, 0.76, 0.83, 0.85, 0.8, 0.74, 0.58, 0.85, 0.8, 0.91, 0.86, 0.87, 0.86, 0.86, 0.88, 0.8]",bz_9,"cluster_0, cluster_7"
bz_9_cluster_0_1mer-bz_9_cluster_7_1mer,seed-2_sample-0,82,0.54,0.8080487804878048,"[0.63, 0.79, 0.85, 0.87, 0.61, 0.89, 0.84, 0.82, 0.82, 0.86, 0.81, 0.89, 0.85, 0.57, 0.91, 0.84, 0.83, 0.83, 0.75, 0.8, 0.89, 0.86, 0.88, 0.8, 0.71, 0.86, 0.76, 0.79, 0.87, 0.6, 0.54, 0.87, 0.87, 0.88, 0.8, 0.77, 0.79, 0.9, 0.91, 0.86, 0.86, 0.63, 0.79, 0.81, 0.89, 0.57, 0.9, 0.79, 0.54, 0.91, 0.61, 0.84, 0.85, 0.83, 0.75, 0.87, 0.89, 0.82, 0.8, 0.84, 0.82, 0.86, 0.71, 0.89, 0.88, 0.86, 0.87, 0.77, 0.83, 0.86, 0.8, 0.76, 0.6, 0.85, 0.79, 0.91, 0.86, 0.87, 0.86, 0.87, 0.88, 0.8]",bz_9,"cluster_0, cluster_7"
bz_9_cluster_0_1mer-bz_9_cluster_7_1mer,seed-5_sample-0,84,0.51,0.795,"[0.63, 0.79, 0.85, 0.86, 0.59, 0.88, 0.83, 0.81, 0.81, 0.85, 0.8, 0.51, 0.88, 0.84, 0.56, 0.9, 0.84, 0.84, 0.82, 0.75, 0.79, 0.88, 0.85, 0.87, 0.8, 0.7, 0.86, 0.75, 0.78, 0.86, 0.58, 0.56, 0.85, 0.87, 0.87, 0.79, 0.76, 0.8, 0.91, 0.91, 0.86, 0.85, 0.63, 0.79, 0.51, 0.8, 0.88, 0.56, 0.91, 0.78, 0.56, 0.9, 0.59, 0.84, 0.85, 0.84, 0.75, 0.86, 0.88, 0.81, 0.79, 0.83, 0.81, 0.85, 0.7, 0.88, 0.87, 0.86, 0.86, 0.76, 0.82, 0.85, 0.8, 0.75, 0.58, 0.84, 0.8, 0.91, 0.86, 0.87, 0.85, 0.85, 0.87, 0.79]",bz_9,"cluster_0, cluster_7"
bz_9_cluster_0_1mer-bz_9_cluster_7_1mer,seed-6_sample-0,70,0.51,0.742,"[0.62, 0.73, 0.83, 0.55, 0.68, 0.54, 0.62, 0.74, 0.84, 0.75, 0.84, 0.79, 0.67, 0.79, 0.76, 0.83, 0.78, 0.8, 0.8, 0.76, 0.84, 0.63, 0.75, 0.82, 0.58, 0.78, 0.82, 0.79, 0.72, 0.51, 0.72, 0.88, 0.87, 0.78, 0.76, 0.62, 0.73, 0.74, 0.84, 0.88, 0.75, 0.84, 0.79, 0.83, 0.55, 0.67, 0.76, 0.68, 0.54, 0.62, 0.76, 0.83, 0.8, 0.84, 0.82, 0.51, 0.79, 0.78, 0.8, 0.63, 0.58, 0.75, 0.72, 0.87, 0.78, 0.82, 0.76, 0.78, 0.79, 0.72]",bz_9,"cluster_0, cluster_7"
bz_9_cluster_0_1mer-bz_9_cluster_7_1mer,seed-3_sample-0,82,0.56,0.8129268292682926,"[0.63, 0.8, 0.86, 0.87, 0.62, 0.88, 0.84, 0.83, 0.83, 0.86, 0.82, 0.89, 0.85, 0.57, 0.91, 0.85, 0.85, 0.84, 0.77, 0.81, 0.89, 0.87, 0.88, 0.81, 0.72, 0.87, 0.76, 0.79, 0.87, 0.6, 0.56, 0.87, 0.87, 0.88, 0.8, 0.77, 0.8, 0.91, 0.91, 0.86, 0.86, 0.63, 0.8, 0.82, 0.89, 0.57, 0.91, 0.79, 0.56, 0.91, 0.62, 0.85, 0.86, 0.85, 0.77, 0.87, 0.88, 0.83, 0.81, 0.84, 0.83, 0.86, 0.72, 0.89, 0.88, 0.87, 0.87, 0.77, 0.84, 0.87, 0.81, 0.76, 0.6, 0.85, 0.8, 0.91, 0.86, 0.87, 0.86, 0.87, 0.88, 0.8]",bz_9,"cluster_0, cluster_7"
bz_9_cluster_0_1mer-bz_9_cluster_7_1mer,seed-1_sample-0,82,0.55,0.8129268292682926,"[0.63, 0.8, 0.86, 0.87, 0.62, 0.89, 0.84, 0.83, 0.83, 0.86, 0.81, 0.89, 0.86, 0.57, 0.9, 0.85, 0.85, 0.84, 0.76, 0.81, 0.89, 0.86, 0.88, 0.8, 0.71, 0.86, 0.76, 0.8, 0.87, 0.6, 0.55, 0.87, 0.88, 0.89, 0.8, 0.77, 0.81, 0.91, 0.92, 0.87, 0.86, 0.63, 0.8, 0.81, 0.89, 0.57, 0.91, 0.8, 0.55, 0.9, 0.62, 0.85, 0.86, 0.85, 0.76, 0.87, 0.89, 0.83, 0.81, 0.84, 0.83, 0.86, 0.71, 0.89, 0.88, 0.86, 0.87, 0.77, 0.84, 0.86, 0.8, 0.76, 0.6, 0.86, 0.81, 0.92, 0.87, 0.88, 0.86, 0.87, 0.89, 0.8]",bz_9,"cluster_0, cluster_7"
bz_9_cluster_0_1mer-bz_9_cluster_7_1mer,seed-7_sample-0,82,0.56,0.7963414634146343,"[0.63, 0.79, 0.84, 0.84, 0.58, 0.86, 0.83, 0.79, 0.81, 0.84, 0.8, 0.88, 0.84, 0.56, 0.9, 0.83, 0.82, 0.83, 0.74, 0.79, 0.88, 0.85, 0.87, 0.8, 0.7, 0.85, 0.74, 0.78, 0.86, 0.58, 0.56, 0.85, 0.86, 0.86, 0.78, 0.74, 0.79, 0.9, 0.9, 0.85, 0.85, 0.63, 0.79, 0.8, 0.88, 0.56, 0.9, 0.78, 0.56, 0.9, 0.58, 0.83, 0.84, 0.82, 0.74, 0.84, 0.86, 0.79, 0.79, 0.83, 0.81, 0.84, 0.7, 0.88, 0.87, 0.85, 0.86, 0.74, 0.83, 0.85, 0.8, 0.74, 0.58, 0.84, 0.79, 0.9, 0.85, 0.86, 0.85, 0.85, 0.86, 0.78]",bz_9,"cluster_0, cluster_7"
bz_9_cluster_0_1mer-bz_9_cluster_8_1mer,seed-8_sample-0,0,,,,bz_9,"cluster_0, cluster_8"
bz_9_cluster_0_1mer-bz_9_cluster_8_1mer,seed-10_sample-0,0,,,,bz_9,"cluster_0, cluster_8"
bz_9_cluster_0_1mer-bz_9_cluster_8_1mer,seed-9_sample-0,0,,,,bz_9,"cluster_0, cluster_8"
bz_9_cluster_0_1mer-bz_9_cluster_8_1mer,seed-4_sample-0,0,,,,bz_9,"cluster_0, cluster_8"
bz_9_cluster_0_1mer-bz_9_cluster_8_1mer,seed-2_sample-0,0,,,,bz_9,"cluster_0, cluster_8"
bz_9_cluster_0_1mer-bz_9_cluster_8_1mer,seed-5_sample-0,0,,,,bz_9,"cluster_0, cluster_8"
bz_9_cluster_0_1mer-bz_9_cluster_8_1mer,seed-6_sample-0,0,,,,bz_9,"cluster_0, cluster_8"
bz_9_cluster_0_1mer-bz_9_cluster_8_1mer,seed-3_sample-0,0,,,,bz_9,"cluster_0, cluster_8"
bz_9_cluster_0_1mer-bz_9_cluster_8_1mer,seed-1_sample-0,0,,,,bz_9,"cluster_0, cluster_8"
bz_9_cluster_0_1mer-bz_9_cluster_8_1mer,seed-7_sample-0,0,,,,bz_9,"cluster_0, cluster_8"
bz_9_cluster_7_1mer-bz_9_cluster_8_1mer,seed-8_sample-0,0,,,,bz_9,"cluster_7, cluster_8"
bz_9_cluster_7_1mer-bz_9_cluster_8_1mer,seed-10_sample-0,0,,,,bz_9,"cluster_7, cluster_8"
bz_9_cluster_7_1mer-bz_9_cluster_8_1mer,seed-9_sample-0,0,,,,bz_9,"cluster_7, cluster_8"
bz_9_cluster_7_1mer-bz_9_cluster_8_1mer,seed-4_sample-0,0,,,,bz_9,"cluster_7, cluster_8"
bz_9_cluster_7_1mer-bz_9_cluster_8_1mer,seed-2_sample-0,0,,,,bz_9,"cluster_7, cluster_8"
bz_9_cluster_7_1mer-bz_9_cluster_8_1mer,seed-5_sample-0,0,,,,bz_9,"cluster_7, cluster_8"
bz_9_cluster_7_1mer-bz_9_cluster_8_1mer,seed-6_sample-0,0,,,,bz_9,"cluster_7, cluster_8"
bz_9_cluster_7_1mer-bz_9_cluster_8_1mer,seed-3_sample-0,0,,,,bz_9,"cluster_7, cluster_8"
bz_9_cluster_7_1mer-bz_9_cluster_8_1mer,seed-1_sample-0,0,,,,bz_9,"cluster_7, cluster_8"
bz_9_cluster_7_1mer-bz_9_cluster_8_1mer,seed-7_sample-0,0,,,,bz_9,"cluster_7, cluster_8"
bz_9_cluster_2_1mer-bz_9_cluster_2_1mer,seed-8_sample-0,0,,,,bz_9,"cluster_2, cluster_2"
bz_9_cluster_2_1mer-bz_9_cluster_2_1mer,seed-10_sample-0,0,,,,bz_9,"cluster_2, cluster_2"
bz_9_cluster_2_1mer-bz_9_cluster_2_1mer,seed-9_sample-0,0,,,,bz_9,"cluster_2, cluster_2"
bz_9_cluster_2_1mer-bz_9_cluster_2_1mer,seed-4_sample-0,0,,,,bz_9,"cluster_2, cluster_2"
bz_9_cluster_2_1mer-bz_9_cluster_2_1mer,seed-2_sample-0,0,,,,bz_9,"cluster_2, cluster_2"
bz_9_cluster_2_1mer-bz_9_cluster_2_1mer,seed-5_sample-0,0,,,,bz_9,"cluster_2, cluster_2"
bz_9_cluster_2_1mer-bz_9_cluster_2_1mer,seed-6_sample-0,0,,,,bz_9,"cluster_2, cluster_2"
bz_9_cluster_2_1mer-bz_9_cluster_2_1mer,seed-3_sample-0,0,,,,bz_9,"cluster_2, cluster_2"
bz_9_cluster_2_1mer-bz_9_cluster_2_1mer,seed-1_sample-0,0,,,,bz_9,"cluster_2, cluster_2"
bz_9_cluster_2_1mer-bz_9_cluster_2_1mer,seed-7_sample-0,0,,,,bz_9,"cluster_2, cluster_2"
bz_9_cluster_3_1mer-bz_9_cluster_3_1mer,seed-8_sample-0,0,,,,bz_9,"cluster_3, cluster_3"
bz_9_cluster_3_1mer-bz_9_cluster_3_1mer,seed-10_sample-0,0,,,,bz_9,"cluster_3, cluster_3"
bz_9_cluster_3_1mer-bz_9_cluster_3_1mer,seed-9_sample-0,0,,,,bz_9,"cluster_3, cluster_3"
bz_9_cluster_3_1mer-bz_9_cluster_3_1mer,seed-4_sample-0,0,,,,bz_9,"cluster_3, cluster_3"
bz_9_cluster_3_1mer-bz_9_cluster_3_1mer,seed-2_sample-0,0,,,,bz_9,"cluster_3, cluster_3"
bz_9_cluster_3_1mer-bz_9_cluster_3_1mer,seed-5_sample-0,0,,,,bz_9,"cluster_3, cluster_3"
bz_9_cluster_3_1mer-bz_9_cluster_3_1mer,seed-6_sample-0,0,,,,bz_9,"cluster_3, cluster_3"
bz_9_cluster_3_1mer-bz_9_cluster_3_1mer,seed-3_sample-0,0,,,,bz_9,"cluster_3, cluster_3"
bz_9_cluster_3_1mer-bz_9_cluster_3_1mer,seed-1_sample-0,0,,,,bz_9,"cluster_3, cluster_3"
bz_9_cluster_3_1mer-bz_9_cluster_3_1mer,seed-7_sample-0,0,,,,bz_9,"cluster_3, cluster_3"
bz_9_cluster_1_1mer-bz_9_cluster_1_1mer,seed-8_sample-0,102,0.51,0.5703921568627451,"[0.53, 0.52, 0.55, 0.53, 0.61, 0.52, 0.56, 0.56, 0.61, 0.52, 0.55, 0.56, 0.53, 0.56, 0.51, 0.54, 0.65, 0.57, 0.54, 0.52, 0.66, 0.6, 0.74, 0.56, 0.61, 0.64, 0.63, 0.58, 0.62, 0.51, 0.54, 0.59, 0.52, 0.59, 0.52, 0.53, 0.55, 0.57, 0.53, 0.57, 0.58, 0.65, 0.62, 0.56, 0.58, 0.55, 0.55, 0.62, 0.53, 0.59, 0.56, 0.53, 0.61, 0.52, 0.59, 0.52, 0.52, 0.63, 0.59, 0.58, 0.54, 0.6, 0.62, 0.52, 0.56, 0.56, 0.54, 0.74, 0.64, 0.51, 0.56, 0.61, 0.55, 0.56, 0.65, 0.61, 0.57, 0.52, 0.66, 0.53, 0.54, 0.56, 0.53, 0.57, 0.65, 0.58, 0.51, 0.55, 0.58, 0.62, 0.57, 0.53, 0.55, 0.56, 0.55, 0.52, 0.62, 0.53, 0.59, 0.53, 0.55, 0.56]",bz_9,"cluster_1, cluster_1"
bz_9_cluster_1_1mer-bz_9_cluster_1_1mer,seed-10_sample-0,0,,,,bz_9,"cluster_1, cluster_1"
bz_9_cluster_1_1mer-bz_9_cluster_1_1mer,seed-9_sample-0,104,0.51,0.571346153846154,"[0.53, 0.55, 0.51, 0.53, 0.61, 0.53, 0.58, 0.56, 0.62, 0.51, 0.56, 0.56, 0.55, 0.57, 0.52, 0.54, 0.65, 0.56, 0.54, 0.52, 0.66, 0.59, 0.73, 0.57, 0.61, 0.63, 0.64, 0.59, 0.62, 0.51, 0.53, 0.6, 0.53, 0.59, 0.51, 0.53, 0.53, 0.56, 0.57, 0.53, 0.58, 0.58, 0.65, 0.62, 0.55, 0.58, 0.55, 0.55, 0.63, 0.54, 0.59, 0.56, 0.53, 0.61, 0.51, 0.6, 0.51, 0.53, 0.53, 0.64, 0.59, 0.59, 0.53, 0.59, 0.62, 0.53, 0.56, 0.58, 0.54, 0.73, 0.63, 0.51, 0.57, 0.62, 0.56, 0.56, 0.65, 0.61, 0.56, 0.52, 0.66, 0.55, 0.54, 0.57, 0.53, 0.58, 0.65, 0.58, 0.52, 0.56, 0.58, 0.62, 0.57, 0.53, 0.55, 0.55, 0.55, 0.51, 0.63, 0.54, 0.59, 0.53, 0.55, 0.56]",bz_9,"cluster_1, cluster_1"
bz_9_cluster_1_1mer-bz_9_cluster_1_1mer,seed-4_sample-0,26,0.52,0.5484615384615386,"[0.53, 0.52, 0.55, 0.55, 0.61, 0.55, 0.55, 0.54, 0.55, 0.54, 0.53, 0.57, 0.54, 0.53, 0.55, 0.54, 0.55, 0.61, 0.55, 0.52, 0.55, 0.55, 0.54, 0.53, 0.57, 0.54]",bz_9,"cluster_1, cluster_1"
bz_9_cluster_1_1mer-bz_9_cluster_1_1mer,seed-2_sample-0,4,0.52,0.54,"[0.56, 0.52, 0.56, 0.52]",bz_9,"cluster_1, cluster_1"
bz_9_cluster_1_1mer-bz_9_cluster_1_1mer,seed-5_sample-0,102,0.51,0.57,"[0.53, 0.55, 0.51, 0.52, 0.61, 0.52, 0.58, 0.56, 0.62, 0.51, 0.55, 0.56, 0.54, 0.57, 0.51, 0.53, 0.65, 0.56, 0.54, 0.52, 0.65, 0.59, 0.72, 0.56, 0.61, 0.63, 0.63, 0.57, 0.62, 0.54, 0.59, 0.52, 0.58, 0.51, 0.52, 0.53, 0.56, 0.57, 0.53, 0.58, 0.58, 0.65, 0.62, 0.56, 0.58, 0.56, 0.55, 0.63, 0.53, 0.59, 0.57, 0.52, 0.61, 0.51, 0.59, 0.51, 0.52, 0.52, 0.63, 0.58, 0.57, 0.54, 0.59, 0.62, 0.52, 0.56, 0.58, 0.53, 0.72, 0.63, 0.56, 0.62, 0.55, 0.56, 0.65, 0.61, 0.56, 0.52, 0.65, 0.54, 0.54, 0.57, 0.53, 0.58, 0.65, 0.58, 0.51, 0.56, 0.58, 0.62, 0.57, 0.53, 0.56, 0.56, 0.55, 0.51, 0.63, 0.53, 0.59, 0.53, 0.55, 0.57]",bz_9,"cluster_1, cluster_1"
bz_9_cluster_1_1mer-bz_9_cluster_1_1mer,seed-6_sample-0,0,,,,bz_9,"cluster_1, cluster_1"
bz_9_cluster_1_1mer-bz_9_cluster_1_1mer,seed-3_sample-0,10,0.51,0.53,"[0.57, 0.52, 0.51, 0.51, 0.54, 0.57, 0.52, 0.51, 0.51, 0.54]",bz_9,"cluster_1, cluster_1"
bz_9_cluster_1_1mer-bz_9_cluster_1_1mer,seed-1_sample-0,100,0.51,0.5712,"[0.53, 0.51, 0.55, 0.52, 0.61, 0.51, 0.58, 0.55, 0.62, 0.51, 0.55, 0.57, 0.53, 0.57, 0.51, 0.53, 0.65, 0.57, 0.54, 0.51, 0.66, 0.59, 0.72, 0.57, 0.61, 0.63, 0.64, 0.57, 0.62, 0.53, 0.59, 0.52, 0.59, 0.53, 0.53, 0.55, 0.57, 0.53, 0.57, 0.58, 0.65, 0.63, 0.56, 0.58, 0.55, 0.55, 0.63, 0.53, 0.59, 0.57, 0.52, 0.61, 0.51, 0.59, 0.52, 0.53, 0.64, 0.59, 0.57, 0.53, 0.59, 0.62, 0.51, 0.55, 0.58, 0.53, 0.72, 0.63, 0.57, 0.62, 0.55, 0.57, 0.65, 0.61, 0.57, 0.51, 0.66, 0.53, 0.54, 0.57, 0.53, 0.57, 0.65, 0.58, 0.51, 0.55, 0.58, 0.63, 0.57, 0.53, 0.55, 0.56, 0.55, 0.51, 0.63, 0.53, 0.59, 0.53, 0.55, 0.57]",bz_9,"cluster_1, cluster_1"
bz_9_cluster_1_1mer-bz_9_cluster_1_1mer,seed-7_sample-0,102,0.51,0.5676470588235295,"[0.51, 0.53, 0.52, 0.54, 0.54, 0.51, 0.61, 0.52, 0.56, 0.56, 0.61, 0.52, 0.55, 0.56, 0.54, 0.56, 0.53, 0.66, 0.56, 0.53, 0.51, 0.65, 0.58, 0.73, 0.56, 0.6, 0.63, 0.64, 0.57, 0.61, 0.54, 0.59, 0.52, 0.59, 0.52, 0.53, 0.55, 0.56, 0.53, 0.56, 0.58, 0.64, 0.62, 0.55, 0.57, 0.55, 0.55, 0.62, 0.53, 0.59, 0.56, 0.51, 0.54, 0.51, 0.61, 0.52, 0.59, 0.52, 0.52, 0.64, 0.59, 0.57, 0.54, 0.58, 0.61, 0.52, 0.56, 0.56, 0.53, 0.73, 0.63, 0.56, 0.61, 0.55, 0.56, 0.66, 0.6, 0.56, 0.51, 0.65, 0.54, 0.53, 0.56, 0.53, 0.56, 0.64, 0.57, 0.55, 0.58, 0.62, 0.56, 0.53, 0.55, 0.55, 0.55, 0.52, 0.62, 0.53, 0.59, 0.53, 0.54, 0.56]",bz_9,"cluster_1, cluster_1"
bz_9_cluster_6_1mer-bz_9_cluster_6_1mer,seed-8_sample-0,232,0.51,0.8225,"[0.53, 0.93, 0.92, 0.67, 0.96, 0.95, 0.92, 0.97, 0.97, 0.96, 0.98, 0.51, 0.97, 0.98, 0.95, 0.98, 0.97, 0.97, 0.93, 0.98, 0.97, 0.95, 0.97, 0.83, 0.8, 0.69, 0.59, 0.58, 0.61, 0.77, 0.75, 0.72, 0.63, 0.81, 0.75, 0.85, 0.81, 0.66, 0.71, 0.67, 0.93, 0.96, 0.97, 0.96, 0.98, 0.97, 0.98, 0.96, 0.98, 0.93, 0.96, 0.97, 0.97, 0.98, 0.97, 0.97, 0.81, 0.84, 0.97, 0.65, 0.75, 0.67, 0.87, 0.86, 0.62, 0.77, 0.53, 0.83, 0.82, 0.78, 0.88, 0.76, 0.83, 0.91, 0.86, 0.92, 0.94, 0.66, 0.83, 0.84, 0.91, 0.62, 0.9, 0.89, 0.91, 0.85, 0.84, 0.9, 0.89, 0.89, 0.75, 0.66, 0.86, 0.86, 0.53, 0.88, 0.62, 0.77, 0.84, 0.76, 0.82, 0.81, 0.73, 0.77, 0.85, 0.71, 0.78, 0.81, 0.6, 0.6, 0.76, 0.69, 0.58, 0.72, 0.63, 0.66, 0.53, 0.93, 0.92, 0.67, 0.96, 0.94, 0.91, 0.97, 0.97, 0.96, 0.98, 0.97, 0.98, 0.96, 0.98, 0.97, 0.97, 0.93, 0.98, 0.97, 0.96, 0.97, 0.84, 0.81, 0.69, 0.6, 0.58, 0.6, 0.77, 0.76, 0.72, 0.63, 0.81, 0.73, 0.85, 0.81, 0.66, 0.71, 0.67, 0.93, 0.96, 0.97, 0.96, 0.98, 0.97, 0.98, 0.95, 0.51, 0.98, 0.93, 0.95, 0.97, 0.97, 0.98, 0.97, 0.97, 0.8, 0.83, 0.97, 0.66, 0.75, 0.66, 0.86, 0.86, 0.62, 0.77, 0.53, 0.84, 0.82, 0.78, 0.88, 0.76, 0.83, 0.91, 0.85, 0.92, 0.95, 0.65, 0.83, 0.84, 0.92, 0.62, 0.9, 0.89, 0.91, 0.86, 0.84, 0.9, 0.89, 0.89, 0.75, 0.67, 0.87, 0.86, 0.53, 0.88, 0.62, 0.77, 0.83, 0.76, 0.82, 0.81, 0.75, 0.77, 0.85, 0.71, 0.78, 0.81, 0.59, 0.61, 0.75, 0.69, 0.58, 0.72, 0.63, 0.66]",bz_9,"cluster_6, cluster_6"
bz_9_cluster_6_1mer-bz_9_cluster_6_1mer,seed-10_sample-0,252,0.52,0.8652380952380953,"[0.95, 0.95, 0.87, 0.98, 0.97, 0.95, 0.98, 0.98, 0.97, 0.99, 0.98, 0.98, 0.97, 0.99, 0.98, 0.98, 0.94, 0.99, 0.98, 0.97, 0.98, 0.9, 0.91, 0.8, 0.71, 0.88, 0.87, 0.88, 0.78, 0.9, 0.89, 0.92, 0.9, 0.63, 0.87, 0.83, 0.53, 0.88, 0.95, 0.98, 0.98, 0.97, 0.98, 0.98, 0.99, 0.97, 0.99, 0.94, 0.97, 0.98, 0.98, 0.99, 0.98, 0.98, 0.91, 0.9, 0.98, 0.76, 0.83, 0.55, 0.74, 0.54, 0.68, 0.53, 0.93, 0.91, 0.79, 0.7, 0.82, 0.85, 0.89, 0.86, 0.9, 0.85, 0.93, 0.52, 0.92, 0.94, 0.92, 0.95, 0.97, 0.76, 0.84, 0.91, 0.87, 0.95, 0.78, 0.94, 0.93, 0.56, 0.94, 0.92, 0.87, 0.94, 0.93, 0.93, 0.74, 0.68, 0.93, 0.9, 0.71, 0.93, 0.79, 0.82, 0.86, 0.52, 0.89, 0.54, 0.87, 0.87, 0.89, 0.87, 0.53, 0.9, 0.88, 0.8, 0.78, 0.92, 0.82, 0.54, 0.85, 0.72, 0.88, 0.91, 0.9, 0.62, 0.95, 0.95, 0.88, 0.98, 0.97, 0.95, 0.98, 0.98, 0.97, 0.99, 0.98, 0.98, 0.97, 0.99, 0.98, 0.98, 0.94, 0.99, 0.98, 0.97, 0.98, 0.9, 0.91, 0.8, 0.72, 0.88, 0.87, 0.88, 0.78, 0.91, 0.89, 0.92, 0.9, 0.62, 0.87, 0.82, 0.54, 0.87, 0.95, 0.98, 0.98, 0.97, 0.98, 0.98, 0.99, 0.97, 0.99, 0.94, 0.97, 0.98, 0.98, 0.99, 0.98, 0.98, 0.91, 0.9, 0.98, 0.76, 0.84, 0.56, 0.74, 0.53, 0.68, 0.54, 0.93, 0.9, 0.79, 0.71, 0.82, 0.86, 0.89, 0.87, 0.9, 0.85, 0.93, 0.52, 0.91, 0.94, 0.92, 0.95, 0.97, 0.76, 0.83, 0.92, 0.87, 0.95, 0.78, 0.94, 0.93, 0.55, 0.94, 0.92, 0.87, 0.94, 0.93, 0.93, 0.74, 0.68, 0.93, 0.91, 0.7, 0.93, 0.79, 0.82, 0.85, 0.52, 0.89, 0.53, 0.86, 0.87, 0.89, 0.87, 0.54, 0.9, 0.88, 0.8, 0.78, 0.92, 0.83, 0.53, 0.85, 0.71, 0.88, 0.9, 0.9, 0.63]",bz_9,"cluster_6, cluster_6"
bz_9_cluster_6_1mer-bz_9_cluster_6_1mer,seed-9_sample-0,248,0.53,0.872258064516129,"[0.95, 0.96, 0.89, 0.98, 0.97, 0.95, 0.98, 0.98, 0.97, 0.99, 0.98, 0.98, 0.96, 0.99, 0.98, 0.98, 0.94, 0.98, 0.98, 0.98, 0.98, 0.91, 0.94, 0.8, 0.71, 0.88, 0.87, 0.88, 0.79, 0.9, 0.89, 0.92, 0.89, 0.62, 0.87, 0.82, 0.53, 0.89, 0.95, 0.98, 0.98, 0.97, 0.98, 0.98, 0.99, 0.96, 0.99, 0.94, 0.98, 0.98, 0.98, 0.98, 0.98, 0.98, 0.94, 0.91, 0.98, 0.8, 0.84, 0.54, 0.75, 0.54, 0.71, 0.94, 0.91, 0.78, 0.69, 0.79, 0.84, 0.88, 0.86, 0.9, 0.85, 0.92, 0.53, 0.92, 0.95, 0.93, 0.95, 0.97, 0.8, 0.84, 0.91, 0.88, 0.95, 0.79, 0.94, 0.94, 0.55, 0.95, 0.92, 0.88, 0.94, 0.93, 0.93, 0.75, 0.71, 0.93, 0.9, 0.7, 0.92, 0.78, 0.8, 0.85, 0.53, 0.89, 0.86, 0.87, 0.89, 0.87, 0.54, 0.9, 0.88, 0.81, 0.79, 0.92, 0.82, 0.54, 0.85, 0.72, 0.88, 0.9, 0.9, 0.63, 0.95, 0.95, 0.89, 0.98, 0.97, 0.95, 0.98, 0.98, 0.97, 0.99, 0.98, 0.98, 0.96, 0.99, 0.98, 0.98, 0.94, 0.98, 0.98, 0.98, 0.98, 0.91, 0.94, 0.81, 0.72, 0.88, 0.87, 0.88, 0.79, 0.9, 0.89, 0.92, 0.9, 0.63, 0.87, 0.82, 0.54, 0.89, 0.95, 0.98, 0.98, 0.97, 0.98, 0.98, 0.99, 0.96, 0.99, 0.94, 0.98, 0.98, 0.98, 0.98, 0.98, 0.98, 0.94, 0.91, 0.98, 0.8, 0.84, 0.55, 0.75, 0.54, 0.71, 0.93, 0.9, 0.78, 0.7, 0.8, 0.85, 0.89, 0.86, 0.9, 0.85, 0.92, 0.53, 0.91, 0.95, 0.92, 0.96, 0.97, 0.8, 0.84, 0.92, 0.88, 0.95, 0.79, 0.94, 0.93, 0.54, 0.95, 0.93, 0.88, 0.94, 0.93, 0.94, 0.75, 0.71, 0.94, 0.91, 0.69, 0.92, 0.78, 0.79, 0.84, 0.53, 0.88, 0.86, 0.87, 0.89, 0.87, 0.54, 0.9, 0.88, 0.8, 0.79, 0.92, 0.82, 0.53, 0.85, 0.71, 0.88, 0.9, 0.89, 0.62]",bz_9,"cluster_6, cluster_6"
bz_9_cluster_6_1mer-bz_9_cluster_6_1mer,seed-4_sample-0,252,0.52,0.8699999999999999,"[0.95, 0.95, 0.89, 0.98, 0.97, 0.95, 0.98, 0.98, 0.98, 0.99, 0.98, 0.98, 0.97, 0.99, 0.98, 0.98, 0.94, 0.99, 0.98, 0.98, 0.98, 0.91, 0.94, 0.81, 0.71, 0.88, 0.88, 0.88, 0.79, 0.91, 0.9, 0.92, 0.91, 0.62, 0.88, 0.83, 0.54, 0.89, 0.95, 0.98, 0.98, 0.97, 0.98, 0.98, 0.99, 0.97, 0.99, 0.94, 0.98, 0.98, 0.98, 0.99, 0.98, 0.98, 0.94, 0.91, 0.98, 0.79, 0.85, 0.56, 0.74, 0.52, 0.69, 0.52, 0.93, 0.91, 0.79, 0.72, 0.83, 0.86, 0.89, 0.87, 0.9, 0.86, 0.93, 0.52, 0.92, 0.95, 0.92, 0.96, 0.97, 0.79, 0.85, 0.92, 0.88, 0.95, 0.79, 0.94, 0.93, 0.55, 0.95, 0.92, 0.88, 0.94, 0.93, 0.93, 0.75, 0.69, 0.93, 0.91, 0.71, 0.93, 0.79, 0.83, 0.87, 0.53, 0.9, 0.52, 0.88, 0.88, 0.9, 0.88, 0.52, 0.91, 0.89, 0.82, 0.8, 0.92, 0.83, 0.54, 0.86, 0.72, 0.89, 0.91, 0.91, 0.63, 0.95, 0.96, 0.89, 0.98, 0.97, 0.95, 0.98, 0.98, 0.97, 0.99, 0.98, 0.98, 0.97, 0.99, 0.98, 0.98, 0.94, 0.99, 0.98, 0.98, 0.98, 0.91, 0.94, 0.82, 0.72, 0.89, 0.88, 0.89, 0.8, 0.91, 0.9, 0.92, 0.91, 0.63, 0.88, 0.83, 0.54, 0.89, 0.95, 0.98, 0.98, 0.98, 0.98, 0.98, 0.99, 0.97, 0.99, 0.94, 0.98, 0.98, 0.98, 0.99, 0.98, 0.98, 0.94, 0.91, 0.98, 0.79, 0.85, 0.55, 0.75, 0.52, 0.69, 0.52, 0.93, 0.91, 0.79, 0.71, 0.83, 0.87, 0.9, 0.88, 0.91, 0.86, 0.93, 0.53, 0.92, 0.95, 0.92, 0.95, 0.97, 0.79, 0.85, 0.92, 0.88, 0.95, 0.79, 0.94, 0.93, 0.56, 0.95, 0.92, 0.88, 0.94, 0.93, 0.93, 0.74, 0.69, 0.93, 0.91, 0.72, 0.93, 0.79, 0.83, 0.86, 0.52, 0.89, 0.52, 0.87, 0.88, 0.9, 0.88, 0.52, 0.9, 0.88, 0.81, 0.79, 0.92, 0.83, 0.54, 0.86, 0.71, 0.88, 0.91, 0.91, 0.62]",bz_9,"cluster_6, cluster_6"
bz_9_cluster_6_1mer-bz_9_cluster_6_1mer,seed-2_sample-0,240,0.52,0.8835833333333334,"[0.95, 0.95, 0.87, 0.98, 0.97, 0.95, 0.98, 0.98, 0.97, 0.99, 0.98, 0.98, 0.97, 0.99, 0.98, 0.98, 0.94, 0.99, 0.98, 0.98, 0.98, 0.91, 0.94, 0.81, 0.73, 0.88, 0.89, 0.89, 0.8, 0.9, 0.9, 0.91, 0.9, 0.61, 0.88, 0.83, 0.87, 0.95, 0.97, 0.98, 0.97, 0.98, 0.98, 0.99, 0.96, 0.99, 0.94, 0.98, 0.98, 0.98, 0.99, 0.98, 0.98, 0.94, 0.91, 0.98, 0.81, 0.8, 0.73, 0.54, 0.7, 0.93, 0.91, 0.61, 0.75, 0.59, 0.89, 0.9, 0.87, 0.9, 0.85, 0.94, 0.78, 0.92, 0.95, 0.92, 0.95, 0.97, 0.8, 0.8, 0.91, 0.88, 0.95, 0.76, 0.94, 0.94, 0.95, 0.92, 0.88, 0.94, 0.93, 0.94, 0.73, 0.7, 0.93, 0.91, 0.6, 0.94, 0.61, 0.75, 0.89, 0.78, 0.91, 0.88, 0.89, 0.9, 0.88, 0.52, 0.9, 0.88, 0.81, 0.8, 0.91, 0.83, 0.85, 0.74, 0.89, 0.91, 0.9, 0.62, 0.95, 0.95, 0.87, 0.97, 0.97, 0.95, 0.98, 0.98, 0.97, 0.99, 0.98, 0.98, 0.96, 0.99, 0.98, 0.98, 0.94, 0.99, 0.98, 0.98, 0.98, 0.91, 0.94, 0.81, 0.74, 0.89, 0.89, 0.88, 0.8, 0.91, 0.9, 0.91, 0.9, 0.62, 0.88, 0.83, 0.87, 0.95, 0.98, 0.98, 0.97, 0.98, 0.98, 0.99, 0.97, 0.99, 0.94, 0.98, 0.98, 0.98, 0.99, 0.98, 0.98, 0.94, 0.91, 0.98, 0.8, 0.8, 0.73, 0.52, 0.7, 0.93, 0.91, 0.61, 0.75, 0.6, 0.89, 0.91, 0.88, 0.9, 0.85, 0.94, 0.78, 0.91, 0.95, 0.92, 0.95, 0.97, 0.81, 0.8, 0.92, 0.88, 0.95, 0.76, 0.94, 0.94, 0.95, 0.92, 0.88, 0.94, 0.93, 0.94, 0.73, 0.7, 0.93, 0.91, 0.59, 0.94, 0.61, 0.75, 0.89, 0.78, 0.9, 0.87, 0.89, 0.9, 0.88, 0.54, 0.9, 0.89, 0.81, 0.8, 0.91, 0.83, 0.85, 0.73, 0.88, 0.9, 0.9, 0.61]",bz_9,"cluster_6, cluster_6"
bz_9_cluster_6_1mer-bz_9_cluster_6_1mer,seed-5_sample-0,248,0.53,0.8727419354838709,"[0.95, 0.96, 0.89, 0.98, 0.97, 0.95, 0.98, 0.98, 0.97, 0.99, 0.98, 0.98, 0.97, 0.99, 0.98, 0.98, 0.94, 0.99, 0.98, 0.98, 0.98, 0.91, 0.94, 0.8, 0.71, 0.88, 0.88, 0.87, 0.79, 0.9, 0.89, 0.92, 0.9, 0.63, 0.87, 0.82, 0.53, 0.89, 0.95, 0.98, 0.98, 0.97, 0.98, 0.98, 0.99, 0.97, 0.99, 0.94, 0.98, 0.98, 0.98, 0.98, 0.98, 0.98, 0.94, 0.91, 0.98, 0.8, 0.84, 0.53, 0.75, 0.55, 0.71, 0.94, 0.91, 0.78, 0.69, 0.8, 0.84, 0.88, 0.85, 0.89, 0.85, 0.93, 0.54, 0.92, 0.95, 0.93, 0.96, 0.97, 0.79, 0.84, 0.92, 0.88, 0.95, 0.8, 0.94, 0.93, 0.54, 0.95, 0.92, 0.88, 0.94, 0.93, 0.93, 0.75, 0.71, 0.94, 0.91, 0.69, 0.92, 0.79, 0.8, 0.84, 0.55, 0.88, 0.86, 0.87, 0.89, 0.87, 0.54, 0.89, 0.88, 0.81, 0.8, 0.91, 0.82, 0.54, 0.85, 0.71, 0.88, 0.9, 0.9, 0.63, 0.95, 0.96, 0.89, 0.98, 0.97, 0.95, 0.98, 0.98, 0.97, 0.99, 0.98, 0.98, 0.97, 0.99, 0.98, 0.98, 0.94, 0.98, 0.98, 0.98, 0.98, 0.91, 0.94, 0.81, 0.71, 0.88, 0.87, 0.88, 0.8, 0.9, 0.89, 0.91, 0.9, 0.63, 0.87, 0.82, 0.54, 0.89, 0.95, 0.98, 0.98, 0.97, 0.98, 0.98, 0.99, 0.97, 0.99, 0.94, 0.98, 0.98, 0.98, 0.99, 0.98, 0.98, 0.94, 0.91, 0.98, 0.79, 0.84, 0.54, 0.75, 0.54, 0.71, 0.94, 0.91, 0.79, 0.69, 0.8, 0.84, 0.88, 0.86, 0.89, 0.85, 0.92, 0.55, 0.92, 0.95, 0.92, 0.96, 0.97, 0.8, 0.84, 0.92, 0.88, 0.95, 0.8, 0.94, 0.93, 0.53, 0.95, 0.93, 0.88, 0.94, 0.93, 0.93, 0.75, 0.71, 0.94, 0.91, 0.69, 0.93, 0.78, 0.8, 0.84, 0.54, 0.88, 0.85, 0.88, 0.89, 0.87, 0.55, 0.89, 0.87, 0.8, 0.79, 0.92, 0.82, 0.53, 0.85, 0.71, 0.88, 0.9, 0.9, 0.63]",bz_9,"cluster_6, cluster_6"
bz_9_cluster_6_1mer-bz_9_cluster_6_1mer,seed-6_sample-0,240,0.55,0.8869166666666667,"[0.95, 0.95, 0.86, 0.97, 0.97, 0.95, 0.98, 0.98, 0.97, 0.99, 0.98, 0.98, 0.96, 0.99, 0.98, 0.98, 0.94, 0.98, 0.98, 0.98, 0.98, 0.92, 0.94, 0.82, 0.75, 0.89, 0.89, 0.88, 0.8, 0.9, 0.9, 0.92, 0.9, 0.61, 0.88, 0.82, 0.87, 0.95, 0.97, 0.98, 0.97, 0.98, 0.98, 0.99, 0.97, 0.99, 0.94, 0.98, 0.98, 0.98, 0.98, 0.98, 0.98, 0.95, 0.92, 0.98, 0.82, 0.78, 0.75, 0.55, 0.74, 0.93, 0.91, 0.68, 0.79, 0.57, 0.88, 0.91, 0.88, 0.91, 0.86, 0.93, 0.79, 0.92, 0.95, 0.92, 0.95, 0.97, 0.81, 0.78, 0.91, 0.88, 0.95, 0.76, 0.94, 0.93, 0.94, 0.91, 0.88, 0.94, 0.93, 0.94, 0.75, 0.74, 0.93, 0.92, 0.57, 0.93, 0.68, 0.79, 0.89, 0.79, 0.91, 0.88, 0.89, 0.9, 0.88, 0.55, 0.9, 0.89, 0.82, 0.81, 0.92, 0.83, 0.86, 0.75, 0.89, 0.91, 0.9, 0.62, 0.95, 0.95, 0.87, 0.97, 0.97, 0.95, 0.98, 0.98, 0.97, 0.99, 0.98, 0.98, 0.97, 0.99, 0.98, 0.98, 0.94, 0.98, 0.98, 0.98, 0.98, 0.92, 0.95, 0.82, 0.75, 0.89, 0.89, 0.89, 0.81, 0.91, 0.9, 0.92, 0.9, 0.62, 0.88, 0.83, 0.86, 0.95, 0.97, 0.98, 0.97, 0.98, 0.98, 0.99, 0.96, 0.99, 0.94, 0.98, 0.98, 0.98, 0.98, 0.98, 0.98, 0.94, 0.92, 0.98, 0.81, 0.78, 0.75, 0.55, 0.74, 0.93, 0.92, 0.68, 0.79, 0.57, 0.89, 0.91, 0.88, 0.9, 0.86, 0.93, 0.79, 0.91, 0.94, 0.91, 0.95, 0.97, 0.82, 0.78, 0.92, 0.88, 0.95, 0.76, 0.94, 0.94, 0.95, 0.92, 0.88, 0.94, 0.93, 0.93, 0.75, 0.74, 0.93, 0.91, 0.57, 0.93, 0.68, 0.79, 0.88, 0.79, 0.91, 0.88, 0.89, 0.9, 0.88, 0.55, 0.91, 0.88, 0.82, 0.8, 0.92, 0.82, 0.86, 0.75, 0.89, 0.9, 0.9, 0.61]",bz_9,"cluster_6, cluster_6"
bz_9_cluster_6_1mer-bz_9_cluster_6_1mer,seed-3_sample-0,252,0.51,0.8684126984126984,"[0.95, 0.96, 0.89, 0.98, 0.98, 0.95, 0.98, 0.98, 0.97, 0.99, 0.98, 0.98, 0.97, 0.99, 0.98, 0.98, 0.94, 0.99, 0.98, 0.98, 0.98, 0.91, 0.93, 0.81, 0.71, 0.88, 0.87, 0.88, 0.79, 0.9, 0.9, 0.92, 0.9, 0.62, 0.88, 0.83, 0.54, 0.89, 0.95, 0.98, 0.98, 0.97, 0.98, 0.98, 0.99, 0.96, 0.99, 0.94, 0.97, 0.98, 0.98, 0.99, 0.98, 0.98, 0.93, 0.91, 0.98, 0.77, 0.85, 0.57, 0.73, 0.52, 0.67, 0.56, 0.94, 0.91, 0.76, 0.73, 0.82, 0.85, 0.89, 0.86, 0.9, 0.85, 0.93, 0.51, 0.92, 0.95, 0.93, 0.96, 0.97, 0.77, 0.85, 0.92, 0.88, 0.95, 0.79, 0.94, 0.93, 0.58, 0.95, 0.92, 0.88, 0.94, 0.94, 0.93, 0.73, 0.67, 0.94, 0.91, 0.72, 0.93, 0.77, 0.83, 0.85, 0.52, 0.89, 0.55, 0.87, 0.88, 0.9, 0.88, 0.51, 0.9, 0.88, 0.82, 0.79, 0.92, 0.84, 0.55, 0.86, 0.71, 0.88, 0.91, 0.9, 0.63, 0.95, 0.96, 0.89, 0.98, 0.97, 0.95, 0.98, 0.98, 0.97, 0.99, 0.98, 0.98, 0.96, 0.99, 0.98, 0.98, 0.94, 0.99, 0.98, 0.97, 0.98, 0.91, 0.93, 0.82, 0.71, 0.88, 0.88, 0.88, 0.79, 0.91, 0.9, 0.92, 0.9, 0.63, 0.88, 0.84, 0.55, 0.89, 0.95, 0.98, 0.98, 0.97, 0.98, 0.98, 0.99, 0.97, 0.99, 0.94, 0.98, 0.98, 0.98, 0.99, 0.98, 0.98, 0.93, 0.91, 0.98, 0.77, 0.85, 0.58, 0.73, 0.51, 0.67, 0.55, 0.94, 0.91, 0.77, 0.72, 0.83, 0.85, 0.89, 0.87, 0.9, 0.86, 0.93, 0.52, 0.92, 0.95, 0.92, 0.96, 0.98, 0.77, 0.85, 0.92, 0.88, 0.95, 0.79, 0.94, 0.93, 0.57, 0.95, 0.93, 0.88, 0.94, 0.94, 0.93, 0.73, 0.67, 0.94, 0.91, 0.73, 0.93, 0.76, 0.82, 0.85, 0.51, 0.89, 0.56, 0.86, 0.87, 0.9, 0.88, 0.52, 0.9, 0.88, 0.81, 0.79, 0.92, 0.83, 0.54, 0.85, 0.71, 0.88, 0.9, 0.9, 0.62]",bz_9,"cluster_6, cluster_6"
bz_9_cluster_6_1mer-bz_9_cluster_6_1mer,seed-1_sample-0,252,0.52,0.871984126984127,"[0.95, 0.96, 0.89, 0.98, 0.98, 0.96, 0.98, 0.98, 0.98, 0.99, 0.98, 0.98, 0.97, 0.99, 0.98, 0.98, 0.94, 0.99, 0.98, 0.98, 0.98, 0.91, 0.94, 0.82, 0.71, 0.89, 0.88, 0.88, 0.8, 0.91, 0.9, 0.92, 0.91, 0.63, 0.88, 0.82, 0.55, 0.89, 0.96, 0.98, 0.98, 0.98, 0.98, 0.98, 0.99, 0.97, 0.99, 0.94, 0.98, 0.98, 0.98, 0.99, 0.98, 0.98, 0.94, 0.91, 0.98, 0.79, 0.85, 0.58, 0.74, 0.53, 0.69, 0.52, 0.94, 0.91, 0.79, 0.72, 0.83, 0.86, 0.89, 0.87, 0.9, 0.86, 0.94, 0.52, 0.92, 0.95, 0.93, 0.96, 0.97, 0.8, 0.85, 0.92, 0.89, 0.95, 0.79, 0.94, 0.93, 0.56, 0.95, 0.93, 0.88, 0.94, 0.94, 0.94, 0.75, 0.7, 0.94, 0.91, 0.72, 0.94, 0.79, 0.83, 0.86, 0.53, 0.89, 0.53, 0.87, 0.88, 0.9, 0.88, 0.53, 0.9, 0.89, 0.82, 0.8, 0.93, 0.84, 0.55, 0.86, 0.72, 0.89, 0.91, 0.9, 0.63, 0.96, 0.96, 0.89, 0.98, 0.97, 0.95, 0.98, 0.98, 0.98, 0.99, 0.98, 0.98, 0.97, 0.99, 0.98, 0.98, 0.94, 0.99, 0.98, 0.98, 0.98, 0.91, 0.94, 0.82, 0.72, 0.89, 0.88, 0.89, 0.8, 0.91, 0.9, 0.93, 0.9, 0.63, 0.88, 0.84, 0.55, 0.89, 0.95, 0.98, 0.98, 0.98, 0.98, 0.98, 0.99, 0.97, 0.99, 0.94, 0.98, 0.98, 0.98, 0.99, 0.98, 0.98, 0.94, 0.91, 0.98, 0.8, 0.85, 0.56, 0.75, 0.53, 0.7, 0.53, 0.94, 0.91, 0.79, 0.72, 0.83, 0.86, 0.89, 0.87, 0.9, 0.86, 0.94, 0.53, 0.92, 0.95, 0.93, 0.96, 0.98, 0.79, 0.85, 0.92, 0.88, 0.96, 0.79, 0.94, 0.94, 0.58, 0.95, 0.93, 0.89, 0.94, 0.94, 0.93, 0.74, 0.69, 0.94, 0.91, 0.72, 0.94, 0.79, 0.83, 0.86, 0.52, 0.89, 0.52, 0.87, 0.88, 0.9, 0.88, 0.53, 0.9, 0.88, 0.82, 0.8, 0.92, 0.82, 0.55, 0.86, 0.71, 0.89, 0.91, 0.91, 0.63]",bz_9,"cluster_6, cluster_6"
bz_9_cluster_6_1mer-bz_9_cluster_6_1mer,seed-7_sample-0,238,0.54,0.8833613445378151,"[0.77, 0.96, 0.96, 0.79, 0.98, 0.97, 0.96, 0.98, 0.98, 0.98, 0.99, 0.99, 0.99, 0.98, 0.99, 0.98, 0.99, 0.96, 0.99, 0.99, 0.98, 0.99, 0.91, 0.92, 0.8, 0.75, 0.68, 0.9, 0.92, 0.89, 0.79, 0.93, 0.93, 0.93, 0.92, 0.92, 0.85, 0.79, 0.96, 0.98, 0.98, 0.98, 0.99, 0.98, 0.99, 0.98, 0.99, 0.96, 0.98, 0.99, 0.98, 0.99, 0.99, 0.99, 0.92, 0.91, 0.99, 0.76, 0.67, 0.54, 0.76, 0.6, 0.88, 0.87, 0.61, 0.64, 0.87, 0.92, 0.9, 0.93, 0.88, 0.92, 0.72, 0.91, 0.95, 0.92, 0.96, 0.97, 0.75, 0.67, 0.91, 0.86, 0.95, 0.64, 0.94, 0.93, 0.94, 0.92, 0.86, 0.94, 0.92, 0.93, 0.54, 0.88, 0.87, 0.91, 0.62, 0.88, 0.72, 0.92, 0.76, 0.9, 0.92, 0.93, 0.91, 0.6, 0.64, 0.93, 0.68, 0.89, 0.8, 0.79, 0.94, 0.85, 0.88, 0.76, 0.9, 0.93, 0.92, 0.77, 0.96, 0.96, 0.79, 0.98, 0.97, 0.95, 0.98, 0.98, 0.98, 0.99, 0.99, 0.99, 0.98, 0.99, 0.98, 0.99, 0.96, 0.99, 0.99, 0.98, 0.99, 0.91, 0.92, 0.8, 0.76, 0.68, 0.9, 0.92, 0.89, 0.79, 0.93, 0.93, 0.94, 0.92, 0.91, 0.85, 0.79, 0.96, 0.98, 0.98, 0.98, 0.99, 0.98, 0.99, 0.98, 0.99, 0.96, 0.98, 0.99, 0.98, 0.99, 0.99, 0.99, 0.92, 0.91, 0.99, 0.75, 0.67, 0.54, 0.76, 0.6, 0.88, 0.87, 0.62, 0.64, 0.88, 0.92, 0.9, 0.93, 0.88, 0.91, 0.72, 0.91, 0.94, 0.92, 0.96, 0.97, 0.76, 0.67, 0.91, 0.86, 0.96, 0.64, 0.94, 0.93, 0.95, 0.92, 0.86, 0.94, 0.92, 0.93, 0.54, 0.88, 0.87, 0.92, 0.61, 0.87, 0.72, 0.92, 0.76, 0.9, 0.92, 0.93, 0.92, 0.6, 0.64, 0.93, 0.68, 0.89, 0.8, 0.79, 0.93, 0.85, 0.88, 0.75, 0.9, 0.93, 0.92]",bz_9,"cluster_6, cluster_6"
bz_9_cluster_5_1mer-bz_9_cluster_5_1mer,seed-8_sample-0,4,0.51,0.51,"[0.51, 0.51, 0.51, 0.51]",bz_9,"cluster_5, cluster_5"
bz_9_cluster_5_1mer-bz_9_cluster_5_1mer,seed-10_sample-0,32,0.52,0.5725,"[0.59, 0.52, 0.54, 0.59, 0.52, 0.53, 0.54, 0.55, 0.65, 0.54, 0.56, 0.67, 0.66, 0.62, 0.54, 0.54, 0.59, 0.52, 0.53, 0.59, 0.52, 0.54, 0.54, 0.56, 0.66, 0.54, 0.55, 0.67, 0.65, 0.62, 0.54, 0.54]",bz_9,"cluster_5, cluster_5"
bz_9_cluster_5_1mer-bz_9_cluster_5_1mer,seed-9_sample-0,28,0.51,0.5671428571428573,"[0.56, 0.54, 0.57, 0.52, 0.54, 0.53, 0.64, 0.53, 0.53, 0.65, 0.64, 0.64, 0.54, 0.51, 0.57, 0.54, 0.56, 0.52, 0.54, 0.51, 0.53, 0.64, 0.54, 0.53, 0.65, 0.64, 0.64, 0.53]",bz_9,"cluster_5, cluster_5"
bz_9_cluster_5_1mer-bz_9_cluster_5_1mer,seed-4_sample-0,124,0.52,0.6714516129032257,"[0.64, 0.64, 0.68, 0.69, 0.69, 0.58, 0.76, 0.74, 0.72, 0.64, 0.68, 0.79, 0.57, 0.77, 0.67, 0.64, 0.52, 0.73, 0.8, 0.53, 0.63, 0.64, 0.69, 0.71, 0.57, 0.69, 0.65, 0.59, 0.68, 0.58, 0.69, 0.64, 0.58, 0.72, 0.7, 0.69, 0.6, 0.69, 0.52, 0.73, 0.8, 0.58, 0.76, 0.69, 0.74, 0.87, 0.61, 0.8, 0.79, 0.68, 0.59, 0.68, 0.64, 0.68, 0.58, 0.65, 0.72, 0.52, 0.77, 0.59, 0.7, 0.72, 0.64, 0.65, 0.68, 0.69, 0.69, 0.59, 0.77, 0.73, 0.71, 0.64, 0.67, 0.8, 0.57, 0.76, 0.68, 0.64, 0.53, 0.74, 0.79, 0.52, 0.63, 0.64, 0.69, 0.72, 0.57, 0.69, 0.64, 0.58, 0.68, 0.58, 0.7, 0.65, 0.59, 0.72, 0.72, 0.69, 0.61, 0.68, 0.52, 0.74, 0.8, 0.59, 0.77, 0.69, 0.73, 0.87, 0.6, 0.8, 0.79, 0.69, 0.58, 0.68, 0.64, 0.68, 0.58, 0.64, 0.7, 0.52, 0.76, 0.58, 0.69, 0.72]",bz_9,"cluster_5, cluster_5"
bz_9_cluster_5_1mer-bz_9_cluster_5_1mer,seed-2_sample-0,20,0.51,0.5589999999999999,"[0.55, 0.54, 0.54, 0.55, 0.51, 0.59, 0.51, 0.65, 0.59, 0.56, 0.54, 0.55, 0.55, 0.54, 0.51, 0.59, 0.51, 0.65, 0.59, 0.56]",bz_9,"cluster_5, cluster_5"
bz_9_cluster_5_1mer-bz_9_cluster_5_1mer,seed-5_sample-0,124,0.51,0.6770967741935482,"[0.65, 0.64, 0.69, 0.69, 0.7, 0.59, 0.77, 0.74, 0.72, 0.64, 0.69, 0.79, 0.58, 0.76, 0.69, 0.66, 0.52, 0.74, 0.8, 0.52, 0.64, 0.66, 0.69, 0.73, 0.58, 0.69, 0.65, 0.59, 0.69, 0.59, 0.69, 0.65, 0.6, 0.73, 0.72, 0.7, 0.61, 0.69, 0.51, 0.74, 0.8, 0.59, 0.77, 0.7, 0.74, 0.87, 0.61, 0.8, 0.8, 0.69, 0.59, 0.68, 0.64, 0.69, 0.58, 0.65, 0.72, 0.51, 0.78, 0.6, 0.7, 0.74, 0.66, 0.65, 0.68, 0.69, 0.69, 0.59, 0.76, 0.74, 0.73, 0.64, 0.69, 0.8, 0.58, 0.77, 0.69, 0.66, 0.52, 0.74, 0.79, 0.52, 0.64, 0.65, 0.69, 0.72, 0.58, 0.7, 0.64, 0.59, 0.69, 0.58, 0.7, 0.65, 0.6, 0.74, 0.72, 0.7, 0.61, 0.69, 0.51, 0.74, 0.8, 0.59, 0.78, 0.7, 0.74, 0.87, 0.61, 0.8, 0.8, 0.69, 0.59, 0.69, 0.64, 0.69, 0.59, 0.65, 0.72, 0.51, 0.77, 0.6, 0.69, 0.73]",bz_9,"cluster_5, cluster_5"
bz_9_cluster_5_1mer-bz_9_cluster_5_1mer,seed-6_sample-0,120,0.53,0.6758333333333333,"[0.63, 0.62, 0.68, 0.69, 0.69, 0.59, 0.76, 0.74, 0.71, 0.64, 0.67, 0.76, 0.56, 0.75, 0.66, 0.6, 0.74, 0.77, 0.58, 0.62, 0.68, 0.71, 0.55, 0.69, 0.63, 0.59, 0.69, 0.61, 0.69, 0.65, 0.61, 0.73, 0.7, 0.7, 0.62, 0.71, 0.53, 0.74, 0.8, 0.58, 0.76, 0.69, 0.74, 0.87, 0.62, 0.81, 0.79, 0.71, 0.58, 0.68, 0.64, 0.69, 0.61, 0.65, 0.7, 0.54, 0.76, 0.61, 0.7, 0.73, 0.62, 0.63, 0.68, 0.68, 0.69, 0.59, 0.75, 0.74, 0.71, 0.64, 0.66, 0.77, 0.55, 0.76, 0.67, 0.6, 0.74, 0.76, 0.58, 0.63, 0.69, 0.71, 0.56, 0.69, 0.62, 0.59, 0.69, 0.61, 0.7, 0.65, 0.61, 0.73, 0.7, 0.69, 0.62, 0.71, 0.54, 0.74, 0.81, 0.58, 0.76, 0.7, 0.74, 0.87, 0.62, 0.8, 0.79, 0.71, 0.58, 0.68, 0.64, 0.69, 0.61, 0.65, 0.7, 0.53, 0.76, 0.61, 0.69, 0.73]",bz_9,"cluster_5, cluster_5"
bz_9_cluster_5_1mer-bz_9_cluster_5_1mer,seed-3_sample-0,94,0.52,0.6129787234042554,"[0.55, 0.55, 0.6, 0.6, 0.59, 0.68, 0.63, 0.6, 0.6, 0.7, 0.68, 0.6, 0.56, 0.63, 0.71, 0.56, 0.59, 0.6, 0.6, 0.56, 0.57, 0.58, 0.54, 0.52, 0.63, 0.57, 0.6, 0.52, 0.62, 0.68, 0.73, 0.67, 0.61, 0.68, 0.81, 0.52, 0.74, 0.69, 0.62, 0.59, 0.58, 0.55, 0.57, 0.68, 0.52, 0.59, 0.64, 0.56, 0.56, 0.59, 0.59, 0.6, 0.68, 0.63, 0.6, 0.6, 0.71, 0.68, 0.6, 0.56, 0.63, 0.7, 0.55, 0.6, 0.6, 0.59, 0.55, 0.58, 0.59, 0.55, 0.52, 0.64, 0.57, 0.61, 0.52, 0.62, 0.68, 0.74, 0.68, 0.6, 0.68, 0.81, 0.52, 0.73, 0.69, 0.62, 0.6, 0.57, 0.54, 0.57, 0.67, 0.52, 0.58, 0.63]",bz_9,"cluster_5, cluster_5"
bz_9_cluster_5_1mer-bz_9_cluster_5_1mer,seed-1_sample-0,120,0.51,0.6661666666666667,"[0.63, 0.63, 0.66, 0.68, 0.68, 0.57, 0.75, 0.72, 0.7, 0.61, 0.68, 0.78, 0.56, 0.75, 0.67, 0.65, 0.51, 0.72, 0.78, 0.51, 0.63, 0.65, 0.67, 0.71, 0.56, 0.67, 0.64, 0.57, 0.66, 0.58, 0.67, 0.63, 0.58, 0.72, 0.7, 0.69, 0.59, 0.67, 0.73, 0.79, 0.57, 0.75, 0.69, 0.73, 0.86, 0.6, 0.79, 0.78, 0.68, 0.57, 0.66, 0.62, 0.67, 0.57, 0.64, 0.69, 0.76, 0.59, 0.68, 0.72, 0.65, 0.64, 0.66, 0.67, 0.67, 0.57, 0.75, 0.72, 0.71, 0.62, 0.67, 0.78, 0.56, 0.75, 0.68, 0.65, 0.51, 0.72, 0.78, 0.51, 0.63, 0.63, 0.68, 0.7, 0.56, 0.68, 0.63, 0.57, 0.67, 0.57, 0.68, 0.64, 0.59, 0.72, 0.69, 0.69, 0.6, 0.68, 0.73, 0.79, 0.57, 0.76, 0.69, 0.73, 0.86, 0.59, 0.79, 0.78, 0.67, 0.57, 0.66, 0.61, 0.66, 0.58, 0.63, 0.7, 0.75, 0.58, 0.67, 0.72]",bz_9,"cluster_5, cluster_5"
bz_9_cluster_5_1mer-bz_9_cluster_5_1mer,seed-7_sample-0,120,0.54,0.6751666666666666,"[0.62, 0.63, 0.67, 0.69, 0.68, 0.58, 0.75, 0.73, 0.7, 0.63, 0.67, 0.78, 0.56, 0.76, 0.66, 0.62, 0.73, 0.79, 0.57, 0.63, 0.69, 0.71, 0.55, 0.68, 0.63, 0.57, 0.69, 0.61, 0.69, 0.65, 0.61, 0.73, 0.71, 0.7, 0.62, 0.71, 0.54, 0.74, 0.8, 0.57, 0.77, 0.7, 0.75, 0.87, 0.62, 0.8, 0.79, 0.71, 0.57, 0.67, 0.63, 0.69, 0.61, 0.65, 0.71, 0.54, 0.76, 0.6, 0.7, 0.72, 0.63, 0.63, 0.67, 0.69, 0.68, 0.57, 0.76, 0.73, 0.71, 0.63, 0.66, 0.79, 0.55, 0.75, 0.67, 0.62, 0.73, 0.78, 0.57, 0.62, 0.69, 0.7, 0.56, 0.68, 0.63, 0.58, 0.69, 0.61, 0.7, 0.65, 0.6, 0.72, 0.71, 0.7, 0.62, 0.71, 0.54, 0.75, 0.8, 0.57, 0.76, 0.7, 0.74, 0.87, 0.62, 0.8, 0.79, 0.71, 0.57, 0.67, 0.63, 0.69, 0.61, 0.65, 0.71, 0.54, 0.77, 0.61, 0.69, 0.73]",bz_9,"cluster_5, cluster_5"
bz_9_cluster_4_1mer-bz_9_cluster_4_1mer,seed-8_sample-0,0,,,,bz_9,"cluster_4, cluster_4"
bz_9_cluster_4_1mer-bz_9_cluster_4_1mer,seed-10_sample-0,0,,,,bz_9,"cluster_4, cluster_4"
bz_9_cluster_4_1mer-bz_9_cluster_4_1mer,seed-9_sample-0,0,,,,bz_9,"cluster_4, cluster_4"
bz_9_cluster_4_1mer-bz_9_cluster_4_1mer,seed-4_sample-0,0,,,,bz_9,"cluster_4, cluster_4"
bz_9_cluster_4_1mer-bz_9_cluster_4_1mer,seed-2_sample-0,0,,,,bz_9,"cluster_4, cluster_4"
bz_9_cluster_4_1mer-bz_9_cluster_4_1mer,seed-5_sample-0,0,,,,bz_9,"cluster_4, cluster_4"
bz_9_cluster_4_1mer-bz_9_cluster_4_1mer,seed-6_sample-0,0,,,,bz_9,"cluster_4, cluster_4"
bz_9_cluster_4_1mer-bz_9_cluster_4_1mer,seed-3_sample-0,0,,,,bz_9,"cluster_4, cluster_4"
bz_9_cluster_4_1mer-bz_9_cluster_4_1mer,seed-1_sample-0,0,,,,bz_9,"cluster_4, cluster_4"
bz_9_cluster_4_1mer-bz_9_cluster_4_1mer,seed-7_sample-0,0,,,,bz_9,"cluster_4, cluster_4"
bz_9_cluster_0_1mer-bz_9_cluster_0_1mer,seed-8_sample-0,38,0.51,0.6115789473684211,"[0.64, 0.67, 0.6, 0.65, 0.6, 0.6, 0.75, 0.66, 0.56, 0.62, 0.53, 0.53, 0.74, 0.52, 0.73, 0.51, 0.56, 0.53, 0.62, 0.65, 0.66, 0.6, 0.64, 0.6, 0.6, 0.74, 0.67, 0.51, 0.56, 0.62, 0.53, 0.52, 0.75, 0.53, 0.73, 0.56, 0.53, 0.62]",bz_9,"cluster_0, cluster_0"
bz_9_cluster_0_1mer-bz_9_cluster_0_1mer,seed-10_sample-0,36,0.51,0.6072222222222222,"[0.64, 0.65, 0.58, 0.63, 0.58, 0.58, 0.74, 0.66, 0.56, 0.61, 0.51, 0.53, 0.75, 0.53, 0.72, 0.55, 0.51, 0.6, 0.63, 0.66, 0.58, 0.64, 0.58, 0.58, 0.75, 0.65, 0.55, 0.6, 0.51, 0.53, 0.74, 0.53, 0.72, 0.56, 0.51, 0.61]",bz_9,"cluster_0, cluster_0"
bz_9_cluster_0_1mer-bz_9_cluster_0_1mer,seed-9_sample-0,36,0.51,0.6105555555555555,"[0.64, 0.66, 0.59, 0.65, 0.59, 0.58, 0.74, 0.66, 0.55, 0.61, 0.51, 0.54, 0.74, 0.53, 0.72, 0.55, 0.52, 0.61, 0.65, 0.66, 0.59, 0.64, 0.59, 0.58, 0.74, 0.66, 0.55, 0.61, 0.52, 0.53, 0.74, 0.54, 0.72, 0.55, 0.51, 0.61]",bz_9,"cluster_0, cluster_0"
bz_9_cluster_0_1mer-bz_9_cluster_0_1mer,seed-4_sample-0,36,0.51,0.6011111111111112,"[0.64, 0.65, 0.58, 0.64, 0.58, 0.57, 0.73, 0.65, 0.54, 0.59, 0.51, 0.52, 0.74, 0.52, 0.71, 0.54, 0.51, 0.6, 0.64, 0.65, 0.58, 0.64, 0.58, 0.57, 0.74, 0.65, 0.54, 0.6, 0.51, 0.52, 0.73, 0.52, 0.71, 0.54, 0.51, 0.59]",bz_9,"cluster_0, cluster_0"
bz_9_cluster_0_1mer-bz_9_cluster_0_1mer,seed-2_sample-0,36,0.51,0.6083333333333333,"[0.63, 0.66, 0.59, 0.65, 0.59, 0.58, 0.73, 0.65, 0.55, 0.61, 0.52, 0.53, 0.74, 0.53, 0.72, 0.55, 0.51, 0.61, 0.65, 0.65, 0.59, 0.63, 0.59, 0.58, 0.74, 0.66, 0.55, 0.61, 0.51, 0.53, 0.73, 0.53, 0.72, 0.55, 0.52, 0.61]",bz_9,"cluster_0, cluster_0"
bz_9_cluster_0_1mer-bz_9_cluster_0_1mer,seed-5_sample-0,36,0.51,0.6099999999999999,"[0.64, 0.67, 0.59, 0.64, 0.59, 0.58, 0.74, 0.66, 0.56, 0.61, 0.51, 0.53, 0.73, 0.52, 0.72, 0.56, 0.52, 0.61, 0.64, 0.66, 0.59, 0.64, 0.59, 0.58, 0.73, 0.67, 0.56, 0.61, 0.52, 0.52, 0.74, 0.53, 0.72, 0.56, 0.51, 0.61]",bz_9,"cluster_0, cluster_0"
bz_9_cluster_0_1mer-bz_9_cluster_0_1mer,seed-6_sample-0,34,0.51,0.6047058823529411,"[0.63, 0.65, 0.58, 0.63, 0.58, 0.57, 0.73, 0.65, 0.54, 0.6, 0.52, 0.73, 0.51, 0.71, 0.55, 0.51, 0.59, 0.63, 0.65, 0.58, 0.63, 0.58, 0.57, 0.73, 0.65, 0.55, 0.59, 0.51, 0.51, 0.73, 0.52, 0.71, 0.54, 0.6]",bz_9,"cluster_0, cluster_0"
bz_9_cluster_0_1mer-bz_9_cluster_0_1mer,seed-3_sample-0,40,0.51,0.6064999999999999,"[0.65, 0.66, 0.59, 0.65, 0.6, 0.6, 0.75, 0.66, 0.51, 0.55, 0.61, 0.52, 0.55, 0.75, 0.54, 0.73, 0.51, 0.56, 0.52, 0.62, 0.65, 0.66, 0.6, 0.65, 0.59, 0.6, 0.75, 0.66, 0.51, 0.56, 0.62, 0.52, 0.54, 0.75, 0.55, 0.73, 0.51, 0.55, 0.52, 0.61]",bz_9,"cluster_0, cluster_0"
bz_9_cluster_0_1mer-bz_9_cluster_0_1mer,seed-1_sample-0,32,0.53,0.618125,"[0.65, 0.66, 0.58, 0.65, 0.59, 0.58, 0.74, 0.65, 0.54, 0.6, 0.53, 0.74, 0.53, 0.71, 0.54, 0.6, 0.65, 0.65, 0.59, 0.65, 0.58, 0.58, 0.74, 0.66, 0.54, 0.6, 0.53, 0.74, 0.53, 0.71, 0.54, 0.6]",bz_9,"cluster_0, cluster_0"
bz_9_cluster_0_1mer-bz_9_cluster_0_1mer,seed-7_sample-0,36,0.52,0.6122222222222223,"[0.64, 0.67, 0.6, 0.64, 0.59, 0.58, 0.74, 0.66, 0.55, 0.62, 0.52, 0.54, 0.74, 0.53, 0.72, 0.55, 0.52, 0.61, 0.64, 0.66, 0.59, 0.64, 0.6, 0.58, 0.74, 0.67, 0.55, 0.61, 0.52, 0.53, 0.74, 0.54, 0.72, 0.55, 0.52, 0.62]",bz_9,"cluster_0, cluster_0"
bz_9_cluster_7_1mer-bz_9_cluster_7_1mer,seed-8_sample-0,0,,,,bz_9,"cluster_7, cluster_7"
bz_9_cluster_7_1mer-bz_9_cluster_7_1mer,seed-10_sample-0,12,0.52,0.5433333333333333,"[0.54, 0.52, 0.55, 0.55, 0.53, 0.57, 0.55, 0.53, 0.57, 0.54, 0.52, 0.55]",bz_9,"cluster_7, cluster_7"
bz_9_cluster_7_1mer-bz_9_cluster_7_1mer,seed-9_sample-0,28,0.52,0.5721428571428572,"[0.61, 0.54, 0.57, 0.62, 0.58, 0.52, 0.52, 0.61, 0.56, 0.53, 0.57, 0.63, 0.6, 0.55, 0.61, 0.56, 0.57, 0.63, 0.6, 0.55, 0.53, 0.61, 0.54, 0.52, 0.57, 0.62, 0.58, 0.52]",bz_9,"cluster_7, cluster_7"
bz_9_cluster_7_1mer-bz_9_cluster_7_1mer,seed-4_sample-0,14,0.52,0.5528571428571427,"[0.57, 0.52, 0.57, 0.58, 0.52, 0.52, 0.59, 0.58, 0.52, 0.52, 0.59, 0.57, 0.52, 0.57]",bz_9,"cluster_7, cluster_7"
bz_9_cluster_7_1mer-bz_9_cluster_7_1mer,seed-2_sample-0,0,,,,bz_9,"cluster_7, cluster_7"
bz_9_cluster_7_1mer-bz_9_cluster_7_1mer,seed-5_sample-0,8,0.51,0.5275000000000001,"[0.51, 0.52, 0.53, 0.55, 0.53, 0.55, 0.51, 0.52]",bz_9,"cluster_7, cluster_7"
bz_9_cluster_7_1mer-bz_9_cluster_7_1mer,seed-6_sample-0,0,,,,bz_9,"cluster_7, cluster_7"
bz_9_cluster_7_1mer-bz_9_cluster_7_1mer,seed-3_sample-0,30,0.51,0.5573333333333333,"[0.59, 0.53, 0.56, 0.61, 0.57, 0.52, 0.51, 0.51, 0.61, 0.53, 0.52, 0.56, 0.62, 0.58, 0.54, 0.51, 0.61, 0.53, 0.56, 0.62, 0.58, 0.54, 0.52, 0.59, 0.53, 0.51, 0.56, 0.61, 0.57, 0.52]",bz_9,"cluster_7, cluster_7"
bz_9_cluster_7_1mer-bz_9_cluster_7_1mer,seed-1_sample-0,26,0.52,0.5638461538461539,"[0.58, 0.54, 0.55, 0.62, 0.56, 0.52, 0.6, 0.55, 0.52, 0.56, 0.64, 0.57, 0.52, 0.6, 0.55, 0.56, 0.64, 0.57, 0.52, 0.52, 0.58, 0.54, 0.55, 0.62, 0.56, 0.52]",bz_9,"cluster_7, cluster_7"
bz_9_cluster_7_1mer-bz_9_cluster_7_1mer,seed-7_sample-0,0,,,,bz_9,"cluster_7, cluster_7"
bz_9_cluster_8_1mer-bz_9_cluster_8_1mer,seed-8_sample-0,68,0.63,0.8711764705882353,"[0.88, 0.84, 0.8, 0.84, 0.84, 0.86, 0.88, 0.63, 0.66, 0.97, 0.85, 0.95, 0.98, 0.97, 0.95, 0.99, 0.97, 0.84, 0.63, 0.66, 0.98, 0.97, 0.98, 0.88, 0.99, 0.86, 0.85, 0.88, 0.99, 0.89, 0.84, 0.88, 0.84, 0.8, 0.89, 0.84, 0.8, 0.84, 0.84, 0.86, 0.88, 0.63, 0.66, 0.97, 0.85, 0.95, 0.98, 0.97, 0.95, 0.99, 0.97, 0.84, 0.63, 0.66, 0.98, 0.97, 0.98, 0.88, 0.99, 0.86, 0.85, 0.88, 0.99, 0.88, 0.84, 0.88, 0.84, 0.8]",bz_9,"cluster_8, cluster_8"
bz_9_cluster_8_1mer-bz_9_cluster_8_1mer,seed-10_sample-0,0,,,,bz_9,"cluster_8, cluster_8"
bz_9_cluster_8_1mer-bz_9_cluster_8_1mer,seed-9_sample-0,0,,,,bz_9,"cluster_8, cluster_8"
bz_9_cluster_8_1mer-bz_9_cluster_8_1mer,seed-4_sample-0,68,0.66,0.8917647058823529,"[0.9, 0.87, 0.84, 0.88, 0.88, 0.89, 0.89, 0.66, 0.69, 0.97, 0.87, 0.96, 0.98, 0.97, 0.96, 0.99, 0.98, 0.88, 0.67, 0.69, 0.98, 0.98, 0.99, 0.91, 0.99, 0.89, 0.87, 0.91, 0.99, 0.9, 0.88, 0.9, 0.87, 0.84, 0.9, 0.87, 0.84, 0.88, 0.88, 0.89, 0.9, 0.67, 0.69, 0.97, 0.87, 0.96, 0.98, 0.97, 0.96, 0.99, 0.98, 0.88, 0.66, 0.69, 0.98, 0.98, 0.99, 0.91, 0.99, 0.89, 0.87, 0.91, 0.99, 0.9, 0.88, 0.89, 0.87, 0.84]",bz_9,"cluster_8, cluster_8"
bz_9_cluster_8_1mer-bz_9_cluster_8_1mer,seed-2_sample-0,68,0.64,0.8823529411764706,"[0.9, 0.85, 0.82, 0.86, 0.86, 0.88, 0.89, 0.65, 0.67, 0.97, 0.86, 0.95, 0.98, 0.97, 0.96, 0.99, 0.98, 0.86, 0.64, 0.68, 0.98, 0.98, 0.99, 0.9, 0.99, 0.87, 0.86, 0.9, 0.99, 0.9, 0.86, 0.89, 0.85, 0.82, 0.9, 0.85, 0.82, 0.86, 0.86, 0.87, 0.89, 0.64, 0.68, 0.97, 0.86, 0.96, 0.98, 0.97, 0.95, 0.99, 0.98, 0.86, 0.65, 0.67, 0.98, 0.98, 0.99, 0.9, 0.99, 0.88, 0.86, 0.9, 0.99, 0.9, 0.86, 0.89, 0.85, 0.82]",bz_9,"cluster_8, cluster_8"
bz_9_cluster_8_1mer-bz_9_cluster_8_1mer,seed-5_sample-0,0,,,,bz_9,"cluster_8, cluster_8"
bz_9_cluster_8_1mer-bz_9_cluster_8_1mer,seed-6_sample-0,68,0.6,0.8814705882352942,"[0.87, 0.84, 0.81, 0.86, 0.86, 0.89, 0.88, 0.6, 0.71, 0.98, 0.88, 0.96, 0.98, 0.98, 0.96, 0.99, 0.98, 0.86, 0.6, 0.71, 0.98, 0.98, 0.99, 0.9, 0.99, 0.89, 0.88, 0.9, 0.99, 0.87, 0.86, 0.88, 0.84, 0.82, 0.87, 0.84, 0.82, 0.86, 0.86, 0.89, 0.88, 0.6, 0.71, 0.98, 0.88, 0.96, 0.98, 0.98, 0.96, 0.99, 0.98, 0.86, 0.6, 0.71, 0.98, 0.98, 0.99, 0.9, 0.99, 0.89, 0.88, 0.9, 0.99, 0.87, 0.86, 0.88, 0.84, 0.81]",bz_9,"cluster_8, cluster_8"
bz_9_cluster_8_1mer-bz_9_cluster_8_1mer,seed-3_sample-0,68,0.58,0.8826470588235295,"[0.87, 0.84, 0.81, 0.86, 0.86, 0.9, 0.88, 0.58, 0.72, 0.98, 0.88, 0.96, 0.98, 0.98, 0.97, 0.99, 0.98, 0.86, 0.58, 0.73, 0.98, 0.98, 0.99, 0.9, 0.99, 0.9, 0.89, 0.91, 0.99, 0.87, 0.86, 0.88, 0.84, 0.82, 0.87, 0.84, 0.82, 0.86, 0.86, 0.9, 0.88, 0.58, 0.73, 0.98, 0.89, 0.97, 0.98, 0.98, 0.96, 0.99, 0.98, 0.86, 0.58, 0.72, 0.98, 0.98, 0.99, 0.91, 0.99, 0.9, 0.88, 0.9, 0.99, 0.87, 0.86, 0.88, 0.84, 0.81]",bz_9,"cluster_8, cluster_8"
bz_9_cluster_8_1mer-bz_9_cluster_8_1mer,seed-1_sample-0,0,,,,bz_9,"cluster_8, cluster_8"
bz_9_cluster_8_1mer-bz_9_cluster_8_1mer,seed-7_sample-0,68,0.67,0.8920588235294118,"[0.9, 0.87, 0.84, 0.88, 0.88, 0.89, 0.9, 0.67, 0.69, 0.97, 0.87, 0.96, 0.98, 0.98, 0.96, 0.99, 0.98, 0.88, 0.67, 0.7, 0.98, 0.98, 0.99, 0.9, 0.99, 0.89, 0.87, 0.9, 0.99, 0.9, 0.88, 0.9, 0.86, 0.84, 0.9, 0.86, 0.84, 0.88, 0.88, 0.89, 0.9, 0.67, 0.7, 0.98, 0.87, 0.96, 0.98, 0.97, 0.96, 0.99, 0.98, 0.88, 0.67, 0.69, 0.98, 0.98, 0.99, 0.9, 0.99, 0.89, 0.87, 0.9, 0.99, 0.9, 0.88, 0.9, 0.87, 0.84]",bz_9,"cluster_8, cluster_8"
