SW_scaffold_45580	SW_scaffold_45580
SCNpilot_BF_INOC_scaffold_10422	SCNpilot_BF_INOC_scaffold_10422
RTP_04242018_0_2um_scaffold_10713	RTP_04242018_0_2um_scaffold_10713
LacPavin_0818_WC45_scaffold_325284	LacPavin_0818_WC45_scaffold_325284
CG_2015-02_scaffold_24192	CG_2015-02_scaffold_24192
WaterYear_AB4_D1_15776599	WaterYear_AB4_D1_15776599
zodeltone_water_may_2017_k87_8312646	zodeltone_water_may_2017_k87_8312646
WaterYear_HC5_D1_69441	WaterYear_HC5_D1_69441
SW_scaffold_46887	SW_scaffold_46887
SR-VP_11_27_2022_S1_60cm_scaffold_26906	SR-VP_11_27_2022_S1_60cm_scaffold_26906
SR-VP_11_27_2022_S1_60cm_scaffold_26906	SR-VP_11_27_2022_S2_40cm_scaffold_25164
SR-VP_11_27_2022_S1_60cm_scaffold_26906	SR-VP_07_25_2022_A1_60cm_MG_illumina_12724
EelRiver_SF_N3_210922_idba_scaffold_17516	EelRiver_SF_N3_210922_idba_scaffold_17516
Montesol18_S2p5_coassembly_scaffold_217215	Montesol18_S2p5_coassembly_scaffold_217215
CG_2015-25_scaffold_15584	CG_2015-25_scaffold_15584
09V250M02_2018_Ig17191_scaffold_9765	09V250M02_2018_Ig17191_scaffold_9765
Petroleum-contam_soil_SRR29383098_scaffold_7625	Petroleum-contam_soil_SRR29383098_scaffold_7625
WaterYear_HB8_D1_840143	WaterYear_HB8_D1_840143
BC_09192017_0_5m_scaffold_11896	BC_09192017_0_5m_scaffold_11896
SR-VP_07_25_2022_A1_70cm_scaffold_29863	SR-VP_07_25_2022_A1_70cm_scaffold_29863
DGJ10_1_scaffold_3282	DGJ10_1_scaffold_3282
Landfill_SRR22315506_METASPADES_scaffold_84244	Landfill_SRR22315506_METASPADES_scaffold_84244
LacPavin_0920_SED5_scaffold_743124	LacPavin_0920_SED5_scaffold_743124
Landfill_SRR22315506_METASPADES_scaffold_85589	Landfill_SRR22315506_METASPADES_scaffold_85589
RL11_scaffold_67168	RL11_scaffold_67168
BML_08012017_8_0m_scaffold_8989	BML_08012017_8_0m_scaffold_8989
Sorghum_2023_10_09_115CM_NK300_R1_metaspades_scaffold_25524	Sorghum_2023_10_09_115CM_NK300_R1_metaspades_scaffold_25524
ERMLT660_2_scaffold_4670	ERMLT660_2_scaffold_4670
Petroleum-contam_soil_SRR29383098_scaffold_8133	Petroleum-contam_soil_SRR29383098_scaffold_8133
Petroleum-contam_soil_SRR29383098_scaffold_8328	Petroleum-contam_soil_SRR29383098_scaffold_8328
L1a1_full_idba_ud_scaffold_16083	L1a1_full_idba_ud_scaffold_16083
CG_4_9_14_3_um_filter_150_scaffold_28133	CG_4_9_14_3_um_filter_150_scaffold_28133
SacSanJoaqDelta_MD10A_3_2024_scaffold_275792	SacSanJoaqDelta_MD10A_3_2024_scaffold_275792
BD02T18_scaffold_6334	BD02T18_scaffold_6334
SacSanJoaqDelta_ORI_4_2024_scaffold_64072	SacSanJoaqDelta_ORI_4_2024_scaffold_64072
ERMGT138_2_scaffold_5594	ERMGT138_2_scaffold_5594
OG3_scaffold_10127	OG3_scaffold_10127
ERMGT200_2_scaffold_1999	ERMGT200_2_scaffold_1999
LFLS_Au_Groundwater_PRJEB14718_scaffold_65659	LFLS_Au_Groundwater_PRJEB14718_scaffold_65659
SW_scaffold_54652	SW_scaffold_54652
BML_08012017_8_0m_scaffold_5767	BML_08012017_8_0m_scaffold_5767
SR-VP_9_9_2021_31_2B_1_5m_scaffold_14874	SR-VP_9_9_2021_31_2B_1_5m_scaffold_14874
amazon_plume_scaffold_30033	amazon_plume_scaffold_30033
LacPavin_0920_SED3_scaffold_3042952	LacPavin_0920_SED3_scaffold_3042952
LacPavin_0920_SED3_scaffold_3042952	LacPavin_0920_SED4_scaffold_1558628
PH2017_19_SFW_U_A_scaffold_3254	PH2017_19_SFW_U_A_scaffold_3254
PH2017_19_SFW_U_A_scaffold_3254	PH2017_19_SFW_U_A_scaffold_3484
2013_100cm_scaffold_70210	2013_100cm_scaffold_70210
CG_2015-11_scaffold_23672	CG_2015-11_scaffold_23672
FFC_04162018_0_2um_scaffold_12072	FFC_04162018_0_2um_scaffold_12072
rifoxyd1_full_scaffold_9097	rifoxyd1_full_scaffold_9097
SW_scaffold_57191	SW_scaffold_57191
WaterYear_HB5_D1_25777431	WaterYear_HB5_D1_25777431
L3a1_full_idba_ud_scaffold_11343	L3a1_full_idba_ud_scaffold_11343
PAFVLPS_2018_J30_2_scaffold_9753	PAFVLPS_2018_J30_2_scaffold_9753
RifSed_csp1_19ft_4_scaffold_89240	RifSed_csp1_19ft_4_scaffold_89240
RifSed_csp1_19ft_4_scaffold_89240	rifcsp2_19_4_full_scaffold_78386
SR-VP_26_10_2019_2_100cm_scaffold_22609	SR-VP_26_10_2019_2_100cm_scaffold_22609
BML_08042016_6_5m_scaffold_3704	BML_08042016_6_5m_scaffold_3704
WaterYear_HC4_D1_23083734	WaterYear_HC4_D1_23083734
L3c2_full_scaffold_52107	L3c2_full_scaffold_52107
WaterYear_AB3_D1_26753353	WaterYear_AB3_D1_26753353
SR-VP_9_9_2021_31_2B_1_5m_scaffold_16054	SR-VP_9_9_2021_31_2B_1_5m_scaffold_16054
SR-VP_9_9_2021_31_2B_1_5m_scaffold_16054	SR-VP_9_9_2021_72_4B_1_05m_2_METASPADES_scaffold_91666
14_0919_12_20cm_scaffold_123278	14_0919_12_20cm_scaffold_123278
SR-VP_0-2_scaffold_141_675394	SR-VP_0-2_scaffold_141_675394
SCNpilot_cont_1000_bf_scaffold_7732	SCNpilot_cont_1000_bf_scaffold_7732
SCNpilot_cont_1000_bf_scaffold_7732	SCNpilot_cont_500_bf_scaffold_11829
SCNpilot_cont_1000_bf_scaffold_7732	SCNpilot_bf_inoc_redo_scaffold_15775
SCNpilot_BF_INOC_scaffold_11091	SCNpilot_BF_INOC_scaffold_11091
SCNpilot_BF_INOC_scaffold_11091	SCNpilot_cont_500_bf_scaffold_9592
RTP_11222018_0_1um_scaffold_5808	RTP_11222018_0_1um_scaffold_5808
Salt_Pond_R2_B_D1_MG_scaffold_15021	Salt_Pond_R2_B_D1_MG_scaffold_15021
BML_05172017_1_5m_scaffold_2950	BML_05172017_1_5m_scaffold_2950
PH2017_24_DOB_U_A_scaffold_777	PH2017_24_DOB_U_A_scaffold_777
PH2017_38_RDM_U_B_scaffold_1332	PH2017_38_RDM_U_B_scaffold_1332
Petaluma_2024_02_07_S7_P2_40-60cm_con_41628	Petaluma_2024_02_07_S7_P2_40-60cm_con_41628
SW_scaffold_61869	SW_scaffold_61869
SR-VP_07_25_2022_A1_95cm_scaffold_59758	SR-VP_07_25_2022_A1_95cm_scaffold_59758
SR-VP_07_25_2022_A1_95cm_scaffold_59758	SR-VP_07_25_2022_C_115cm_scaffold_57620
SR-VP_07_25_2022_A1_95cm_scaffold_59758	SR-VP_09_04_2021_42cm_megahit_scaffold_1406229
EPICON_soil_control_metaspades_scaffold_26834	EPICON_soil_control_metaspades_scaffold_26834
MarineFeMat_664_BS3_NODE_10080	MarineFeMat_664_BS3_NODE_10080
S_p1_S3_170907_scaffold_1072612	S_p1_S3_170907_scaffold_1072612
BC_09192017_0_5m_scaffold_44153	BC_09192017_0_5m_scaffold_44153
GuaymasBasin_2024_04_25_CC2_NAcm_D5266_melted_41801	GuaymasBasin_2024_04_25_CC2_NAcm_D5266_melted_41801
RPR_22_05_09_4_k127_11192352	RPR_22_05_09_4_k127_11192352
Salt_Pond_R2_restored_DShore_MG_scaffold_14836	Salt_Pond_R2_restored_DShore_MG_scaffold_14836
StrawberryCreek_0_1_micro_water_09_04_2025_scaffold_113797	StrawberryCreek_0_1_micro_water_09_04_2025_scaffold_113797
BML_10242017_9_75m_scaffold_8215	BML_10242017_9_75m_scaffold_8215
rifcsplowo2_12_scaffold_136424	rifcsplowo2_12_scaffold_136424
Salt_Pond_R2_A_D2_MG_scaffold_12533	Salt_Pond_R2_A_D2_MG_scaffold_12533
SR-VP_07_25_2022_A1_115cm_MG_illumina_23519	SR-VP_07_25_2022_A1_115cm_MG_illumina_23519
BML_05172017_9_9m_scaffold_4701	BML_05172017_9_9m_scaffold_4701
GD2_1_scaffold_15839	GD2_1_scaffold_15839
SW_scaffold_66939	SW_scaffold_66939
RPR_SA_C2_k141_763601	RPR_SA_C2_k141_763601
Quanzhou_Groundwater_SRR22387909_scaffold_22260	Quanzhou_Groundwater_SRR22387909_scaffold_22260
SRVP19_core_2_viral_idba_scaffold_27011	SRVP19_core_2_viral_idba_scaffold_27011
SRVP19_core_2_viral_idba_scaffold_27011	SR-VP_11_27_2022_S2_40cm_scaffold_32691
CG_2015-23_scaffold_19506	CG_2015-23_scaffold_19506
BML_coassembly_scaffold_51678	BML_coassembly_scaffold_51678
RifSed_csp1_13ft_2_scaffold_42941	RifSed_csp1_13ft_2_scaffold_42941
EastRiver_HyporheicZone_Rock_R_2021_07_10_280759_length_1108_cov_0.666667	EastRiver_HyporheicZone_Rock_R_2021_07_10_280759_length_1108_cov_0.666667
QZM_A3_scaffold_101493	QZM_A3_scaffold_101493
LakeTyrrell_22_A_5_coassembly_scaffold_468778	LakeTyrrell_22_A_5_coassembly_scaffold_468778
EastRiver_HyporheicZone_Rock_HZ_C_2021_07_10_415394_length_1100_cov_1.000000	EastRiver_HyporheicZone_Rock_HZ_C_2021_07_10_415394_length_1100_cov_1.000000
SPOT_01_16_2013_890_MG_83979	SPOT_01_16_2013_890_MG_83979
GuaymasBasin_2024_04_25_CC2_NAcm_D5266_melted_217560	GuaymasBasin_2024_04_25_CC2_NAcm_D5266_melted_217560
Salt_Pond_SF2_B_H2O_MG_scaffold_97650	Salt_Pond_SF2_B_H2O_MG_scaffold_97650
PH2017_40_RAT_O_B_scaffold_4183	PH2017_40_RAT_O_B_scaffold_4183
GuaymasBasin_2024_04_25_CC2_NAcm_D5266_melted_219383	GuaymasBasin_2024_04_25_CC2_NAcm_D5266_melted_219383
GOSHIP-P18_177_1_22_180S_60m_97789	GOSHIP-P18_177_1_22_180S_60m_97789
09mi20_z1_2019_ig18392_101411	09mi20_z1_2019_ig18392_101411
SR-VP_9_9_2021_72_4B_1_05m_2_METASPADES_scaffold_763724	SR-VP_9_9_2021_72_4B_1_05m_2_METASPADES_scaffold_763724
SW_scaffold_461734	SW_scaffold_461734
Woodland_soil_ERR12076168_scaffold_101101	Woodland_soil_ERR12076168_scaffold_101101
S30_BME30_1993261	S30_BME30_1993261
Salt_Pond_R1_C_H2O_MG_scaffold_71567	Salt_Pond_R1_C_H2O_MG_scaffold_71567
AB_062018_0_1um_scaffold_23930	AB_062018_0_1um_scaffold_23930
SR-VP_05_06_2024_coassembly_scaffold_2535307	SR-VP_05_06_2024_coassembly_scaffold_2535307
CG18_big_fil_WC_8_21_14_2.50_150_scaffold_95636	CG18_big_fil_WC_8_21_14_2.50_150_scaffold_95636
ALT_082018_0_1um_scaffold_127699	ALT_082018_0_1um_scaffold_127699
GuaymasBasin_2024_04_24_CC8_6-9cm_D5265_732549	GuaymasBasin_2024_04_24_CC8_6-9cm_D5265_732549
PAFVLPS_2018_scaffold_1032609	PAFVLPS_2018_scaffold_1032609
Site2_T1_413361	Site2_T1_413361
RifSed_csp1_16ft_2_scaffold_331150	RifSed_csp1_16ft_2_scaffold_331150
LacPavin_0920_SED3_scaffold_2247005	LacPavin_0920_SED3_scaffold_2247005
SW_scaffold_468604	SW_scaffold_468604
ERMGT319_2_scaffold_8558	ERMGT319_2_scaffold_8558
CV_S3_4_15821	CV_S3_4_15821
Landfill_SRR22315508_scaffold_1189953	Landfill_SRR22315508_scaffold_1189953
Mangrove_60-80cm_incl_SRR17658263_scaffold_663894	Mangrove_60-80cm_incl_SRR17658263_scaffold_663894
EastRiver_HyporheicZone_EAQ_HZ_2020_08_16_545199_length_1069_cov_1.599788	EastRiver_HyporheicZone_EAQ_HZ_2020_08_16_545199_length_1069_cov_1.599788
EastRiver_HyporheicZone_EAQ_HZ_B_2021_07_06_265262_length_1069_cov_0.682590	EastRiver_HyporheicZone_EAQ_HZ_B_2021_07_06_265262_length_1069_cov_0.682590
LacPavin_0419_WC53_scaffold_271424	LacPavin_0419_WC53_scaffold_271424
RHP_09252018_0_1um_scaffold_114924	RHP_09252018_0_1um_scaffold_114924
H2a2_full_idba_ud_scaffold_110219	H2a2_full_idba_ud_scaffold_110219
rattlesnake_spring_18_scaffold_450615	rattlesnake_spring_18_scaffold_450615
AB_092018_0_1um_scaffold_125262	AB_092018_0_1um_scaffold_125262
WaterYear_AB7_D1_17372965	WaterYear_AB7_D1_17372965
Landfill_SRR22315504_scaffold_764250	Landfill_SRR22315504_scaffold_764250
SR-VP_9_9_2021_52_3B_1_55m_scaffold_142997	SR-VP_9_9_2021_52_3B_1_55m_scaffold_142997
EastRiver_HyporheicZone_EAQ_HZ_C_2021_07_06_398034_length_1054_cov_1.033441	EastRiver_HyporheicZone_EAQ_HZ_C_2021_07_06_398034_length_1054_cov_1.033441
EastRiver_HyporheicZone_EAQ_HZ_C_2021_07_06_398034_length_1054_cov_1.033441	EastRiver_HyporheicZone_EAQ_C_coassembly_1582013
WaterYear_AB4_D1_20536630	WaterYear_AB4_D1_20536630
SR-VP_9_9_2021_72_4B_1_05m_2_METASPADES_scaffold_802203	SR-VP_9_9_2021_72_4B_1_05m_2_METASPADES_scaffold_802203
LacPavin_0920_SED5_scaffold_2110389	LacPavin_0920_SED5_scaffold_2110389
GOSHIP-P18_185_1_22_204S_54m_2_178283	GOSHIP-P18_185_1_22_204S_54m_2_178283
GOSHIP-P18_185_1_22_204S_54m_2_178283	GOSHIP-P18_177_1_22_180S_60m_2_128020
SP6_scaffold_111125	SP6_scaffold_111125
GOSHIP-P18_177_1_22_180S_60m_104262	GOSHIP-P18_177_1_22_180S_60m_104262
GOSHIP-P18_177_1_22_180S_60m_104262	GOSHIP-P18_177_1_22_180S_60m_2_107225
SR-VP_9_9_2021_52_3B_1_55m_scaffold_146499	SR-VP_9_9_2021_52_3B_1_55m_scaffold_146499
SRVP19_core_2_viral_idba_scaffold_174375	SRVP19_core_2_viral_idba_scaffold_174375
PH2015_10_idba_ud_scaffold_17433	PH2015_10_idba_ud_scaffold_17433
GuaymasBasin_2024_04_23_Crock_NAcm_D5264_under_646461	GuaymasBasin_2024_04_23_Crock_NAcm_D5264_under_646461
RES_21_08_16_R3_RHZ_MG_338083	RES_21_08_16_R3_RHZ_MG_338083
MarineFeMat_S19_NODE_167087	MarineFeMat_S19_NODE_167087
PH2017_40_RAT_O_B_scaffold_4223	PH2017_40_RAT_O_B_scaffold_4223
GOSHIP-P18_157_2_23_121S_40m_2_135249	GOSHIP-P18_157_2_23_121S_40m_2_135249
SW_scaffold_491504	SW_scaffold_491504
GD2_1_scaffold_94190	GD2_1_scaffold_94190
SW_scaffold_494800	SW_scaffold_494800
AWTP2_CTRL_RO2_BIOFILM_1_1939	AWTP2_CTRL_RO2_BIOFILM_1_1939
GuaymasBasin_2018_11_20_CC5_5-10cm_D4993_2378575	GuaymasBasin_2018_11_20_CC5_5-10cm_D4993_2378575
Landfill_SRR22315509_scaffold_1226942	Landfill_SRR22315509_scaffold_1226942
StrawberryCreek_site_D_sediment_09_04_2025_scaffold_4047421	StrawberryCreek_site_D_sediment_09_04_2025_scaffold_4047421
BML_coassembly_scaffold_298447	BML_coassembly_scaffold_298447
BML_coassembly_scaffold_298447	BML_08022017_1_5m_scaffold_26673
AB_092018_0_1um_scaffold_132015	AB_092018_0_1um_scaffold_132015
Quanzhou_Groundwater_SRR22387909_scaffold_151275	Quanzhou_Groundwater_SRR22387909_scaffold_151275
RPR_I_C2_k141_856663	RPR_I_C2_k141_856663
CG_2015-0102_scaffold_163815	CG_2015-0102_scaffold_163815
CG18_big_fil_WC_8_21_14_2.50_150_scaffold_102860	CG18_big_fil_WC_8_21_14_2.50_150_scaffold_102860
SPOT_09_10_2014_890_MG_100141	SPOT_09_10_2014_890_MG_100141
PH2017_35_SFW_U_B_scaffold_27425	PH2017_35_SFW_U_B_scaffold_27425
EastRiver_HyporheicZone_EAQ_HZ_A_2021_07_13_376451_length_1028_cov_1.228635	EastRiver_HyporheicZone_EAQ_HZ_A_2021_07_13_376451_length_1028_cov_1.228635
CyanoCom_Pilot_21_06_03_MG20_idba_mink40_scaffold_101751	CyanoCom_Pilot_21_06_03_MG20_idba_mink40_scaffold_101751
ERMLT466_2_scaffold_21266	ERMLT466_2_scaffold_21266
Oak_Ridge_Sediment_SRR25508674_scaffold_258309	Oak_Ridge_Sediment_SRR25508674_scaffold_258309
Salt_Pond_R2_C_D2_MG_scaffold_115821	Salt_Pond_R2_C_D2_MG_scaffold_115821
JBCH_GD18_4_SO25_S179_scaffold_763410	JBCH_GD18_4_SO25_S179_scaffold_763410
CG_4_10_14_3_um_filter_scaffold_146890	CG_4_10_14_3_um_filter_scaffold_146890
CG_4_10_14_3_um_filter_scaffold_146890	CG_4_10_14_0.2_scaffold_101337
GuaymasBasin_2024_04_24_CC8_6-9cm_D5265_794929	GuaymasBasin_2024_04_24_CC8_6-9cm_D5265_794929
SacSanJoaqDelta_P8_8_2024_scaffold_106297	SacSanJoaqDelta_P8_8_2024_scaffold_106297
RES_21_07_07_R2_DP_MG_273102	RES_21_07_07_R2_DP_MG_273102
Landfill_SRR22315508_scaffold_1334864	Landfill_SRR22315508_scaffold_1334864
RES_21_07_07_R1_DP_MG_291300	RES_21_07_07_R1_DP_MG_291300
LAC_NA08_scaffold_43414	LAC_NA08_scaffold_43414
RES_21_09_03_R1_M1_MG_374607	RES_21_09_03_R1_M1_MG_374607
LacPavin_0818_WC45_scaffold_649690	LacPavin_0818_WC45_scaffold_649690
GOSHIP-P18_121_1_22_11L_69m_11374	GOSHIP-P18_121_1_22_11L_69m_11374
Salt_Pond_R2_B_D2_MG_scaffold_222089	Salt_Pond_R2_B_D2_MG_scaffold_222089
Salt_Pond_R1_C_H2O_MG_scaffold_79606	Salt_Pond_R1_C_H2O_MG_scaffold_79606
RiceMega_All12CReps_PSY2_illumina_305829	RiceMega_All12CReps_PSY2_illumina_305829
RifSed_csp2_10ft_1_scaffold_516668	RifSed_csp2_10ft_1_scaffold_516668
Rotsee_Lake_ERR3687824_contig-140_166136	Rotsee_Lake_ERR3687824_contig-140_166136
SPOT_08_14_2013_890_MG_84770	SPOT_08_14_2013_890_MG_84770
SCNpilot_bf_inoc_redo_scaffold_43539	SCNpilot_bf_inoc_redo_scaffold_43539
CyanoCom_Pilot_21_06_03_MG21_spades_scaffold_109764	CyanoCom_Pilot_21_06_03_MG21_spades_scaffold_109764
Nantong_Groundwater_SRR22387873_scaffold_376414	Nantong_Groundwater_SRR22387873_scaffold_376414
Nantong_Groundwater_SRR22387873_scaffold_376414	Nantong_Groundwater_SRR22387873_scaffold_346753
EastRiver_HyporheicZone_EAQ_HZ_B_2021_07_06_330783_length_1006_cov_1.116041	EastRiver_HyporheicZone_EAQ_HZ_B_2021_07_06_330783_length_1006_cov_1.116041
Petroleum-contam_soil_SRR29383098_scaffold_10782	Petroleum-contam_soil_SRR29383098_scaffold_10782
RPR_22_05_09_4_k127_3518707	RPR_22_05_09_4_k127_3518707
SW_scaffold_68354	SW_scaffold_68354
ERR3687830_scaffold_16859	ERR3687830_scaffold_16859
FFSP_072018_bottom_0_1um_scaffold_5406	FFSP_072018_bottom_0_1um_scaffold_5406
L3m1_full_idba_ud_scaffold_26545	L3m1_full_idba_ud_scaffold_26545
Endo_scaffold_9643	Endo_scaffold_9643
Rotsee_Lake_ERR3687824_contig-140_22086	Rotsee_Lake_ERR3687824_contig-140_22086
2013_100cm_scaffold_54355	2013_100cm_scaffold_54355
AWTP2_SAMPLE_RO2_BULK_3_47980	AWTP2_SAMPLE_RO2_BULK_3_47980
H24_Tanzania_scaffold_10759	H24_Tanzania_scaffold_10759
LacPavin_0920_SED2_scaffold_257667	LacPavin_0920_SED2_scaffold_257667
CG_2015-02_scaffold_36152	CG_2015-02_scaffold_36152
RL11_scaffold_98576	RL11_scaffold_98576
June2016WEW_17_150_megahit_scaffold_346831	June2016WEW_17_150_megahit_scaffold_346831
GuaymasBasin_2018_11_20_CC5_5-10cm_D4993_476014	GuaymasBasin_2018_11_20_CC5_5-10cm_D4993_476014
EastRiver_HyporheicZone_EAQ_HZ_A_2021_07_13_17590_length_3446_cov_2.793613	EastRiver_HyporheicZone_EAQ_HZ_A_2021_07_13_17590_length_3446_cov_2.793613
BML_08042016_6_5m_scaffold_19930	BML_08042016_6_5m_scaffold_19930
CG_2015-06_scaffold_30167	CG_2015-06_scaffold_30167
CG_2015-06_scaffold_30167	CG_2015-09_scaffold_25872
BML_E16_FWI_052019_Enrich_R2_scaffold_5445	BML_E16_FWI_052019_Enrich_R2_scaffold_5445
AWTP2_SAMPLE_BAC_BULK_4_41296	AWTP2_SAMPLE_BAC_BULK_4_41296
unicom2021_DBay_Inner_5um_Filter_idba_scaffold_33486	unicom2021_DBay_Inner_5um_Filter_idba_scaffold_33486
rifcsplowo2_01_scaffold_121487	rifcsplowo2_01_scaffold_121487
rifcsplowo2_01_scaffold_121487	rifcsplowo2_02_scaffold_89166
rifcsplowo2_01_scaffold_121487	rifcsphigho2_02_scaffold_112293
EastRiver_HyporheicZone_EAQ_R_2021_07_06_15295_length_3372_cov_1.385824	EastRiver_HyporheicZone_EAQ_R_2021_07_06_15295_length_3372_cov_1.385824
GuaymasBasin_2024_04_25_CC2_NAcm_D5266_melted_48836	GuaymasBasin_2024_04_25_CC2_NAcm_D5266_melted_48836
L3c1_full_scaffold_3576	L3c1_full_scaffold_3576
GOSHIP-P18_161_1_14_128L_727m_8236	GOSHIP-P18_161_1_14_128L_727m_8236
BML_08042016_6_5m_scaffold_7596	BML_08042016_6_5m_scaffold_7596
MISA_10152018_0_1um_scaffold_3847	MISA_10152018_0_1um_scaffold_3847
RES_21_07_07_R3_DP_MG_23686	RES_21_07_07_R3_DP_MG_23686
RES_21_07_07_R3_DP_MG_23686	RES_21_09_03_R1_M2_MG_16218
15con1.8.AGTCAA_scaffold_63203	15con1.8.AGTCAA_scaffold_63203
L3a1_full_idba_ud_scaffold_9458	L3a1_full_idba_ud_scaffold_9458
Zodletone_Water_assembly2018_k141_163340	Zodletone_Water_assembly2018_k141_163340
LacPavin_0818_WC40_scaffold_1121920	LacPavin_0818_WC40_scaffold_1121920
CG_2015-22_scaffold_35928	CG_2015-22_scaffold_35928
GuaymasBasin_2018_11_20_CC5_5-10cm_D4993_529860	GuaymasBasin_2018_11_20_CC5_5-10cm_D4993_529860
SPOT_04_10_2014_890_MG_16646	SPOT_04_10_2014_890_MG_16646
SPOT_04_10_2014_890_MG_16646	SPOT_03_12_2015_890_MG_12054
GOSHIP-P18_185_1_22_204S_54m_15952	GOSHIP-P18_185_1_22_204S_54m_15952
WaterYear_HB9_D1_3472888	WaterYear_HB9_D1_3472888
WaterYear_HB9_D1_3472888	WaterYear_HC5_D1_11897463
StrawberryCreek_0_1_micro_water_09_04_2025_scaffold_156824	StrawberryCreek_0_1_micro_water_09_04_2025_scaffold_156824
WaterYear_AA9_D1_6607029	WaterYear_AA9_D1_6607029
GD18-4_B1_scaffold_66483	GD18-4_B1_scaffold_66483
Landfill_SRR22315506_METASPADES_scaffold_163644	Landfill_SRR22315506_METASPADES_scaffold_163644
QZM_A2_3_scaffold_15346	QZM_A2_3_scaffold_15346
EastRiver_HyporheicZone_PH_R_2021_07_08_16473_length_3101_cov_3.617350	EastRiver_HyporheicZone_PH_R_2021_07_08_16473_length_3101_cov_3.617350
LacPavin_0920_SED5_scaffold_1843139	LacPavin_0920_SED5_scaffold_1843139
SW_scaffold_88922	SW_scaffold_88922
SCNpilot_cont_300_bf_scaffold_34320	SCNpilot_cont_300_bf_scaffold_34320
SacSanJoaqDelta_SMS_1_2024_scaffold_180166	SacSanJoaqDelta_SMS_1_2024_scaffold_180166
JBCH_GD18_4_SO25_S179_scaffold_727913	JBCH_GD18_4_SO25_S179_scaffold_727913
SW_scaffold_90296	SW_scaffold_90296
QZM_A2_3_scaffold_15812	QZM_A2_3_scaffold_15812
PH2017_19_SFW_U_A_scaffold_5468	PH2017_19_SFW_U_A_scaffold_5468
SR-VP_Bioreactor_N_bot_05_17_2025_scaffold_158649	SR-VP_Bioreactor_N_bot_05_17_2025_scaffold_158649
LacPavin_0920_WC12_scaffold_562362	LacPavin_0920_WC12_scaffold_562362
EastRiver_HyporheicZone_EAQ_C_coassembly_226664	EastRiver_HyporheicZone_EAQ_C_coassembly_226664
EastRiver_HyporheicZone_PH_HZ_2021_07_08_14438_length_3006_cov_3.031261	EastRiver_HyporheicZone_PH_HZ_2021_07_08_14438_length_3006_cov_3.031261
Mad1_60_16_scaffold_66843	Mad1_60_16_scaffold_66843
Mad1_60_16_scaffold_66843	Mad1_100_16_scaffold_75331
Mad1_60_16_scaffold_66843	H1a2_full_idba_ud_scaffold_21890
BML_08012017_9_75m_scaffold_7047	BML_08012017_9_75m_scaffold_7047
SacSanJoaqDelta_MD10A_3_2024_scaffold_199927	SacSanJoaqDelta_MD10A_3_2024_scaffold_199927
CG_2015-09_scaffold_40481	CG_2015-09_scaffold_40481
EastRiver_HyporheicZone_EAQ_HZ_A_2021_07_06_24036_length_2944_cov_2.007100	EastRiver_HyporheicZone_EAQ_HZ_A_2021_07_06_24036_length_2944_cov_2.007100
EastRiver_HyporheicZone_EAQ_HZ_C_2021_07_13_51384_length_2941_cov_2.923241	EastRiver_HyporheicZone_EAQ_HZ_C_2021_07_13_51384_length_2941_cov_2.923241
SW_scaffold_96690	SW_scaffold_96690
SW_scaffold_96731	SW_scaffold_96731
EastRiver_08_08_2020_HR_Quigley_40805_length_2919_cov_89.299930	EastRiver_08_08_2020_HR_Quigley_40805_length_2919_cov_89.299930
SR-VP_07_25_2022_A1_70cm_scaffold_63207	SR-VP_07_25_2022_A1_70cm_scaffold_63207
BC_09192017_0_5m_scaffold_62901	BC_09192017_0_5m_scaffold_62901
SW_scaffold_99010	SW_scaffold_99010
PLM4_90_b1_sep16_scaffold_11116	PLM4_90_b1_sep16_scaffold_11116
GuaymasBasin_2024_04_24_CC8_6-9cm_D5265_173084	GuaymasBasin_2024_04_24_CC8_6-9cm_D5265_173084
anamox3_scaffold_16750	anamox3_scaffold_16750
09V250M02_2019_Ig17484_scaffold_18212	09V250M02_2019_Ig17484_scaffold_18212
SRR6159086_Lake_Superior_sediment_scaffold_29163	SRR6159086_Lake_Superior_sediment_scaffold_29163
StrawberryCreek_0_1_micro_water_09_04_2025_scaffold_186792	StrawberryCreek_0_1_micro_water_09_04_2025_scaffold_186792
SRVP19_core_2_viral_idba_scaffold_42002	SRVP19_core_2_viral_idba_scaffold_42002
BML_08182015_1_5m_scaffold_13965	BML_08182015_1_5m_scaffold_13965
WaterYear_HB9_D1_6070129	WaterYear_HB9_D1_6070129
Landfill_SRR22315509_scaffold_124809	Landfill_SRR22315509_scaffold_124809
JGI24724J26744_10025934	JGI24724J26744_10025934
GuaymasBasin_2024_04_24_CC8_6-9cm_D5265_179343	GuaymasBasin_2024_04_24_CC8_6-9cm_D5265_179343
Salt_Pond_R2_B_D2_MG_scaffold_45225	Salt_Pond_R2_B_D2_MG_scaffold_45225
rifcsphigho2_12_scaffold_93657	rifcsphigho2_12_scaffold_93657
Salt_Pond_R2_A_H2O_MG_scaffold_19463	Salt_Pond_R2_A_H2O_MG_scaffold_19463
Salt_Pond_R2_A_H2O_MG_scaffold_19463	Salt_Pond_R2_B_H2O_MG_scaffold_13824
Landfill_SRR22315508_scaffold_158922	Landfill_SRR22315508_scaffold_158922
14_1009_16_30cm_scaffold_156911	14_1009_16_30cm_scaffold_156911
Mad1_100_16_scaffold_91498	Mad1_100_16_scaffold_91498
Mad1_100_16_scaffold_91498	Mad1_115_16_scaffold_51066
RTP_09252017_14_scaffold_47351	RTP_09252017_14_scaffold_47351
JGI24023J19991_10026267	JGI24023J19991_10026267
GuaymasBasin_2018_11_20_CC5_5-10cm_D4993_44876	GuaymasBasin_2018_11_20_CC5_5-10cm_D4993_44876
Nantong_Groundwater_SRR22387873_scaffold_1350	Nantong_Groundwater_SRR22387873_scaffold_1350
GS843_0p1_scaffold_2721	GS843_0p1_scaffold_2721
rifcsplowo2_01_scaffold_5183	rifcsplowo2_01_scaffold_5183
RiceMega_All12CReps_coassembly_PB_343919_L	RiceMega_All12CReps_coassembly_PB_343919_L
BC_09192017_0_5m_scaffold_990	BC_09192017_0_5m_scaffold_990
BML_coassembly_scaffold_12074	BML_coassembly_scaffold_12074
Landfill_SRR22315509_scaffold_5438	Landfill_SRR22315509_scaffold_5438
LacPavin_0818_WC40_scaffold_93729	LacPavin_0818_WC40_scaffold_93729
NODE_2310_length_18748_cov_5.688707	NODE_2310_length_18748_cov_5.688707
BML_coassembly_scaffold_9823	BML_coassembly_scaffold_9823
BML_coassembly_scaffold_9823	BML_05172017_1_5m_scaffold_461
GuaymasBasin_2018_11_20_CC5_5-10cm_D4993_51345	GuaymasBasin_2018_11_20_CC5_5-10cm_D4993_51345
SR-VP_9_9_2021_72_4B_1_05m_2_METASPADES_scaffold_10570	SR-VP_9_9_2021_72_4B_1_05m_2_METASPADES_scaffold_10570
GOSHIP-P18_196_1_17_238S_648m_820	GOSHIP-P18_196_1_17_238S_648m_820
Alum_Rock_MS11_biofilm_2_scaffold_850	Alum_Rock_MS11_biofilm_2_scaffold_850
SR-VP_26_10_2020_1_100CM_scaffold_84958	SR-VP_26_10_2020_1_100CM_scaffold_84958
SR-VP_26_10_2020_1_100CM_scaffold_84958	SR-VP_11_27_2022_S1_80cm_scaffold_3136
SR-VP_26_10_2020_1_100CM_scaffold_84958	SR-VP_07_25_2022_A1_115cm_PACBIO-HIFI_METAMDBG_356340_L
SR-VP_26_10_2020_1_100CM_scaffold_84958	SR-VP_05_06_2024_N_middle_scaffold_11254
SR-VP_26_10_2020_1_100CM_scaffold_84958	SR-VP_05_06_2024_N_top_scaffold_11797
SR-VP_26_10_2020_1_100CM_scaffold_84958	SR-VP_Bioreactor_ck_bot_05_17_2025_scaffold_9479
SR-VP_26_10_2020_1_100CM_scaffold_84958	SR-VP_07_25_2022_A1_80cm_MG_illumina_1458
SR-VP_26_10_2020_1_100CM_scaffold_84958	SR-VP_26_10_2020_2_100CM_scaffold_4811997
SR-VP_26_10_2020_1_100CM_scaffold_84958	SR-VP_26_10_2019_1_90cm_scaffold_3114
SR-VP_26_10_2020_1_100CM_scaffold_84958	Final_SR-VP_05_06_2024_coassembly_19kb_linear_ECE_26_1334_complete
SR-VP_26_10_2020_1_100CM_scaffold_84958	SR-VP_26_10_2019_1_100cm_scaffold_2098
SR-VP_26_10_2020_1_100CM_scaffold_84958	SR-VP_07_25_2022_A1_60cm_PACBIO-HIFI_METAMDBG_491354_L
SR-VP_26_10_2020_1_100CM_scaffold_84958	SR-VP_05_06_2024_N_bottom_scaffold_6272
SR-VP_26_10_2020_1_100CM_scaffold_84958	SR-VP_07_25_2022_A1_80cm_PACBIO-HIFI_METAMDBG_378448_L
SR-VP_26_10_2020_1_100CM_scaffold_84958	SR-VP_07_25_2022_A1_90cm_MG_illumina_811
SR-VP_26_10_2020_1_100CM_scaffold_84958	SR-VP_26_10_2019_2_90cm_scaffold_2750
L2c2_full_idba_ud_scaffold_1318	L2c2_full_idba_ud_scaffold_1318
GuaymasBasin_2024_04_25_CC2_NAcm_D5266_melted_5039	GuaymasBasin_2024_04_25_CC2_NAcm_D5266_melted_5039
SW_scaffold_5031	SW_scaffold_5031
LC_01_metaspades_scaffold_12180_length_17513_cov_8.256272	LC_01_metaspades_scaffold_12180_length_17513_cov_8.256272
SRVP19_trench_A_40cm-2_viral_idba_scaffold_30523	SRVP19_trench_A_40cm-2_viral_idba_scaffold_30523
SW_scaffold_5157	SW_scaffold_5157
BC_09192017_0_5m_scaffold_3244	BC_09192017_0_5m_scaffold_3244
StrawberryCreek_0_1_micro_water_09_04_2025_scaffold_9717	StrawberryCreek_0_1_micro_water_09_04_2025_scaffold_9717
S35_SO-1_scaffold_119093	S35_SO-1_scaffold_119093
LAC_NA06_curated_scaffold_1495	LAC_NA06_curated_scaffold_1495
LAC_NA06_curated_scaffold_1495	LAC_NA06_scaffold_1495
ALT_092018_0_1um_scaffold_190	ALT_092018_0_1um_scaffold_190
PH2015_02_scaffold_138	PH2015_02_scaffold_138
PH2015_02_scaffold_138	PH2015_13_scaffold_526
GuaymasBasin_2018_11_20_CC5_5-10cm_D4993_59261	GuaymasBasin_2018_11_20_CC5_5-10cm_D4993_59261
SPRUCE_SRR12951269_3674	SPRUCE_SRR12951269_3674
rifcsplowo2_12_scaffold_4260	rifcsplowo2_12_scaffold_4260
SPRUCE_SRR13201612_7403	SPRUCE_SRR13201612_7403
PH2017_26_ELK_O_A_scaffold_441	PH2017_26_ELK_O_A_scaffold_441
ar4r2_scaffold_1444	ar4r2_scaffold_1444
GCA_900321055_96	GCA_900321055_96
BC_09192017_0_5m_scaffold_1395	BC_09192017_0_5m_scaffold_1395
Salt_Pond_R1_C_D1_MG_scaffold_1934	Salt_Pond_R1_C_D1_MG_scaffold_1934
SW_scaffold_5990	SW_scaffold_5990
BML_coassembly_scaffold_17456	BML_coassembly_scaffold_17456
BML_coassembly_scaffold_11361	BML_coassembly_scaffold_11361
Nantong_Groundwater_SRR22387873_scaffold_2044	Nantong_Groundwater_SRR22387873_scaffold_2044
SR-VP_07_25_2022_C_110cm_scaffold_4384	SR-VP_07_25_2022_C_110cm_scaffold_4384
SR1-18-Sp65_coassembly_scaffold_545581	SR1-18-Sp65_coassembly_scaffold_545581
SRR17498766_aquifer_sediment_scaffold_1816	SRR17498766_aquifer_sediment_scaffold_1816
SacSanJoaqDelta_SMS_1_2024_scaffold_61866	SacSanJoaqDelta_SMS_1_2024_scaffold_61866
Dalian_Groundwater_SRR22387926_scaffold_5929	Dalian_Groundwater_SRR22387926_scaffold_5929
BalticSea_GPT96_02_16Sept22_spike_1400	BalticSea_GPT96_02_16Sept22_spike_1400
BalticSea_GPT96_02_16Sept22_spike_1400	BalticSea_GPT76_02_12Jul22_spike_1941
BC_09192017_0_5m_scaffold_1649	BC_09192017_0_5m_scaffold_1649
H2a2_full_idba_ud_scaffold_626	H2a2_full_idba_ud_scaffold_626
BML_05172017_1_5m_scaffold_300	BML_05172017_1_5m_scaffold_300
BML_05172017_1_5m_scaffold_300	BML_02172017_0m_scaffold_405
BML_05172017_1_5m_scaffold_300	BML_coassembly_scaffold_7573
rifcsphigho2_02_scaffold_7920	rifcsphigho2_02_scaffold_7920
Hor_350_2023_4207	Hor_350_2023_4207
GuaymasBasin_2024_04_24_CC8_6-9cm_D5265_17351	GuaymasBasin_2024_04_24_CC8_6-9cm_D5265_17351
NP_5948	NP_5948
oroloma2_scaffold_2116	oroloma2_scaffold_2116
RIFCSPHIGHO2_12_FULL_Chlamydiae_27_8_rifcsphigho2_12_scaffold_7321	RIFCSPHIGHO2_12_FULL_Chlamydiae_27_8_rifcsphigho2_12_scaffold_7321
RIFCSPHIGHO2_12_FULL_Chlamydiae_27_8_rifcsphigho2_12_scaffold_7321	rifcsphigho2_12_scaffold_7321
CG_4_9_14_3_um_filter_150_scaffold_8596	CG_4_9_14_3_um_filter_150_scaffold_8596
EelRiver_JDA_N3_210922_idba_scaffold_792	EelRiver_JDA_N3_210922_idba_scaffold_792
Alum_Rock_MS4_biofilm_1_metaspades_scaffold_2267	Alum_Rock_MS4_biofilm_1_metaspades_scaffold_2267
16ft_4_scaffold_2133	16ft_4_scaffold_2133
16ft_4_scaffold_2133	RifSed_csp1_16ft_4_scaffold_2135
16ft_4_scaffold_2133	RifSed_csp1_19ft_3_scaffold_3516
BC_09192017_0_5m_scaffold_3763	BC_09192017_0_5m_scaffold_3763
SW_scaffold_7527	SW_scaffold_7527
RTP_082018_0_1um_scaffold_4176	RTP_082018_0_1um_scaffold_4176
RTP_082018_0_1um_scaffold_4176	RTP_05232018_0_1um_scaffold_892
amazon_plume_scaffold_1272	amazon_plume_scaffold_1272
PH2017_07_MST_O_A_scaffold_272	PH2017_07_MST_O_A_scaffold_272
RifSed_csp2_19ft_3_scaffold_10579	RifSed_csp2_19ft_3_scaffold_10579
LacPavin_0718_WC40_scaffold_958	LacPavin_0718_WC40_scaffold_958
rifoxyc1_sub10_scaffold_281	rifoxyc1_sub10_scaffold_281
14_0903_12_20cm_scaffold_5176	14_0903_12_20cm_scaffold_5176
Landfill_SRR22315508_scaffold_11879	Landfill_SRR22315508_scaffold_11879
GuaymasBasin_2024_04_24_CC8_6-9cm_D5265_19770	GuaymasBasin_2024_04_24_CC8_6-9cm_D5265_19770
AR_MS4_05142019_scaffold_4521	AR_MS4_05142019_scaffold_4521
SW_scaffold_8472	SW_scaffold_8472
RES_21_07_21_R1_M2_MG_2041	RES_21_07_21_R1_M2_MG_2041
Alum_Rock_MS4_bulk_metaspades_scaffold_618	Alum_Rock_MS4_bulk_metaspades_scaffold_618
SRR17498766_aquifer_sediment_scaffold_6555	SRR17498766_aquifer_sediment_scaffold_6555
H2c1_full_idba_ud_scaffold_10315	H2c1_full_idba_ud_scaffold_10315
H2c1_full_idba_ud_scaffold_10315	U1c1_full_idba_ud_scaffold_6228
H2c1_full_idba_ud_scaffold_10315	U1c2_full_idba_ud_scaffold_6954
H2c1_full_idba_ud_scaffold_10315	L3c1_full_scaffold_655
H2c1_full_idba_ud_scaffold_10315	H3c2_scaffold_1057
SW_scaffold_26622	SW_scaffold_26622
ALT_09252017_20_scaffold_9969	ALT_09252017_20_scaffold_9969
Salt_Pond_R2_C_H2O_MG_scaffold_5842	Salt_Pond_R2_C_H2O_MG_scaffold_5842
GOSHIP-P18_201_1_23_265S_24m_4750	GOSHIP-P18_201_1_23_265S_24m_4750
Salt_Pond_SF2_B_H2O_MG_scaffold_6232	Salt_Pond_SF2_B_H2O_MG_scaffold_6232
Weihai_Groundwater_SRR22388041_scaffold_24942	Weihai_Groundwater_SRR22388041_scaffold_24942
Meg19_1012_Bin_405_scaffold_52175	Meg19_1012_Bin_405_scaffold_52175
zodeltone_water_may_2017_k87_7874776	zodeltone_water_may_2017_k87_7874776
unicom2021_DBay_Inner_Filter_idba_scaffold_19702	unicom2021_DBay_Inner_Filter_idba_scaffold_19702
SR-VP_11_27_2022_S1_40cm_scaffold_15277	SR-VP_11_27_2022_S1_40cm_scaffold_15277
SW_scaffold_28137	SW_scaffold_28137
Landfill_SRR22315506_METASPADES_scaffold_46778	Landfill_SRR22315506_METASPADES_scaffold_46778
SCNpilot_expt_500_p_scaffold_6350	SCNpilot_expt_500_p_scaffold_6350
SCNpilot_expt_500_p_scaffold_6350	SCNpilot_cont_750_p_scaffold_8434
Landfill_SRR22315504_scaffold_40513	Landfill_SRR22315504_scaffold_40513
CG08_land_8_20_14_0.20_scaffold_11482	CG08_land_8_20_14_0.20_scaffold_11482
rifoxyb1_full_scaffold_8172	rifoxyb1_full_scaffold_8172
SW_scaffold_29486	SW_scaffold_29486
BML_coassembly_scaffold_71510	BML_coassembly_scaffold_71510
RHP_10142018_0_1um_scaffold_5466	RHP_10142018_0_1um_scaffold_5466
GuaymasBasin_2018_11_20_CC5_5-10cm_D4993_233144	GuaymasBasin_2018_11_20_CC5_5-10cm_D4993_233144
SRR17498766_aquifer_sediment_scaffold_7403	SRR17498766_aquifer_sediment_scaffold_7403
Petaluma_2024_06_26_S10_P3_0-20cm_mix_11995	Petaluma_2024_06_26_S10_P3_0-20cm_mix_11995
rifcsplowo2_01_sub10_scaffold_3159	rifcsplowo2_01_sub10_scaffold_3159
BML_P1_FWI_052019_Enrich_R1_scaffold_2718	BML_P1_FWI_052019_Enrich_R1_scaffold_2718
SacSanJoaqDelta_STCK_4_2024_scaffold_18586	SacSanJoaqDelta_STCK_4_2024_scaffold_18586
U2c1_full_idba_ud_scaffold_22341	U2c1_full_idba_ud_scaffold_22341
StrawberryCreek_0_1_micro_water_09_04_2025_scaffold_51320	StrawberryCreek_0_1_micro_water_09_04_2025_scaffold_51320
EastRiver_HyporheicZone_EAQ_C_coassembly_70749	EastRiver_HyporheicZone_EAQ_C_coassembly_70749
GuaymasBasin_2024_04_25_CC2_NAcm_D5266_melted_23316	GuaymasBasin_2024_04_25_CC2_NAcm_D5266_melted_23316
CG18_big_fil_WC_8_21_14_2.50_150_scaffold_6451	CG18_big_fil_WC_8_21_14_2.50_150_scaffold_6451
Mayberry_contig_91_7252045_length_5790_multi_2_in_0_out_0	Mayberry_contig_91_7252045_length_5790_multi_2_in_0_out_0
rifcsplowo2_12_sub10_scaffold_2591	rifcsplowo2_12_sub10_scaffold_2591
LacPavin_0920_SED3_scaffold_430656	LacPavin_0920_SED3_scaffold_430656
CoronaMine_BoilerAditSludge_05_06_2023_17194	CoronaMine_BoilerAditSludge_05_06_2023_17194
S_p1_S3_coassembly_k141_2444807	S_p1_S3_coassembly_k141_2444807
gwe1_scaffold_3746	gwe1_scaffold_3746
SR-VP_11_27_2022_S2_40cm_scaffold_19486	SR-VP_11_27_2022_S2_40cm_scaffold_19486
SR-VP_11_27_2022_S2_40cm_scaffold_19486	SR-VP_07_25_2022_A1_60cm_MG_illumina_5472
SR-VP_11_27_2022_S2_40cm_scaffold_19486	SR-VP_11_27_2022_S1_60cm_scaffold_16350
Alum_Rock_MS4_0_65_metaspades_scaffold_1208	Alum_Rock_MS4_0_65_metaspades_scaffold_1208
Alum_Rock_MS4_0_65_metaspades_scaffold_1208	AR1-0.65_scaffold_845
EastRiver_Drought_Site2_10cm_R2_T2_2562	EastRiver_Drought_Site2_10cm_R2_T2_2562
EastRiver_Drought_Site2_10cm_R2_T2_2562	Site2_T2_4715
EastRiver_Drought_Site2_10cm_R4_T5_3942	EastRiver_Drought_Site2_10cm_R4_T5_3942
czo_rhiz2_16_scaffold_22543	czo_rhiz2_16_scaffold_22543
gwd1_scaffold_4313	gwd1_scaffold_4313
amazon_plume_scaffold_5811	amazon_plume_scaffold_5811
EastRiver_HyporheicZone_EAQ_HZ_C_2021_07_06_9640_length_5480_cov_1.609938	EastRiver_HyporheicZone_EAQ_HZ_C_2021_07_06_9640_length_5480_cov_1.609938
zodeltone_water_may_2017_k87_10769298	zodeltone_water_may_2017_k87_10769298
WaterYear_HC4_D3_20557190	WaterYear_HC4_D3_20557190
WaterYear_HC4_D3_20557190	WaterYear_HC8_D1_1052771
RifSed_csp1_19ft_2_scaffold_25500	RifSed_csp1_19ft_2_scaffold_25500
RifSed_csp1_19ft_2_scaffold_25500	19ft_2_nophage_noknown_scaffold_20615
anamox2_scaffold_7627	anamox2_scaffold_7627
LacPavin_0920_SED5_scaffold_825118	LacPavin_0920_SED5_scaffold_825118
BC_09192017_0_5m_scaffold_20936	BC_09192017_0_5m_scaffold_20936
RifSed_csp1_19ft_1_scaffold_56265	RifSed_csp1_19ft_1_scaffold_56265
RifSed_csp1_19ft_1_scaffold_56265	rifcsp2_19ft_1_scaffold_50248
SW_scaffold_36367	SW_scaffold_36367
StrawberryCreek_0_1_micro_water_09_04_2025_scaffold_60449	StrawberryCreek_0_1_micro_water_09_04_2025_scaffold_60449
LacPavin_0920_SED5_scaffold_879367	LacPavin_0920_SED5_scaffold_879367
LacPavin_0920_SED5_scaffold_879367	LacPavin_0920_SED3_scaffold_1330191
LacPavin_0920_SED5_scaffold_879367	LacPavin_0920_SED4_scaffold_1679192
EastRiver_08_08_2020_HR_Quigley_18711_length_5328_cov_3.457235	EastRiver_08_08_2020_HR_Quigley_18711_length_5328_cov_3.457235
rifcsplowo2_01_sub10_scaffold_3856	rifcsplowo2_01_sub10_scaffold_3856
H1a1_full_scaffold_622	H1a1_full_scaffold_622
RifSed_csp1_13ft_1_scaffold_42631	RifSed_csp1_13ft_1_scaffold_42631
RifSed_csp1_13ft_1_scaffold_42631	rifcsp_13ft_1_scaffold_35747
SR-VP_07_25_2022_A1_115cm_MG_illumina_11933	SR-VP_07_25_2022_A1_115cm_MG_illumina_11933
Landfill_SRR22315508_scaffold_54873	Landfill_SRR22315508_scaffold_54873
PH2017_24_DOB_U_A_scaffold_2681	PH2017_24_DOB_U_A_scaffold_2681
H1c2_full_scaffold_19121	H1c2_full_scaffold_19121
GD2_2_scaffold_6875	GD2_2_scaffold_6875
Mad1_60_16_scaffold_22968	Mad1_60_16_scaffold_22968
HS2274O.8.22_scaffold_13038	HS2274O.8.22_scaffold_13038
SCNpilot_cont_1000_bf_scaffold_11516	SCNpilot_cont_1000_bf_scaffold_11516
FFSP_072018_bottom_0_1um_scaffold_3391	FFSP_072018_bottom_0_1um_scaffold_3391
QZM_A2_2_scaffold_3455	QZM_A2_2_scaffold_3455
ERMLT366_2_scaffold_878	ERMLT366_2_scaffold_878
rifcsplowo2_12_scaffold_41748	rifcsplowo2_12_scaffold_41748
15con2h3.4A_scaffold_31999	15con2h3.4A_scaffold_31999
RTP_09252017_14_scaffold_13524	RTP_09252017_14_scaffold_13524
XiAn_Groundwater_SRR22388187_scaffold_30813	XiAn_Groundwater_SRR22388187_scaffold_30813
S4_GD2017_2_S1_scaffold_12980	S4_GD2017_2_S1_scaffold_12980
Salt_Pond_R2_B_D2_MG_scaffold_19535	Salt_Pond_R2_B_D2_MG_scaffold_19535
CG09_land_8_20_14_0.10_scaffold_11746	CG09_land_8_20_14_0.10_scaffold_11746
Zodletone_Water_assembly2018_k141_1886965	Zodletone_Water_assembly2018_k141_1886965
AR_MS11_05142019_scaffold_7612	AR_MS11_05142019_scaffold_7612
RPR_I_C2_k141_4298969	RPR_I_C2_k141_4298969
CG_2015-08_scaffold_12223	CG_2015-08_scaffold_12223
CG_2015-08_scaffold_12223	CG_2015-10_scaffold_45160
SR-VP_07_25_2022_A1_60cm_MG_illumina_8855	SR-VP_07_25_2022_A1_60cm_MG_illumina_8855
BC_09192017_0_5m_scaffold_10831	BC_09192017_0_5m_scaffold_10831
BC_09192017_0_5m_scaffold_10877	BC_09192017_0_5m_scaffold_10877
QZM_B1_scaffold_19116	QZM_B1_scaffold_19116
Weihai_Groundwater_SRR22388041_scaffold_40033	Weihai_Groundwater_SRR22388041_scaffold_40033
ERMGT319_2_scaffold_3669	ERMGT319_2_scaffold_3669
FFSP_072018_bottom_0_1um_scaffold_17753	FFSP_072018_bottom_0_1um_scaffold_17753
Endo_scaffold_21531	Endo_scaffold_21531
SPOT_01_16_2013_890_MG_41314	SPOT_01_16_2013_890_MG_41314
CG23_combo_of_CG06-09_8_20_14_all_150_scaffold_88651	CG23_combo_of_CG06-09_8_20_14_all_150_scaffold_88651
CG_4_9_14_3_um_filter_150_scaffold_106745	CG_4_9_14_3_um_filter_150_scaffold_106745
zodeltone_water_may_2017_k87_12072084	zodeltone_water_may_2017_k87_12072084
AR_MS4_05142019_scaffold_80437	AR_MS4_05142019_scaffold_80437
WaterYear_AA5_D1_10566089	WaterYear_AA5_D1_10566089
Landfill_SRR22315509_scaffold_394850	Landfill_SRR22315509_scaffold_394850
GuaymasBasin_2024_04_23_Crock_NAcm_D5264_under_321571	GuaymasBasin_2024_04_23_Crock_NAcm_D5264_under_321571
QZM_A2_1_scaffold_42158	QZM_A2_1_scaffold_42158
SPRUCE_SRR12951267_158029	SPRUCE_SRR12951267_158029
Landfill_SRR22315506_METASPADES_scaffold_604698	Landfill_SRR22315506_METASPADES_scaffold_604698
WaterYear_AB7_D1_23867643	WaterYear_AB7_D1_23867643
SPOT_05_22_2013_890_MG_39030	SPOT_05_22_2013_890_MG_39030
SPOT_05_22_2013_890_MG_39030	SPOT_07_14_2015_890_MG_41814
LacPavin_0818_WC40_scaffold_521803	LacPavin_0818_WC40_scaffold_521803
RifSed_csp2_19ft_3_scaffold_144728	RifSed_csp2_19ft_3_scaffold_144728
BML_02172017_9_0m_scaffold_10632	BML_02172017_9_0m_scaffold_10632
BML_02172017_9_0m_scaffold_10632	BML_08012017_9_75m_scaffold_11314
SR-VP_9_9_2021_43_3A_1_55m_scaffold_50521	SR-VP_9_9_2021_43_3A_1_55m_scaffold_50521
L2s1_full_idba_ud_scaffold_45303	L2s1_full_idba_ud_scaffold_45303
GuaymasBasin_2024_04_17_CC15_11-14cm_D5258_239805	GuaymasBasin_2024_04_17_CC15_11-14cm_D5258_239805
15con2h3.4B_scaffold_225422	15con2h3.4B_scaffold_225422
MV1S112SP2S24A_scaffold_111035	MV1S112SP2S24A_scaffold_111035
SW_scaffold_258123	SW_scaffold_258123
CG_2015-02_scaffold_104771	CG_2015-02_scaffold_104771
EastRiver_HyporheicZone_EAQ_C_coassembly_805784	EastRiver_HyporheicZone_EAQ_C_coassembly_805784
FFC_07242016_10_scaffold_9111	FFC_07242016_10_scaffold_9111
SR-VP_0-2_scaffold_141_1406959	SR-VP_0-2_scaffold_141_1406959
SRVP19_core_2_viral_idba_scaffold_89075	SRVP19_core_2_viral_idba_scaffold_89075
ALT_092018_0_1um_scaffold_62026	ALT_092018_0_1um_scaffold_62026
RES_21_08_16_R1_OX_MG_72119	RES_21_08_16_R1_OX_MG_72119
EelRiver_FC_N3_210922_idba_scaffold_68087	EelRiver_FC_N3_210922_idba_scaffold_68087
LacPavin_0920_SED5_scaffold_1395662	LacPavin_0920_SED5_scaffold_1395662
SacSanJoaqDelta_OBI_4_2024_scaffold_242343	SacSanJoaqDelta_OBI_4_2024_scaffold_242343
U3c2_full_idba_ud_scaffold_75472	U3c2_full_idba_ud_scaffold_75472
GuaymasBasin_2024_04_23_Crock_NAcm_D5264_under_348580	GuaymasBasin_2024_04_23_Crock_NAcm_D5264_under_348580
ALT_04162018_0_2um_scaffold_49320	ALT_04162018_0_2um_scaffold_49320
ALT_04162018_0_2um_scaffold_49376	ALT_04162018_0_2um_scaffold_49376
SCNpilot_cont_750_bf_scaffold_25750	SCNpilot_cont_750_bf_scaffold_25750
CG_2015-10_scaffold_110371	CG_2015-10_scaffold_110371
FFSP_072018_mid_0_1um_scaffold_9065	FFSP_072018_mid_0_1um_scaffold_9065
GuaymasBasin_2024_04_25_CC2_NAcm_D5266_melted_139394	GuaymasBasin_2024_04_25_CC2_NAcm_D5266_melted_139394
WaterYear_AA7_D1_2273787	WaterYear_AA7_D1_2273787
RPR_22_05_09_1_scaffold_750578	RPR_22_05_09_1_scaffold_750578
SW_scaffold_271316	SW_scaffold_271316
Nantong_Groundwater_SRR22387873_scaffold_155357	Nantong_Groundwater_SRR22387873_scaffold_155357
RES_21_09_03_R1_M1_MG_163063	RES_21_09_03_R1_M1_MG_163063
GuaymasBasin_2018_11_20_CC5_5-10cm_D4993_1410184	GuaymasBasin_2018_11_20_CC5_5-10cm_D4993_1410184
EastRiver_HyporheicZone_Rock_R_2021_07_17_165449_length_1516_cov_1.578834	EastRiver_HyporheicZone_Rock_R_2021_07_17_165449_length_1516_cov_1.578834
Landfill_SRR22315509_scaffold_474732	Landfill_SRR22315509_scaffold_474732
FK_AMD_2014_scaffold_22805	FK_AMD_2014_scaffold_22805
RTP_092018_0_1um_scaffold_55146	RTP_092018_0_1um_scaffold_55146
EastRiver_HyporheicZone_EAQ_HZ_A_2021_07_06_105223_length_1509_cov_1.242402	EastRiver_HyporheicZone_EAQ_HZ_A_2021_07_06_105223_length_1509_cov_1.242402
rifcsphigho2_12_scaffold_249633	rifcsphigho2_12_scaffold_249633
WaterYear_AC7_D1_11134835	WaterYear_AC7_D1_11134835
EastRiver_HyporheicZone_EAQ_HZ_A_2021_07_13_123990_length_1507_cov_1.960145	EastRiver_HyporheicZone_EAQ_HZ_A_2021_07_13_123990_length_1507_cov_1.960145
CG_2015-10_scaffold_115101	CG_2015-10_scaffold_115101
unicom2021_DBay_Inner_5um_Filter_idba_scaffold_127736	unicom2021_DBay_Inner_5um_Filter_idba_scaffold_127736
PH2017_36_ELK_O_B_scaffold_12274	PH2017_36_ELK_O_B_scaffold_12274
PH2017_36_ELK_O_B_scaffold_12274	PH2017_18_LLB_O_A_scaffold_24083
QZM_A2_1_scaffold_47165	QZM_A2_1_scaffold_47165
GuaymasBasin_2018_11_20_CC5_5-10cm_D4993_1451381	GuaymasBasin_2018_11_20_CC5_5-10cm_D4993_1451381
RifSed_csp1_10ft_1_notmapped_to1911g_scaffold_323419	RifSed_csp1_10ft_1_notmapped_to1911g_scaffold_323419
RifSed_csp1_10ft_1_notmapped_to1911g_scaffold_323419	RifSed_csp1_10ft_1_scaffold_325987
RifSed_csp1_10ft_1_notmapped_to1911g_scaffold_323419	rifcsp10_1_full_scaffold_310158
S27_BME27_42382	S27_BME27_42382
S31_BME31_409624	S31_BME31_409624
NODE_138869_length_1484_cov_2.879636	NODE_138869_length_1484_cov_2.879636
rifoxyc3_full_scaffold_37816	rifoxyc3_full_scaffold_37816
Quanzhou_Groundwater_SRR22387909_scaffold_86257	Quanzhou_Groundwater_SRR22387909_scaffold_86257
SacSanJoaqDelta_STCK_4_2024_scaffold_136336	SacSanJoaqDelta_STCK_4_2024_scaffold_136336
EastRiver_HyporheicZone_EAQ_HZ_C_2021_07_13_219481_length_1476_cov_2.048925	EastRiver_HyporheicZone_EAQ_HZ_C_2021_07_13_219481_length_1476_cov_2.048925
EastRiver_HyporheicZone_EAQ_HZ_C_2021_07_13_219481_length_1476_cov_2.048925	EastRiver_HyporheicZone_EAQ_C_coassembly_886683
CG_2015-06_scaffold_57371	CG_2015-06_scaffold_57371
unicom2021_StrawCreek_N_L0902_W_B_idba_scaffold_25005	unicom2021_StrawCreek_N_L0902_W_B_idba_scaffold_25005
SCN_reactora_scaffold_45130	SCN_reactora_scaffold_45130
REG_22_11_18_KiT_scaffold_561746	REG_22_11_18_KiT_scaffold_561746
A1-18-all-fractions_k255_4496636	A1-18-all-fractions_k255_4496636
BML_08042016_1_5m_scaffold_14415	BML_08042016_1_5m_scaffold_14415
GOSHIP-P18_201_1_15_261S_853m_67378	GOSHIP-P18_201_1_15_261S_853m_67378
CG_2015-10_scaffold_120236	CG_2015-10_scaffold_120236
GOSHIP-P18_121_1_22_11S_69m_64046	GOSHIP-P18_121_1_22_11S_69m_64046
Landfill_SRR22315506_METASPADES_scaffold_758128	Landfill_SRR22315506_METASPADES_scaffold_758128
GuaymasBasin_2018_11_20_CC5_5-10cm_D4993_1501636	GuaymasBasin_2018_11_20_CC5_5-10cm_D4993_1501636
GOSHIP-P18_181_1_15_189S_832m_79656	GOSHIP-P18_181_1_15_189S_832m_79656
2019_SCN_bioreactor_t3_planktonic_scaffold_5623	2019_SCN_bioreactor_t3_planktonic_scaffold_5623
2019_SCN_bioreactor_t3_planktonic_scaffold_5623	scnpilot_expt_750_p_scaffold_29740
2019_SCN_bioreactor_t3_planktonic_scaffold_5623	berkeley_reactor_200306_planktonic_scaffold_223044
CG_2015-02_scaffold_117986	CG_2015-02_scaffold_117986
MarineFeMat_S7_NODE_32319	MarineFeMat_S7_NODE_32319
DD1S54SP2S20A_scaffold_99597	DD1S54SP2S20A_scaffold_99597
SR-VP_11_27_2022_S1_60cm_scaffold_209635	SR-VP_11_27_2022_S1_60cm_scaffold_209635
LFLS_Au_Groundwater_PRJEB14718_scaffold_374290	LFLS_Au_Groundwater_PRJEB14718_scaffold_374290
SR-VP_26_10_2020_2_100CM_scaffold_4590114	SR-VP_26_10_2020_2_100CM_scaffold_4590114
rifoxyc1_full_scaffold_4539	rifoxyc1_full_scaffold_4539
SPRUCE_SRR13781586_7649	SPRUCE_SRR13781586_7649
Salt_Pond_R2_A_D1_MG_scaffold_7389	Salt_Pond_R2_A_D1_MG_scaffold_7389
CG_2015-0102_scaffold_9252	CG_2015-0102_scaffold_9252
CG_2015-0102_scaffold_9252	CG_2015-03_scaffold_18767
CG_2015-0102_scaffold_9252	CG_2015-07_scaffold_12852
Alum_Rock_MS11_biofilm_2_metaspades_scaffold_4189	Alum_Rock_MS11_biofilm_2_metaspades_scaffold_4189
SCNpilot_cont_1000_p_scaffold_7226	SCNpilot_cont_1000_p_scaffold_7226
SCNpilot_cont_1000_bf_scaffold_3054	SCNpilot_cont_1000_bf_scaffold_3054
RPR_I_A1_k141_2758797	RPR_I_A1_k141_2758797
RPR_I_A1_k141_2758797	RPR_I_C1_k141_4080576
RPR_I_A1_k141_2758797	RPR_I_C2_k141_4129592
RPR_I_A1_k141_2758797	RPR_22_05_09_2_scaffold_45154
RPR_I_A1_k141_2758797	RPR_I_A2_k141_131451
RPR_I_A1_k141_2758797	RPR_22_05_09_3_k127_16577402
AWTP2_SAMPLE_INF_BULK_4_3808	AWTP2_SAMPLE_INF_BULK_4_3808
19ft_2_nophage_noknown_scaffold_12690	19ft_2_nophage_noknown_scaffold_12690
RifSed_csp1_19ft_2_scaffold_16188	RifSed_csp1_19ft_2_scaffold_16188
QZM_A2_2_scaffold_1304	QZM_A2_2_scaffold_1304
rifoxyb2_full_scaffold_4592	rifoxyb2_full_scaffold_4592
rifoxyb2_full_scaffold_4592	rifoxyc2_full_scaffold_3388
rifoxyc1_full_scaffold_4543	rifoxyc1_full_scaffold_4543
unicom2021_Eel_S_Inocula_idba_scaffold_5179	unicom2021_Eel_S_Inocula_idba_scaffold_5179
RES_21_07_07_R3_DP_MG_3690	RES_21_07_07_R3_DP_MG_3690
gwe1_scaffold_2202	gwe1_scaffold_2202
Landfill_SRR22315508_scaffold_24372	Landfill_SRR22315508_scaffold_24372
FireProbiotic_12_4_24_0_UN_3511295	FireProbiotic_12_4_24_0_UN_3511295
CG_2015-02_curated_scaffold_9338	CG_2015-02_curated_scaffold_9338
SR-VP_07_25_2022_C_110cm_scaffold_13097	SR-VP_07_25_2022_C_110cm_scaffold_13097
SW_scaffold_17658	SW_scaffold_17658
SR-VP_9_9_2021_56_4A_0_95m_scaffold_3886	SR-VP_9_9_2021_56_4A_0_95m_scaffold_3886
Salt_Pond_R1_B_D1_MG_scaffold_6258	Salt_Pond_R1_B_D1_MG_scaffold_6258
RPR_22_05_09_3_k127_16947558	RPR_22_05_09_3_k127_16947558
RPR_22_05_09_3_k127_16947558	RPR_22_05_09_2_scaffold_56154
BML_05172017_1_5m_scaffold_879	BML_05172017_1_5m_scaffold_879
CG_2015-02_scaffold_9670	CG_2015-02_scaffold_9670
QZM_A2_3_scaffold_3243	QZM_A2_3_scaffold_3243
ALT_072018_0_1um_scaffold_3440	ALT_072018_0_1um_scaffold_3440
Site2_T5_6169	Site2_T5_6169
SR-VP_Bioreactor_N_bot_05_17_2025_scaffold_37336	SR-VP_Bioreactor_N_bot_05_17_2025_scaffold_37336
GuaymasBasin_2024_04_17_CC15_11-14cm_D5258_16354	GuaymasBasin_2024_04_17_CC15_11-14cm_D5258_16354
BalticSea_GPT96_02_16Sept22_spike_3377	BalticSea_GPT96_02_16Sept22_spike_3377
SW_scaffold_19134	SW_scaffold_19134
SR-VP_26_10_2020_2_100CM_scaffold_317881	SR-VP_26_10_2020_2_100CM_scaffold_317881
MarineFeMat_665_MMA12_NODE_1179	MarineFeMat_665_MMA12_NODE_1179
BalticSea_GPT94_02_09Sept22_spike_15cycs_2688	BalticSea_GPT94_02_09Sept22_spike_15cycs_2688
BalticSea_GPT94_02_09Sept22_spike_15cycs_2688	BalticSea_GPT111_02_04Nov22_spike_8694
PH2017_18_LLB_O_A_scaffold_1998	PH2017_18_LLB_O_A_scaffold_1998
L3a2_full_idba_ud_scaffold_2174	L3a2_full_idba_ud_scaffold_2174
LacPavin_0920_SED5_scaffold_907417	LacPavin_0920_SED5_scaffold_907417
PH2017_07_MST_O_A_scaffold_633	PH2017_07_MST_O_A_scaffold_633
FFC_082018_0_1um_scaffold_812	FFC_082018_0_1um_scaffold_812
LacPavin_0920_WC57_scaffold_1307	LacPavin_0920_WC57_scaffold_1307
BML_coassembly_scaffold_36636	BML_coassembly_scaffold_36636
SW_scaffold_20718	SW_scaffold_20718
BalticSea_GPT70_02_21Jun22_spike_4113	BalticSea_GPT70_02_21Jun22_spike_4113
GuaymasBasin_2018_11_20_CC5_5-10cm_D4993_174647	GuaymasBasin_2018_11_20_CC5_5-10cm_D4993_174647
L2c1_full_scaffold_15496	L2c1_full_scaffold_15496
WaterYear_AB4_D1_26575671	WaterYear_AB4_D1_26575671
SW_scaffold_21150	SW_scaffold_21150
BML_05172017_7_5m_scaffold_1427	BML_05172017_7_5m_scaffold_1427
QC3_scaffold_4660	QC3_scaffold_4660
GuaymasBasin_2018_11_20_CC5_5-10cm_D4993_178867	GuaymasBasin_2018_11_20_CC5_5-10cm_D4993_178867
GOSHIP-P18_121_1_22_11S_69m_1352	GOSHIP-P18_121_1_22_11S_69m_1352
gwd2_scaffold_4791	gwd2_scaffold_4791
amazon_plume_scaffold_3542	amazon_plume_scaffold_3542
CG_2015-0102_scaffold_11843	CG_2015-0102_scaffold_11843
BC_09192017_0_5m_scaffold_12485	BC_09192017_0_5m_scaffold_12485
PH2017_24_DOB_U_A_scaffold_1692	PH2017_24_DOB_U_A_scaffold_1692
PH2017_24_DOB_U_A_scaffold_1692	PH2015_11S_scaffold_1332
CG_2015-09_scaffold_9977	CG_2015-09_scaffold_9977
LacPavin_0818_WC40_scaffold_318599	LacPavin_0818_WC40_scaffold_318599
Salt_Pond_R2_A_D1_MG_scaffold_10001	Salt_Pond_R2_A_D1_MG_scaffold_10001
EastRiver_HyporheicZone_EAQ_HZ_C_2021_07_13_9522_length_7048_cov_5.190435	EastRiver_HyporheicZone_EAQ_HZ_C_2021_07_13_9522_length_7048_cov_5.190435
L1c1_full_scaffold_2623	L1c1_full_scaffold_2623
Landfill_SRR22315506_METASPADES_scaffold_37976	Landfill_SRR22315506_METASPADES_scaffold_37976
LacPavin_0920_SED4_scaffold_952408	LacPavin_0920_SED4_scaffold_952408
PAFVLPS_2018_scaffold_68683	PAFVLPS_2018_scaffold_68683
gwf2_scaffold_14547	gwf2_scaffold_14547
SR-VP_9_9_2021_56_4A_0_95m_scaffold_5485	SR-VP_9_9_2021_56_4A_0_95m_scaffold_5485
EastRiver_Drought_Site2_10cm_R4_T5_2540	EastRiver_Drought_Site2_10cm_R4_T5_2540
RPR_22_05_09_1_scaffold_71751	RPR_22_05_09_1_scaffold_71751
Hor_194_REE_2023_15111_length_6913_cov_0.970380	Hor_194_REE_2023_15111_length_6913_cov_0.970380
Petaluma_2024_06_26_S10_P1_0-20cm_gr_7660	Petaluma_2024_06_26_S10_P1_0-20cm_gr_7660
SR-VP_9_9_2021_72_4B_1_05m_2_METASPADES_scaffold_43881	SR-VP_9_9_2021_72_4B_1_05m_2_METASPADES_scaffold_43881
JBCH_GD18_4_SO25_S179_scaffold_825181	JBCH_GD18_4_SO25_S179_scaffold_825181
BC_09192017_0_5m_scaffold_6038	BC_09192017_0_5m_scaffold_6038
Yulin_Groundwater_SRR22387830_scaffold_12445	Yulin_Groundwater_SRR22387830_scaffold_12445
amazon_plume_scaffold_3950	amazon_plume_scaffold_3950
TrPN-GW-1_S43_scaffold_12524	TrPN-GW-1_S43_scaffold_12524
SP8F_scaffold_24696	SP8F_scaffold_24696
RPR_I_A2_k141_1269105	RPR_I_A2_k141_1269105
RPR_I_A2_k141_1269105	RPR_22_05_09_2_scaffold_75753
MarineFeMat_S7_NODE_1246	MarineFeMat_S7_NODE_1246
SW_scaffold_25828	SW_scaffold_25828
SPOT_04_10_2014_890_MG_5551	SPOT_04_10_2014_890_MG_5551
czo_bulk1_16_scaffold_17856	czo_bulk1_16_scaffold_17856
SR-VP_11_27_2022_S1_40cm_scaffold_14394	SR-VP_11_27_2022_S1_40cm_scaffold_14394
SR-VP_11_27_2022_S1_40cm_scaffold_14394	SR-VP_Bioreactor_N_bot_05_17_2025_scaffold_47723
SR-VP_11_27_2022_S1_40cm_scaffold_14394	SR-VP_07_25_2022_A1_115cm_MG_illumina_7008
icecore_42_scaffold_5994	icecore_42_scaffold_5994
BML_08182015_8_5m_scaffold_2332	BML_08182015_8_5m_scaffold_2332
FireProbiotic_4_18_24_0_C_1788549	FireProbiotic_4_18_24_0_C_1788549
SW_scaffold_518233	SW_scaffold_518233
EastRiver_HyporheicZone_EAQ_HZ_B_2021_07_06_336139_length_1002_cov_0.828571	EastRiver_HyporheicZone_EAQ_HZ_B_2021_07_06_336139_length_1002_cov_0.828571
EastRiver_Drought_Site2_10cm_R4_T1_168080	EastRiver_Drought_Site2_10cm_R4_T1_168080
StrawberryCreek_0_1_micro_water_09_04_2025_scaffold_1908274	StrawberryCreek_0_1_micro_water_09_04_2025_scaffold_1908274
BML_02172017_0m_scaffold_27453	BML_02172017_0m_scaffold_27453
Salt_Pond_SF2_C_H2O_MG_scaffold_131278	Salt_Pond_SF2_C_H2O_MG_scaffold_131278
BML_05172017_1_5m_scaffold_15011	BML_05172017_1_5m_scaffold_15011
CG_2015-04_scaffold_83691	CG_2015-04_scaffold_83691
LacPavin_0920_SED5_scaffold_1484424	LacPavin_0920_SED5_scaffold_1484424
S5_GD2017_2_S2_scaffold_56413	S5_GD2017_2_S2_scaffold_56413
ALT_04162018_0_2um_scaffold_36405	ALT_04162018_0_2um_scaffold_36405
Ig18380_09V250M02_2020_2_scaffold_49688	Ig18380_09V250M02_2020_2_scaffold_49688
GD2_1_scaffold_40687	GD2_1_scaffold_40687
GOSHIP-P18_181_1_7_185S_2561m_2_44618	GOSHIP-P18_181_1_7_185S_2561m_2_44618
SR-VP_9_9_2021_59_4A_0_85m_scaffold_46765	SR-VP_9_9_2021_59_4A_0_85m_scaffold_46765
EastRiver_HyporheicZone_Rock_HZ_C_2021_07_10_95714_length_1872_cov_1.829226	EastRiver_HyporheicZone_Rock_HZ_C_2021_07_10_95714_length_1872_cov_1.829226
CG_2015-08_scaffold_39859	CG_2015-08_scaffold_39859
ALT_04162018_0_2um_scaffold_37705	ALT_04162018_0_2um_scaffold_37705
SRR6159086_Lake_Superior_sediment_scaffold_55885	SRR6159086_Lake_Superior_sediment_scaffold_55885
GuaymasBasin_2024_04_24_CC8_6-9cm_D5265_328993	GuaymasBasin_2024_04_24_CC8_6-9cm_D5265_328993
SacSanJoaqDelta_NZ_068_3_2024_scaffold_66704	SacSanJoaqDelta_NZ_068_3_2024_scaffold_66704
SacSanJoaqDelta_P8_8_2024_scaffold_17544	SacSanJoaqDelta_P8_8_2024_scaffold_17544
amazon_plume_scaffold_45236	amazon_plume_scaffold_45236
BML_08012017_9_75m_scaffold_9596	BML_08012017_9_75m_scaffold_9596
cg1_0.2_scaffold_60144	cg1_0.2_scaffold_60144
cg1_0.2_scaffold_60144	CG_4_9_14_3_um_filter_150_scaffold_83589
SW_scaffold_205224	SW_scaffold_205224
SR-VP_11_27_2022_S2_40cm_scaffold_140284	SR-VP_11_27_2022_S2_40cm_scaffold_140284
SR-VP_11_27_2022_S2_40cm_scaffold_140284	SR-VP_11_27_2022_S1_60cm_scaffold_131869
GuaymasBasin_2024_04_25_CC2_NAcm_D5266_melted_110408	GuaymasBasin_2024_04_25_CC2_NAcm_D5266_melted_110408
LacPavin_0818_WC45_scaffold_732668	LacPavin_0818_WC45_scaffold_732668
GOSHIP-P18_201_1_23_265S_24m_57358	GOSHIP-P18_201_1_23_265S_24m_57358
PH2017_12_PCY_D_A_scaffold_444	PH2017_12_PCY_D_A_scaffold_444
AWTP2_SAMPLE_RO2_BULK_3_52670	AWTP2_SAMPLE_RO2_BULK_3_52670
SW_scaffold_207697	SW_scaffold_207697
unicom2021_DBay_Inner_Inocula_idba_scaffold_144411	unicom2021_DBay_Inner_Inocula_idba_scaffold_144411
unicom2021_DBay_Inner_Inocula_idba_scaffold_144411	unicom2021_DBay_Mouth_Filter_idba_scaffold_121529
unicom2021_DBay_Inner_Inocula_idba_scaffold_144411	unicom2021_DBay_Mouth_Inocula_idba_scaffold_143392
SR-VP_9_9_2021_59_4A_0_85m_scaffold_50155	SR-VP_9_9_2021_59_4A_0_85m_scaffold_50155
Petaluma_2024_05_01_S9_P1_0-20cm_gr_45850	Petaluma_2024_05_01_S9_P1_0-20cm_gr_45850
zodeltone_water_may_2017_k87_6180633	zodeltone_water_may_2017_k87_6180633
EastRiver_HyporheicZone_EAQ_HZ_B_2021_07_06_53669_length_1805_cov_0.968415	EastRiver_HyporheicZone_EAQ_HZ_B_2021_07_06_53669_length_1805_cov_0.968415
EastRiver_HyporheicZone_EAQ_HZ_B_2021_07_06_53669_length_1805_cov_0.968415	EastRiver_HyporheicZone_EAQ_HZ_A_2021_07_13_65266_length_1930_cov_1.531337
EastRiver_HyporheicZone_EAQ_HZ_B_2021_07_06_53669_length_1805_cov_0.968415	EastRiver_HyporheicZone_PH_HZ_2021_07_20_65166_length_1967_cov_1.397826
SPOT_01_16_2013_890_MG_35761	SPOT_01_16_2013_890_MG_35761
S22_GE22_scaffold_299186	S22_GE22_scaffold_299186
SR-VP_9_9_2021_31_2B_1_5m_scaffold_58406	SR-VP_9_9_2021_31_2B_1_5m_scaffold_58406
SR-VP_07_25_2022_A1_115cm_MG_illumina_93193	SR-VP_07_25_2022_A1_115cm_MG_illumina_93193
SW_scaffold_215074	SW_scaffold_215074
Salt_Pond_SF2_C_H2O_MG_scaffold_55233	Salt_Pond_SF2_C_H2O_MG_scaffold_55233
GOSHIP-P18_201_1_23_265S_24m_2_58951	GOSHIP-P18_201_1_23_265S_24m_2_58951
SW_scaffold_217191	SW_scaffold_217191
RifSed_csp2_16ft_3_scaffold_288462	RifSed_csp2_16ft_3_scaffold_288462
MarineFeMat_S7_NODE_21498	MarineFeMat_S7_NODE_21498
BML_02132018_6_5m_scaffold_27737	BML_02132018_6_5m_scaffold_27737
SR-VP_07_25_2022_A1_70cm_scaffold_151111	SR-VP_07_25_2022_A1_70cm_scaffold_151111
XiAn_Groundwater_SRR22388187_scaffold_139845	XiAn_Groundwater_SRR22388187_scaffold_139845
AB_092018_0_1um_scaffold_53381	AB_092018_0_1um_scaffold_53381
CG14_big_fil_post_rev_8_21_14_0.10_scaffold_34585	CG14_big_fil_post_rev_8_21_14_0.10_scaffold_34585
Landfill_SRR22315506_METASPADES_scaffold_508684	Landfill_SRR22315506_METASPADES_scaffold_508684
SR-VP_07_25_2022_A1_100cm_scaffold_150378	SR-VP_07_25_2022_A1_100cm_scaffold_150378
SW_scaffold_220855	SW_scaffold_220855
ALT_09252017_20_scaffold_32984	ALT_09252017_20_scaffold_32984
SacSanJoaqDelta_D19_2_2024_scaffold_99292	SacSanJoaqDelta_D19_2_2024_scaffold_99292
RES_21_09_03_R1_OX_MG_76414	RES_21_09_03_R1_OX_MG_76414
RifSed_csp1_16ft_2_scaffold_150438	RifSed_csp1_16ft_2_scaffold_150438
2013_60cm_scaffold_545603	2013_60cm_scaffold_545603
WaterYear_HB8_D1_12830593	WaterYear_HB8_D1_12830593
WaterYear_HB8_D1_12830593	WaterYear_HB9_D1_22472154
CG09_land_8_20_14_0.10_scaffold_43893	CG09_land_8_20_14_0.10_scaffold_43893
CG09_land_8_20_14_0.10_scaffold_43893	CG_2015-24_scaffold_42502
CG09_land_8_20_14_0.10_scaffold_43893	CG_2015-18_scaffold_73859
CG09_land_8_20_14_0.10_scaffold_43893	CG_2015-13_scaffold_85734
Yulin_Groundwater_SRR22387830_scaffold_132277	Yulin_Groundwater_SRR22387830_scaffold_132277
Crystal_Geyser_CG19_WC_8_21_14_NA_150_scaffold_113259	Crystal_Geyser_CG19_WC_8_21_14_NA_150_scaffold_113259
SW_scaffold_225575	SW_scaffold_225575
Salt_Pond_R1_C_H2O_MG_scaffold_33614	Salt_Pond_R1_C_H2O_MG_scaffold_33614
Salt_Pond_R1_C_H2O_MG_scaffold_33614	Salt_Pond_R1_B_H2O_MG_scaffold_19247
RES_21_07_21_R3_OX_MG_36277	RES_21_07_21_R3_OX_MG_36277
ALT_09252017_20_scaffold_33523	ALT_09252017_20_scaffold_33523
14_0903_02_30cm_scaffold_342511	14_0903_02_30cm_scaffold_342511
anamox2Sub10_scaffold_10022	anamox2Sub10_scaffold_10022
Salt_Pond_R2_B_D1_MG_scaffold_60814	Salt_Pond_R2_B_D1_MG_scaffold_60814
14_0929_09_20cm_scaffold_77214	14_0929_09_20cm_scaffold_77214
Salt_Pond_R2A_B_H2O_MG_scaffold_31932	Salt_Pond_R2A_B_H2O_MG_scaffold_31932
GOSHIP-P18_161_1_22_132S_53m_2_87758	GOSHIP-P18_161_1_22_132S_53m_2_87758
EastRiver_HyporheicZone_Cop_HZ_2020_08_08_85220_length_1708_cov_1.162555	EastRiver_HyporheicZone_Cop_HZ_2020_08_08_85220_length_1708_cov_1.162555
SPOT_01_15_2015_890_MG_42490	SPOT_01_15_2015_890_MG_42490
WaterYear_HC5_D1_16942919	WaterYear_HC5_D1_16942919
RPR_22_05_09_5_L_scaffold_584279	RPR_22_05_09_5_L_scaffold_584279
GuaymasBasin_2024_04_24_CC8_6-9cm_D5265_375099	GuaymasBasin_2024_04_24_CC8_6-9cm_D5265_375099
PH2017_25_DOB_D_A_scaffold_9832	PH2017_25_DOB_D_A_scaffold_9832
SW_scaffold_231695	SW_scaffold_231695
EastRiver_HyporheicZone_Rock_HZ_B_2021_07_10_62319_length_1697_cov_0.912102	EastRiver_HyporheicZone_Rock_HZ_B_2021_07_10_62319_length_1697_cov_0.912102
SPOT_01_16_2013_890_MG_39502	SPOT_01_16_2013_890_MG_39502
RES_21_09_03_R3_OX_MG_31191	RES_21_09_03_R3_OX_MG_31191
GuaymasBasin_2018_11_20_CC5_5-10cm_D4993_1221919	GuaymasBasin_2018_11_20_CC5_5-10cm_D4993_1221919
RPR_22_05_09_5_L_scaffold_590944	RPR_22_05_09_5_L_scaffold_590944
GuaymasBasin_2024_04_24_CC8_6-9cm_D5265_378298	GuaymasBasin_2024_04_24_CC8_6-9cm_D5265_378298
SW_scaffold_233225	SW_scaffold_233225
Petroleum-contam_soil_SRR29383098_scaffold_45918	Petroleum-contam_soil_SRR29383098_scaffold_45918
SW_scaffold_234816	SW_scaffold_234816
unicom2021_StrawCreek_N_Inocula_idba_scaffold_85157	unicom2021_StrawCreek_N_Inocula_idba_scaffold_85157
Petaluma_2024_03_20_S8_P10_0-20cm_bchr_61608	Petaluma_2024_03_20_S8_P10_0-20cm_bchr_61608
SRR17498766_aquifer_sediment_scaffold_50570	SRR17498766_aquifer_sediment_scaffold_50570
SCNpilot_cont_300_bf_scaffold_30896	SCNpilot_cont_300_bf_scaffold_30896
RifSed_csp1_16ft_3_scaffold_139099	RifSed_csp1_16ft_3_scaffold_139099
SW_scaffold_237106	SW_scaffold_237106
Quanzhou_Groundwater_SRR22387909_scaffold_72385	Quanzhou_Groundwater_SRR22387909_scaffold_72385
BML_02172017_9_0m_scaffold_9969	BML_02172017_9_0m_scaffold_9969
GOSHIP-P18_161_1_22_132S_53m_35471	GOSHIP-P18_161_1_22_132S_53m_35471
unicom2021_Eel_Fox_Inocula_idba_scaffold_40325	unicom2021_Eel_Fox_Inocula_idba_scaffold_40325
BML_08022017_1_5m_scaffold_19827	BML_08022017_1_5m_scaffold_19827
SRR6159086_Lake_Superior_sediment_scaffold_42434	SRR6159086_Lake_Superior_sediment_scaffold_42434
Landfill_SRR22315508_scaffold_249447	Landfill_SRR22315508_scaffold_249447
Landfill_SRR22315506_METASPADES_scaffold_310885	Landfill_SRR22315506_METASPADES_scaffold_310885
GuaymasBasin_2018_11_20_CC5_5-10cm_D4993_848390	GuaymasBasin_2018_11_20_CC5_5-10cm_D4993_848390
RL6_scaffold_100532	RL6_scaffold_100532
Weihai_Groundwater_SRR22388041_scaffold_144738	Weihai_Groundwater_SRR22388041_scaffold_144738
PH2015_16_idba_ud_scaffold_13274	PH2015_16_idba_ud_scaffold_13274
PH2015_16_idba_ud_scaffold_13274	PH2017_24_DOB_U_A_idba_ud_scaffold_18910
ALT_082018_0_1um_scaffold_46085	ALT_082018_0_1um_scaffold_46085
EastRiver_HyporheicZone_EAQ_HZ_A_2021_07_06_44186_length_2187_cov_1.682039	EastRiver_HyporheicZone_EAQ_HZ_A_2021_07_06_44186_length_2187_cov_1.682039
RES_21_09_03_R1_M2_MG_48243	RES_21_09_03_R1_M2_MG_48243
Zodletone_Water_assembly2018_k141_2862105	Zodletone_Water_assembly2018_k141_2862105
Yinchuan_Groundwater_SRR20309469_76429	Yinchuan_Groundwater_SRR20309469_76429
GuaymasBasin_2018_11_20_CC5_5-10cm_D4993_870790	GuaymasBasin_2018_11_20_CC5_5-10cm_D4993_870790
Mangrove_60-80cm_incl_SRR17658263_scaffold_144707	Mangrove_60-80cm_incl_SRR17658263_scaffold_144707
unicom2021_DBay_Mouth_Filter_idba_scaffold_102399	unicom2021_DBay_Mouth_Filter_idba_scaffold_102399
Landfill_SRR22315509_scaffold_214401	Landfill_SRR22315509_scaffold_214401
GXS_idba_scaffold_8255	GXS_idba_scaffold_8255
RTP_08282017_0_2um_scaffold_14842	RTP_08282017_0_2um_scaffold_14842
GuaymasBasin_2024_04_25_CC2_NAcm_D5266_melted_89782	GuaymasBasin_2024_04_25_CC2_NAcm_D5266_melted_89782
EastRiver_HyporheicZone_EAQ_HZ_2020_08_16_123554_length_2133_cov_2.829013	EastRiver_HyporheicZone_EAQ_HZ_2020_08_16_123554_length_2133_cov_2.829013
rifoxya1_full_scaffold_63991	rifoxya1_full_scaffold_63991
SR-VP_07_25_2022_A1_70cm_scaffold_108765	SR-VP_07_25_2022_A1_70cm_scaffold_108765
BML_06152017_9_75_scaffold_6997	BML_06152017_9_75_scaffold_6997
QZM_B1_scaffold_51153	QZM_B1_scaffold_51153
BML_08182015_8_5m_scaffold_26427	BML_08182015_8_5m_scaffold_26427
EastRiver_HyporheicZone_Rock_HZ_C_2021_07_10_69913_length_2121_cov_1.007523	EastRiver_HyporheicZone_Rock_HZ_C_2021_07_10_69913_length_2121_cov_1.007523
ERMLT366_2_scaffold_5454	ERMLT366_2_scaffold_5454
Quanzhou_Groundwater_SRR22387909_scaffold_50772	Quanzhou_Groundwater_SRR22387909_scaffold_50772
RPR_I_A1_k141_2743463	RPR_I_A1_k141_2743463
RPR_I_A1_k141_2743463	RPR_I_C1_k141_427607
CG_2015-01t_scaffold_36763	CG_2015-01t_scaffold_36763
SacSanJoaqDelta_STCK_4_2024_scaffold_177896	SacSanJoaqDelta_STCK_4_2024_scaffold_177896
SW_scaffold_165261	SW_scaffold_165261
Dalian_Groundwater_SRR22387933_scaffold_138467	Dalian_Groundwater_SRR22387933_scaffold_138467
SR-VP_9_9_2021_31_2B_1_5m_scaffold_44948	SR-VP_9_9_2021_31_2B_1_5m_scaffold_44948
QZM_A2_1_scaffold_30682	QZM_A2_1_scaffold_30682
SR-VP_9_9_2021_72_4B_1_05m_2_METASPADES_scaffold_271530	SR-VP_9_9_2021_72_4B_1_05m_2_METASPADES_scaffold_271530
SR-VP_9_9_2021_72_4B_1_05m_2_METASPADES_scaffold_271530	SR-VP_11_27_2022_S1_40cm_scaffold_100246
RHP_09252018_0_1um_scaffold_47389	RHP_09252018_0_1um_scaffold_47389
GuaymasBasin_2018_11_20_CC5_5-10cm_D4993_927628	GuaymasBasin_2018_11_20_CC5_5-10cm_D4993_927628
Songyuan_Groundwater_SRR22387755_scaffold_101199	Songyuan_Groundwater_SRR22387755_scaffold_101199
2013_115cm_scaffold_147875	2013_115cm_scaffold_147875
rifcsplowo2_12_scaffold_143713	rifcsplowo2_12_scaffold_143713
LacPavin_0419_WC53_scaffold_234604	LacPavin_0419_WC53_scaffold_234604
Zodletone_Water_assembly2018_k141_1821319	Zodletone_Water_assembly2018_k141_1821319
zodeltone_water_may_2017_k87_5323690	zodeltone_water_may_2017_k87_5323690
unicom2021_DBay_Inner_Filter_idba_scaffold_135790	unicom2021_DBay_Inner_Filter_idba_scaffold_135790
unicom2021_DBay_Inner_Filter_idba_scaffold_135790	unicom2021_DBay_Inner_Inocula_idba_scaffold_114260
CG_2015-04_scaffold_76261	CG_2015-04_scaffold_76261
SPOT_09_09_2015_890_MG_28950	SPOT_09_09_2015_890_MG_28950
BM_sediment_NODE_23742	BM_sediment_NODE_23742
SPOT_01_15_2015_890_MG_30648	SPOT_01_15_2015_890_MG_30648
RifSed_csp1_16ft_3_scaffold_99051	RifSed_csp1_16ft_3_scaffold_99051
Salt_Pond_R1_B_D2_MG_scaffold_46729	Salt_Pond_R1_B_D2_MG_scaffold_46729
EPICON_soil_drought_metaspades_scaffold_117875	EPICON_soil_drought_metaspades_scaffold_117875
unicom2021_StrawCreek_S_Filter_idba_scaffold_86059	unicom2021_StrawCreek_S_Filter_idba_scaffold_86059
LacPavin_0920_SED3_scaffold_429354	LacPavin_0920_SED3_scaffold_429354
SRR17498766_aquifer_sediment_scaffold_37376	SRR17498766_aquifer_sediment_scaffold_37376
GOSHIP-P18_177_1_22_180S_60m_51590	GOSHIP-P18_177_1_22_180S_60m_51590
RES_21_10_01_R1_M2_MG_76314	RES_21_10_01_R1_M2_MG_76314
Nantong_Groundwater_SRR22387873_scaffold_87731	Nantong_Groundwater_SRR22387873_scaffold_87731
zodeltone_water_may_2017_k87_11091178	zodeltone_water_may_2017_k87_11091178
RifSed_csp1_13ft_1_scaffold_282190	RifSed_csp1_13ft_1_scaffold_282190
RifSed_csp1_13ft_1_scaffold_282190	rifcsp_13ft_1_scaffold_265204
zodeltone_water_may_2017_k87_4048762	zodeltone_water_may_2017_k87_4048762
SPOT_01_16_2013_890_MG_29705	SPOT_01_16_2013_890_MG_29705
ALT_082018_0_1um_scaffold_51874	ALT_082018_0_1um_scaffold_51874
Salt_Pond_R1_C_D2_MG_scaffold_38700	Salt_Pond_R1_C_D2_MG_scaffold_38700
OR_08122015_6_scaffold_6396	OR_08122015_6_scaffold_6396
SacSanJoaqDelta_OBI_7_2024_scaffold_48475	SacSanJoaqDelta_OBI_7_2024_scaffold_48475
CyanoCom_Pilot_21_06_03_MG21_idba_sub60_scaffold_18424	CyanoCom_Pilot_21_06_03_MG21_idba_sub60_scaffold_18424
LacPavin_0920_SED5_scaffold_2988735	LacPavin_0920_SED5_scaffold_2988735
RES_21_07_07_R2_DP_MG_72364	RES_21_07_07_R2_DP_MG_72364
QC3_scaffold_30265	QC3_scaffold_30265
ERMGT157_2_scaffold_67909	ERMGT157_2_scaffold_67909
GuaymasBasin_2024_04_17_CC15_11-14cm_D5258_166792	GuaymasBasin_2024_04_17_CC15_11-14cm_D5258_166792
Quanzhou_Groundwater_SRR22387909_scaffold_56033	Quanzhou_Groundwater_SRR22387909_scaffold_56033
DarlingRiver_KC12a_1216214	DarlingRiver_KC12a_1216214
GuaymasBasin_2024_04_24_CC8_6-9cm_D5265_301524	GuaymasBasin_2024_04_24_CC8_6-9cm_D5265_301524
CyanoCom_Pilot_21_06_03_MG21_idba_mink40_scaffold_37049	CyanoCom_Pilot_21_06_03_MG21_idba_mink40_scaffold_37049
PLM4_90_b1_sep16_scaffold_23558	PLM4_90_b1_sep16_scaffold_23558
SRVP19_core_2_viral_idba_scaffold_64050	SRVP19_core_2_viral_idba_scaffold_64050
XiAn_Groundwater_SRR22388187_scaffold_119063	XiAn_Groundwater_SRR22388187_scaffold_119063
rifcsphigho2_01_scaffold_212739	rifcsphigho2_01_scaffold_212739
SRR6159086_Lake_Superior_sediment_scaffold_52212	SRR6159086_Lake_Superior_sediment_scaffold_52212
SacSanJoaqDelta_D22_1_2024_scaffold_115800	SacSanJoaqDelta_D22_1_2024_scaffold_115800
SW_scaffold_186873	SW_scaffold_186873
REG_22_11_18_Bulk_scaffold_181768	REG_22_11_18_Bulk_scaffold_181768
amazon_plume_scaffold_41157	amazon_plume_scaffold_41157
LakeTyrrell_22_A_6_coassembly_scaffold_150376	LakeTyrrell_22_A_6_coassembly_scaffold_150376
SW_scaffold_188804	SW_scaffold_188804
BML_08182015_8_5m_scaffold_15318	BML_08182015_8_5m_scaffold_15318
SR-VP_9_9_2021_19_2A_1_5m_scaffold_43095	SR-VP_9_9_2021_19_2A_1_5m_scaffold_43095
Salt_Pond_R2_A_D1_MG_scaffold_796	Salt_Pond_R2_A_D1_MG_scaffold_796
rifcsphigho2_12_scaffold_1756	rifcsphigho2_12_scaffold_1756
unicom2021_Eel_Fox_Filter_idba_scaffold_3075_extended_partial	unicom2021_Eel_Fox_Filter_idba_scaffold_3075_extended_partial
Landfill_SRR22315506_METASPADES_scaffold_2786	Landfill_SRR22315506_METASPADES_scaffold_2786
BML_coassembly_scaffold_8421	BML_coassembly_scaffold_8421
SacSanJoaquinDelta_PacBio_MD10A_6_19745_L	SacSanJoaquinDelta_PacBio_MD10A_6_19745_L
UBA583contig_664	UBA583contig_664
SCNpilot_expt_500_p_scaffold_671	SCNpilot_expt_500_p_scaffold_671
RTP_11222018_0_1um_scaffold_547	RTP_11222018_0_1um_scaffold_547
TrPN-GW-1_S43_scaffold_9093	TrPN-GW-1_S43_scaffold_9093
L3c2_full_scaffold_491	L3c2_full_scaffold_491
RiceMega_All12CReps_PSY1_PB_1634_L	RiceMega_All12CReps_PSY1_PB_1634_L
SacSanJoaquinDelta_PacBio_NZ_068_6_17249_L	SacSanJoaquinDelta_PacBio_NZ_068_6_17249_L
BML_02172017_6_5m_scaffold_405	BML_02172017_6_5m_scaffold_405
PAFVLPS_2018_J22_2_scaffold_703	PAFVLPS_2018_J22_2_scaffold_703
RiceMega_All12CReps_coassembly_PB_317190_L	RiceMega_All12CReps_coassembly_PB_317190_L
Glencore_WMB_08012019_0_1um_contig-140_21	Glencore_WMB_08012019_0_1um_contig-140_21
CG10_big_fil_rev_8_21_14_0.10_scaffold_4429	CG10_big_fil_rev_8_21_14_0.10_scaffold_4429
AWTP2_CTRL_FIELD_BULK_1_192	AWTP2_CTRL_FIELD_BULK_1_192
AWTP2_CTRL_FIELD_BULK_1_193	AWTP2_CTRL_FIELD_BULK_1_193
LacPavin_0920_SED4_scaffold_166383	LacPavin_0920_SED4_scaffold_166383
Salt_Pond_R1_B_D2_MG_scaffold_1106	Salt_Pond_R1_B_D2_MG_scaffold_1106
RiceMega_All12CReps_coassembly_PB_366066_L	RiceMega_All12CReps_coassembly_PB_366066_L
AWTP2_SAMPLE_RO2_BULK_4_680	AWTP2_SAMPLE_RO2_BULK_4_680
LacPavin_0419_WC53_scaffold_196225	LacPavin_0419_WC53_scaffold_196225
LacPavin_0419_WC53_scaffold_196225	LacPavin_0818_WC40_scaffold_755937
CG_2015-22_scaffold_679	CG_2015-22_scaffold_679
U2a1_full_idba_ud_scaffold_293	U2a1_full_idba_ud_scaffold_293
SacSanJoaquinDelta_PacBio_MD10A_6_9241_L	SacSanJoaquinDelta_PacBio_MD10A_6_9241_L
Crystal_Geyser_CG19_WC_8_21_14_NA_150_scaffold_3901	Crystal_Geyser_CG19_WC_8_21_14_NA_150_scaffold_3901
CG_2015-01t_scaffold_1319	CG_2015-01t_scaffold_1319
U3a1_full_idba_ud_scaffold_371	U3a1_full_idba_ud_scaffold_371
BML_coassembly_scaffold_3643	BML_coassembly_scaffold_3643
Salt_Pond_R2_A_D1_MG_scaffold_1143	Salt_Pond_R2_A_D1_MG_scaffold_1143
Salt_Pond_R2_A_D1_MG_scaffold_1143	Salt_Pond_R1_A_D2_MG_scaffold_1023
SW_scaffold_2474	SW_scaffold_2474
Alum_Rock_MS4_biofilm_3a_metaspades_scaffold_1434	Alum_Rock_MS4_biofilm_3a_metaspades_scaffold_1434
Alum_Rock_MS4_biofilm_3a_metaspades_scaffold_1434	AR2-0.1_scaffold_94
Alum_Rock_MS4_biofilm_3a_metaspades_scaffold_1434	AR1-0.1_scaffold_72
Alum_Rock_MS4_biofilm_3a_metaspades_scaffold_1434	AR_MS4_05142019_scaffold_1462
Alum_Rock_MS4_biofilm_3a_metaspades_scaffold_1434	AR2-0.65_scaffold_227
CG_2015-04_curated_scaffold_3447	CG_2015-04_curated_scaffold_3447
CG_2015-04_scaffold_3447	CG_2015-04_scaffold_3447
4Wh2oV_24h_scaffold_1230365	4Wh2oV_24h_scaffold_1230365
SW_scaffold_2555	SW_scaffold_2555
LacPavin_0920_SED5_scaffold_329627	LacPavin_0920_SED5_scaffold_329627
OR_11072017_0_5m_0_2um_scaffold_376	OR_11072017_0_5m_0_2um_scaffold_376
CG10_big_fil_rev_8_21_14_0.10_scaffold_1495	CG10_big_fil_rev_8_21_14_0.10_scaffold_1495
CG_4_10_14_0.2_scaffold_646_c	CG_4_10_14_0.2_scaffold_646_c
CG_4_10_14_0.2_scaffold_646_c	CG_4_10_14_0.2_scaffold_646
PH2015_14_idba_ud_scaffold_833	PH2015_14_idba_ud_scaffold_833
BML_07122017_9_5m_scaffold_706	BML_07122017_9_5m_scaffold_706
RiceMega_All12CReps_coassembly_PB_274708_L	RiceMega_All12CReps_coassembly_PB_274708_L
RPR_22_05_09_5_L_scaffold_7955	RPR_22_05_09_5_L_scaffold_7955
SacSanJoaqDelta_D4_1_2024_scaffold_46_extended_partial	SacSanJoaqDelta_D4_1_2024_scaffold_46_extended_partial
CG_2015-04_scaffold_1497	CG_2015-04_scaffold_1497
Ig18380_09V250M02_2020_2_scaffold_8846	Ig18380_09V250M02_2020_2_scaffold_8846
CG_2015-02_scaffold_3286	CG_2015-02_scaffold_3286
CG_2015-02_scaffold_3286	CG_2015-05_scaffold_2662
BML_coassembly_scaffold_3502	BML_coassembly_scaffold_3502
czo_bulk3_16_scaffold_1961	czo_bulk3_16_scaffold_1961
EastRiver_HyporheicZone_EAQ_C_coassembly_7932	EastRiver_HyporheicZone_EAQ_C_coassembly_7932
CG_2015-03_scaffold_1358	CG_2015-03_scaffold_1358
SacSanJoaquinDelta_PacBio_D28A_6_9036_L	SacSanJoaquinDelta_PacBio_D28A_6_9036_L
SacSanJoaquinDelta_PacBio_D28A_6_9693_L	SacSanJoaquinDelta_PacBio_D28A_6_9693_L
RIFCSPLOWO2_01_FULL_Chlamydiae_28_7_rifcsplowo2_01_scaffold_16043	RIFCSPLOWO2_01_FULL_Chlamydiae_28_7_rifcsplowo2_01_scaffold_16043
RIFCSPLOWO2_01_FULL_Chlamydiae_28_7_rifcsplowo2_01_scaffold_16043	rifcsplowo2_01_scaffold_16043
SRR17498766_aquifer_sediment_scaffold_856	SRR17498766_aquifer_sediment_scaffold_856
H2c2_full_scaffold_351	H2c2_full_scaffold_351
gwe2_scaffold_1925	gwe2_scaffold_1925
RiceMega_All12CReps_PSY2_PB_46736_L	RiceMega_All12CReps_PSY2_PB_46736_L
GuaymasBasin_2018_11_20_CC5_5-10cm_D4993_36462	GuaymasBasin_2018_11_20_CC5_5-10cm_D4993_36462
BML_08022017_1_5m_scaffold_821	BML_08022017_1_5m_scaffold_821
rifoxyd1_sub10_scaffold_263	rifoxyd1_sub10_scaffold_263
rifcsphigho2_12_scaffold_3106	rifcsphigho2_12_scaffold_3106
rifcsphigho2_12_scaffold_3106	rifcsplowo2_12_scaffold_2445
rifcsphigho2_12_scaffold_3106	RifSed_csp2_13ft_2_scaffold_2570
Salt_Pond_R1_A_D1_MG_scaffold_1714	Salt_Pond_R1_A_D1_MG_scaffold_1714
RiceMega_All12CReps_FN_PB_80595_L	RiceMega_All12CReps_FN_PB_80595_L
RifSed_csp2_13ft_1_scaffold_2441	RifSed_csp2_13ft_1_scaffold_2441
RifSed_csp2_13ft_1_scaffold_2441	rifcsphigho2_12_sub10_scaffold_97
LacPavin_0920_SED1_scaffold_65948	LacPavin_0920_SED1_scaffold_65948
LacPavin_0419_WC70S_scaffold_750676	LacPavin_0419_WC70S_scaffold_750676
Salt_Pond_R1_C_D2_MG_scaffold_1334	Salt_Pond_R1_C_D2_MG_scaffold_1334
Salt_Pond_R1_C_D2_MG_scaffold_1334	Salt_Pond_R2_A_D1_MG_scaffold_1466
SW_scaffold_3627	SW_scaffold_3627
GuaymasBasin_2024_04_24_CC8_6-9cm_D5265_9131	GuaymasBasin_2024_04_24_CC8_6-9cm_D5265_9131
CoronaMine_BoilerAditFilter_100nm_15_12_2024_PB_49367_L	CoronaMine_BoilerAditFilter_100nm_15_12_2024_PB_49367_L
Ig18379_09V250M02_2020_1_scaffold_4239	Ig18379_09V250M02_2020_1_scaffold_4239
Shanghai_Industrial_Park_soil_SRR23875558_scaffold_1066	Shanghai_Industrial_Park_soil_SRR23875558_scaffold_1066
ERMGT138_2_scaffold_900	ERMGT138_2_scaffold_900
AR_MS4_05142019_scaffold_2262	AR_MS4_05142019_scaffold_2262
AR_MS4_05142019_scaffold_2262	Alum_Rock_MS4_biofilm_1_scaffold_698
Salt_Pond_R1_A_D2_MG_scaffold_2025	Salt_Pond_R1_A_D2_MG_scaffold_2025
kurt_kritikos_18_scaffold_215853	kurt_kritikos_18_scaffold_215853
ALT_092018_0_1um_scaffold_453	ALT_092018_0_1um_scaffold_453
Salt_Pond_R1_B_D1_MG_scaffold_1982	Salt_Pond_R1_B_D1_MG_scaffold_1982
PAFVLPS_2018_J30_2_scaffold_1013	PAFVLPS_2018_J30_2_scaffold_1013
PAFVLPS_2018_J30_2_scaffold_1013	PAFVLPS_2018_scaffold_11859
BML_coassembly_scaffold_6468	BML_coassembly_scaffold_6468
PLM4_90_b1_sep16_scaffold_12096	PLM4_90_b1_sep16_scaffold_12096
AWTP2_SAMPLE_RO2_BULK_3_30370	AWTP2_SAMPLE_RO2_BULK_3_30370
LFLS_Au_Groundwater_PRJEB14718_scaffold_126178	LFLS_Au_Groundwater_PRJEB14718_scaffold_126178
RTP_04242018_0_2um_scaffold_23328	RTP_04242018_0_2um_scaffold_23328
Petaluma_2023_02_01_S2_P6_40-60cm_gr_40762	Petaluma_2023_02_01_S2_P6_40-60cm_gr_40762
FK_AMD_2014_scaffold_11502	FK_AMD_2014_scaffold_11502
CG08_land_8_20_14_0.20_scaffold_90691	CG08_land_8_20_14_0.20_scaffold_90691
SacSanJoaqDelta_MD10A_2_2024_scaffold_35863	SacSanJoaqDelta_MD10A_2_2024_scaffold_35863
SacSanJoaqDelta_MD10A_2_2024_scaffold_35863	SacSanJoaqDelta_D16_2_2024_scaffold_47291
SacSanJoaqDelta_MD10A_2_2024_scaffold_35863	SacSanJoaqDelta_MD10A_3_2024_scaffold_166838
LacPavin_0920_WC57_scaffold_708041	LacPavin_0920_WC57_scaffold_708041
WaterYear_HB9_D1_4958706	WaterYear_HB9_D1_4958706
U3a2_full_idba_ud_scaffold_8397	U3a2_full_idba_ud_scaffold_8397
Zodletone_Water_assembly2018_k141_1277808	Zodletone_Water_assembly2018_k141_1277808
RES_21_09_03_R1_RHZ_MG_22698	RES_21_09_03_R1_RHZ_MG_22698
GuaymasBasin_2018_11_20_CC5_5-10cm_D4993_664389	GuaymasBasin_2018_11_20_CC5_5-10cm_D4993_664389
Nantong_Groundwater_SRR22387873_scaffold_49841	Nantong_Groundwater_SRR22387873_scaffold_49841
RifSed_csp2_16ft_3_scaffold_147795	RifSed_csp2_16ft_3_scaffold_147795
unicom2021_DBay_Mouth_Inocula_idba_scaffold_54831	unicom2021_DBay_Mouth_Inocula_idba_scaffold_54831
GuaymasBasin_2024_04_25_CC2_NAcm_D5266_melted_67956	GuaymasBasin_2024_04_25_CC2_NAcm_D5266_melted_67956
Salt_Pond_R1_A_D1_MG_scaffold_34389	Salt_Pond_R1_A_D1_MG_scaffold_34389
SacSanJoaqDelta_MD10A_5_2024_scaffold_19720	SacSanJoaqDelta_MD10A_5_2024_scaffold_19720
DGJ10_2_scaffold_10901	DGJ10_2_scaffold_10901
JBCH_GD18_scaffold_504412	JBCH_GD18_scaffold_504412
LacPavin_0920_SED3_scaffold_3917564	LacPavin_0920_SED3_scaffold_3917564
GuaymasBasin_2018_11_20_CC5_5-10cm_D4993_694972	GuaymasBasin_2018_11_20_CC5_5-10cm_D4993_694972
Alum_Rock_MS11_bulk_metaspades_scaffold_18482	Alum_Rock_MS11_bulk_metaspades_scaffold_18482
LacPavin_0920_SED4_scaffold_1551271	LacPavin_0920_SED4_scaffold_1551271
Dalian_Groundwater_SRR22387926_scaffold_89407	Dalian_Groundwater_SRR22387926_scaffold_89407
FireProbiotic_12_4_24_5_C_11375456	FireProbiotic_12_4_24_5_C_11375456
scnpilot_cont_500_p_scaffold_21558	scnpilot_cont_500_p_scaffold_21558
LacPavin_0920_SED3_scaffold_2068304	LacPavin_0920_SED3_scaffold_2068304
CG_2015-03_scaffold_51486	CG_2015-03_scaffold_51486
Heimdall_2021_56504	Heimdall_2021_56504
Endo_scaffold_13721	Endo_scaffold_13721
PLM4_90_b2_sep16_scaffold_70036	PLM4_90_b2_sep16_scaffold_70036
Rotsee_Lake_ERR3687824_contig-140_39112	Rotsee_Lake_ERR3687824_contig-140_39112
Salt_Pond_R1_C_H2O_MG_scaffold_18079	Salt_Pond_R1_C_H2O_MG_scaffold_18079
JGI24023J19991_10029919	JGI24023J19991_10029919
Landfill_SRR22315508_scaffold_196796	Landfill_SRR22315508_scaffold_196796
LacPavin_0920_SED3_scaffold_4022214	LacPavin_0920_SED3_scaffold_4022214
Landfill_SRR22315506_METASPADES_scaffold_248447	Landfill_SRR22315506_METASPADES_scaffold_248447
FireProbiotic_12_4_24_5_C_4415578	FireProbiotic_12_4_24_5_C_4415578
Petroleum-contam_soil_SRR29383098_scaffold_21309	Petroleum-contam_soil_SRR29383098_scaffold_21309
SacSanJoaqDelta_CCH_4_2024_scaffold_100714	SacSanJoaqDelta_CCH_4_2024_scaffold_100714
rifcsphigho2_01_scaffold_150035	rifcsphigho2_01_scaffold_150035
Ig18379_09V250M02_2020_1_scaffold_37697	Ig18379_09V250M02_2020_1_scaffold_37697
amazon_plume_scaffold_25746	amazon_plume_scaffold_25746
RifSed_csp1_16ft_2_scaffold_82342	RifSed_csp1_16ft_2_scaffold_82342
WaterYear_AB5_D1_18255999	WaterYear_AB5_D1_18255999
SR-VP_11_27_2022_S1_60cm_scaffold_81867	SR-VP_11_27_2022_S1_60cm_scaffold_81867
Salt_Pond_R1_A_D1_MG_scaffold_38520	Salt_Pond_R1_A_D1_MG_scaffold_38520
Salt_Pond_R1_A_D1_MG_scaffold_38520	Salt_Pond_R1_B_D2_MG_scaffold_27612
JGI24023J19991_10031421	JGI24023J19991_10031421
SW_scaffold_131968	SW_scaffold_131968
GD2_3_scaffold_10345	GD2_3_scaffold_10345
Salt_Pond_R2_restored_C_black_MG_scaffold_39071	Salt_Pond_R2_restored_C_black_MG_scaffold_39071
Landfill_SRR22315506_METASPADES_scaffold_266536	Landfill_SRR22315506_METASPADES_scaffold_266536
ALT_082018_0_1um_scaffold_40508	ALT_082018_0_1um_scaffold_40508
REG_22_11_04_Bulk_scaffold_140882	REG_22_11_04_Bulk_scaffold_140882
WaterYear_HB4_D1_7531835	WaterYear_HB4_D1_7531835
JGI24724J26744_10032620	JGI24724J26744_10032620
EastRiver_HyporheicZone_Rock_HZ_A_2021_07_17_30513_length_2399_cov_1.610475	EastRiver_HyporheicZone_Rock_HZ_A_2021_07_17_30513_length_2399_cov_1.610475
CG_2015-19_scaffold_40092	CG_2015-19_scaffold_40092
RES_21_10_01_R1_RHZ_MG_52320	RES_21_10_01_R1_RHZ_MG_52320
BML_08022017_6_5m_scaffold_5428	BML_08022017_6_5m_scaffold_5428
GOSHIP-P18_196_1_17_238S_648m_2_33261	GOSHIP-P18_196_1_17_238S_648m_2_33261
NODE_61700_length_2374_cov_5.183269	NODE_61700_length_2374_cov_5.183269
SW_scaffold_136949	SW_scaffold_136949
Landfill_SRR22315509_scaffold_178541	Landfill_SRR22315509_scaffold_178541
WaterYear_HC3_D1_9849001	WaterYear_HC3_D1_9849001
SR-VP_9_9_2021_72_4B_1_05m_2_METASPADES_scaffold_225134	SR-VP_9_9_2021_72_4B_1_05m_2_METASPADES_scaffold_225134
PH2017_18_LLB_O_A_scaffold_12210	PH2017_18_LLB_O_A_scaffold_12210
BML_05172017_9_9m_scaffold_8969	BML_05172017_9_9m_scaffold_8969
EastRiver_HyporheicZone_EAQ_R_2021_07_06_30868_length_2351_cov_1.961781	EastRiver_HyporheicZone_EAQ_R_2021_07_06_30868_length_2351_cov_1.961781
PH2017_12_PCY_D_A_scaffold_5663	PH2017_12_PCY_D_A_scaffold_5663
U2c1_full_idba_ud_scaffold_52289	U2c1_full_idba_ud_scaffold_52289
GOSHIP-P18_121_1_22_11S_69m_22895	GOSHIP-P18_121_1_22_11S_69m_22895
LacPavin_0920_WC12_scaffold_1002606	LacPavin_0920_WC12_scaffold_1002606
ERMLT366_2_scaffold_16693	ERMLT366_2_scaffold_16693
Weihai_Groundwater_SRR22388041_scaffold_133276	Weihai_Groundwater_SRR22388041_scaffold_133276
czo_rhiz3_16_scaffold_114399	czo_rhiz3_16_scaffold_114399
SR-VP_11_27_2022_S1_40cm_scaffold_106278	SR-VP_11_27_2022_S1_40cm_scaffold_106278
SW_scaffold_143297	SW_scaffold_143297
MNwildrice_BRL_hybrid_178048	MNwildrice_BRL_hybrid_178048
SPOT_09_09_2015_890_MG_23869	SPOT_09_09_2015_890_MG_23869
SR-VP_07_25_2022_A1_60cm_MG_illumina_31448	SR-VP_07_25_2022_A1_60cm_MG_illumina_31448
LacPavin_0419_WC53_scaffold_131655	LacPavin_0419_WC53_scaffold_131655
Alum_Rock_MS11_biofilm_2_metaspades_scaffold_22655	Alum_Rock_MS11_biofilm_2_metaspades_scaffold_22655
SRVP19_core_2_viral_idba_scaffold_50841	SRVP19_core_2_viral_idba_scaffold_50841
StrawberryCreek_0_1_micro_water_09_04_2025_scaffold_289115	StrawberryCreek_0_1_micro_water_09_04_2025_scaffold_289115
EastRiver_HyporheicZone_EAQ_HZ_A_2021_07_13_43248_length_2284_cov_3.498841	EastRiver_HyporheicZone_EAQ_HZ_A_2021_07_13_43248_length_2284_cov_3.498841
GD2_3_scaffold_11617	GD2_3_scaffold_11617
Landfill_SRR22315508_scaffold_241008	Landfill_SRR22315508_scaffold_241008
Landfill_SRR22315506_METASPADES_scaffold_300978	Landfill_SRR22315506_METASPADES_scaffold_300978
REG_22_09_28_KiT_scaffold_230884	REG_22_09_28_KiT_scaffold_230884
WaterYear_HB5_D5_23025332	WaterYear_HB5_D5_23025332
Landfill_SRR22315506_METASPADES_scaffold_304620	Landfill_SRR22315506_METASPADES_scaffold_304620
GXS_scaffold_7401	GXS_scaffold_7401
LacPavin_0920_SED3_scaffold_190777	LacPavin_0920_SED3_scaffold_190777
RHP_06252018_0_1um_scaffold_2527	RHP_06252018_0_1um_scaffold_2527
Sage1_L_40_16_scaffold_5163	Sage1_L_40_16_scaffold_5163
OG3W_scaffold_513	OG3W_scaffold_513
Salt_Pond_R1_A_D2_MG_scaffold_4122	Salt_Pond_R1_A_D2_MG_scaffold_4122
rifcsplowo2_02_scaffold_7825	rifcsplowo2_02_scaffold_7825
CoronaMine_BoilerAditFilter_2500nm_15_12_2024_PB_27531_L	CoronaMine_BoilerAditFilter_2500nm_15_12_2024_PB_27531_L
QC3_scaffold_2144	QC3_scaffold_2144
CG_2015-05_scaffold_4277	CG_2015-05_scaffold_4277
AWTP2_SAMPLE_INF_BULK_3_2763	AWTP2_SAMPLE_INF_BULK_3_2763
RiceMega_All12CReps_coassembly_PB_44631_L	RiceMega_All12CReps_coassembly_PB_44631_L
RiceMega_All12CReps_coassembly_PB_44631_L	RiceMega_All12CReps_PSY2_PB_29711_L
Hudbay_FFSTPCO_102019_0_1um_contig-140_379	Hudbay_FFSTPCO_102019_0_1um_contig-140_379
LacPavin_0920_SED4_scaffold_2219140	LacPavin_0920_SED4_scaffold_2219140
EastRiver_HyporheicZone_PH_HZ_2021_07_08_741_length_11991_cov_5.556305	EastRiver_HyporheicZone_PH_HZ_2021_07_08_741_length_11991_cov_5.556305
Zodletone_Water_assembly2018_k141_2002578	Zodletone_Water_assembly2018_k141_2002578
WaterYear_AA5_D1_10044815	WaterYear_AA5_D1_10044815
Landfill_SRR22315508_scaffold_14133	Landfill_SRR22315508_scaffold_14133
LacPavin_0920_SED4_scaffold_613049	LacPavin_0920_SED4_scaffold_613049
LacPavin_0920_SED4_scaffold_613049	LacPavin_0920_SED2_scaffold_1428272
BML_02172017_6_5m_scaffold_523	BML_02172017_6_5m_scaffold_523
BML_02172017_6_5m_scaffold_523	BML_08042016_9_3m_scaffold_350
BML_02172017_6_5m_scaffold_523	BML_05172017_7_5m_scaffold_555
BML_02172017_6_5m_scaffold_523	BML_08042016_1_5m_scaffold_657
BML_02172017_6_5m_scaffold_523	BML_09012016_9m_scaffold_1302
RPR_SA_C1_RPR_SA_C1_scaffold_k141_3286925	RPR_SA_C1_RPR_SA_C1_scaffold_k141_3286925
BC_09192017_0_5m_scaffold_7861	BC_09192017_0_5m_scaffold_7861
BML_02172017_0m_scaffold_1193	BML_02172017_0m_scaffold_1193
CG_2015-01t_scaffold_3242	CG_2015-01t_scaffold_3242
Mangrove_60-80cm_incl_SRR17658263_scaffold_5020	Mangrove_60-80cm_incl_SRR17658263_scaffold_5020
SW_scaffold_10301	SW_scaffold_10301
L2a2_full_idba_ud_scaffold_5013	L2a2_full_idba_ud_scaffold_5013
Sage1_R_60_16_scaffold_10649	Sage1_R_60_16_scaffold_10649
Sage1_R_60_16_scaffold_10649	Sage1_L_60_16_scaffold_7246
Sage1_R_60_16_scaffold_10649	Sage1_L_80_16_scaffold_5583
rifoxyd2_full_scaffold_1872	rifoxyd2_full_scaffold_1872
PH2017_24_DOB_U_A_scaffold_716	PH2017_24_DOB_U_A_scaffold_716
PH2017_24_DOB_U_A_scaffold_716	PH2017_24_DOB_U_A_idba_ud_scaffold_921
Sage1_R_60_16_scaffold_19948	Sage1_R_60_16_scaffold_19948
rifoxyb1_full_scaffold_4787	rifoxyb1_full_scaffold_4787
S25_BME25_2251828	S25_BME25_2251828
SW_scaffold_10711	SW_scaffold_10711
Landfill_SRR22315506_METASPADES_scaffold_17329	Landfill_SRR22315506_METASPADES_scaffold_17329
RHP_10142018_0_1um_scaffold_7478	RHP_10142018_0_1um_scaffold_7478
Salt_Pond_R2_B_D2_MG_scaffold_6651	Salt_Pond_R2_B_D2_MG_scaffold_6651
Zodletone_Water_assembly2018_k141_971048	Zodletone_Water_assembly2018_k141_971048
2013_40cm_scaffold_3273	2013_40cm_scaffold_3273
2013_40cm_scaffold_3273	2013_100cm_scaffold_3517
LacPavin_0818_WC40_scaffold_613379	LacPavin_0818_WC40_scaffold_613379
BML_coassembly_scaffold_46944	BML_coassembly_scaffold_46944
S38_S2-5_scaffold_65701	S38_S2-5_scaffold_65701
SW_scaffold_11515	SW_scaffold_11515
LacPavin_0818_WC40_scaffold_379472	LacPavin_0818_WC40_scaffold_379472
SPRUCE_SRR7028199_4484	SPRUCE_SRR7028199_4484
SPRUCE_SRR7028199_4484	June2016WEW_17_150_idba_scaffold_4113
Rifle_16ft_4_minimus_24303	Rifle_16ft_4_minimus_24303
Petroleum-contam_soil_SRR29383098_scaffold_2108	Petroleum-contam_soil_SRR29383098_scaffold_2108
SCNpilot_cont_1000_p_scaffold_3860	SCNpilot_cont_1000_p_scaffold_3860
BML_07122017_9_5m_scaffold_1469	BML_07122017_9_5m_scaffold_1469
SPRUCE_SRR13201612_14053	SPRUCE_SRR13201612_14053
SR-VP_9_9_2021_31_2B_1_5m_scaffold_3826	SR-VP_9_9_2021_31_2B_1_5m_scaffold_3826
SR-VP_07_25_2022_A4_70cm_scaffold_6823	SR-VP_07_25_2022_A4_70cm_scaffold_6823
RPR_22_05_09_5_L_scaffold_36980	RPR_22_05_09_5_L_scaffold_36980
H2c1_full_idba_ud_scaffold_17526	H2c1_full_idba_ud_scaffold_17526
EastRiver_HyporheicZone_PH_HZ_2021_07_08_1075_length_9980_cov_5.419669	EastRiver_HyporheicZone_PH_HZ_2021_07_08_1075_length_9980_cov_5.419669
L1a1_full_idba_ud_scaffold_2579	L1a1_full_idba_ud_scaffold_2579
GD2_1_scaffold_3310	GD2_1_scaffold_3310
RiceMega_All12CReps_coassembly_PB_371583_L	RiceMega_All12CReps_coassembly_PB_371583_L
L2m2_full_scaffold_5315	L2m2_full_scaffold_5315
Salt_Pond_R1_C_H2O_MG_scaffold_2039	Salt_Pond_R1_C_H2O_MG_scaffold_2039
BC_09192017_0_5m_scaffold_3352	BC_09192017_0_5m_scaffold_3352
CG_2015-24_scaffold_3716	CG_2015-24_scaffold_3716
BML_05172017_8_0m_scaffold_1417	BML_05172017_8_0m_scaffold_1417
Landfill_SRR22315506_METASPADES_scaffold_22598	Landfill_SRR22315506_METASPADES_scaffold_22598
SR1-18-B1_scaffold_488946	SR1-18-B1_scaffold_488946
PH2015_10_idba_ud_scaffold_751	PH2015_10_idba_ud_scaffold_751
SW_scaffold_14613	SW_scaffold_14613
QZM_D2_scaffold_2839	QZM_D2_scaffold_2839
Landfill_SRR22315506_METASPADES_scaffold_23464	Landfill_SRR22315506_METASPADES_scaffold_23464
Zodeltone_water_scaffold_126061	Zodeltone_water_scaffold_126061
Zodeltone_water_scaffold_126061	Zodletone_Water_assembly2018_k141_2008776
Salt_Pond_R2_B_D2_MG_scaffold_8283	Salt_Pond_R2_B_D2_MG_scaffold_8283
Salt_Pond_R2_B_D2_MG_scaffold_8283	Salt_Pond_R1_A_D1_MG_scaffold_4563
SW_scaffold_39658	SW_scaffold_39658
SW_scaffold_14949	SW_scaffold_14949
PH2017_16_JOR_D_A_scaffold_493	PH2017_16_JOR_D_A_scaffold_493
Weihai_Groundwater_SRR22388041_scaffold_14516	Weihai_Groundwater_SRR22388041_scaffold_14516
SacSanJoaqDelta_SYC_7_2024_scaffold_677	SacSanJoaqDelta_SYC_7_2024_scaffold_677
JGI24024J18818_10001755	JGI24024J18818_10001755
zodeltone_water_may_2017_k87_13838562	zodeltone_water_may_2017_k87_13838562
AB_072018_0_1um_scaffold_1548	AB_072018_0_1um_scaffold_1548
FireProbiotic_1_30_24_0_Ex_5117048	FireProbiotic_1_30_24_0_Ex_5117048
SCNpilot_cont_750_bf_scaffold_8249	SCNpilot_cont_750_bf_scaffold_8249
StrawberryCreek_0_1_micro_water_09_04_2025_scaffold_25913	StrawberryCreek_0_1_micro_water_09_04_2025_scaffold_25913
SW_scaffold_299859	SW_scaffold_299859
S28_BME28_231148	S28_BME28_231148
Landfill_SRR22315509_scaffold_545276	Landfill_SRR22315509_scaffold_545276
PH2017_24_DOB_U_A_scaffold_22792	PH2017_24_DOB_U_A_scaffold_22792
PH2017_24_DOB_U_A_scaffold_22792	PH2015_16_scaffold_26758
PH2017_24_DOB_U_A_scaffold_22792	PH2017_24_DOB_U_A_scaffold_26284
PH2017_24_DOB_U_A_scaffold_22792	PH2015_16_scaffold_2409
RifSed_csp1_19ft_2_scaffold_217937	RifSed_csp1_19ft_2_scaffold_217937
amazon_river_scaffold_17287	amazon_river_scaffold_17287
GuaymasBasin_2018_11_20_CC5_5-10cm_D4993_1548480	GuaymasBasin_2018_11_20_CC5_5-10cm_D4993_1548480
SacSanJoaqDelta_SYC_7_2024_scaffold_52129	SacSanJoaqDelta_SYC_7_2024_scaffold_52129
EastRiver_HyporheicZone_EAQ_HZ_A_2021_07_06_124356_length_1418_cov_0.903950	EastRiver_HyporheicZone_EAQ_HZ_A_2021_07_06_124356_length_1418_cov_0.903950
Quanzhou_Groundwater_SRR22387909_scaffold_92278	Quanzhou_Groundwater_SRR22387909_scaffold_92278
QZM_B1_scaffold_86287	QZM_B1_scaffold_86287
SacSanJoaqDelta_D26_1_2024_scaffold_37236	SacSanJoaqDelta_D26_1_2024_scaffold_37236
SacSanJoaqDelta_D26_1_2024_scaffold_37236	SacSanJoaqDelta_D16_2_2024_scaffold_119427
GuaymasBasin_2024_04_23_Crock_NAcm_D5264_under_408037	GuaymasBasin_2024_04_23_Crock_NAcm_D5264_under_408037
Mangrove_60-80cm_incl_SRR17658263_scaffold_370006	Mangrove_60-80cm_incl_SRR17658263_scaffold_370006
PH2015_16_idba_ud_scaffold_26480	PH2015_16_idba_ud_scaffold_26480
StrawberryCreek_site_D_sediment_09_04_2025_scaffold_5672147	StrawberryCreek_site_D_sediment_09_04_2025_scaffold_5672147
EastRiver_HyporheicZone_Rock_HZ_A_2021_07_17_147042_length_1393_cov_1.041074	EastRiver_HyporheicZone_Rock_HZ_A_2021_07_17_147042_length_1393_cov_1.041074
SPOT_09_18_2013_890_MG_36668	SPOT_09_18_2013_890_MG_36668
Landfill_SRR22315509_scaffold_583180	Landfill_SRR22315509_scaffold_583180
GD2_1_scaffold_62787	GD2_1_scaffold_62787
Drinking_water_distribution_systems_PRJEB40814_scaffold_149867	Drinking_water_distribution_systems_PRJEB40814_scaffold_149867
CG_4_9_14_0.2_um_filter_scaffold_67245	CG_4_9_14_0.2_um_filter_scaffold_67245
ERMLT760_16_10D_scaffold_18334	ERMLT760_16_10D_scaffold_18334
SacSanJoaqDelta_STCK_4_2024_scaffold_151402	SacSanJoaqDelta_STCK_4_2024_scaffold_151402
EastRiver_HyporheicZone_Rock_HZ_C_2021_07_10_215458_length_1382_cov_1.920319	EastRiver_HyporheicZone_Rock_HZ_C_2021_07_10_215458_length_1382_cov_1.920319
SR-VP_9_9_2021_72_4B_1_05m_scaffold_84110	SR-VP_9_9_2021_72_4B_1_05m_scaffold_84110
FireProbiotic_12_4_24_5_UN_4019259	FireProbiotic_12_4_24_5_UN_4019259
SPRUCE_SRR5824232_49614	SPRUCE_SRR5824232_49614
CG_4_10_14_0.8_um_filter_scaffold_88717	CG_4_10_14_0.8_um_filter_scaffold_88717
SR-VP_9_9_2021_19_2A_1_5m_scaffold_80055	SR-VP_9_9_2021_19_2A_1_5m_scaffold_80055
DD1A66SP2S21A_scaffold_34190	DD1A66SP2S21A_scaffold_34190
PH2015_12_scaffold_12494	PH2015_12_scaffold_12494
PH2015_12_scaffold_12494	PH2015_12_idba_ud_scaffold_12434
Salt_Pond_R2_A_D1_MG_scaffold_118425	Salt_Pond_R2_A_D1_MG_scaffold_118425
amazon_plume_scaffold_79949	amazon_plume_scaffold_79949
CG_2015-17_scaffold_131354	CG_2015-17_scaffold_131354
CG_2015-17_scaffold_131354	CG_2015-15_scaffold_122508
CG_2015-17_scaffold_131354	CG23_sub10_150_scaffold_31883
unicom2021_DBay_Mouth_5um_Filter_idba_scaffold_160683	unicom2021_DBay_Mouth_5um_Filter_idba_scaffold_160683
unicom2021_DBay_Mouth_Inocula_idba_scaffold_176695	unicom2021_DBay_Mouth_Inocula_idba_scaffold_176695
Germany_Groundwater_SRR11614986_scaffold_127548	Germany_Groundwater_SRR11614986_scaffold_127548
BML_08042016_6_5m_scaffold_19603	BML_08042016_6_5m_scaffold_19603
QC4_scaffold_72962	QC4_scaffold_72962
Landfill_SRR22315506_METASPADES_scaffold_904028	Landfill_SRR22315506_METASPADES_scaffold_904028
Hudbay_BKGD_102019_0_1um_contig-140_24269	Hudbay_BKGD_102019_0_1um_contig-140_24269
Landfill_SRR22315506_METASPADES_scaffold_910598	Landfill_SRR22315506_METASPADES_scaffold_910598
unicom2021_DBay_Mouth_Filter_idba_scaffold_230366	unicom2021_DBay_Mouth_Filter_idba_scaffold_230366
Weihai_Groundwater_SRR22388041_scaffold_350594	Weihai_Groundwater_SRR22388041_scaffold_350594
SPOT_09_18_2013_890_MG_39390	SPOT_09_18_2013_890_MG_39390
SacSanJoaqDelta_SMS_1_2024_scaffold_837345	SacSanJoaqDelta_SMS_1_2024_scaffold_837345
SPOT_01_16_2013_890_MG_59963	SPOT_01_16_2013_890_MG_59963
SR-VP_9_9_2021_59_4A_0_85m_scaffold_86068	SR-VP_9_9_2021_59_4A_0_85m_scaffold_86068
WaterYear_HC3_D1_16129914	WaterYear_HC3_D1_16129914
MV1S112SP2S24A_scaffold_147272	MV1S112SP2S24A_scaffold_147272
SacSanJoaqDelta_D28A_1_2024_scaffold_115483	SacSanJoaqDelta_D28A_1_2024_scaffold_115483
SR-VP_9_9_2021_72_4B_1_05m_2_METASPADES_scaffold_554227	SR-VP_9_9_2021_72_4B_1_05m_2_METASPADES_scaffold_554227
RifSed_csp1_10ft_1_notmapped_to1911g_scaffold_184812	RifSed_csp1_10ft_1_notmapped_to1911g_scaffold_184812
RifSed_csp1_10ft_1_notmapped_to1911g_scaffold_184812	RifSed_csp1_16ft_1_scaffold_214145
unicom2021_DBay_Mouth_5um_Filter_idba_scaffold_167230	unicom2021_DBay_Mouth_5um_Filter_idba_scaffold_167230
HS2274O.8.22_scaffold_61072	HS2274O.8.22_scaffold_61072
WaterYear_AB5_D1_20279547	WaterYear_AB5_D1_20279547
ALT_04162018_0_2um_scaffold_62634	ALT_04162018_0_2um_scaffold_62634
S_p1_S3_170907_scaffold_1277178	S_p1_S3_170907_scaffold_1277178
SW_scaffold_345819	SW_scaffold_345819
SPOT_01_16_2013_890_MG_61730	SPOT_01_16_2013_890_MG_61730
JGI24724J26744_10073944	JGI24724J26744_10073944
Salt_Pond_R1_A_D2_MG_scaffold_82487	Salt_Pond_R1_A_D2_MG_scaffold_82487
Landfill_SRR22315508_scaffold_765996	Landfill_SRR22315508_scaffold_765996
Sage1_R_100_16_scaffold_257879	Sage1_R_100_16_scaffold_257879
CG_4_10_14_0.2_scaffold_67183	CG_4_10_14_0.2_scaffold_67183
EastRiver_HyporheicZone_EAQ_C_coassembly_1223641	EastRiver_HyporheicZone_EAQ_C_coassembly_1223641
Mangrove_60-80cm_incl_SRR17658263_scaffold_435718	Mangrove_60-80cm_incl_SRR17658263_scaffold_435718
QZM_A2_scaffold_58337	QZM_A2_scaffold_58337
HS2253O.5.15_scaffold_248702	HS2253O.5.15_scaffold_248702
RTP_04242018_0_2um_scaffold_68378	RTP_04242018_0_2um_scaffold_68378
RES_21_06_09_R2_OX_MG_37889	RES_21_06_09_R2_OX_MG_37889
Petaluma_2024_05_01_S9_P11_0-20cm_mix_260910	Petaluma_2024_05_01_S9_P11_0-20cm_mix_260910
QZM_A2_3_scaffold_57927	QZM_A2_3_scaffold_57927
CyanoCom_Pilot_21_06_03_MG20_idba_sub60_scaffold_33600	CyanoCom_Pilot_21_06_03_MG20_idba_sub60_scaffold_33600
HS2274O.8.22_scaffold_110506	HS2274O.8.22_scaffold_110506
BML_09012016_5m_scaffold_25819	BML_09012016_5m_scaffold_25819
rifcsphigho2_01_scaffold_385342	rifcsphigho2_01_scaffold_385342
CG_2015-03_scaffold_143746	CG_2015-03_scaffold_143746
AWTP2_CTRL_FIELD_BULK_1_7488	AWTP2_CTRL_FIELD_BULK_1_7488
EelRiver_SF_N2_210922_idba_scaffold_65663	EelRiver_SF_N2_210922_idba_scaffold_65663
CG_2015-07_scaffold_81001	CG_2015-07_scaffold_81001
L1a1_full_idba_ud_scaffold_51968	L1a1_full_idba_ud_scaffold_51968
BML_coassembly_scaffold_226129	BML_coassembly_scaffold_226129
PH2017_25_DOB_D_A_idba_ud_scaffold_12893	PH2017_25_DOB_D_A_idba_ud_scaffold_12893
LacPavin_0920_SED3_scaffold_2449154	LacPavin_0920_SED3_scaffold_2449154
SacSanJoaqDelta_D12_1_2024_scaffold_66607	SacSanJoaqDelta_D12_1_2024_scaffold_66607
EastRiver_HyporheicZone_EAQ_C_coassembly_1306990	EastRiver_HyporheicZone_EAQ_C_coassembly_1306990
SR-VP_07_25_2022_A1_100cm_scaffold_336349	SR-VP_07_25_2022_A1_100cm_scaffold_336349
WaterYear_HC3_D1_15724878	WaterYear_HC3_D1_15724878
SPOT_07_23_2014_890_MG_73583	SPOT_07_23_2014_890_MG_73583
Alum_Rock_MS11_bulk_metaspades_scaffold_44442	Alum_Rock_MS11_bulk_metaspades_scaffold_44442
GuaymasBasin_2024_04_17_CC15_11-14cm_D5258_355790	GuaymasBasin_2024_04_17_CC15_11-14cm_D5258_355790
Salt_Pond_R1_C_D2_MG_scaffold_83370	Salt_Pond_R1_C_D2_MG_scaffold_83370
Landfill_SRR22315508_scaffold_837800	Landfill_SRR22315508_scaffold_837800
GuaymasBasin_2018_11_20_CC5_5-10cm_D4993_1834515	GuaymasBasin_2018_11_20_CC5_5-10cm_D4993_1834515
EastRiver_HyporheicZone_EAQ_HZ_A_2021_07_13_208103_length_1252_cov_0.910222	EastRiver_HyporheicZone_EAQ_HZ_A_2021_07_13_208103_length_1252_cov_0.910222
AndersonMarsh_2021_09_11_4A_55cm_METASPADES_scaffold_307198	AndersonMarsh_2021_09_11_4A_55cm_METASPADES_scaffold_307198
RES_21_09_03_R2_OX_MG_138917	RES_21_09_03_R2_OX_MG_138917
SPOT_01_15_2014_890_MG_70799	SPOT_01_15_2014_890_MG_70799
scnpilot_expt_750_p_scaffold_43917	scnpilot_expt_750_p_scaffold_43917
PH2017_11_PCY_U_A_scaffold_12097	PH2017_11_PCY_U_A_scaffold_12097
ALT_092018_0_1um_scaffold_40397	ALT_092018_0_1um_scaffold_40397
Yiyang_Groundwater_SRR22387956_scaffold_187574	Yiyang_Groundwater_SRR22387956_scaffold_187574
Yiyang_Groundwater_SRR22387956_scaffold_187574	unicom2021_DBay_Mouth_Inocula_idba_scaffold_150071
SR-VP_9_9_2021_72_4B_1_05m_scaffold_102082	SR-VP_9_9_2021_72_4B_1_05m_scaffold_102082
Endo_scaffold_29624	Endo_scaffold_29624
PAFVLPS_2018_J26_2_scaffold_58466	PAFVLPS_2018_J26_2_scaffold_58466
QZM_A2_3_scaffold_62112	QZM_A2_3_scaffold_62112
PLM4_90_b1_sep16_scaffold_136278	PLM4_90_b1_sep16_scaffold_136278
AB_092018_0_1um_scaffold_97954	AB_092018_0_1um_scaffold_97954
SacSanJoaqDelta_P8_7_2024_scaffold_48972	SacSanJoaqDelta_P8_7_2024_scaffold_48972
RifSed_csp1_19ft_3_scaffold_303988	RifSed_csp1_19ft_3_scaffold_303988
RifSed_csp1_19ft_3_scaffold_303988	rifoxya1_sub10_scaffold_4561
RifSed_csp1_19ft_3_scaffold_303988	RifSed_csp1_16ft_1_scaffold_192025
2013_60cm_scaffold_206267	2013_60cm_scaffold_206267
EastRiver_Drought_Site2_10cm_R1_T1_53795	EastRiver_Drought_Site2_10cm_R1_T1_53795
SPOT_01_15_2015_890_MG_79980	SPOT_01_15_2015_890_MG_79980
SPOT_01_15_2015_890_MG_79980	SPOT_07_14_2015_890_MG_66800
RifSed_csp1_10ft_2_scaffold_186783	RifSed_csp1_10ft_2_scaffold_186783
SW_scaffold_387293	SW_scaffold_387293
PH2017_25_DOB_D_A_scaffold_12840	PH2017_25_DOB_D_A_scaffold_12840
RES_21_09_03_R3_OX_MG_64734	RES_21_09_03_R3_OX_MG_64734
unicom2021_StrawCreek_N_Filter_idba_scaffold_114899	unicom2021_StrawCreek_N_Filter_idba_scaffold_114899
GOSHIP-P18_157_2_23_121S_40m_2_105279	GOSHIP-P18_157_2_23_121S_40m_2_105279
EastRiver_08_14_2020_HR_Shumway_211015_length_1208_cov_1.738942	EastRiver_08_14_2020_HR_Shumway_211015_length_1208_cov_1.738942
AndersonMarsh_2021_09_11_1A_15cm_METASPADES_scaffold_355637	AndersonMarsh_2021_09_11_1A_15cm_METASPADES_scaffold_355637
SacSanJoaqDelta_MD10A_1_2024_scaffold_123951	SacSanJoaqDelta_MD10A_1_2024_scaffold_123951
Salt_Pond_R1_C_D2_MG_scaffold_89120	Salt_Pond_R1_C_D2_MG_scaffold_89120
DarlingRiver_KC12a_1677127	DarlingRiver_KC12a_1677127
Landfill_SRR22315506_METASPADES_scaffold_1142937	Landfill_SRR22315506_METASPADES_scaffold_1142937
AndersonMarsh_2021_09_11_7B_40cm_METASPADES_scaffold_503657	AndersonMarsh_2021_09_11_7B_40cm_METASPADES_scaffold_503657
SPOT_10_01_2014_890_MG_77887	SPOT_10_01_2014_890_MG_77887
SW_scaffold_395234	SW_scaffold_395234
RifSed_csp1_16ft_4_scaffold_210490	RifSed_csp1_16ft_4_scaffold_210490
RES_21_09_03_R2_OX_MG_154289	RES_21_09_03_R2_OX_MG_154289
Landfill_SRR22315506_METASPADES_scaffold_1157608	Landfill_SRR22315506_METASPADES_scaffold_1157608
SR-VP_9_9_2021_17_2A_1_6m_scaffold_102167	SR-VP_9_9_2021_17_2A_1_6m_scaffold_102167
GOSHIP-P18_157_2_12_115S_1103m_96504	GOSHIP-P18_157_2_12_115S_1103m_96504
EastRiver_HyporheicZone_EAQ_HZ_C_2021_07_13_359679_length_1191_cov_1.567669	EastRiver_HyporheicZone_EAQ_HZ_C_2021_07_13_359679_length_1191_cov_1.567669
LacPavin_0920_SED1_scaffold_876185	LacPavin_0920_SED1_scaffold_876185
S8_BM2017_sediment_scaffold_118013	S8_BM2017_sediment_scaffold_118013
LacPavin_0419_WC53_scaffold_376870	LacPavin_0419_WC53_scaffold_376870
Landfill_SRR22315508_scaffold_950004	Landfill_SRR22315508_scaffold_950004
Weihai_Groundwater_SRR22388041_scaffold_439798	Weihai_Groundwater_SRR22388041_scaffold_439798
Salt_Pond_R1_C_H2O_MG_scaffold_62380	Salt_Pond_R1_C_H2O_MG_scaffold_62380
BML_coassembly_scaffold_251226	BML_coassembly_scaffold_251226
WaterYear_HC3_D3_11331769	WaterYear_HC3_D3_11331769
RifSed_csp2_19ft_2_scaffold_307015	RifSed_csp2_19ft_2_scaffold_307015
RifSed_csp2_19ft_2_scaffold_307015	RifSed_csp2_19ft_1_scaffold_92432
RifSed_csp1_10ft_1_notmapped_to1911g_scaffold_228877	RifSed_csp1_10ft_1_notmapped_to1911g_scaffold_228877
Germany_Groundwater_SRR11614986_scaffold_167484	Germany_Groundwater_SRR11614986_scaffold_167484
SW_scaffold_412955	SW_scaffold_412955
cg1_0.2_scaffold_145904	cg1_0.2_scaffold_145904
cg1_0.2_scaffold_145904	CG22_combo_CG10-13_8_21_14_all_scaffold_90119
cg1_0.2_scaffold_145904	cg2_3.0_scaffold_283898
cg1_0.2_scaffold_145904	CG11_big_fil_rev_8_21_14_0.20_scaffold_150678
GOSHIP-P18_121_1_22_11S_69m_2_52405	GOSHIP-P18_121_1_22_11S_69m_2_52405
SPRUCE_SRR12951270_147538	SPRUCE_SRR12951270_147538
SW_scaffold_413862	SW_scaffold_413862
CG_2015-11_scaffold_158010	CG_2015-11_scaffold_158010
CG_2015-11_scaffold_158010	CG_2015-14_scaffold_156437
CG_2015-11_scaffold_158010	Crystal_Geyser_4_8_14_3_um_filter_scaffold_84682
Landfill_SRR22315504_scaffold_648353	Landfill_SRR22315504_scaffold_648353
Zodletone_Water_assembly2018_k141_841247	Zodletone_Water_assembly2018_k141_841247
SR-VP_9_9_2021_72_4B_1_05m_2_METASPADES_scaffold_686187	SR-VP_9_9_2021_72_4B_1_05m_2_METASPADES_scaffold_686187
LacPavin_0920_SED1_scaffold_1251338	LacPavin_0920_SED1_scaffold_1251338
Sage2_L_20_16_scaffold_364916	Sage2_L_20_16_scaffold_364916
CG_2015-0102_scaffold_140387	CG_2015-0102_scaffold_140387
rifcsplowo2_12_scaffold_363769	rifcsplowo2_12_scaffold_363769
Mangrove_60-80cm_incl_SRR17658263_scaffold_565158	Mangrove_60-80cm_incl_SRR17658263_scaffold_565158
RifSed_csp1_16ft_3_scaffold_257635	RifSed_csp1_16ft_3_scaffold_257635
SacSanJoaqDelta_MD10A_4_2024_scaffold_72355	SacSanJoaqDelta_MD10A_4_2024_scaffold_72355
WaterYear_HB8_D1_19122886	WaterYear_HB8_D1_19122886
SW_scaffold_424432	SW_scaffold_424432
Germany_Groundwater_SRR11614986_scaffold_174077	Germany_Groundwater_SRR11614986_scaffold_174077
SPOT_09_10_2014_890_MG_84436	SPOT_09_10_2014_890_MG_84436
Salt_Pond_R1_A_D2_MG_scaffold_101462	Salt_Pond_R1_A_D2_MG_scaffold_101462
EastRiver_HyporheicZone_Rock_HZ_C_2021_07_17_303830_length_1141_cov_1.293886	EastRiver_HyporheicZone_Rock_HZ_C_2021_07_17_303830_length_1141_cov_1.293886
SP8F_scaffold_328781	SP8F_scaffold_328781
SRR6159086_Lake_Superior_sediment_scaffold_118693	SRR6159086_Lake_Superior_sediment_scaffold_118693
GuaymasBasin_2024_04_25_CC2_NAcm_D5266_melted_206742	GuaymasBasin_2024_04_25_CC2_NAcm_D5266_melted_206742
Nantong_Groundwater_SRR22387873_scaffold_290644	Nantong_Groundwater_SRR22387873_scaffold_290644
EastRiver_HyporheicZone_PH_R_2021_07_08_204696_length_1130_cov_2.398804	EastRiver_HyporheicZone_PH_R_2021_07_08_204696_length_1130_cov_2.398804
XiAn_Groundwater_SRR22388187_scaffold_272685	XiAn_Groundwater_SRR22388187_scaffold_272685
RifSed_csp1_16ft_1_scaffold_315404	RifSed_csp1_16ft_1_scaffold_315404
Landfill_SRR22315506_METASPADES_scaffold_1327507	Landfill_SRR22315506_METASPADES_scaffold_1327507
SP6_scaffold_99196	SP6_scaffold_99196
LacPavin_0920_SED1_scaffold_207260	LacPavin_0920_SED1_scaffold_207260
Weihai_Groundwater_SRR22388041_scaffold_483540	Weihai_Groundwater_SRR22388041_scaffold_483540
Weihai_Groundwater_SRR22388041_scaffold_488532	Weihai_Groundwater_SRR22388041_scaffold_488532
RifSed_csp1_16ft_1_scaffold_321683	RifSed_csp1_16ft_1_scaffold_321683
